uf;br_formatada;municipio;mes;trimestre;dia_semana;dia_semana_num;fim_de_semana;hora;faixa_horaria;turno;fase_dia;causa_acidente;tipo_acidente;condicao_metereologica;tipo_pista;tracado_via;uso_solo;acidente_fatal
BA;BR-101;MARAU;1;1;SEXTA-FEIRA;4;0;8;06H-08H;MANHA;AMANHECER;OBJETO ESTÁTICO SOBRE O LEITO CARROÇÁVEL;COLISÃO COM OBJETO;GAROA/CHUVISCO;SIMPLES;RETA;NÃO;0
RO;BR-364;JI-PARANA;1;1;SEXTA-FEIRA;4;0;17;15H-17H;TARDE;PLENO DIA;REAÇÃO TARDIA OU INEFICIENTE DO CONDUTOR;COLISÃO TRASEIRA;CÉU CLARO;SIMPLES;RETA;NÃO;0
MT;BR-070;CACERES;1;1;SÁBADO;5;1;13;12H-14H;TARDE;PLENO DIA;PISTA ESCORREGADIA;COLISÃO FRONTAL;CHUVA;SIMPLES;CURVA;NÃO;0
SP;BR-116;LAVRINHAS;1;1;SEXTA-FEIRA;4;0;17;15H-17H;TARDE;PLENO DIA;INGESTÃO DE ÁLCOOL PELO CONDUTOR;COLISÃO TRASEIRA;CÉU CLARO;MÚLTIPLA;RETA;NÃO;0
PI;BR-316;IPIRANGA DO PIAUI;1;1;SEXTA-FEIRA;4;0;12;12H-14H;TARDE;PLENO DIA;ACESSAR A VIA SEM OBSERVAR A PRESENÇA DOS OUTROS VEÍCULOS;COLISÃO FRONTAL;SOL;SIMPLES;RETA;SIM;0
AL;BR-101;SAO MIGUEL DOS CAMPOS;1;1;SEXTA-FEIRA;4;0;18;18H-20H;NOITE;PLENA NOITE;REAÇÃO TARDIA OU INEFICIENTE DO CONDUTOR;COLISÃO TRANSVERSAL;CÉU CLARO;DUPLA;"DESVIO TEMPORÁRIO;EM OBRAS";SIM;0
RJ;BR-101;PARATY;1;1;SEXTA-FEIRA;4;0;14;12H-14H;TARDE;PLENO DIA;REAÇÃO TARDIA OU INEFICIENTE DO CONDUTOR;TOMBAMENTO;CÉU CLARO;SIMPLES;CURVA;NÃO;0
PI;BR-343;TERESINA;1;1;SEXTA-FEIRA;4;0;19;18H-20H;NOITE;PLENA NOITE;AUSÊNCIA DE REAÇÃO DO CONDUTOR;COLISÃO LATERAL MESMO SENTIDO;CÉU CLARO;DUPLA;RETA;NÃO;0
MG;BR-262;MARTINS SOARES;1;1;SEXTA-FEIRA;4;0;15;15H-17H;TARDE;PLENO DIA;ACESSAR A VIA SEM OBSERVAR A PRESENÇA DOS OUTROS VEÍCULOS;COLISÃO TRANSVERSAL;CÉU CLARO;SIMPLES;RETA;NÃO;0
ES;BR-101;SERRA;1;1;SEXTA-FEIRA;4;0;21;21H-23H;NOITE;PLENA NOITE;FREAR BRUSCAMENTE;COLISÃO COM OBJETO;CÉU CLARO;DUPLA;"RETA;DECLIVE";NÃO;0
MT;BR-163;LUCAS DO RIO VERDE;1;1;SEXTA-FEIRA;4;0;14;12H-14H;TARDE;PLENO DIA;ULTRAPASSAGEM INDEVIDA;COLISÃO TRASEIRA;CÉU CLARO;SIMPLES;CURVA;NÃO;1
RS;BR-290;SAO SEPE;1;1;SEXTA-FEIRA;4;0;19;18H-20H;NOITE;PLENO DIA;VELOCIDADE INCOMPATÍVEL;COLISÃO FRONTAL;CHUVA;SIMPLES;"DECLIVE;RETA";NÃO;1
SC;BR-282;IRANI;1;1;SEXTA-FEIRA;4;0;20;18H-20H;NOITE;PLENA NOITE;AUSÊNCIA DE REAÇÃO DO CONDUTOR;COLISÃO TRASEIRA;NUBLADO;SIMPLES;RETA;NÃO;0
SC;BR-280;MAFRA;1;1;SEXTA-FEIRA;4;0;20;18H-20H;NOITE;PLENA NOITE;AUSÊNCIA DE REAÇÃO DO CONDUTOR;COLISÃO COM OBJETO;CHUVA;SIMPLES;"DECLIVE;INTERSEÇÃO DE VIAS;RETA;ROTATÓRIA";NÃO;1
SP;BR-116;GUARULHOS;1;1;SEXTA-FEIRA;4;0;22;21H-23H;NOITE;PLENA NOITE;PARTICIPAR DE RACHA;COLISÃO TRASEIRA;NUBLADO;MÚLTIPLA;"RETA;EM OBRAS";SIM;0
PR;BR-376;IMBAU;1;1;SEXTA-FEIRA;4;0;21;21H-23H;NOITE;PLENA NOITE;ACESSAR A VIA SEM OBSERVAR A PRESENÇA DOS OUTROS VEÍCULOS;COLISÃO FRONTAL;NUBLADO;DUPLA;RETA;SIM;1
PB;BR-230;JUAZEIRINHO;1;1;SEXTA-FEIRA;4;0;22;21H-23H;NOITE;PLENA NOITE;AUSÊNCIA DE REAÇÃO DO CONDUTOR;COLISÃO TRASEIRA;CÉU CLARO;SIMPLES;RETA;NÃO;0
BA;BR-101;TEIXEIRA DE FREITAS;1;1;SEXTA-FEIRA;4;0;20;18H-20H;NOITE;PLENA NOITE;REAÇÃO TARDIA OU INEFICIENTE DO CONDUTOR;COLISÃO FRONTAL;CÉU CLARO;SIMPLES;"ACLIVE;CURVA";NÃO;0
RS;BR-392;SANTANA DA BOA VISTA;1;1;SEXTA-FEIRA;4;0;18;18H-20H;NOITE;PLENO DIA;VELOCIDADE INCOMPATÍVEL;COLISÃO FRONTAL;CHUVA;SIMPLES;"CURVA;DECLIVE";NÃO;0
SP;BR-116;LAVRINHAS;1;1;SÁBADO;5;1;2;00H-02H;MADRUGADA;PLENA NOITE;REAÇÃO TARDIA OU INEFICIENTE DO CONDUTOR;COLISÃO TRASEIRA;NUBLADO;DUPLA;DECLIVE;NÃO;0
MT;BR-070;NOSSA SENHORA DO LIVRAMENTO;1;1;SEXTA-FEIRA;4;0;19;18H-20H;NOITE;PLENA NOITE;TRANSITAR NA CONTRAMÃO;COLISÃO FRONTAL;CÉU CLARO;SIMPLES;RETA;NÃO;1
BA;BR-407;SENHOR DO BONFIM;1;1;SÁBADO;5;1;4;03H-05H;MADRUGADA;AMANHECER;DEMAIS FALHAS MECÂNICAS OU ELÉTRICAS;TOMBAMENTO;NUBLADO;SIMPLES;"DECLIVE;CURVA;ROTATÓRIA";SIM;0
BA;BR-101;ALAGOINHAS;1;1;SEXTA-FEIRA;4;0;22;21H-23H;NOITE;PLENA NOITE;REAÇÃO TARDIA OU INEFICIENTE DO CONDUTOR;COLISÃO TRASEIRA;CÉU CLARO;SIMPLES;RETA;NÃO;0
PA;BR-230;MEDICILANDIA;1;1;SEXTA-FEIRA;4;0;17;15H-17H;TARDE;PLENA NOITE;TRANSITAR NA CONTRAMÃO;COLISÃO FRONTAL;IGNORADO;SIMPLES;RETA;NÃO;1
RO;BR-364;ARIQUEMES;1;1;SEXTA-FEIRA;4;0;19;18H-20H;NOITE;ANOITECER;ULTRAPASSAGEM INDEVIDA;COLISÃO FRONTAL;NUBLADO;SIMPLES;CURVA;NÃO;0
PA;BR-163;ITAITUBA;1;1;SEXTA-FEIRA;4;0;14;12H-14H;TARDE;PLENO DIA;ACOSTAMENTO EM DESNÍVEL;SAÍDA DE LEITO CARROÇÁVEL;CHUVA;SIMPLES;RETA;NÃO;0
SC;BR-101;PAULO LOPES;1;1;SÁBADO;5;1;6;06H-08H;MANHA;PLENO DIA;VELOCIDADE INCOMPATÍVEL;DERRAMAMENTO DE CARGA;CÉU CLARO;DUPLA;CURVA;NÃO;0
SE;BR-235;LARANJEIRAS;1;1;SÁBADO;5;1;7;06H-08H;MANHA;PLENO DIA;VELOCIDADE INCOMPATÍVEL;SAÍDA DE LEITO CARROÇÁVEL;CHUVA;SIMPLES;CURVA;NÃO;0
PB;BR-101;JOAO PESSOA;1;1;SÁBADO;5;1;9;09H-11H;MANHA;PLENO DIA;DEMAIS FALHAS MECÂNICAS OU ELÉTRICAS;COLISÃO COM OBJETO;CÉU CLARO;DUPLA;RETA;SIM;0
RJ;BR-116;SEROPEDICA;1;1;SÁBADO;5;1;7;06H-08H;MANHA;PLENO DIA;AUSÊNCIA DE REAÇÃO DO CONDUTOR;COLISÃO LATERAL MESMO SENTIDO;CÉU CLARO;DUPLA;RETA;NÃO;1
MG;BR-381;CARMO DA CACHOEIRA;1;1;SÁBADO;5;1;9;09H-11H;MANHA;PLENO DIA;CONDUTOR DORMINDO;COLISÃO COM OBJETO;CÉU CLARO;DUPLA;RETA;NÃO;0
SE;BR-101;ROSARIO DO CATETE;1;1;SÁBADO;5;1;4;03H-05H;MADRUGADA;PLENA NOITE;REAÇÃO TARDIA OU INEFICIENTE DO CONDUTOR;SAÍDA DE LEITO CARROÇÁVEL;CÉU CLARO;SIMPLES;RETA;NÃO;0
PE;BR-101;RECIFE;1;1;SÁBADO;5;1;9;09H-11H;MANHA;PLENO DIA;CONDUTOR DEIXOU DE MANTER DISTÂNCIA DO VEÍCULO DA FRENTE;COLISÃO COM OBJETO;CÉU CLARO;DUPLA;RETA;SIM;0
PI;BR-230;FLORIANO;1;1;SÁBADO;5;1;9;09H-11H;MANHA;PLENO DIA;AUSÊNCIA DE REAÇÃO DO CONDUTOR;COLISÃO TRASEIRA;CÉU CLARO;SIMPLES;RETA;SIM;0
BA;BR-324;FEIRA DE SANTANA;1;1;SÁBADO;5;1;10;09H-11H;MANHA;PLENO DIA;DESVIO TEMPORÁRIO;COLISÃO TRASEIRA;CÉU CLARO;DUPLA;RETA;SIM;0
CE;BR-020;TAUA;1;1;SÁBADO;5;1;10;09H-11H;MANHA;PLENO DIA;AFUNDAMENTO OU ONDULAÇÃO NO PAVIMENTO;TOMBAMENTO;CÉU CLARO;SIMPLES;"ACLIVE;RETA";NÃO;0
MG;BR-381;CAREACU;1;1;SÁBADO;5;1;6;06H-08H;MANHA;AMANHECER;VELOCIDADE INCOMPATÍVEL;SAÍDA DE LEITO CARROÇÁVEL;NUBLADO;DUPLA;"PONTE;RETA";NÃO;1
MG;BR-251;FRUTA DE LEITE;1;1;SÁBADO;5;1;10;09H-11H;MANHA;PLENO DIA;AUSÊNCIA DE REAÇÃO DO CONDUTOR;COLISÃO TRASEIRA;SOL;SIMPLES;"CURVA;EM OBRAS";NÃO;0
PB;BR-427;POMBAL;1;1;SÁBADO;5;1;13;12H-14H;TARDE;PLENO DIA;INGESTÃO DE ÁLCOOL PELO CONDUTOR;COLISÃO FRONTAL;CÉU CLARO;SIMPLES;RETA;NÃO;0
MG;BR-116;MANHUACU;1;1;SÁBADO;5;1;14;12H-14H;TARDE;PLENO DIA;AUSÊNCIA DE REAÇÃO DO CONDUTOR;COLISÃO TRASEIRA;CÉU CLARO;SIMPLES;RETA;SIM;0
RS;BR-101;TERRA DE AREIA;1;1;SÁBADO;5;1;14;12H-14H;TARDE;PLENO DIA;AUSÊNCIA DE REAÇÃO DO CONDUTOR;COLISÃO COM OBJETO;GAROA/CHUVISCO;MÚLTIPLA;RETA;SIM;0
MG;BR-116;DIVISA ALEGRE;1;1;SÁBADO;5;1;13;12H-14H;TARDE;PLENO DIA;DEMAIS FALHAS NA VIA;COLISÃO COM OBJETO;CÉU CLARO;SIMPLES;CURVA;NÃO;0
MG;BR-381;BETIM;1;1;SÁBADO;5;1;15;15H-17H;TARDE;PLENO DIA;MANOBRA DE MUDANÇA DE FAIXA;COLISÃO LATERAL MESMO SENTIDO;SOL;DUPLA;RETA;SIM;0
SC;BR-101;JAGUARUNA;1;1;SÁBADO;5;1;14;12H-14H;TARDE;PLENO DIA;DEMAIS FALHAS MECÂNICAS OU ELÉTRICAS;INCÊNDIO;CÉU CLARO;DUPLA;RETA;NÃO;0
PR;BR-116;CAMPO DO TENENTE;1;1;SÁBADO;5;1;13;12H-14H;TARDE;PLENO DIA;DEMAIS FALHAS MECÂNICAS OU ELÉTRICAS;EVENTOS ATÍPICOS;GAROA/CHUVISCO;SIMPLES;RETA;NÃO;0
MT;BR-163;RONDONOPOLIS;1;1;SÁBADO;5;1;15;15H-17H;TARDE;PLENO DIA;AUSÊNCIA DE REAÇÃO DO CONDUTOR;COLISÃO TRASEIRA;CÉU CLARO;DUPLA;"ACLIVE;RETA";NÃO;0
SC;BR-163;DIONISIO CERQUEIRA;1;1;SÁBADO;5;1;16;15H-17H;TARDE;PLENO DIA;CONDUTOR DORMINDO;SAÍDA DE LEITO CARROÇÁVEL;CÉU CLARO;SIMPLES;"DECLIVE;RETA";NÃO;0
RS;BR-386;CANOAS;1;1;SÁBADO;5;1;19;18H-20H;NOITE;ANOITECER;MAL SÚBITO DO CONDUTOR;COLISÃO TRANSVERSAL;CÉU CLARO;DUPLA;RETA;NÃO;0
PR;BR-376;ORTIGUEIRA;1;1;SÁBADO;5;1;17;15H-17H;TARDE;ANOITECER;DEMAIS FALHAS MECÂNICAS OU ELÉTRICAS;QUEDA DE OCUPANTE DE VEÍCULO;CHUVA;SIMPLES;CURVA;NÃO;0
MG;BR-116;MANHUACU;1;1;SÁBADO;5;1;19;18H-20H;NOITE;PLENA NOITE;TRANSITAR NA CONTRAMÃO;COLISÃO FRONTAL;CÉU CLARO;SIMPLES;"CURVA;DECLIVE";NÃO;1
PE;BR-101;RECIFE;1;1;SÁBADO;5;1;19;18H-20H;NOITE;PLENA NOITE;REAÇÃO TARDIA OU INEFICIENTE DO CONDUTOR;TOMBAMENTO;CÉU CLARO;DUPLA;CURVA;SIM;0
SP;BR-381;SAO PAULO;1;1;SÁBADO;5;1;20;18H-20H;NOITE;PLENA NOITE;REAÇÃO TARDIA OU INEFICIENTE DO CONDUTOR;COLISÃO TRASEIRA;CHUVA;DUPLA;RETA;SIM;0
AL;BR-101;MESSIAS;1;1;SÁBADO;5;1;14;12H-14H;TARDE;PLENO DIA;DEMAIS FALHAS MECÂNICAS OU ELÉTRICAS;INCÊNDIO;NUBLADO;DUPLA;CURVA;NÃO;0
MG;BR-050;DELTA;1;1;SÁBADO;5;1;22;21H-23H;NOITE;PLENA NOITE;VELOCIDADE INCOMPATÍVEL;COLISÃO TRASEIRA;NUBLADO;DUPLA;"DECLIVE;RETA";NÃO;1
MG;BR-381;CARMOPOLIS DE MINAS;1;1;SÁBADO;5;1;21;21H-23H;NOITE;PLENA NOITE;AUSÊNCIA DE REAÇÃO DO CONDUTOR;COLISÃO TRASEIRA;CÉU CLARO;DUPLA;RETA;NÃO;0
RN;BR-304;ANGICOS;1;1;SÁBADO;5;1;15;15H-17H;TARDE;PLENO DIA;CONDUTOR DEIXOU DE MANTER DISTÂNCIA DO VEÍCULO DA FRENTE;ENGAVETAMENTO;NUBLADO;SIMPLES;RETA;NÃO;0
TO;BR-153;RIO DOS BOIS;1;1;SÁBADO;5;1;22;21H-23H;NOITE;PLENA NOITE;TRANSITAR NA CONTRAMÃO;COLISÃO FRONTAL;CÉU CLARO;SIMPLES;RETA;NÃO;0
SC;BR-101;ARAQUARI;1;1;SÁBADO;5;1;18;18H-20H;NOITE;ANOITECER;REAÇÃO TARDIA OU INEFICIENTE DO CONDUTOR;TOMBAMENTO;GAROA/CHUVISCO;MÚLTIPLA;RETA;NÃO;0
RS;BR-448;PORTO ALEGRE;1;1;DOMINGO;6;1;0;00H-02H;MADRUGADA;PLENA NOITE;CONDUTOR USANDO CELULAR;COLISÃO TRASEIRA;CÉU CLARO;MÚLTIPLA;RETA;NÃO;0
AL;BR-104;SAO JOSE DA LAJE;1;1;DOMINGO;6;1;1;00H-02H;MADRUGADA;PLENA NOITE;VELOCIDADE INCOMPATÍVEL;SAÍDA DE LEITO CARROÇÁVEL;GAROA/CHUVISCO;SIMPLES;"CURVA;DECLIVE";NÃO;1
PR;BR-376;MARIALVA;1;1;DOMINGO;6;1;4;03H-05H;MADRUGADA;PLENO DIA;TRANSITAR NA CONTRAMÃO;COLISÃO FRONTAL;NUBLADO;DUPLA;RETA;NÃO;0
RS;BR-386;SOLEDADE;1;1;DOMINGO;6;1;4;03H-05H;MADRUGADA;PLENA NOITE;TRANSITAR NA CONTRAMÃO;COLISÃO TRANSVERSAL;CÉU CLARO;SIMPLES;RETA;SIM;0
BA;BR-116;SANTO ESTEVAO;1;1;DOMINGO;6;1;3;03H-05H;MADRUGADA;PLENA NOITE;INGESTÃO DE ÁLCOOL PELO CONDUTOR;COLISÃO LATERAL MESMO SENTIDO;CÉU CLARO;DUPLA;"ACLIVE;RETA";NÃO;0
PI;BR-222;BRASILEIRA;1;1;DOMINGO;6;1;4;03H-05H;MADRUGADA;PLENA NOITE;AUSÊNCIA DE REAÇÃO DO CONDUTOR;COLISÃO TRASEIRA;NUBLADO;SIMPLES;RETA;NÃO;0
MG;BR-365;MONTE ALEGRE DE MINAS;1;1;DOMINGO;6;1;1;00H-02H;MADRUGADA;PLENA NOITE;VELOCIDADE INCOMPATÍVEL;TOMBAMENTO;CÉU CLARO;DUPLA;RETORNO REGULAMENTADO;NÃO;0
PR;BR-376;CURITIBA;1;1;DOMINGO;6;1;5;03H-05H;MADRUGADA;AMANHECER;CONDUTOR DEIXOU DE MANTER DISTÂNCIA DO VEÍCULO DA FRENTE;COLISÃO TRASEIRA;NUBLADO;DUPLA;RETA;SIM;0
MT;BR-158;CANARANA;1;1;SÁBADO;5;1;21;21H-23H;NOITE;PLENA NOITE;INGESTÃO DE ÁLCOOL PELO CONDUTOR;SAÍDA DE LEITO CARROÇÁVEL;CÉU CLARO;SIMPLES;RETA;NÃO;0
MS;BR-163;SONORA;1;1;DOMINGO;6;1;6;06H-08H;MANHA;AMANHECER;CONDUTOR DORMINDO;SAÍDA DE LEITO CARROÇÁVEL;CÉU CLARO;SIMPLES;"RETA;ACLIVE";NÃO;0
MT;BR-364;VARZEA GRANDE;1;1;QUARTA-FEIRA;2;0;8;06H-08H;MANHA;PLENO DIA;CONDUTOR DEIXOU DE MANTER DISTÂNCIA DO VEÍCULO DA FRENTE;COLISÃO TRASEIRA;SOL;SIMPLES;RETA;NÃO;0
PA;BR-010;SANTA MARIA DO PARA;1;1;DOMINGO;6;1;8;06H-08H;MANHA;PLENO DIA;ULTRAPASSAGEM INDEVIDA;COLISÃO FRONTAL;CÉU CLARO;SIMPLES;RETA;SIM;1
MT;BR-163;RONDONOPOLIS;1;1;DOMINGO;6;1;6;06H-08H;MANHA;PLENO DIA;REAÇÃO TARDIA OU INEFICIENTE DO CONDUTOR;COLISÃO COM OBJETO;CÉU CLARO;SIMPLES;RETA;NÃO;0
MT;BR-163;DIAMANTINO;1;1;QUARTA-FEIRA;2;0;21;21H-23H;NOITE;PLENA NOITE;REAÇÃO TARDIA OU INEFICIENTE DO CONDUTOR;SAÍDA DE LEITO CARROÇÁVEL;CHUVA;DUPLA;DESVIO TEMPORÁRIO;NÃO;0
RS;BR-285;CIRIACO;1;1;DOMINGO;6;1;8;06H-08H;MANHA;PLENO DIA;AUSÊNCIA DE REAÇÃO DO CONDUTOR;COLISÃO LATERAL SENTIDO OPOSTO;CÉU CLARO;SIMPLES;RETA;NÃO;0
PB;BR-101;SANTA RITA;1;1;DOMINGO;6;1;9;09H-11H;MANHA;PLENO DIA;VELOCIDADE INCOMPATÍVEL;TOMBAMENTO;CÉU CLARO;DUPLA;CURVA;SIM;0
PA;BR-230;MARABA;1;1;DOMINGO;6;1;9;09H-11H;MANHA;PLENO DIA;INGESTÃO DE ÁLCOOL PELO CONDUTOR;COLISÃO TRANSVERSAL;CÉU CLARO;DUPLA;RETA;SIM;0
MT;BR-364;JACIARA;1;1;DOMINGO;6;1;9;09H-11H;MANHA;PLENO DIA;AUSÊNCIA DE REAÇÃO DO CONDUTOR;COLISÃO LATERAL MESMO SENTIDO;SOL;DUPLA;"DECLIVE;RETA";SIM;1
PB;BR-101;ALHANDRA;1;1;DOMINGO;6;1;11;09H-11H;MANHA;PLENO DIA;VELOCIDADE INCOMPATÍVEL;COLISÃO TRASEIRA;CÉU CLARO;DUPLA;"RETA;ACLIVE";NÃO;0
PR;BR-277;PRUDENTOPOLIS;1;1;DOMINGO;6;1;10;09H-11H;MANHA;PLENO DIA;ACESSAR A VIA SEM OBSERVAR A PRESENÇA DOS OUTROS VEÍCULOS;COLISÃO LATERAL MESMO SENTIDO;CÉU CLARO;DUPLA;RETA;NÃO;0
SC;BR-470;POUSO REDONDO;1;1;DOMINGO;6;1;9;09H-11H;MANHA;PLENO DIA;REAÇÃO TARDIA OU INEFICIENTE DO CONDUTOR;TOMBAMENTO;CÉU CLARO;SIMPLES;CURVA;NÃO;0
MG;BR-040;CONTAGEM;1;1;DOMINGO;6;1;11;09H-11H;MANHA;PLENO DIA;TRANSITAR NO ACOSTAMENTO;COLISÃO TRASEIRA;CÉU CLARO;DUPLA;CURVA;SIM;0
BA;BR-324;CANDEIAS;1;1;DOMINGO;6;1;12;12H-14H;TARDE;PLENO DIA;AUSÊNCIA DE REAÇÃO DO CONDUTOR;COLISÃO TRASEIRA;CÉU CLARO;DUPLA;RETA;NÃO;0
MG;BR-116;MATHIAS LOBATO;1;1;DOMINGO;6;1;11;09H-11H;MANHA;PLENO DIA;AUSÊNCIA DE REAÇÃO DO CONDUTOR;COLISÃO LATERAL SENTIDO OPOSTO;CÉU CLARO;SIMPLES;CURVA;NÃO;1
BA;BR-242;OLIVEIRA DOS BREJINHOS;1;1;DOMINGO;6;1;7;06H-08H;MANHA;PLENO DIA;VELOCIDADE INCOMPATÍVEL;TOMBAMENTO;CÉU CLARO;SIMPLES;CURVA;NÃO;0
SC;BR-101;PALHOCA;1;1;DOMINGO;6;1;12;12H-14H;TARDE;PLENO DIA;REAÇÃO TARDIA OU INEFICIENTE DO CONDUTOR;COLISÃO TRASEIRA;GAROA/CHUVISCO;DUPLA;"ACLIVE;CURVA";NÃO;0
RJ;BR-101;MANGARATIBA;1;1;DOMINGO;6;1;13;12H-14H;TARDE;PLENO DIA;DESRESPEITAR A PREFERÊNCIA NO CRUZAMENTO;COLISÃO TRANSVERSAL;CÉU CLARO;DUPLA;"RETORNO REGULAMENTADO;INTERSEÇÃO DE VIAS";SIM;0
SC;BR-101;LAGUNA;1;1;DOMINGO;6;1;9;09H-11H;MANHA;PLENO DIA;CONDUTOR DEIXOU DE MANTER DISTÂNCIA DO VEÍCULO DA FRENTE;COLISÃO COM OBJETO;CÉU CLARO;DUPLA;RETA;NÃO;0
MG;BR-381;CAETE;1;1;DOMINGO;6;1;14;12H-14H;TARDE;PLENO DIA;AUSÊNCIA DE REAÇÃO DO CONDUTOR;COLISÃO COM OBJETO;CÉU CLARO;DUPLA;CURVA;SIM;0
SP;BR-116;SAO LOURENCO DA SERRA;1;1;DOMINGO;6;1;14;12H-14H;TARDE;PLENO DIA;PISTA ESCORREGADIA;COLISÃO TRASEIRA;CHUVA;DUPLA;CURVA;SIM;0
RO;BR-364;PORTO VELHO;1;1;DOMINGO;6;1;14;12H-14H;TARDE;PLENO DIA;ENTRADA INOPINADA DO PEDESTRE;ATROPELAMENTO DE PEDESTRE;NUBLADO;DUPLA;RETA;SIM;0
CE;BR-116;PENAFORTE;1;1;DOMINGO;6;1;15;15H-17H;TARDE;PLENO DIA;MANOBRA DE MUDANÇA DE FAIXA;COLISÃO LATERAL MESMO SENTIDO;CÉU CLARO;SIMPLES;RETA;NÃO;0
PR;BR-277;CAMPO LARGO;1;1;DOMINGO;6;1;15;15H-17H;TARDE;PLENO DIA;AUSÊNCIA DE REAÇÃO DO CONDUTOR;COLISÃO TRASEIRA;NUBLADO;SIMPLES;CURVA;NÃO;0
MG;BR-381;CAMANDUCAIA;1;1;DOMINGO;6;1;16;15H-17H;TARDE;PLENO DIA;REAÇÃO TARDIA OU INEFICIENTE DO CONDUTOR;COLISÃO LATERAL MESMO SENTIDO;CHUVA;DUPLA;RETA;NÃO;0
MG;BR-116;PONTO DOS VOLANTES;1;1;DOMINGO;6;1;13;12H-14H;TARDE;PLENO DIA;TRANSITAR NA CONTRAMÃO;COLISÃO FRONTAL;CÉU CLARO;SIMPLES;"CURVA;DECLIVE";NÃO;1
SP;BR-116;APARECIDA;1;1;DOMINGO;6;1;17;15H-17H;TARDE;PLENO DIA;CONDUTOR DORMINDO;COLISÃO LATERAL MESMO SENTIDO;GAROA/CHUVISCO;DUPLA;RETA;NÃO;0
RJ;BR-116;QUEIMADOS;1;1;DOMINGO;6;1;17;15H-17H;TARDE;ANOITECER;REAÇÃO TARDIA OU INEFICIENTE DO CONDUTOR;COLISÃO TRASEIRA;GAROA/CHUVISCO;DUPLA;CURVA;SIM;0
MS;BR-262;CAMPO GRANDE;1;1;DOMINGO;6;1;17;15H-17H;TARDE;PLENO DIA;INGESTÃO DE ÁLCOOL PELO CONDUTOR;COLISÃO LATERAL SENTIDO OPOSTO;CÉU CLARO;SIMPLES;RETA;NÃO;0
RJ;BR-040;PETROPOLIS;1;1;DOMINGO;6;1;15;15H-17H;TARDE;PLENO DIA;REAÇÃO TARDIA OU INEFICIENTE DO CONDUTOR;TOMBAMENTO;CHUVA;SIMPLES;"CURVA;DECLIVE";NÃO;0
BA;BR-407;CAPIM GROSSO;1;1;DOMINGO;6;1;3;03H-05H;MADRUGADA;PLENA NOITE;AUSÊNCIA DE REAÇÃO DO CONDUTOR;COLISÃO TRASEIRA;GAROA/CHUVISCO;SIMPLES;RETA;SIM;0
GO;BR-020;FORMOSA;1;1;DOMINGO;6;1;18;18H-20H;NOITE;PLENO DIA;REAÇÃO TARDIA OU INEFICIENTE DO CONDUTOR;COLISÃO FRONTAL;CÉU CLARO;SIMPLES;RETA;NÃO;0
MG;BR-381;IGARAPE;1;1;DOMINGO;6;1;19;18H-20H;NOITE;PLENA NOITE;VELOCIDADE INCOMPATÍVEL;SAÍDA DE LEITO CARROÇÁVEL;NUBLADO;DUPLA;"CURVA;DECLIVE";NÃO;0
MA;BR-010;IMPERATRIZ;1;1;DOMINGO;6;1;17;15H-17H;TARDE;PLENO DIA;TRANSITAR NA CONTRAMÃO;COLISÃO FRONTAL;CÉU CLARO;SIMPLES;RETA;NÃO;1
MG;BR-365;UBERLANDIA;1;1;DOMINGO;6;1;19;18H-20H;NOITE;PLENA NOITE;REAÇÃO TARDIA OU INEFICIENTE DO CONDUTOR;TOMBAMENTO;CHUVA;DUPLA;DECLIVE;NÃO;0
MG;BR-381;IGARAPE;1;1;DOMINGO;6;1;20;18H-20H;NOITE;PLENA NOITE;VELOCIDADE INCOMPATÍVEL;COLISÃO LATERAL MESMO SENTIDO;CÉU CLARO;DUPLA;"RETA;DECLIVE";NÃO;0
RS;BR-153;ERECHIM;1;1;DOMINGO;6;1;20;18H-20H;NOITE;PLENA NOITE;RETORNO PROIBIDO;COLISÃO TRANSVERSAL;CÉU CLARO;SIMPLES;"RETA;INTERSEÇÃO DE VIAS";SIM;0
MG;BR-040;SETE LAGOAS;1;1;DOMINGO;6;1;21;21H-23H;NOITE;PLENA NOITE;CHUVA;SAÍDA DE LEITO CARROÇÁVEL;CHUVA;DUPLA;DECLIVE;NÃO;0
RS;BR-116;CAMPESTRE DA SERRA;1;1;DOMINGO;6;1;19;18H-20H;NOITE;ANOITECER;ACESSAR A VIA SEM OBSERVAR A PRESENÇA DOS OUTROS VEÍCULOS;COLISÃO TRASEIRA;CÉU CLARO;SIMPLES;RETA;NÃO;0
MG;BR-381;CARMOPOLIS DE MINAS;1;1;DOMINGO;6;1;19;18H-20H;NOITE;PLENA NOITE;REAÇÃO TARDIA OU INEFICIENTE DO CONDUTOR;COLISÃO LATERAL MESMO SENTIDO;CHUVA;DUPLA;CURVA;SIM;0
MT;BR-364;ALTO ARAGUAIA;1;1;DOMINGO;6;1;8;06H-08H;MANHA;PLENO DIA;DEMAIS FALHAS MECÂNICAS OU ELÉTRICAS;INCÊNDIO;CÉU CLARO;DUPLA;RETA;SIM;0
SC;BR-282;CAMPOS NOVOS;1;1;SEGUNDA-FEIRA;0;0;0;00H-02H;MADRUGADA;PLENA NOITE;INGESTÃO DE ÁLCOOL PELO CONDUTOR;COLISÃO LATERAL SENTIDO OPOSTO;CÉU CLARO;SIMPLES;RETA;NÃO;0
PR;BR-277;GUARAPUAVA;1;1;SEGUNDA-FEIRA;0;0;2;00H-02H;MADRUGADA;PLENA NOITE;AUSÊNCIA DE REAÇÃO DO CONDUTOR;COLISÃO TRASEIRA;CHUVA;MÚLTIPLA;RETA;SIM;1