uf;br_formatada;municipio;mes;trimestre;dia_semana;dia_semana_num;fim_de_semana;hora;faixa_horaria;turno;fase_dia;causa_acidente;tipo_acidente;condicao_metereologica;tipo_pista;tracado_via;uso_solo;acidente_fatal
AL;BR-101;JUNQUEIRO;1;1;SEGUNDA-FEIRA;0;0;3;03H-05H;MADRUGADA;PLENA NOITE;TRANSITAR NA CONTRAMÃO;COLISÃO FRONTAL;CÉU CLARO;DUPLA;"RETA;DECLIVE";NÃO;1
PB;BR-230;CAMPINA GRANDE;1;1;SEGUNDA-FEIRA;0;0;5;03H-05H;MADRUGADA;AMANHECER;CONVERSÃO PROIBIDA;COLISÃO TRANSVERSAL;NUBLADO;DUPLA;"ACLIVE;RETA";SIM;0
SP;BR-116;BARRA DO TURVO;1;1;SEGUNDA-FEIRA;0;0;4;03H-05H;MADRUGADA;PLENA NOITE;REAÇÃO TARDIA OU INEFICIENTE DO CONDUTOR;COLISÃO COM OBJETO;NUBLADO;SIMPLES;"CURVA;DECLIVE";NÃO;0
PE;BR-101;PAULISTA;1;1;SEGUNDA-FEIRA;0;0;6;06H-08H;MANHA;PLENO DIA;VELOCIDADE INCOMPATÍVEL;TOMBAMENTO;NUBLADO;MÚLTIPLA;RETA;SIM;0
MG;BR-116;TEOFILO OTONI;1;1;SEGUNDA-FEIRA;0;0;6;06H-08H;MANHA;PLENO DIA;REAÇÃO TARDIA OU INEFICIENTE DO CONDUTOR;COLISÃO LATERAL MESMO SENTIDO;CÉU CLARO;DUPLA;CURVA;SIM;0
BA;BR-242;IBITIARA;1;1;SEGUNDA-FEIRA;0;0;0;00H-02H;MADRUGADA;PLENA NOITE;AUSÊNCIA DE REAÇÃO DO CONDUTOR;COLISÃO COM OBJETO;CÉU CLARO;SIMPLES;"RETA;ACLIVE";NÃO;0
PR;BR-369;ARAPONGAS;1;1;SEGUNDA-FEIRA;0;0;6;06H-08H;MANHA;PLENO DIA;DESRESPEITAR A PREFERÊNCIA NO CRUZAMENTO;COLISÃO TRANSVERSAL;NUBLADO;SIMPLES;"RETA;INTERSEÇÃO DE VIAS";SIM;1
MT;BR-364;SANTO ANTONIO DO LEVERGER;1;1;SEGUNDA-FEIRA;0;0;1;00H-02H;MADRUGADA;PLENA NOITE;REAÇÃO TARDIA OU INEFICIENTE DO CONDUTOR;TOMBAMENTO;CÉU CLARO;DUPLA;CURVA;NÃO;0
RJ;BR-116;BARRA MANSA;1;1;SEGUNDA-FEIRA;0;0;6;06H-08H;MANHA;PLENO DIA;DEMAIS FALHAS NA VIA;TOMBAMENTO;NUBLADO;DUPLA;RETA;NÃO;0
SC;BR-101;ITAJAI;1;1;SEGUNDA-FEIRA;0;0;7;06H-08H;MANHA;PLENO DIA;TRAFEGAR COM MOTOCICLETA (OU SIMILAR) ENTRE AS FAIXAS;COLISÃO LATERAL MESMO SENTIDO;CÉU CLARO;DUPLA;RETA;SIM;0
BA;BR-324;SALVADOR;1;1;SEGUNDA-FEIRA;0;0;7;06H-08H;MANHA;PLENO DIA;ACESSO IRREGULAR;COLISÃO LATERAL MESMO SENTIDO;CÉU CLARO;DUPLA;RETA;NÃO;0
BA;BR-324;RIACHAO DO JACUIPE;1;1;SEGUNDA-FEIRA;0;0;6;06H-08H;MANHA;PLENO DIA;PEDESTRE CRUZAVA A PISTA FORA DA FAIXA;ATROPELAMENTO DE PEDESTRE;CÉU CLARO;SIMPLES;RETA;NÃO;0
MG;BR-040;CONTAGEM;1;1;SEGUNDA-FEIRA;0;0;9;09H-11H;MANHA;PLENO DIA;MANOBRA DE MUDANÇA DE FAIXA;COLISÃO LATERAL MESMO SENTIDO;CÉU CLARO;DUPLA;ACLIVE;NÃO;0
RS;BR-290;VILA NOVA DO SUL;1;1;SEGUNDA-FEIRA;0;0;9;09H-11H;MANHA;PLENO DIA;REAÇÃO TARDIA OU INEFICIENTE DO CONDUTOR;TOMBAMENTO;CÉU CLARO;SIMPLES;RETA;NÃO;0
CE;BR-116;MILAGRES;1;1;SEGUNDA-FEIRA;0;0;7;06H-08H;MANHA;PLENO DIA;ACESSAR A VIA SEM OBSERVAR A PRESENÇA DOS OUTROS VEÍCULOS;COLISÃO TRANSVERSAL;CÉU CLARO;SIMPLES;"RETA;INTERSEÇÃO DE VIAS;DECLIVE";NÃO;0
MG;BR-381;CAMBUI;1;1;SEGUNDA-FEIRA;0;0;10;09H-11H;MANHA;PLENO DIA;VELOCIDADE INCOMPATÍVEL;SAÍDA DE LEITO CARROÇÁVEL;CÉU CLARO;DUPLA;CURVA;NÃO;0
SC;BR-280;ARAQUARI;1;1;SEGUNDA-FEIRA;0;0;11;09H-11H;MANHA;PLENO DIA;MANOBRA DE MUDANÇA DE FAIXA;COLISÃO TRASEIRA;CÉU CLARO;SIMPLES;RETA;NÃO;0
PR;BR-116;CAMPINA GRANDE DO SUL;1;1;SEGUNDA-FEIRA;0;0;13;12H-14H;TARDE;PLENO DIA;REAÇÃO TARDIA OU INEFICIENTE DO CONDUTOR;COLISÃO TRANSVERSAL;CÉU CLARO;DUPLA;RETA;NÃO;0
AL;BR-316;ATALAIA;1;1;SEGUNDA-FEIRA;0;0;14;12H-14H;TARDE;PLENO DIA;VELOCIDADE INCOMPATÍVEL;COLISÃO LATERAL SENTIDO OPOSTO;CHUVA;SIMPLES;CURVA;NÃO;0
RS;BR-158;ROSARIO DO SUL;1;1;SEGUNDA-FEIRA;0;0;13;12H-14H;TARDE;PLENO DIA;VELOCIDADE INCOMPATÍVEL;TOMBAMENTO;CÉU CLARO;SIMPLES;ROTATÓRIA;NÃO;0
SC;BR-116;CORREIA PINTO;1;1;SEGUNDA-FEIRA;0;0;13;12H-14H;TARDE;PLENO DIA;REAÇÃO TARDIA OU INEFICIENTE DO CONDUTOR;TOMBAMENTO;CÉU CLARO;SIMPLES;CURVA;NÃO;0
SC;BR-101;BALNEARIO CAMBORIU;1;1;SEGUNDA-FEIRA;0;0;14;12H-14H;TARDE;PLENO DIA;DEMAIS FALHAS MECÂNICAS OU ELÉTRICAS;INCÊNDIO;NUBLADO;DUPLA;RETA;SIM;0
MG;BR-116;GOVERNADOR VALADARES;1;1;TERÇA-FEIRA;1;0;13;12H-14H;TARDE;PLENO DIA;CONDUTOR DEIXOU DE MANTER DISTÂNCIA DO VEÍCULO DA FRENTE;COLISÃO TRASEIRA;CÉU CLARO;SIMPLES;RETA;NÃO;0
PR;BR-277;PARANAGUA;1;1;SEGUNDA-FEIRA;0;0;15;15H-17H;TARDE;PLENO DIA;ACESSAR A VIA SEM OBSERVAR A PRESENÇA DOS OUTROS VEÍCULOS;COLISÃO LATERAL MESMO SENTIDO;CÉU CLARO;SIMPLES;"INTERSEÇÃO DE VIAS;RETA";SIM;0
AL;BR-101;TEOTONIO VILELA;1;1;SEGUNDA-FEIRA;0;0;14;12H-14H;TARDE;PLENO DIA;AUSÊNCIA DE REAÇÃO DO CONDUTOR;COLISÃO TRASEIRA;CÉU CLARO;DUPLA;"CURVA;DECLIVE";SIM;1
PR;BR-163;LINDOESTE;1;1;SEGUNDA-FEIRA;0;0;16;15H-17H;TARDE;PLENO DIA;AUSÊNCIA DE REAÇÃO DO CONDUTOR;SAÍDA DE LEITO CARROÇÁVEL;CHUVA;DUPLA;"EM OBRAS;DECLIVE;CURVA";NÃO;0
MG;BR-116;SAO FRANCISCO DO GLORIA;1;1;SEGUNDA-FEIRA;0;0;16;15H-17H;TARDE;PLENO DIA;VELOCIDADE INCOMPATÍVEL;COLISÃO LATERAL SENTIDO OPOSTO;CHUVA;SIMPLES;CURVA;NÃO;0
MG;BR-262;BETIM;1;1;SEGUNDA-FEIRA;0;0;16;15H-17H;TARDE;PLENO DIA;CONDUTOR DEIXOU DE MANTER DISTÂNCIA DO VEÍCULO DA FRENTE;COLISÃO TRASEIRA;NUBLADO;DUPLA;"DECLIVE;RETA";SIM;0
RO;BR-364;PORTO VELHO;1;1;SEGUNDA-FEIRA;0;0;16;15H-17H;TARDE;PLENO DIA;MANOBRA DE MUDANÇA DE FAIXA;COLISÃO LATERAL MESMO SENTIDO;CÉU CLARO;DUPLA;"RETORNO REGULAMENTADO;RETA";SIM;0
SC;BR-101;BIGUACU;1;1;SEGUNDA-FEIRA;0;0;17;15H-17H;TARDE;PLENO DIA;MANOBRA DE MUDANÇA DE FAIXA;COLISÃO LATERAL MESMO SENTIDO;NUBLADO;DUPLA;CURVA;NÃO;0
MS;BR-376;NOVA ANDRADINA;1;1;SEGUNDA-FEIRA;0;0;16;15H-17H;TARDE;PLENO DIA;MANOBRA DE MUDANÇA DE FAIXA;COLISÃO LATERAL MESMO SENTIDO;GAROA/CHUVISCO;DUPLA;ROTATÓRIA;SIM;0
MG;BR-040;CAETANOPOLIS;1;1;SEGUNDA-FEIRA;0;0;17;15H-17H;TARDE;ANOITECER;PISTA ESCORREGADIA;COLISÃO TRASEIRA;CHUVA;DUPLA;RETA;NÃO;0
AL;BR-101;NOVO LINO;1;1;SEGUNDA-FEIRA;0;0;17;15H-17H;TARDE;PLENO DIA;VELOCIDADE INCOMPATÍVEL;SAÍDA DE LEITO CARROÇÁVEL;CHUVA;DUPLA;"RETA;DECLIVE";NÃO;0
MA;BR-135;SAO LUIS;1;1;SEGUNDA-FEIRA;0;0;18;18H-20H;NOITE;PLENA NOITE;REAÇÃO TARDIA OU INEFICIENTE DO CONDUTOR;COLISÃO LATERAL MESMO SENTIDO;CÉU CLARO;DUPLA;RETA;SIM;0
SC;BR-282;MARAVILHA;1;1;SEGUNDA-FEIRA;0;0;17;15H-17H;TARDE;ANOITECER;FREAR BRUSCAMENTE;QUEDA DE OCUPANTE DE VEÍCULO;CHUVA;SIMPLES;CURVA;NÃO;0
PR;BR-116;CAMPINA GRANDE DO SUL;1;1;SEGUNDA-FEIRA;0;0;18;18H-20H;NOITE;ANOITECER;REAÇÃO TARDIA OU INEFICIENTE DO CONDUTOR;SAÍDA DE LEITO CARROÇÁVEL;CHUVA;MÚLTIPLA;"CURVA;DECLIVE";NÃO;0
MS;BR-262;ANASTACIO;1;1;SEGUNDA-FEIRA;0;0;18;18H-20H;NOITE;PLENA NOITE;DEMAIS FALHAS MECÂNICAS OU ELÉTRICAS;ATROPELAMENTO DE PEDESTRE;CÉU CLARO;SIMPLES;RETA;SIM;0
SC;BR-282;PALHOCA;1;1;SEGUNDA-FEIRA;0;0;19;18H-20H;NOITE;PLENA NOITE;CONVERSÃO PROIBIDA;COLISÃO LATERAL SENTIDO OPOSTO;CHUVA;SIMPLES;RETA;SIM;0
RS;BR-386;MARQUES DE SOUZA;1;1;SEGUNDA-FEIRA;0;0;18;18H-20H;NOITE;ANOITECER;ACUMULO DE ÁGUA SOBRE O PAVIMENTO;COLISÃO TRANSVERSAL;CHUVA;SIMPLES;CURVA;NÃO;0
MS;BR-163;CAMPO GRANDE;1;1;SEGUNDA-FEIRA;0;0;18;18H-20H;NOITE;ANOITECER;ACESSAR A VIA SEM OBSERVAR A PRESENÇA DOS OUTROS VEÍCULOS;COLISÃO TRANSVERSAL;NUBLADO;SIMPLES;"INTERSEÇÃO DE VIAS;RETA";SIM;1
RS;BR-470;GARIBALDI;1;1;SEGUNDA-FEIRA;0;0;19;18H-20H;NOITE;AMANHECER;REAÇÃO TARDIA OU INEFICIENTE DO CONDUTOR;SAÍDA DE LEITO CARROÇÁVEL;CHUVA;SIMPLES;ROTATÓRIA;NÃO;0
SP;BR-116;SAO LOURENCO DA SERRA;1;1;SEGUNDA-FEIRA;0;0;20;18H-20H;NOITE;PLENA NOITE;REAÇÃO TARDIA OU INEFICIENTE DO CONDUTOR;TOMBAMENTO;NUBLADO;DUPLA;RETA;NÃO;0
MG;BR-040;CURVELO;1;1;SEGUNDA-FEIRA;0;0;18;18H-20H;NOITE;PLENA NOITE;DEMAIS FALHAS MECÂNICAS OU ELÉTRICAS;COLISÃO FRONTAL;NUBLADO;SIMPLES;RETA;NÃO;0
SC;BR-280;CANOINHAS;1;1;SEGUNDA-FEIRA;0;0;19;18H-20H;NOITE;PLENA NOITE;MAL SÚBITO DO CONDUTOR;COLISÃO FRONTAL;CÉU CLARO;SIMPLES;"RETA;DECLIVE";SIM;0
RJ;BR-101;ITABORAI;1;1;SEGUNDA-FEIRA;0;0;15;15H-17H;TARDE;PLENO DIA;DEMAIS FALHAS MECÂNICAS OU ELÉTRICAS;TOMBAMENTO;SOL;DUPLA;RETA;SIM;0
MG;BR-116;MANHUACU;1;1;SEGUNDA-FEIRA;0;0;8;06H-08H;MANHA;PLENO DIA;REAÇÃO TARDIA OU INEFICIENTE DO CONDUTOR;TOMBAMENTO;NUBLADO;SIMPLES;CURVA;NÃO;0
PE;BR-232;GRAVATA;1;1;SEGUNDA-FEIRA;0;0;22;21H-23H;NOITE;PLENA NOITE;DEMAIS FALHAS MECÂNICAS OU ELÉTRICAS;INCÊNDIO;NUBLADO;DUPLA;"RETA;ACLIVE";NÃO;0
RJ;BR-116;ITATIAIA;1;1;SEGUNDA-FEIRA;0;0;23;21H-23H;NOITE;PLENA NOITE;REAÇÃO TARDIA OU INEFICIENTE DO CONDUTOR;TOMBAMENTO;NUBLADO;DUPLA;CURVA;NÃO;1
RS;BR-290;ELDORADO DO SUL;1;1;SEGUNDA-FEIRA;0;0;23;21H-23H;NOITE;PLENA NOITE;AUSÊNCIA DE REAÇÃO DO CONDUTOR;COLISÃO LATERAL SENTIDO OPOSTO;NUBLADO;SIMPLES;RETA;NÃO;0
PR;BR-376;TIJUCAS DO SUL;1;1;SEGUNDA-FEIRA;0;0;23;21H-23H;NOITE;PLENA NOITE;REAÇÃO TARDIA OU INEFICIENTE DO CONDUTOR;COLISÃO LATERAL MESMO SENTIDO;GAROA/CHUVISCO;DUPLA;"RETA;DECLIVE";NÃO;0
RS;BR-470;VILA FLORES;1;1;SEGUNDA-FEIRA;0;0;19;18H-20H;NOITE;ANOITECER;FREAR BRUSCAMENTE;COLISÃO TRANSVERSAL;CHUVA;SIMPLES;"DECLIVE;RETA";NÃO;0
RO;BR-364;PORTO VELHO;1;1;SEGUNDA-FEIRA;0;0;18;18H-20H;NOITE;PLENA NOITE;AUSÊNCIA DE REAÇÃO DO CONDUTOR;COLISÃO LATERAL MESMO SENTIDO;CÉU CLARO;SIMPLES;RETA;NÃO;0
MG;BR-040;ITABIRITO;1;1;SEGUNDA-FEIRA;0;0;22;21H-23H;NOITE;PLENA NOITE;SINALIZAÇÃO MAL POSICIONADA;COLISÃO COM OBJETO;CÉU CLARO;DUPLA;CURVA;NÃO;0
SC;BR-101;ITAPEMA;1;1;TERÇA-FEIRA;1;0;1;00H-02H;MADRUGADA;PLENA NOITE;INGESTÃO DE ÁLCOOL PELO CONDUTOR;COLISÃO LATERAL MESMO SENTIDO;NUBLADO;DUPLA;RETA;SIM;0
SP;BR-116;SAO JOSE DOS CAMPOS;1;1;TERÇA-FEIRA;1;0;2;00H-02H;MADRUGADA;PLENA NOITE;SINALIZAÇÃO MAL POSICIONADA;COLISÃO TRASEIRA;CÉU CLARO;DUPLA;"EM OBRAS;RETA";NÃO;0
SP;BR-116;SAO JOSE DOS CAMPOS;1;1;TERÇA-FEIRA;1;0;2;00H-02H;MADRUGADA;PLENA NOITE;CONDUTOR DORMINDO;COLISÃO COM OBJETO;GAROA/CHUVISCO;DUPLA;"EM OBRAS;RETA";NÃO;0
TO;BR-153;FATIMA;1;1;TERÇA-FEIRA;1;0;2;00H-02H;MADRUGADA;PLENA NOITE;ENTRADA INOPINADA DO PEDESTRE;ATROPELAMENTO DE PEDESTRE;CÉU CLARO;SIMPLES;RETA;NÃO;1
PR;BR-277;MEDIANEIRA;1;1;TERÇA-FEIRA;1;0;3;03H-05H;MADRUGADA;PLENA NOITE;AUSÊNCIA DE REAÇÃO DO CONDUTOR;COLISÃO TRASEIRA;NEVOEIRO/NEBLINA;DUPLA;RETA;NÃO;0
MG;BR-153;PRATA;1;1;SEGUNDA-FEIRA;0;0;18;18H-20H;NOITE;PLENO DIA;DEMAIS FALHAS MECÂNICAS OU ELÉTRICAS;SAÍDA DE LEITO CARROÇÁVEL;IGNORADO;SIMPLES;RETA;NÃO;0
BA;BR-116;VITORIA DA CONQUISTA;1;1;TERÇA-FEIRA;1;0;6;06H-08H;MANHA;PLENO DIA;CONDUTOR DORMINDO;SAÍDA DE LEITO CARROÇÁVEL;CÉU CLARO;SIMPLES;RETA;NÃO;1
MT;BR-364;JANGADA;1;1;SEGUNDA-FEIRA;0;0;14;12H-14H;TARDE;PLENO DIA;CHUVA;SAÍDA DE LEITO CARROÇÁVEL;CHUVA;SIMPLES;CURVA;NÃO;0
BA;BR-116;SERRINHA;1;1;TERÇA-FEIRA;1;0;8;06H-08H;MANHA;PLENO DIA;ULTRAPASSAGEM INDEVIDA;COLISÃO LATERAL SENTIDO OPOSTO;CÉU CLARO;SIMPLES;RETA;NÃO;0
PR;BR-369;CORBELIA;1;1;TERÇA-FEIRA;1;0;6;06H-08H;MANHA;PLENO DIA;AUSÊNCIA DE REAÇÃO DO CONDUTOR;COLISÃO FRONTAL;CÉU CLARO;SIMPLES;RETA;NÃO;1
ES;BR-393;CACHOEIRO DE ITAPEMIRIM;1;1;TERÇA-FEIRA;1;0;8;06H-08H;MANHA;PLENO DIA;ULTRAPASSAGEM INDEVIDA;COLISÃO LATERAL MESMO SENTIDO;CÉU CLARO;SIMPLES;RETA;SIM;0
SC;BR-101;PALHOCA;1;1;TERÇA-FEIRA;1;0;8;06H-08H;MANHA;PLENO DIA;REAÇÃO TARDIA OU INEFICIENTE DO CONDUTOR;COLISÃO TRASEIRA;NUBLADO;DUPLA;RETA;NÃO;0
MS;BR-163;CAMPO GRANDE;1;1;TERÇA-FEIRA;1;0;8;06H-08H;MANHA;PLENO DIA;ACESSAR A VIA SEM OBSERVAR A PRESENÇA DOS OUTROS VEÍCULOS;COLISÃO TRANSVERSAL;CÉU CLARO;SIMPLES;"RETA;ACLIVE";SIM;0
PR;BR-153;IBAITI;1;1;QUINTA-FEIRA;3;0;13;12H-14H;TARDE;PLENO DIA;VELOCIDADE INCOMPATÍVEL;TOMBAMENTO;CÉU CLARO;SIMPLES;DECLIVE;NÃO;0
RS;BR-153;ERECHIM;1;1;TERÇA-FEIRA;1;0;11;09H-11H;MANHA;PLENO DIA;REAÇÃO TARDIA OU INEFICIENTE DO CONDUTOR;QUEDA DE OCUPANTE DE VEÍCULO;CÉU CLARO;SIMPLES;INTERSEÇÃO DE VIAS;SIM;0
RJ;BR-393;BARRA DO PIRAI;1;1;TERÇA-FEIRA;1;0;10;09H-11H;MANHA;PLENO DIA;TRANSITAR NA CONTRAMÃO;COLISÃO LATERAL SENTIDO OPOSTO;SOL;SIMPLES;RETA;NÃO;0
RJ;BR-116;GUAPIMIRIM;1;1;TERÇA-FEIRA;1;0;10;09H-11H;MANHA;PLENO DIA;VELOCIDADE INCOMPATÍVEL;SAÍDA DE LEITO CARROÇÁVEL;NUBLADO;SIMPLES;"CURVA;DECLIVE";NÃO;1
SC;BR-470;IBIRAMA;1;1;TERÇA-FEIRA;1;0;12;12H-14H;TARDE;PLENO DIA;ULTRAPASSAGEM INDEVIDA;SAÍDA DE LEITO CARROÇÁVEL;NUBLADO;SIMPLES;RETA;SIM;0
PE;BR-101;JABOATAO DOS GUARARAPES;1;1;TERÇA-FEIRA;1;0;12;12H-14H;TARDE;PLENO DIA;MANOBRA DE MUDANÇA DE FAIXA;COLISÃO LATERAL MESMO SENTIDO;SOL;MÚLTIPLA;RETA;SIM;0
MG;BR-050;ARAGUARI;1;1;TERÇA-FEIRA;1;0;11;09H-11H;MANHA;PLENO DIA;AUSÊNCIA DE REAÇÃO DO CONDUTOR;COLISÃO COM OBJETO;SOL;DUPLA;"RETA;ACLIVE";NÃO;0
PR;BR-376;SAO JOSE DOS PINHAIS;1;1;TERÇA-FEIRA;1;0;12;12H-14H;TARDE;PLENO DIA;VELOCIDADE INCOMPATÍVEL;SAÍDA DE LEITO CARROÇÁVEL;CÉU CLARO;SIMPLES;CURVA;NÃO;0
MG;BR-381;EXTREMA;1;1;TERÇA-FEIRA;1;0;13;12H-14H;TARDE;PLENO DIA;CHUVA;COLISÃO COM OBJETO;CHUVA;DUPLA;"CURVA;DECLIVE";NÃO;0
DF;BR-020;BRASILIA;1;1;TERÇA-FEIRA;1;0;14;12H-14H;TARDE;PLENO DIA;INGESTÃO DE ÁLCOOL PELO CONDUTOR;SAÍDA DE LEITO CARROÇÁVEL;NUBLADO;DUPLA;DECLIVE;NÃO;0
RS;BR-386;POUSO NOVO;1;1;TERÇA-FEIRA;1;0;14;12H-14H;TARDE;PLENO DIA;VELOCIDADE INCOMPATÍVEL;COLISÃO FRONTAL;CHUVA;SIMPLES;"CURVA;DECLIVE";NÃO;0
GO;BR-060;GOIANIA;1;1;TERÇA-FEIRA;1;0;14;12H-14H;TARDE;PLENO DIA;AUSÊNCIA DE REAÇÃO DO CONDUTOR;COLISÃO TRASEIRA;SOL;DUPLA;"CURVA;DECLIVE";NÃO;0
SP;BR-381;VARGEM;1;1;TERÇA-FEIRA;1;0;14;12H-14H;TARDE;PLENO DIA;AUSÊNCIA DE REAÇÃO DO CONDUTOR;COLISÃO TRASEIRA;CÉU CLARO;DUPLA;"ACLIVE;RETA";NÃO;0
MG;BR-381;BETIM;1;1;TERÇA-FEIRA;1;0;16;15H-17H;TARDE;PLENO DIA;AUSÊNCIA DE REAÇÃO DO CONDUTOR;ENGAVETAMENTO;CÉU CLARO;DUPLA;RETA;NÃO;0
SP;BR-116;SAO JOSE DOS CAMPOS;1;1;TERÇA-FEIRA;1;0;15;15H-17H;TARDE;PLENO DIA;CONDUTOR DEIXOU DE MANTER DISTÂNCIA DO VEÍCULO DA FRENTE;COLISÃO TRASEIRA;CÉU CLARO;DUPLA;RETA;SIM;0
RS;BR-285;VACARIA;1;1;TERÇA-FEIRA;1;0;16;15H-17H;TARDE;PLENO DIA;ACESSAR A VIA SEM OBSERVAR A PRESENÇA DOS OUTROS VEÍCULOS;COLISÃO TRANSVERSAL;CÉU CLARO;SIMPLES;RETA;NÃO;0
SP;BR-116;SAO JOSE DOS CAMPOS;1;1;TERÇA-FEIRA;1;0;16;15H-17H;TARDE;PLENO DIA;AUSÊNCIA DE REAÇÃO DO CONDUTOR;COLISÃO TRASEIRA;CÉU CLARO;DUPLA;RETA;NÃO;0
MG;BR-251;SALINAS;1;1;TERÇA-FEIRA;1;0;15;15H-17H;TARDE;PLENO DIA;TRANSITAR NA CONTRAMÃO;COLISÃO TRASEIRA;SOL;SIMPLES;"DECLIVE;CURVA";SIM;0
PR;BR-376;PONTA GROSSA;1;1;TERÇA-FEIRA;1;0;17;15H-17H;TARDE;PLENO DIA;INGESTÃO DE ÁLCOOL PELO CONDUTOR;SAÍDA DE LEITO CARROÇÁVEL;NUBLADO;DUPLA;CURVA;NÃO;0
MG;BR-040;JUIZ DE FORA;1;1;TERÇA-FEIRA;1;0;18;18H-20H;NOITE;PLENA NOITE;DEMAIS FALHAS MECÂNICAS OU ELÉTRICAS;SAÍDA DE LEITO CARROÇÁVEL;CHUVA;SIMPLES;RETA;NÃO;0
RS;BR-116;VACARIA;1;1;TERÇA-FEIRA;1;0;17;15H-17H;TARDE;PLENO DIA;TRANSITAR NA CONTRAMÃO;COLISÃO LATERAL SENTIDO OPOSTO;CÉU CLARO;SIMPLES;"ACLIVE;RETA";NÃO;1
SC;BR-280;CORUPA;1;1;TERÇA-FEIRA;1;0;14;12H-14H;TARDE;PLENO DIA;VELOCIDADE INCOMPATÍVEL;CAPOTAMENTO;NUBLADO;SIMPLES;"CURVA;ACLIVE";NÃO;1
BA;BR-349;CORRENTINA;1;1;TERÇA-FEIRA;1;0;15;15H-17H;TARDE;PLENO DIA;PROBLEMA COM O FREIO;SAÍDA DE LEITO CARROÇÁVEL;CHUVA;SIMPLES;RETA;NÃO;0
SC;BR-470;BLUMENAU;1;1;TERÇA-FEIRA;1;0;21;21H-23H;NOITE;PLENA NOITE;AUSÊNCIA DE REAÇÃO DO CONDUTOR;COLISÃO TRANSVERSAL;CÉU CLARO;SIMPLES;INTERSEÇÃO DE VIAS;SIM;0
PI;BR-343;AMARANTE;1;1;TERÇA-FEIRA;1;0;21;21H-23H;NOITE;PLENA NOITE;ACESSAR A VIA SEM OBSERVAR A PRESENÇA DOS OUTROS VEÍCULOS;COLISÃO TRANSVERSAL;CÉU CLARO;SIMPLES;RETA;NÃO;0
RJ;BR-116;NOVA IGUACU;1;1;TERÇA-FEIRA;1;0;21;21H-23H;NOITE;PLENA NOITE;SUICÍDIO (PRESUMIDO);ATROPELAMENTO DE PEDESTRE;CÉU CLARO;MÚLTIPLA;RETA;SIM;1
ES;BR-101;CARIACICA;1;1;TERÇA-FEIRA;1;0;21;21H-23H;NOITE;PLENA NOITE;CONDUTOR DEIXOU DE MANTER DISTÂNCIA DO VEÍCULO DA FRENTE;COLISÃO LATERAL MESMO SENTIDO;NUBLADO;MÚLTIPLA;CURVA;SIM;0
PR;BR-153;SANTO ANTONIO DA PLATINA;1;1;TERÇA-FEIRA;1;0;19;18H-20H;NOITE;PLENA NOITE;ACESSAR A VIA SEM OBSERVAR A PRESENÇA DOS OUTROS VEÍCULOS;COLISÃO TRANSVERSAL;NUBLADO;SIMPLES;RETA;NÃO;0
MG;BR-116;GOVERNADOR VALADARES;1;1;TERÇA-FEIRA;1;0;17;15H-17H;TARDE;PLENO DIA;REAÇÃO TARDIA OU INEFICIENTE DO CONDUTOR;COLISÃO LATERAL SENTIDO OPOSTO;CÉU CLARO;SIMPLES;RETA;NÃO;0
PR;BR-476;PAULO FRONTIN;1;1;QUARTA-FEIRA;2;0;1;00H-02H;MADRUGADA;PLENA NOITE;AUSÊNCIA DE REAÇÃO DO CONDUTOR;SAÍDA DE LEITO CARROÇÁVEL;NUBLADO;SIMPLES;RETA;NÃO;0
MG;BR-040;CONGONHAS;1;1;TERÇA-FEIRA;1;0;21;21H-23H;NOITE;PLENA NOITE;RESTRIÇÃO DE VISIBILIDADE EM CURVAS HORIZONTAIS;COLISÃO LATERAL SENTIDO OPOSTO;CHUVA;SIMPLES;CURVA;NÃO;0
RJ;BR-101;CAMPOS DOS GOYTACAZES;1;1;QUARTA-FEIRA;2;0;4;03H-05H;MADRUGADA;PLENA NOITE;AUSÊNCIA DE REAÇÃO DO CONDUTOR;COLISÃO TRASEIRA;CÉU CLARO;DUPLA;RETA;NÃO;1
RJ;BR-116;BARRA MANSA;1;1;QUARTA-FEIRA;2;0;3;03H-05H;MADRUGADA;AMANHECER;OBJETO ESTÁTICO SOBRE O LEITO CARROÇÁVEL;TOMBAMENTO;NUBLADO;DUPLA;RETA;NÃO;0
SC;BR-470;ASCURRA;1;1;QUARTA-FEIRA;2;0;4;03H-05H;MADRUGADA;PLENA NOITE;AUSÊNCIA DE REAÇÃO DO CONDUTOR;SAÍDA DE LEITO CARROÇÁVEL;GAROA/CHUVISCO;SIMPLES;"ROTATÓRIA;ACLIVE";SIM;0
RJ;BR-116;BARRA MANSA;1;1;TERÇA-FEIRA;1;0;23;21H-23H;NOITE;PLENA NOITE;REAÇÃO TARDIA OU INEFICIENTE DO CONDUTOR;TOMBAMENTO;NUBLADO;DUPLA;CURVA;NÃO;0
GO;BR-060;ANAPOLIS;1;1;QUARTA-FEIRA;2;0;7;06H-08H;MANHA;PLENO DIA;VELOCIDADE INCOMPATÍVEL;COLISÃO TRASEIRA;CHUVA;DUPLA;RETA;SIM;0
PB;BR-101;CAAPORA;1;1;QUARTA-FEIRA;2;0;7;06H-08H;MANHA;PLENO DIA;ACUMULO DE ÁGUA SOBRE O PAVIMENTO;TOMBAMENTO;CHUVA;DUPLA;RETA;NÃO;0
GO;BR-050;CATALAO;1;1;QUARTA-FEIRA;2;0;6;06H-08H;MANHA;PLENO DIA;DESRESPEITAR A PREFERÊNCIA NO CRUZAMENTO;COLISÃO TRANSVERSAL;CÉU CLARO;DUPLA;"DESVIO TEMPORÁRIO;EM OBRAS;RETA";SIM;0