uf;br_formatada;municipio;mes;trimestre;dia_semana;dia_semana_num;fim_de_semana;hora;faixa_horaria;turno;fase_dia;causa_acidente;tipo_acidente;condicao_metereologica;tipo_pista;tracado_via;uso_solo;acidente_fatal
MG;BR-116;MEDINA;2;1;DOMINGO;6;1;14;12H-14H;TARDE;PLENO DIA;VELOCIDADE INCOMPATÍVEL;SAÍDA DE LEITO CARROÇÁVEL;SOL;SIMPLES;CURVA;NÃO;0
RS;BR-116;TURUCU;2;1;DOMINGO;6;1;19;18H-20H;NOITE;ANOITECER;REAÇÃO TARDIA OU INEFICIENTE DO CONDUTOR;COLISÃO TRANSVERSAL;CHUVA;SIMPLES;"EM OBRAS;RETA";NÃO;0
CE;BR-116;BREJO SANTO;2;1;DOMINGO;6;1;19;18H-20H;NOITE;PLENA NOITE;INGESTÃO DE ÁLCOOL PELO CONDUTOR;COLISÃO FRONTAL;CÉU CLARO;SIMPLES;RETA;SIM;0
RS;BR-153;ERECHIM;2;1;DOMINGO;6;1;21;21H-23H;NOITE;PLENA NOITE;DESRESPEITAR A PREFERÊNCIA NO CRUZAMENTO;COLISÃO TRANSVERSAL;NUBLADO;DUPLA;"RETA;ROTATÓRIA";SIM;0
MG;BR-040;RIBEIRAO DAS NEVES;2;1;DOMINGO;6;1;20;18H-20H;NOITE;PLENO DIA;AUSÊNCIA DE REAÇÃO DO CONDUTOR;SAÍDA DE LEITO CARROÇÁVEL;CÉU CLARO;DUPLA;RETA;SIM;1
PR;BR-476;SAO MATEUS DO SUL;2;1;DOMINGO;6;1;14;12H-14H;TARDE;PLENO DIA;TRANSITAR NA CONTRAMÃO;COLISÃO FRONTAL;CÉU CLARO;SIMPLES;RETA;NÃO;1
RJ;BR-393;SAPUCAIA;2;1;DOMINGO;6;1;22;21H-23H;NOITE;PLENA NOITE;VELOCIDADE INCOMPATÍVEL;COLISÃO COM OBJETO;CÉU CLARO;SIMPLES;CURVA;NÃO;0
GO;BR-452;BOM JESUS DE GOIAS;2;1;DOMINGO;6;1;19;18H-20H;NOITE;PLENA NOITE;REAÇÃO TARDIA OU INEFICIENTE DO CONDUTOR;SAÍDA DE LEITO CARROÇÁVEL;CHUVA;SIMPLES;"DECLIVE;RETA";NÃO;0
RO;BR-364;PORTO VELHO;2;1;DOMINGO;6;1;19;18H-20H;NOITE;ANOITECER;REAÇÃO TARDIA OU INEFICIENTE DO CONDUTOR;COLISÃO TRANSVERSAL;CÉU CLARO;SIMPLES;RETA;SIM;1
AL;BR-101;NOVO LINO;2;1;SEGUNDA-FEIRA;0;0;1;00H-02H;MADRUGADA;PLENA NOITE;VELOCIDADE INCOMPATÍVEL;TOMBAMENTO;CHUVA;DUPLA;"CURVA;DECLIVE";NÃO;0
PR;BR-116;QUATRO BARRAS;2;1;SEGUNDA-FEIRA;0;0;1;00H-02H;MADRUGADA;PLENA NOITE;CARGA EXCESSIVA E/OU MAL ACONDICIONADA;DERRAMAMENTO DE CARGA;CÉU CLARO;DUPLA;"CURVA;DECLIVE";NÃO;0
MG;BR-116;ITAMBACURI;2;1;SEGUNDA-FEIRA;0;0;3;03H-05H;MADRUGADA;PLENA NOITE;DEMAIS FALHAS MECÂNICAS OU ELÉTRICAS;INCÊNDIO;CÉU CLARO;SIMPLES;RETA;NÃO;0
MT;BR-070;NOSSA SENHORA DO LIVRAMENTO;2;1;SEGUNDA-FEIRA;0;0;2;00H-02H;MADRUGADA;PLENA NOITE;CONDUTOR DORMINDO;COLISÃO LATERAL SENTIDO OPOSTO;IGNORADO;SIMPLES;RETA;NÃO;0
DF;BR-020;BRASILIA;2;1;SEGUNDA-FEIRA;0;0;5;03H-05H;MADRUGADA;AMANHECER;CHUVA;TOMBAMENTO;GAROA/CHUVISCO;DUPLA;CURVA;SIM;0
SC;BR-116;SANTA CECILIA;2;1;SEGUNDA-FEIRA;0;0;4;03H-05H;MADRUGADA;PLENA NOITE;TRANSITAR NA CONTRAMÃO;COLISÃO LATERAL SENTIDO OPOSTO;CHUVA;SIMPLES;DECLIVE;SIM;0
RS;BR-158;SANTA MARIA;2;1;SEGUNDA-FEIRA;0;0;6;06H-08H;MANHA;AMANHECER;AUSÊNCIA DE REAÇÃO DO CONDUTOR;COLISÃO COM OBJETO;GAROA/CHUVISCO;DUPLA;"INTERSEÇÃO DE VIAS;VIADUTO";SIM;0
BA;BR-101;CONCEICAO DO ALMEIDA;2;1;SEGUNDA-FEIRA;0;0;2;00H-02H;MADRUGADA;PLENA NOITE;AUSÊNCIA DE REAÇÃO DO CONDUTOR;COLISÃO TRASEIRA;CÉU CLARO;SIMPLES;ACLIVE;NÃO;0
BA;BR-101;SAPEACU;2;1;SEGUNDA-FEIRA;0;0;4;03H-05H;MADRUGADA;AMANHECER;ULTRAPASSAGEM INDEVIDA;COLISÃO FRONTAL;CÉU CLARO;SIMPLES;"ACLIVE;RETA";SIM;0
MG;BR-116;TEOFILO OTONI;2;1;SEGUNDA-FEIRA;0;0;6;06H-08H;MANHA;PLENO DIA;REAÇÃO TARDIA OU INEFICIENTE DO CONDUTOR;ATROPELAMENTO DE PEDESTRE;CÉU CLARO;SIMPLES;RETA;NÃO;0
RS;BR-285;IJUI;2;1;SEGUNDA-FEIRA;0;0;8;06H-08H;MANHA;PLENO DIA;CONDUTOR DEIXOU DE MANTER DISTÂNCIA DO VEÍCULO DA FRENTE;COLISÃO TRASEIRA;CÉU CLARO;SIMPLES;RETA;NÃO;0
MT;BR-364;VARZEA GRANDE;2;1;SEXTA-FEIRA;4;0;3;03H-05H;MADRUGADA;AMANHECER;ACUMULO DE ÓLEO SOBRE O PAVIMENTO;SAÍDA DE LEITO CARROÇÁVEL;GAROA/CHUVISCO;SIMPLES;"CURVA;PONTE";NÃO;0
SC;BR-101;JOINVILLE;2;1;SÁBADO;5;1;13;12H-14H;TARDE;PLENO DIA;DEMAIS FALHAS MECÂNICAS OU ELÉTRICAS;COLISÃO COM OBJETO;CHUVA;DUPLA;CURVA;SIM;0
RS;BR-290;SAO SEPE;2;1;SEGUNDA-FEIRA;0;0;6;06H-08H;MANHA;AMANHECER;AUSÊNCIA DE REAÇÃO DO CONDUTOR;SAÍDA DE LEITO CARROÇÁVEL;CHUVA;SIMPLES;"EM OBRAS;RETA;DECLIVE";NÃO;0
MT;BR-070;GENERAL CARNEIRO;2;1;SÁBADO;5;1;16;15H-17H;TARDE;PLENO DIA;ULTRAPASSAGEM INDEVIDA;COLISÃO LATERAL MESMO SENTIDO;CÉU CLARO;SIMPLES;RETA;NÃO;0
SC;BR-101;JOINVILLE;2;1;QUINTA-FEIRA;3;0;7;06H-08H;MANHA;PLENO DIA;DESRESPEITAR A PREFERÊNCIA NO CRUZAMENTO;COLISÃO TRANSVERSAL;CÉU CLARO;DUPLA;"VIADUTO;ROTATÓRIA";NÃO;0
BA;BR-116;FEIRA DE SANTANA;2;1;SEGUNDA-FEIRA;0;0;9;09H-11H;MANHA;PLENO DIA;CONDUTOR DEIXOU DE MANTER DISTÂNCIA DO VEÍCULO DA FRENTE;ENGAVETAMENTO;CÉU CLARO;DUPLA;RETA;SIM;0
MG;BR-381;POUSO ALEGRE;2;1;SEGUNDA-FEIRA;0;0;9;09H-11H;MANHA;PLENO DIA;MAL SÚBITO DO CONDUTOR;SAÍDA DE LEITO CARROÇÁVEL;SOL;DUPLA;RETA;NÃO;0
ES;BR-101;SERRA;2;1;SEGUNDA-FEIRA;0;0;10;09H-11H;MANHA;PLENO DIA;MANOBRA DE MUDANÇA DE FAIXA;COLISÃO LATERAL MESMO SENTIDO;CÉU CLARO;MÚLTIPLA;RETA;SIM;0
RN;BR-304;MACAIBA;2;1;SEGUNDA-FEIRA;0;0;8;06H-08H;MANHA;PLENO DIA;MANOBRA DE MUDANÇA DE FAIXA;TOMBAMENTO;SOL;DUPLA;RETA;SIM;0
MG;BR-040;SETE LAGOAS;2;1;SEGUNDA-FEIRA;0;0;10;09H-11H;MANHA;PLENO DIA;AUSÊNCIA DE REAÇÃO DO CONDUTOR;COLISÃO TRASEIRA;SOL;DUPLA;"DECLIVE;RETA";SIM;0
PR;BR-153;JACAREZINHO;2;1;SEGUNDA-FEIRA;0;0;9;09H-11H;MANHA;PLENO DIA;VELOCIDADE INCOMPATÍVEL;TOMBAMENTO;CÉU CLARO;SIMPLES;CURVA;NÃO;0
MG;BR-459;CONGONHAL;2;1;QUARTA-FEIRA;2;0;12;12H-14H;TARDE;PLENO DIA;CONVERSÃO PROIBIDA;COLISÃO TRANSVERSAL;CÉU CLARO;SIMPLES;RETA;SIM;1
ES;BR-101;FUNDAO;2;1;SEGUNDA-FEIRA;0;0;12;12H-14H;TARDE;PLENO DIA;TRANSITAR NA CONTRAMÃO;COLISÃO FRONTAL;CÉU CLARO;MÚLTIPLA;RETA;NÃO;0
PB;BR-230;CRUZ DO ESPIRITO SANTO;2;1;SEGUNDA-FEIRA;0;0;12;12H-14H;TARDE;PLENO DIA;REAÇÃO TARDIA OU INEFICIENTE DO CONDUTOR;COLISÃO TRASEIRA;CÉU CLARO;DUPLA;RETA;NÃO;0
GO;BR-050;CUMARI;2;1;SEGUNDA-FEIRA;0;0;9;09H-11H;MANHA;PLENO DIA;VELOCIDADE INCOMPATÍVEL;TOMBAMENTO;SOL;DUPLA;"PONTE;DECLIVE;CURVA";NÃO;0
RS;BR-392;CACAPAVA DO SUL;2;1;SEGUNDA-FEIRA;0;0;14;12H-14H;TARDE;PLENO DIA;AUSÊNCIA DE REAÇÃO DO CONDUTOR;SAÍDA DE LEITO CARROÇÁVEL;NUBLADO;SIMPLES;"RETA;ACLIVE";NÃO;0
AC;BR-364;RIO BRANCO;2;1;SEGUNDA-FEIRA;0;0;12;12H-14H;TARDE;PLENO DIA;MANOBRA DE MUDANÇA DE FAIXA;COLISÃO LATERAL MESMO SENTIDO;CHUVA;DUPLA;RETA;NÃO;0
RJ;BR-101;PARATY;2;1;SEGUNDA-FEIRA;0;0;14;12H-14H;TARDE;PLENO DIA;ACESSAR A VIA SEM OBSERVAR A PRESENÇA DOS OUTROS VEÍCULOS;COLISÃO TRANSVERSAL;CÉU CLARO;SIMPLES;RETA;SIM;0
PR;BR-376;ORTIGUEIRA;2;1;SEGUNDA-FEIRA;0;0;11;09H-11H;MANHA;PLENO DIA;VELOCIDADE INCOMPATÍVEL;TOMBAMENTO;CÉU CLARO;SIMPLES;CURVA;NÃO;0
RS;BR-285;LAGOA VERMELHA;2;1;SEGUNDA-FEIRA;0;0;15;15H-17H;TARDE;PLENO DIA;ACESSAR A VIA SEM OBSERVAR A PRESENÇA DOS OUTROS VEÍCULOS;COLISÃO TRANSVERSAL;NUBLADO;SIMPLES;"ROTATÓRIA;INTERSEÇÃO DE VIAS";NÃO;0
ES;BR-101;SOORETAMA;2;1;SEGUNDA-FEIRA;0;0;15;15H-17H;TARDE;PLENO DIA;CONDUTOR DESRESPEITOU A ILUMINAÇÃO VERMELHA DO SEMÁFORO;COLISÃO TRANSVERSAL;CÉU CLARO;DUPLA;INTERSEÇÃO DE VIAS;SIM;0
RJ;BR-116;GUAPIMIRIM;2;1;SEGUNDA-FEIRA;0;0;9;09H-11H;MANHA;PLENO DIA;ULTRAPASSAGEM INDEVIDA;COLISÃO FRONTAL;CÉU CLARO;SIMPLES;"DECLIVE;RETA";NÃO;0
DF;BR-040;BRASILIA;2;1;SEGUNDA-FEIRA;0;0;16;15H-17H;TARDE;PLENO DIA;ÁREA URBANA SEM A PRESENÇA DE LOCAL APROPRIADO PARA A TRAVESSIA DE PEDESTRES;COLISÃO TRANSVERSAL;SOL;DUPLA;"ACLIVE;RETA;INTERSEÇÃO DE VIAS";SIM;0
MA;BR-135;SAO LUIS;2;1;SEGUNDA-FEIRA;0;0;15;15H-17H;TARDE;PLENO DIA;MANOBRA DE MUDANÇA DE FAIXA;COLISÃO LATERAL MESMO SENTIDO;GAROA/CHUVISCO;DUPLA;RETA;SIM;0
AL;BR-101;JUNQUEIRO;2;1;SEGUNDA-FEIRA;0;0;16;15H-17H;TARDE;PLENO DIA;INGESTÃO DE ÁLCOOL PELO CONDUTOR;COLISÃO TRANSVERSAL;CÉU CLARO;SIMPLES;INTERSEÇÃO DE VIAS;SIM;0
SC;BR-116;CORREIA PINTO;2;1;SEGUNDA-FEIRA;0;0;16;15H-17H;TARDE;PLENO DIA;ACESSAR A VIA SEM OBSERVAR A PRESENÇA DOS OUTROS VEÍCULOS;COLISÃO TRANSVERSAL;NUBLADO;SIMPLES;RETA;SIM;0
ES;BR-262;DOMINGOS MARTINS;2;1;SEGUNDA-FEIRA;0;0;17;15H-17H;TARDE;PLENO DIA;TRANSITAR NA CONTRAMÃO;COLISÃO FRONTAL;CÉU CLARO;SIMPLES;RETA;SIM;1
MG;BR-381;BARAO DE COCAIS;2;1;SEGUNDA-FEIRA;0;0;18;18H-20H;NOITE;ANOITECER;AUSÊNCIA DE REAÇÃO DO CONDUTOR;TOMBAMENTO;CÉU CLARO;SIMPLES;CURVA;SIM;0
SC;BR-470;RIO DO SUL;2;1;SEGUNDA-FEIRA;0;0;17;15H-17H;TARDE;PLENO DIA;CHUVA;COLISÃO LATERAL SENTIDO OPOSTO;CHUVA;SIMPLES;RETA;NÃO;0
GO;BR-364;MINEIROS;2;1;SÁBADO;5;1;8;06H-08H;MANHA;PLENO DIA;FALTA DE ELEMENTO DE CONTENÇÃO QUE EVITE A SAÍDA DO LEITO CARROÇÁVEL;SAÍDA DE LEITO CARROÇÁVEL;CÉU CLARO;SIMPLES;"RETA;ACLIVE";NÃO;0
PR;BR-116;QUITANDINHA;2;1;SEGUNDA-FEIRA;0;0;17;15H-17H;TARDE;PLENO DIA;ULTRAPASSAGEM INDEVIDA;SAÍDA DE LEITO CARROÇÁVEL;GAROA/CHUVISCO;SIMPLES;"CURVA;ACLIVE";NÃO;0
MG;BR-116;UBAPORANGA;2;1;SEGUNDA-FEIRA;0;0;15;15H-17H;TARDE;PLENO DIA;MANOBRA DE MUDANÇA DE FAIXA;COLISÃO FRONTAL;CÉU CLARO;SIMPLES;RETA;NÃO;1
MG;BR-381;BETIM;2;1;SÁBADO;5;1;10;09H-11H;MANHA;PLENO DIA;CONDUTOR DEIXOU DE MANTER DISTÂNCIA DO VEÍCULO DA FRENTE;ENGAVETAMENTO;CÉU CLARO;DUPLA;"CURVA;ACLIVE";SIM;0
SC;BR-470;RIO DO SUL;2;1;SEGUNDA-FEIRA;0;0;17;15H-17H;TARDE;PLENO DIA;REAÇÃO TARDIA OU INEFICIENTE DO CONDUTOR;COLISÃO LATERAL SENTIDO OPOSTO;CHUVA;SIMPLES;"RETA;ACLIVE";SIM;0
PA;BR-222;BOM JESUS DO TOCANTINS;2;1;DOMINGO;6;1;23;21H-23H;NOITE;PLENA NOITE;REAÇÃO TARDIA OU INEFICIENTE DO CONDUTOR;SAÍDA DE LEITO CARROÇÁVEL;NUBLADO;SIMPLES;"RETA;DECLIVE";NÃO;0
MT;BR-070;POXOREU;2;1;SEGUNDA-FEIRA;0;0;17;15H-17H;TARDE;PLENO DIA;REAÇÃO TARDIA OU INEFICIENTE DO CONDUTOR;TOMBAMENTO;NUBLADO;SIMPLES;ACLIVE;NÃO;0
PR;BR-153;IMBITUVA;2;1;SEGUNDA-FEIRA;0;0;17;15H-17H;TARDE;PLENO DIA;AUSÊNCIA DE REAÇÃO DO CONDUTOR;COLISÃO LATERAL SENTIDO OPOSTO;CÉU CLARO;SIMPLES;RETA;NÃO;0
MG;BR-381;SANTA LUZIA;2;1;SEGUNDA-FEIRA;0;0;20;18H-20H;NOITE;PLENA NOITE;VELOCIDADE INCOMPATÍVEL;COLISÃO LATERAL SENTIDO OPOSTO;CÉU CLARO;SIMPLES;"CURVA;DECLIVE";NÃO;0
MG;BR-262;MATEUS LEME;2;1;SEGUNDA-FEIRA;0;0;15;15H-17H;TARDE;PLENO DIA;AUSÊNCIA DE REAÇÃO DO CONDUTOR;SAÍDA DE LEITO CARROÇÁVEL;CÉU CLARO;DUPLA;CURVA;NÃO;0
PR;BR-163;LINDOESTE;2;1;SEGUNDA-FEIRA;0;0;16;15H-17H;TARDE;PLENO DIA;VELOCIDADE INCOMPATÍVEL;SAÍDA DE LEITO CARROÇÁVEL;CÉU CLARO;DUPLA;"ACLIVE;CURVA";NÃO;0
MT;BR-163;NOVA MUTUM;2;1;SEGUNDA-FEIRA;0;0;16;15H-17H;TARDE;ANOITECER;REAÇÃO TARDIA OU INEFICIENTE DO CONDUTOR;SAÍDA DE LEITO CARROÇÁVEL;CÉU CLARO;SIMPLES;RETA;NÃO;0
RJ;BR-116;MAGE;2;1;SEGUNDA-FEIRA;0;0;22;21H-23H;NOITE;PLENA NOITE;DEFICIÊNCIA DO SISTEMA DE ILUMINAÇÃO/SINALIZAÇÃO;COLISÃO FRONTAL;CÉU CLARO;SIMPLES;"CURVA;VIADUTO";NÃO;0
AL;BR-423;AGUA BRANCA;2;1;QUINTA-FEIRA;3;0;12;12H-14H;TARDE;PLENO DIA;PISTA ESCORREGADIA;SAÍDA DE LEITO CARROÇÁVEL;NUBLADO;SIMPLES;RETA;NÃO;0
MG;BR-040;CONGONHAS;2;1;SEGUNDA-FEIRA;0;0;22;21H-23H;NOITE;PLENA NOITE;REAÇÃO TARDIA OU INEFICIENTE DO CONDUTOR;COLISÃO COM OBJETO;CÉU CLARO;DUPLA;CURVA;NÃO;0
PE;BR-104;AGRESTINA;2;1;SEGUNDA-FEIRA;0;0;22;21H-23H;NOITE;PLENA NOITE;TRANSITAR NA CONTRAMÃO;COLISÃO LATERAL SENTIDO OPOSTO;CÉU CLARO;SIMPLES;"CURVA;DECLIVE";NÃO;0
SC;BR-282;ALFREDO WAGNER;2;1;SEGUNDA-FEIRA;0;0;16;15H-17H;TARDE;PLENO DIA;VELOCIDADE INCOMPATÍVEL;COLISÃO FRONTAL;CHUVA;SIMPLES;CURVA;NÃO;1
SP;BR-116;PINDAMONHANGABA;2;1;TERÇA-FEIRA;1;0;1;00H-02H;MADRUGADA;PLENA NOITE;SUICÍDIO (PRESUMIDO);ATROPELAMENTO DE PEDESTRE;CÉU CLARO;DUPLA;RETA;NÃO;1
PR;BR-116;ANTONINA;2;1;TERÇA-FEIRA;1;0;4;03H-05H;MADRUGADA;PLENA NOITE;AUSÊNCIA DE REAÇÃO DO CONDUTOR;COLISÃO TRASEIRA;CÉU CLARO;DUPLA;"ACLIVE;RETA";NÃO;0
MG;BR-364;PLANURA;2;1;TERÇA-FEIRA;1;0;4;03H-05H;MADRUGADA;PLENA NOITE;CONDUTOR DEIXOU DE MANTER DISTÂNCIA DO VEÍCULO DA FRENTE;COLISÃO TRASEIRA;CHUVA;SIMPLES;RETA;SIM;0
CE;BR-116;BARRO;2;1;TERÇA-FEIRA;1;0;5;03H-05H;MADRUGADA;PLENO DIA;PISTA ESBURACADA;SAÍDA DE LEITO CARROÇÁVEL;CÉU CLARO;SIMPLES;RETA;NÃO;0
MG;BR-153;ARAPORA;2;1;TERÇA-FEIRA;1;0;3;03H-05H;MADRUGADA;PLENA NOITE;DEMAIS FALHAS MECÂNICAS OU ELÉTRICAS;INCÊNDIO;CÉU CLARO;DUPLA;RETA;NÃO;0
BA;BR-101;ESPLANADA;2;1;TERÇA-FEIRA;1;0;5;03H-05H;MADRUGADA;AMANHECER;AUSÊNCIA DE REAÇÃO DO CONDUTOR;TOMBAMENTO;CÉU CLARO;DUPLA;"CURVA;ACLIVE";NÃO;0
RS;BR-386;MONTENEGRO;2;1;TERÇA-FEIRA;1;0;6;06H-08H;MANHA;PLENO DIA;AUSÊNCIA DE REAÇÃO DO CONDUTOR;COLISÃO COM OBJETO;NUBLADO;DUPLA;"CURVA;DECLIVE";NÃO;0
SC;BR-470;BLUMENAU;2;1;TERÇA-FEIRA;1;0;0;00H-02H;MADRUGADA;PLENA NOITE;ACESSAR A VIA SEM OBSERVAR A PRESENÇA DOS OUTROS VEÍCULOS;COLISÃO LATERAL MESMO SENTIDO;CÉU CLARO;DUPLA;"VIADUTO;CURVA";SIM;0
ES;BR-101;LINHARES;2;1;TERÇA-FEIRA;1;0;6;06H-08H;MANHA;PLENO DIA;CONDUTOR DEIXOU DE MANTER DISTÂNCIA DO VEÍCULO DA FRENTE;COLISÃO TRASEIRA;CÉU CLARO;SIMPLES;"CURVA;DECLIVE;INTERSEÇÃO DE VIAS";SIM;0
PR;BR-277;FOZ DO IGUACU;2;1;TERÇA-FEIRA;1;0;5;03H-05H;MADRUGADA;PLENA NOITE;CONDUTOR DEIXOU DE MANTER DISTÂNCIA DO VEÍCULO DA FRENTE;COLISÃO LATERAL MESMO SENTIDO;CHUVA;DUPLA;RETA;SIM;0
PR;BR-116;FAZENDA RIO GRANDE;2;1;TERÇA-FEIRA;1;0;7;06H-08H;MANHA;PLENO DIA;REAÇÃO TARDIA OU INEFICIENTE DO CONDUTOR;COLISÃO COM OBJETO;NUBLADO;DUPLA;"RETA;INTERSEÇÃO DE VIAS";SIM;0
DF;BR-020;BRASILIA;2;1;TERÇA-FEIRA;1;0;6;06H-08H;MANHA;PLENO DIA;AUSÊNCIA DE REAÇÃO DO CONDUTOR;TOMBAMENTO;CÉU CLARO;DUPLA;"ACLIVE;RETA";NÃO;0
ES;BR-101;SERRA;2;1;TERÇA-FEIRA;1;0;7;06H-08H;MANHA;PLENO DIA;TRAFEGAR COM MOTOCICLETA (OU SIMILAR) ENTRE AS FAIXAS;ENGAVETAMENTO;CÉU CLARO;DUPLA;RETA;SIM;0
RJ;BR-040;DUQUE DE CAXIAS;2;1;SEGUNDA-FEIRA;0;0;14;12H-14H;TARDE;PLENO DIA;DEMAIS FALHAS MECÂNICAS OU ELÉTRICAS;INCÊNDIO;CÉU CLARO;MÚLTIPLA;RETA;SIM;0
PE;BR-101;RECIFE;2;1;TERÇA-FEIRA;1;0;7;06H-08H;MANHA;PLENO DIA;TRAFEGAR COM MOTOCICLETA (OU SIMILAR) ENTRE AS FAIXAS;COLISÃO LATERAL MESMO SENTIDO;SOL;DUPLA;RETA;SIM;0
SC;BR-116;CORREIA PINTO;1;1;SÁBADO;5;1;23;21H-23H;NOITE;PLENA NOITE;INGESTÃO DE ÁLCOOL PELO CONDUTOR;COLISÃO TRASEIRA;NUBLADO;SIMPLES;RETA;NÃO;0
SC;BR-101;SAO JOSE;2;1;TERÇA-FEIRA;1;0;9;09H-11H;MANHA;PLENO DIA;CONDUTOR DEIXOU DE MANTER DISTÂNCIA DO VEÍCULO DA FRENTE;COLISÃO TRASEIRA;NUBLADO;MÚLTIPLA;RETA;SIM;0
PB;BR-230;CRUZ DO ESPIRITO SANTO;2;1;TERÇA-FEIRA;1;0;8;06H-08H;MANHA;PLENO DIA;MANOBRA DE MUDANÇA DE FAIXA;COLISÃO LATERAL MESMO SENTIDO;CÉU CLARO;DUPLA;RETA;NÃO;0
RJ;BR-101;SAO GONCALO;2;1;DOMINGO;6;1;23;21H-23H;NOITE;PLENA NOITE;DEMAIS FALHAS MECÂNICAS OU ELÉTRICAS;COLISÃO TRASEIRA;CÉU CLARO;DUPLA;RETA;SIM;0
MG;BR-040;CARANDAI;2;1;TERÇA-FEIRA;1;0;7;06H-08H;MANHA;PLENO DIA;ACESSAR A VIA SEM OBSERVAR A PRESENÇA DOS OUTROS VEÍCULOS;ATROPELAMENTO DE PEDESTRE;CÉU CLARO;SIMPLES;RETA;NÃO;0
PE;BR-101;IGARASSU;2;1;TERÇA-FEIRA;1;0;10;09H-11H;MANHA;PLENO DIA;MANOBRA DE MUDANÇA DE FAIXA;COLISÃO LATERAL MESMO SENTIDO;CÉU CLARO;MÚLTIPLA;RETA;SIM;0
MT;BR-163;MATUPA;2;1;TERÇA-FEIRA;1;0;8;06H-08H;MANHA;PLENO DIA;ULTRAPASSAGEM INDEVIDA;COLISÃO TRANSVERSAL;CÉU CLARO;SIMPLES;RETA;NÃO;0
PE;BR-104;CARUARU;2;1;TERÇA-FEIRA;1;0;9;09H-11H;MANHA;PLENO DIA;REAÇÃO TARDIA OU INEFICIENTE DO CONDUTOR;COLISÃO TRASEIRA;NUBLADO;DUPLA;RETORNO REGULAMENTADO;SIM;0
SC;BR-282;MARAVILHA;2;1;TERÇA-FEIRA;1;0;4;03H-05H;MADRUGADA;PLENA NOITE;DEMAIS FENÔMENOS DA NATUREZA;COLISÃO TRASEIRA;CHUVA;SIMPLES;CURVA;NÃO;0
RS;BR-116;PEDRO OSORIO;2;1;TERÇA-FEIRA;1;0;11;09H-11H;MANHA;PLENO DIA;REAÇÃO TARDIA OU INEFICIENTE DO CONDUTOR;SAÍDA DE LEITO CARROÇÁVEL;SOL;SIMPLES;CURVA;NÃO;1
PR;BR-277;GUARAPUAVA;2;1;TERÇA-FEIRA;1;0;10;09H-11H;MANHA;PLENO DIA;SUICÍDIO (PRESUMIDO);COLISÃO TRASEIRA;CHUVA;SIMPLES;"ACLIVE;RETA";SIM;1
MG;BR-381;SABARA;2;1;TERÇA-FEIRA;1;0;12;12H-14H;TARDE;PLENO DIA;ACESSAR A VIA SEM OBSERVAR A PRESENÇA DOS OUTROS VEÍCULOS;COLISÃO LATERAL MESMO SENTIDO;SOL;SIMPLES;CURVA;SIM;0
MS;BR-163;CAMPO GRANDE;2;1;TERÇA-FEIRA;1;0;11;09H-11H;MANHA;PLENO DIA;DEMAIS FALHAS MECÂNICAS OU ELÉTRICAS;INCÊNDIO;NUBLADO;DUPLA;"ACLIVE;RETA";NÃO;0
ES;BR-101;RIO NOVO DO SUL;2;1;TERÇA-FEIRA;1;0;12;12H-14H;TARDE;PLENO DIA;ACESSAR A VIA SEM OBSERVAR A PRESENÇA DOS OUTROS VEÍCULOS;COLISÃO TRANSVERSAL;CÉU CLARO;SIMPLES;RETA;NÃO;0
RJ;BR-393;PARAIBA DO SUL;2;1;TERÇA-FEIRA;1;0;8;06H-08H;MANHA;PLENO DIA;DEMAIS FALHAS MECÂNICAS OU ELÉTRICAS;COLISÃO TRANSVERSAL;CÉU CLARO;SIMPLES;CURVA;NÃO;0
MT;BR-163;SINOP;2;1;TERÇA-FEIRA;1;0;12;12H-14H;TARDE;PLENO DIA;AUSÊNCIA DE REAÇÃO DO CONDUTOR;ENGAVETAMENTO;CÉU CLARO;SIMPLES;"ACLIVE;RETA";NÃO;1
MT;BR-174;JAURU;2;1;TERÇA-FEIRA;1;0;12;12H-14H;TARDE;PLENO DIA;PROBLEMA NA SUSPENSÃO;TOMBAMENTO;CÉU CLARO;SIMPLES;RETA;NÃO;0
PI;BR-316;PICOS;2;1;TERÇA-FEIRA;1;0;9;09H-11H;MANHA;PLENO DIA;DEMAIS FALHAS MECÂNICAS OU ELÉTRICAS;EVENTOS ATÍPICOS;CÉU CLARO;DUPLA;RETA;SIM;0
MA;BR-135;SAO LUIS;2;1;TERÇA-FEIRA;1;0;13;12H-14H;TARDE;PLENO DIA;PISTA ESCORREGADIA;TOMBAMENTO;NUBLADO;DUPLA;ROTATÓRIA;SIM;0
RO;BR-364;JI-PARANA;2;1;TERÇA-FEIRA;1;0;10;09H-11H;MANHA;PLENO DIA;REAÇÃO TARDIA OU INEFICIENTE DO CONDUTOR;TOMBAMENTO;SOL;SIMPLES;"CURVA;ACLIVE;VIADUTO";NÃO;0
PB;BR-230;CAMPINA GRANDE;2;1;TERÇA-FEIRA;1;0;13;12H-14H;TARDE;PLENO DIA;REAÇÃO TARDIA OU INEFICIENTE DO CONDUTOR;TOMBAMENTO;CÉU CLARO;SIMPLES;RETA;NÃO;0
PR;BR-369;UBIRATA;2;1;TERÇA-FEIRA;1;0;15;15H-17H;TARDE;PLENO DIA;REAÇÃO TARDIA OU INEFICIENTE DO CONDUTOR;COLISÃO TRASEIRA;NUBLADO;SIMPLES;"EM OBRAS;RETA";NÃO;0
PA;BR-155;MARABA;2;1;TERÇA-FEIRA;1;0;14;12H-14H;TARDE;PLENO DIA;DEMAIS FALHAS MECÂNICAS OU ELÉTRICAS;SAÍDA DE LEITO CARROÇÁVEL;CÉU CLARO;SIMPLES;"ACLIVE;RETA";NÃO;0