uf;br_formatada;municipio;mes;trimestre;dia_semana;dia_semana_num;fim_de_semana;hora;faixa_horaria;turno;fase_dia;causa_acidente;tipo_acidente;condicao_metereologica;tipo_pista;tracado_via;uso_solo;acidente_fatal
TO;BR-153;ARAGUAINA;3;1;SEGUNDA-FEIRA;0;0;8;06H-08H;MANHA;PLENO DIA;MANOBRA DE MUDANÇA DE FAIXA;COLISÃO LATERAL MESMO SENTIDO;CÉU CLARO;DUPLA;RETA;SIM;0
PR;BR-116;FAZENDA RIO GRANDE;2;1;SEXTA-FEIRA;4;0;7;06H-08H;MANHA;AMANHECER;MANOBRA DE MUDANÇA DE FAIXA;COLISÃO TRASEIRA;CÉU CLARO;DUPLA;RETA;SIM;0
SP;BR-381;SAO PAULO;3;1;SEGUNDA-FEIRA;0;0;8;06H-08H;MANHA;PLENO DIA;CONDUTOR DEIXOU DE MANTER DISTÂNCIA DO VEÍCULO DA FRENTE;COLISÃO LATERAL MESMO SENTIDO;CÉU CLARO;DUPLA;TÚNEL;NÃO;0
MG;BR-381;JOAO MONLEVADE;3;1;SEGUNDA-FEIRA;0;0;10;09H-11H;MANHA;PLENO DIA;ACESSO IRREGULAR;COLISÃO FRONTAL;CÉU CLARO;SIMPLES;CURVA;NÃO;1
PR;BR-376;TIJUCAS DO SUL;3;1;SEGUNDA-FEIRA;0;0;10;09H-11H;MANHA;PLENO DIA;MANOBRA DE MUDANÇA DE FAIXA;COLISÃO LATERAL MESMO SENTIDO;NUBLADO;DUPLA;RETA;NÃO;0
PB;BR-101;CAAPORA;3;1;SEGUNDA-FEIRA;0;0;10;09H-11H;MANHA;PLENO DIA;CHUVA;ENGAVETAMENTO;CHUVA;DUPLA;RETA;NÃO;0
MS;BR-163;CAARAPO;3;1;SEGUNDA-FEIRA;0;0;10;09H-11H;MANHA;PLENO DIA;VELOCIDADE INCOMPATÍVEL;TOMBAMENTO;CÉU CLARO;SIMPLES;"CURVA;INTERSEÇÃO DE VIAS;ROTATÓRIA";NÃO;0
SC;BR-101;JOINVILLE;3;1;SEGUNDA-FEIRA;0;0;13;12H-14H;TARDE;PLENO DIA;CONDUTOR DEIXOU DE MANTER DISTÂNCIA DO VEÍCULO DA FRENTE;COLISÃO TRASEIRA;CÉU CLARO;DUPLA;"RETA;DECLIVE";NÃO;0
RJ;BR-116;RIO DE JANEIRO;3;1;SEGUNDA-FEIRA;0;0;13;12H-14H;TARDE;PLENO DIA;AUSÊNCIA DE REAÇÃO DO CONDUTOR;TOMBAMENTO;CÉU CLARO;DUPLA;RETA;SIM;0
MG;BR-040;SIMAO PEREIRA;3;1;SEGUNDA-FEIRA;0;0;15;15H-17H;TARDE;PLENO DIA;AUSÊNCIA DE REAÇÃO DO CONDUTOR;SAÍDA DE LEITO CARROÇÁVEL;CÉU CLARO;DUPLA;RETA;NÃO;0
GO;BR-153;CAMPINORTE;3;1;SEGUNDA-FEIRA;0;0;12;12H-14H;TARDE;PLENO DIA;TRANSITAR NA CONTRAMÃO;COLISÃO FRONTAL;CÉU CLARO;SIMPLES;"RETA;DECLIVE";NÃO;0
CE;BR-222;TIANGUA;3;1;SEGUNDA-FEIRA;0;0;15;15H-17H;TARDE;PLENO DIA;ACESSAR A VIA SEM OBSERVAR A PRESENÇA DOS OUTROS VEÍCULOS;COLISÃO TRANSVERSAL;CÉU CLARO;DUPLA;RETA;NÃO;0
PR;BR-277;FOZ DO IGUACU;3;1;SEGUNDA-FEIRA;0;0;15;15H-17H;TARDE;PLENO DIA;DESRESPEITAR A PREFERÊNCIA NO CRUZAMENTO;SAÍDA DE LEITO CARROÇÁVEL;SOL;DUPLA;"RETORNO REGULAMENTADO;RETA";SIM;0
RS;BR-158;FREDERICO WESTPHALEN;3;1;SEGUNDA-FEIRA;0;0;14;12H-14H;TARDE;PLENO DIA;DEMAIS FALHAS MECÂNICAS OU ELÉTRICAS;INCÊNDIO;CÉU CLARO;SIMPLES;CURVA;NÃO;0
MG;BR-116;CACHOEIRA DE PAJEU;3;1;SEGUNDA-FEIRA;0;0;7;06H-08H;MANHA;PLENO DIA;DEMAIS FALHAS MECÂNICAS OU ELÉTRICAS;INCÊNDIO;CÉU CLARO;SIMPLES;"CURVA;ACLIVE";NÃO;0
RO;BR-364;ITAPUA DO OESTE;3;1;SEGUNDA-FEIRA;0;0;15;15H-17H;TARDE;PLENO DIA;AUSÊNCIA DE REAÇÃO DO CONDUTOR;COLISÃO LATERAL MESMO SENTIDO;CHUVA;SIMPLES;RETA;SIM;0
MG;BR-381;ESTIVA;3;1;SEGUNDA-FEIRA;0;0;16;15H-17H;TARDE;PLENO DIA;CONDUTOR DORMINDO;SAÍDA DE LEITO CARROÇÁVEL;SOL;DUPLA;RETA;NÃO;0
MG;BR-116;SANTA BARBARA DO LESTE;3;1;SEGUNDA-FEIRA;0;0;12;12H-14H;TARDE;PLENO DIA;VELOCIDADE INCOMPATÍVEL;TOMBAMENTO;NUBLADO;SIMPLES;CURVA;NÃO;0
MT;BR-364;JACIARA;3;1;SEGUNDA-FEIRA;0;0;15;15H-17H;TARDE;PLENO DIA;REAÇÃO TARDIA OU INEFICIENTE DO CONDUTOR;SAÍDA DE LEITO CARROÇÁVEL;CHUVA;DUPLA;RETA;NÃO;0
SC;BR-470;IBIRAMA;3;1;SEGUNDA-FEIRA;0;0;17;15H-17H;TARDE;PLENO DIA;REAÇÃO TARDIA OU INEFICIENTE DO CONDUTOR;SAÍDA DE LEITO CARROÇÁVEL;CÉU CLARO;SIMPLES;"CURVA;DECLIVE";NÃO;0
TO;BR-010;PALMAS;3;1;SEGUNDA-FEIRA;0;0;17;15H-17H;TARDE;ANOITECER;AVARIAS E/OU DESGASTE EXCESSIVO NO PNEU;TOMBAMENTO;CÉU CLARO;SIMPLES;"CURVA;DECLIVE";NÃO;0
PR;BR-153;MALLET;3;1;SEGUNDA-FEIRA;0;0;18;18H-20H;NOITE;PLENO DIA;ULTRAPASSAGEM INDEVIDA;COLISÃO FRONTAL;NUBLADO;SIMPLES;CURVA;NÃO;0
PR;BR-277;CAMPO LARGO;3;1;SEGUNDA-FEIRA;0;0;17;15H-17H;TARDE;PLENO DIA;ACESSAR A VIA SEM OBSERVAR A PRESENÇA DOS OUTROS VEÍCULOS;CAPOTAMENTO;CÉU CLARO;DUPLA;"CURVA;DECLIVE";SIM;0
SE;BR-101;CRISTINAPOLIS;3;1;SEGUNDA-FEIRA;0;0;19;18H-20H;NOITE;PLENA NOITE;AUSÊNCIA DE REAÇÃO DO CONDUTOR;TOMBAMENTO;CÉU CLARO;SIMPLES;RETA;SIM;0
GO;BR-153;GOIANIA;3;1;SEGUNDA-FEIRA;0;0;19;18H-20H;NOITE;PLENA NOITE;INGESTÃO DE ÁLCOOL PELO CONDUTOR;COLISÃO COM OBJETO;IGNORADO;DUPLA;"RETA;VIADUTO";NÃO;0
SP;BR-116;JUQUITIBA;3;1;SEGUNDA-FEIRA;0;0;20;18H-20H;NOITE;PLENA NOITE;INGESTÃO DE ÁLCOOL PELO CONDUTOR;COLISÃO LATERAL MESMO SENTIDO;CÉU CLARO;DUPLA;RETA;NÃO;0
MG;BR-116;ALEM PARAIBA;3;1;SEGUNDA-FEIRA;0;0;21;21H-23H;NOITE;PLENA NOITE;REAÇÃO TARDIA OU INEFICIENTE DO CONDUTOR;SAÍDA DE LEITO CARROÇÁVEL;NUBLADO;SIMPLES;CURVA;NÃO;0
SP;BR-153;GUAIMBE;3;1;SEGUNDA-FEIRA;0;0;22;21H-23H;NOITE;PLENA NOITE;AUSÊNCIA DE REAÇÃO DO CONDUTOR;SAÍDA DE LEITO CARROÇÁVEL;CÉU CLARO;SIMPLES;DECLIVE;NÃO;0
GO;BR-153;NOVA GLORIA;3;1;SEGUNDA-FEIRA;0;0;23;21H-23H;NOITE;PLENA NOITE;AUSÊNCIA DE REAÇÃO DO CONDUTOR;COLISÃO TRASEIRA;IGNORADO;SIMPLES;RETA;NÃO;0
PI;BR-343;ALTOS;3;1;TERÇA-FEIRA;1;0;0;00H-02H;MADRUGADA;PLENA NOITE;INGESTÃO DE ÁLCOOL PELO CONDUTOR;COLISÃO TRANSVERSAL;CÉU CLARO;SIMPLES;INTERSEÇÃO DE VIAS;SIM;0
PA;BR-230;PACAJA;3;1;SEGUNDA-FEIRA;0;0;21;21H-23H;NOITE;ANOITECER;PROBLEMA COM O FREIO;COLISÃO COM OBJETO;CHUVA;SIMPLES;"RETA;ACLIVE";NÃO;0
GO;BR-153;APARECIDA DE GOIANIA;3;1;TERÇA-FEIRA;1;0;3;03H-05H;MADRUGADA;PLENA NOITE;AUSÊNCIA DE REAÇÃO DO CONDUTOR;COLISÃO TRASEIRA;CÉU CLARO;DUPLA;RETA;SIM;0
SC;BR-282;NOVA ERECHIM;3;1;TERÇA-FEIRA;1;0;5;03H-05H;MADRUGADA;AMANHECER;ULTRAPASSAGEM INDEVIDA;COLISÃO FRONTAL;CÉU CLARO;SIMPLES;CURVA;NÃO;0
PE;BR-101;ABREU E LIMA;3;1;TERÇA-FEIRA;1;0;6;06H-08H;MANHA;PLENO DIA;DEMAIS FALHAS MECÂNICAS OU ELÉTRICAS;DERRAMAMENTO DE CARGA;CÉU CLARO;MÚLTIPLA;RETA;SIM;0
MS;BR-158;APARECIDA DO TABOADO;3;1;TERÇA-FEIRA;1;0;6;06H-08H;MANHA;PLENO DIA;REAÇÃO TARDIA OU INEFICIENTE DO CONDUTOR;TOMBAMENTO;CÉU CLARO;SIMPLES;"CURVA;ACLIVE";NÃO;0
MG;BR-381;BETIM;3;1;TERÇA-FEIRA;1;0;8;06H-08H;MANHA;PLENO DIA;AUSÊNCIA DE REAÇÃO DO CONDUTOR;COLISÃO TRASEIRA;CÉU CLARO;DUPLA;RETA;SIM;0
MG;BR-381;BETIM;3;1;TERÇA-FEIRA;1;0;9;09H-11H;MANHA;PLENO DIA;AUSÊNCIA DE REAÇÃO DO CONDUTOR;COLISÃO COM OBJETO;CÉU CLARO;DUPLA;RETA;SIM;0
MG;BR-381;BETIM;3;1;TERÇA-FEIRA;1;0;11;09H-11H;MANHA;PLENO DIA;AUSÊNCIA DE REAÇÃO DO CONDUTOR;COLISÃO TRASEIRA;CÉU CLARO;DUPLA;RETA;NÃO;0
MA;BR-135;PERITORO;3;1;TERÇA-FEIRA;1;0;11;09H-11H;MANHA;PLENO DIA;TRANSITAR NA CONTRAMÃO;COLISÃO TRANSVERSAL;CÉU CLARO;SIMPLES;CURVA;SIM;0
RO;BR-364;ALTO PARAISO;3;1;TERÇA-FEIRA;1;0;11;09H-11H;MANHA;PLENO DIA;DESRESPEITAR A PREFERÊNCIA NO CRUZAMENTO;COLISÃO TRANSVERSAL;GAROA/CHUVISCO;SIMPLES;"RETA;DECLIVE";NÃO;0
MG;BR-381;CAREACU;3;1;TERÇA-FEIRA;1;0;12;12H-14H;TARDE;PLENO DIA;DEMAIS FALHAS MECÂNICAS OU ELÉTRICAS;COLISÃO COM OBJETO;SOL;DUPLA;RETA;NÃO;0
MG;BR-116;SAO JOAO DO MANHUACU;3;1;TERÇA-FEIRA;1;0;10;09H-11H;MANHA;PLENO DIA;CONDUTOR DORMINDO;TOMBAMENTO;NUBLADO;SIMPLES;ACLIVE;NÃO;0
PR;BR-376;MANDAGUACU;3;1;TERÇA-FEIRA;1;0;14;12H-14H;TARDE;PLENO DIA;PROBLEMA COM O FREIO;SAÍDA DE LEITO CARROÇÁVEL;SOL;DUPLA;RETA;SIM;0
PR;BR-277;PRUDENTOPOLIS;3;1;TERÇA-FEIRA;1;0;15;15H-17H;TARDE;PLENO DIA;TRANSITAR NA CONTRAMÃO;COLISÃO FRONTAL;CÉU CLARO;SIMPLES;RETA;NÃO;1
MG;BR-381;LAVRAS;3;1;TERÇA-FEIRA;1;0;14;12H-14H;TARDE;PLENO DIA;VELOCIDADE INCOMPATÍVEL;COLISÃO COM OBJETO;CÉU CLARO;DUPLA;"CURVA;DECLIVE";NÃO;0
MG;BR-365;MONTE ALEGRE DE MINAS;3;1;TERÇA-FEIRA;1;0;16;15H-17H;TARDE;PLENO DIA;REAÇÃO TARDIA OU INEFICIENTE DO CONDUTOR;COLISÃO TRASEIRA;SOL;DUPLA;RETA;NÃO;0
MT;BR-163;LUCAS DO RIO VERDE;2;1;SÁBADO;5;1;16;15H-17H;TARDE;PLENO DIA;DEMAIS FALHAS MECÂNICAS OU ELÉTRICAS;COLISÃO LATERAL SENTIDO OPOSTO;CHUVA;SIMPLES;RETA;NÃO;0
MG;BR-262;MANHUACU;3;1;TERÇA-FEIRA;1;0;16;15H-17H;TARDE;PLENO DIA;ULTRAPASSAGEM INDEVIDA;COLISÃO LATERAL SENTIDO OPOSTO;NUBLADO;SIMPLES;"ACLIVE;CURVA";NÃO;1
MT;BR-163;VARZEA GRANDE;3;1;TERÇA-FEIRA;1;0;17;15H-17H;TARDE;ANOITECER;REAÇÃO TARDIA OU INEFICIENTE DO CONDUTOR;COLISÃO TRASEIRA;CÉU CLARO;SIMPLES;"INTERSEÇÃO DE VIAS;ROTATÓRIA;RETA";SIM;0
SP;BR-116;BARRA DO TURVO;3;1;TERÇA-FEIRA;1;0;14;12H-14H;TARDE;PLENO DIA;VELOCIDADE INCOMPATÍVEL;TOMBAMENTO;SOL;SIMPLES;"DECLIVE;CURVA";NÃO;0
PR;BR-116;CAMPINA GRANDE DO SUL;3;1;TERÇA-FEIRA;1;0;19;18H-20H;NOITE;PLENA NOITE;ACESSAR A VIA SEM OBSERVAR A PRESENÇA DOS OUTROS VEÍCULOS;COLISÃO LATERAL MESMO SENTIDO;CÉU CLARO;DUPLA;"DECLIVE;CURVA";NÃO;0
BA;BR-020;LUIS EDUARDO MAGALHAES;3;1;TERÇA-FEIRA;1;0;20;18H-20H;NOITE;PLENA NOITE;VELOCIDADE INCOMPATÍVEL;COLISÃO LATERAL SENTIDO OPOSTO;CÉU CLARO;SIMPLES;RETA;NÃO;0
AM;BR-174;PRESIDENTE FIGUEIREDO;3;1;TERÇA-FEIRA;1;0;18;18H-20H;NOITE;PLENA NOITE;CONDUTOR DEIXOU DE MANTER DISTÂNCIA DO VEÍCULO DA FRENTE;COLISÃO TRASEIRA;GAROA/CHUVISCO;SIMPLES;"DECLIVE;RETA";NÃO;0
MG;BR-050;UBERLANDIA;3;1;TERÇA-FEIRA;1;0;19;18H-20H;NOITE;PLENA NOITE;DEMAIS FALHAS MECÂNICAS OU ELÉTRICAS;INCÊNDIO;CÉU CLARO;DUPLA;RETA;NÃO;0
ES;BR-101;RIO NOVO DO SUL;3;1;TERÇA-FEIRA;1;0;20;18H-20H;NOITE;PLENA NOITE;REAÇÃO TARDIA OU INEFICIENTE DO CONDUTOR;SAÍDA DE LEITO CARROÇÁVEL;NUBLADO;SIMPLES;RETA;NÃO;0
SC;BR-282;HERVAL DOESTE;3;1;TERÇA-FEIRA;1;0;17;15H-17H;TARDE;PLENO DIA;TRANSITAR NA CONTRAMÃO;COLISÃO FRONTAL;CÉU CLARO;SIMPLES;"CURVA;DECLIVE";NÃO;0
SE;BR-101;CRISTINAPOLIS;2;1;SEGUNDA-FEIRA;0;0;3;03H-05H;MADRUGADA;PLENA NOITE;VELOCIDADE INCOMPATÍVEL;COLISÃO COM OBJETO;CHUVA;SIMPLES;RETA;NÃO;0
PR;BR-277;CANTAGALO;3;1;TERÇA-FEIRA;1;0;20;18H-20H;NOITE;PLENA NOITE;CONDUTOR DEIXOU DE MANTER DISTÂNCIA DO VEÍCULO DA FRENTE;COLISÃO TRASEIRA;CÉU CLARO;DUPLA;"ACLIVE;RETA";NÃO;0
MT;BR-163;NOVA MUTUM;3;1;QUARTA-FEIRA;2;0;1;00H-02H;MADRUGADA;PLENA NOITE;REAÇÃO TARDIA OU INEFICIENTE DO CONDUTOR;TOMBAMENTO;CHUVA;SIMPLES;"EM OBRAS;CURVA";NÃO;0
PR;BR-116;CAMPINA GRANDE DO SUL;3;1;QUARTA-FEIRA;2;0;0;00H-02H;MADRUGADA;PLENA NOITE;REAÇÃO TARDIA OU INEFICIENTE DO CONDUTOR;COLISÃO COM OBJETO;CÉU CLARO;DUPLA;"CURVA;DECLIVE";NÃO;0
PR;BR-277;CAMPO LARGO;3;1;QUARTA-FEIRA;2;0;4;03H-05H;MADRUGADA;PLENA NOITE;MANOBRA DE MUDANÇA DE FAIXA;COLISÃO LATERAL MESMO SENTIDO;CÉU CLARO;DUPLA;RETA;NÃO;0
SC;BR-280;CORUPA;3;1;QUARTA-FEIRA;2;0;5;03H-05H;MADRUGADA;AMANHECER;TRANSITAR NA CONTRAMÃO;COLISÃO LATERAL SENTIDO OPOSTO;CÉU CLARO;SIMPLES;DECLIVE;NÃO;0
PE;BR-101;JABOATAO DOS GUARARAPES;3;1;QUARTA-FEIRA;2;0;5;03H-05H;MADRUGADA;PLENO DIA;MANOBRA DE MUDANÇA DE FAIXA;COLISÃO LATERAL MESMO SENTIDO;SOL;DUPLA;RETA;NÃO;0
RJ;BR-356;ITAPERUNA;3;1;QUARTA-FEIRA;2;0;6;06H-08H;MANHA;PLENO DIA;ESTACIONAR OU PARAR EM LOCAL PROIBIDO;COLISÃO TRASEIRA;CÉU CLARO;SIMPLES;"ACLIVE;CURVA";NÃO;0
MT;BR-070;GENERAL CARNEIRO;3;1;QUARTA-FEIRA;2;0;3;03H-05H;MADRUGADA;PLENA NOITE;CONDUTOR DORMINDO;TOMBAMENTO;GAROA/CHUVISCO;SIMPLES;RETA;NÃO;0
MG;BR-040;ITABIRITO;3;1;QUARTA-FEIRA;2;0;7;06H-08H;MANHA;PLENO DIA;VELOCIDADE INCOMPATÍVEL;TOMBAMENTO;CÉU CLARO;DUPLA;"DECLIVE;CURVA";NÃO;0
AL;BR-101;SAO SEBASTIAO;3;1;QUARTA-FEIRA;2;0;9;09H-11H;MANHA;PLENO DIA;ULTRAPASSAGEM INDEVIDA;COLISÃO FRONTAL;CÉU CLARO;SIMPLES;RETA;NÃO;0
SC;BR-101;JOINVILLE;3;1;QUARTA-FEIRA;2;0;7;06H-08H;MANHA;PLENO DIA;REAÇÃO TARDIA OU INEFICIENTE DO CONDUTOR;COLISÃO TRASEIRA;CÉU CLARO;SIMPLES;"RETA;ACLIVE";SIM;0
MG;BR-381;PERDOES;3;1;QUARTA-FEIRA;2;0;4;03H-05H;MADRUGADA;PLENA NOITE;VELOCIDADE INCOMPATÍVEL;SAÍDA DE LEITO CARROÇÁVEL;CÉU CLARO;DUPLA;RETA;NÃO;0
BA;BR-349;CORRENTINA;3;1;QUARTA-FEIRA;2;0;5;03H-05H;MADRUGADA;PLENO DIA;TRANSITAR NA CONTRAMÃO;COLISÃO LATERAL SENTIDO OPOSTO;CÉU CLARO;SIMPLES;RETA;NÃO;1
GO;BR-060;TEREZOPOLIS DE GOIAS;3;1;QUARTA-FEIRA;2;0;9;09H-11H;MANHA;PLENO DIA;AUSÊNCIA DE REAÇÃO DO CONDUTOR;COLISÃO TRASEIRA;CÉU CLARO;DUPLA;DECLIVE;NÃO;0
PR;BR-277;GUARAPUAVA;3;1;QUARTA-FEIRA;2;0;8;06H-08H;MANHA;PLENO DIA;DEMAIS FALHAS MECÂNICAS OU ELÉTRICAS;EVENTOS ATÍPICOS;CÉU CLARO;SIMPLES;RETA;NÃO;0
RS;BR-392;PELOTAS;3;1;QUARTA-FEIRA;2;0;10;09H-11H;MANHA;PLENO DIA;CARGA EXCESSIVA E/OU MAL ACONDICIONADA;DERRAMAMENTO DE CARGA;CÉU CLARO;DUPLA;VIADUTO;NÃO;0
MS;BR-163;BANDEIRANTES;3;1;QUARTA-FEIRA;2;0;10;09H-11H;MANHA;PLENO DIA;REAÇÃO TARDIA OU INEFICIENTE DO CONDUTOR;SAÍDA DE LEITO CARROÇÁVEL;CHUVA;DUPLA;RETA;NÃO;0
SP;BR-116;SAO JOSE DOS CAMPOS;3;1;QUARTA-FEIRA;2;0;12;12H-14H;TARDE;PLENO DIA;REAÇÃO TARDIA OU INEFICIENTE DO CONDUTOR;COLISÃO TRASEIRA;SOL;MÚLTIPLA;"ACLIVE;RETA";NÃO;0
RS;BR-386;CANOAS;3;1;QUARTA-FEIRA;2;0;13;12H-14H;TARDE;PLENO DIA;REAÇÃO TARDIA OU INEFICIENTE DO CONDUTOR;COLISÃO TRASEIRA;SOL;DUPLA;RETA;NÃO;0
PB;BR-101;JOAO PESSOA;3;1;QUARTA-FEIRA;2;0;13;12H-14H;TARDE;PLENO DIA;AUSÊNCIA DE REAÇÃO DO CONDUTOR;COLISÃO TRASEIRA;CÉU CLARO;DUPLA;"RETA;DECLIVE";SIM;0
MG;BR-040;BARBACENA;3;1;QUARTA-FEIRA;2;0;12;12H-14H;TARDE;PLENO DIA;VELOCIDADE INCOMPATÍVEL;TOMBAMENTO;CÉU CLARO;DUPLA;INTERSEÇÃO DE VIAS;SIM;0
MG;BR-381;SABARA;3;1;QUARTA-FEIRA;2;0;13;12H-14H;TARDE;PLENO DIA;REAÇÃO TARDIA OU INEFICIENTE DO CONDUTOR;COLISÃO TRASEIRA;CÉU CLARO;SIMPLES;"RETA;ACLIVE";NÃO;0
MS;BR-163;NAVIRAI;3;1;TERÇA-FEIRA;1;0;21;21H-23H;NOITE;PLENO DIA;AUSÊNCIA DE REAÇÃO DO CONDUTOR;COLISÃO COM OBJETO;CÉU CLARO;DUPLA;RETA;NÃO;0
MG;BR-381;CARMOPOLIS DE MINAS;3;1;QUARTA-FEIRA;2;0;12;12H-14H;TARDE;PLENO DIA;AUSÊNCIA DE REAÇÃO DO CONDUTOR;COLISÃO TRASEIRA;SOL;DUPLA;"RETA;ACLIVE";NÃO;1
RO;BR-364;OURO PRETO DO OESTE;2;1;SEGUNDA-FEIRA;0;0;1;00H-02H;MADRUGADA;PLENA NOITE;TRANSITAR NA CONTRAMÃO;COLISÃO FRONTAL;CÉU CLARO;SIMPLES;CURVA;NÃO;1
PR;BR-163;GUAIRA;3;1;QUARTA-FEIRA;2;0;15;15H-17H;TARDE;PLENO DIA;CHUVA;SAÍDA DE LEITO CARROÇÁVEL;CHUVA;SIMPLES;RETA;NÃO;0
SC;BR-101;JOINVILLE;3;1;QUARTA-FEIRA;2;0;15;15H-17H;TARDE;PLENO DIA;CONDUTOR DEIXOU DE MANTER DISTÂNCIA DO VEÍCULO DA FRENTE;ENGAVETAMENTO;CÉU CLARO;DUPLA;"DECLIVE;RETA";NÃO;0
MA;BR-226;BARRA DO CORDA;3;1;QUARTA-FEIRA;2;0;12;12H-14H;TARDE;PLENO DIA;DEMAIS FALHAS MECÂNICAS OU ELÉTRICAS;COLISÃO FRONTAL;CÉU CLARO;SIMPLES;RETA;NÃO;1
PE;BR-101;ESCADA;3;1;QUARTA-FEIRA;2;0;14;12H-14H;TARDE;PLENO DIA;CONDUTOR DEIXOU DE MANTER DISTÂNCIA DO VEÍCULO DA FRENTE;COLISÃO TRASEIRA;GAROA/CHUVISCO;DUPLA;RETA;SIM;0
AL;BR-101;JOAQUIM GOMES;3;1;QUARTA-FEIRA;2;0;14;12H-14H;TARDE;PLENO DIA;VELOCIDADE INCOMPATÍVEL;TOMBAMENTO;CÉU CLARO;DUPLA;RETA;SIM;0
MG;BR-116;MURIAE;3;1;QUARTA-FEIRA;2;0;16;15H-17H;TARDE;PLENO DIA;ACESSAR A VIA SEM OBSERVAR A PRESENÇA DOS OUTROS VEÍCULOS;COLISÃO TRANSVERSAL;SOL;SIMPLES;"RETORNO REGULAMENTADO;CURVA";SIM;0
ES;BR-101;RIO NOVO DO SUL;3;1;QUARTA-FEIRA;2;0;18;18H-20H;NOITE;ANOITECER;CONDUTOR DORMINDO;TOMBAMENTO;CÉU CLARO;SIMPLES;CURVA;NÃO;0
RS;BR-116;ESTEIO;3;1;QUARTA-FEIRA;2;0;18;18H-20H;NOITE;ANOITECER;MANOBRA DE MUDANÇA DE FAIXA;COLISÃO LATERAL MESMO SENTIDO;CÉU CLARO;DUPLA;RETA;NÃO;0
GO;BR-364;MINEIROS;3;1;QUARTA-FEIRA;2;0;14;12H-14H;TARDE;PLENO DIA;DEMAIS FALHAS MECÂNICAS OU ELÉTRICAS;INCÊNDIO;CÉU CLARO;SIMPLES;RETA;NÃO;0
PR;BR-153;VENTANIA;3;1;QUARTA-FEIRA;2;0;14;12H-14H;TARDE;PLENO DIA;VELOCIDADE INCOMPATÍVEL;COLISÃO TRASEIRA;CÉU CLARO;SIMPLES;CURVA;NÃO;1
BA;BR-101;MARAU;3;1;QUARTA-FEIRA;2;0;16;15H-17H;TARDE;PLENO DIA;ULTRAPASSAGEM INDEVIDA;COLISÃO LATERAL MESMO SENTIDO;CÉU CLARO;SIMPLES;CURVA;NÃO;0
RS;BR-287;JAGUARI;3;1;QUARTA-FEIRA;2;0;16;15H-17H;TARDE;PLENO DIA;VELOCIDADE INCOMPATÍVEL;TOMBAMENTO;SOL;SIMPLES;"DECLIVE;CURVA";NÃO;0
MG;BR-381;SABARA;3;1;QUARTA-FEIRA;2;0;20;18H-20H;NOITE;PLENA NOITE;CONVERSÃO PROIBIDA;COLISÃO TRANSVERSAL;NUBLADO;SIMPLES;"RETA;DECLIVE";SIM;0
MT;BR-364;NOBRES;3;1;QUARTA-FEIRA;2;0;19;18H-20H;NOITE;PLENA NOITE;CHUVA;SAÍDA DE LEITO CARROÇÁVEL;CHUVA;DUPLA;"DECLIVE;RETA";NÃO;0
ES;BR-101;SERRA;3;1;QUARTA-FEIRA;2;0;19;18H-20H;NOITE;PLENA NOITE;ILUMINAÇÃO DEFICIENTE;TOMBAMENTO;NUBLADO;DUPLA;RETA;NÃO;0
RS;BR-287;SANTA MARIA;3;1;QUARTA-FEIRA;2;0;20;18H-20H;NOITE;PLENA NOITE;REAÇÃO TARDIA OU INEFICIENTE DO CONDUTOR;COLISÃO COM OBJETO;CÉU CLARO;DUPLA;"RETA;PONTE";SIM;0
MA;BR-316;ALTO ALEGRE DO MARANHAO;3;1;QUARTA-FEIRA;2;0;20;18H-20H;NOITE;PLENA NOITE;ACESSAR A VIA SEM OBSERVAR A PRESENÇA DOS OUTROS VEÍCULOS;COLISÃO TRANSVERSAL;CÉU CLARO;SIMPLES;RETA;SIM;0
PR;BR-277;PALMEIRA;3;1;QUARTA-FEIRA;2;0;22;21H-23H;NOITE;PLENA NOITE;ULTRAPASSAGEM INDEVIDA;COLISÃO FRONTAL;CÉU CLARO;SIMPLES;CURVA;NÃO;0
PE;BR-101;IPOJUCA;3;1;QUINTA-FEIRA;3;0;0;00H-02H;MADRUGADA;PLENA NOITE;AFUNDAMENTO OU ONDULAÇÃO NO PAVIMENTO;SAÍDA DE LEITO CARROÇÁVEL;CÉU CLARO;DUPLA;RETA;NÃO;1
SP;BR-116;ROSEIRA;3;1;QUINTA-FEIRA;3;0;1;00H-02H;MADRUGADA;PLENA NOITE;DEMAIS FALHAS MECÂNICAS OU ELÉTRICAS;COLISÃO COM OBJETO;CÉU CLARO;DUPLA;RETA;SIM;0
SC;BR-101;ITAPEMA;3;1;QUINTA-FEIRA;3;0;4;03H-05H;MADRUGADA;PLENA NOITE;CONDUTOR DEIXOU DE MANTER DISTÂNCIA DO VEÍCULO DA FRENTE;COLISÃO TRASEIRA;NUBLADO;DUPLA;RETA;SIM;0
MS;BR-163;NOVA ALVORADA DO SUL;3;1;QUINTA-FEIRA;3;0;4;03H-05H;MADRUGADA;PLENA NOITE;AUSÊNCIA DE REAÇÃO DO CONDUTOR;SAÍDA DE LEITO CARROÇÁVEL;CÉU CLARO;SIMPLES;RETA;NÃO;0
SP;BR-116;LAVRINHAS;3;1;QUINTA-FEIRA;3;0;3;03H-05H;MADRUGADA;PLENA NOITE;CONDUTOR DORMINDO;SAÍDA DE LEITO CARROÇÁVEL;CÉU CLARO;DUPLA;RETA;NÃO;0