uf;br_formatada;municipio;mes;trimestre;dia_semana;dia_semana_num;fim_de_semana;hora;faixa_horaria;turno;fase_dia;causa_acidente;tipo_acidente;condicao_metereologica;tipo_pista;tracado_via;uso_solo;acidente_fatal
BA;BR-101;EUNAPOLIS;3;1;SEXTA-FEIRA;4;0;7;06H-08H;MANHA;PLENO DIA;REAÇÃO TARDIA OU INEFICIENTE DO CONDUTOR;SAÍDA DE LEITO CARROÇÁVEL;CÉU CLARO;SIMPLES;CURVA;NÃO;0
RS;BR-386;LAJEADO;3;1;SEXTA-FEIRA;4;0;8;06H-08H;MANHA;PLENO DIA;TRAFEGAR COM MOTOCICLETA (OU SIMILAR) ENTRE AS FAIXAS;COLISÃO LATERAL MESMO SENTIDO;SOL;DUPLA;RETA;SIM;0
MG;BR-381;BETIM;2;1;SÁBADO;5;1;15;15H-17H;TARDE;PLENO DIA;PROBLEMA COM O FREIO;COLISÃO TRASEIRA;CÉU CLARO;MÚLTIPLA;"RETA;ACLIVE";SIM;0
PR;BR-369;JANDAIA DO SUL;3;1;SEXTA-FEIRA;4;0;7;06H-08H;MANHA;PLENO DIA;DESRESPEITAR A PREFERÊNCIA NO CRUZAMENTO;COLISÃO TRANSVERSAL;CÉU CLARO;SIMPLES;DECLIVE;SIM;0
SC;BR-101;TUBARAO;3;1;SEXTA-FEIRA;4;0;8;06H-08H;MANHA;PLENO DIA;ACESSAR A VIA SEM OBSERVAR A PRESENÇA DOS OUTROS VEÍCULOS;COLISÃO LATERAL MESMO SENTIDO;SOL;DUPLA;RETA;SIM;0
RS;BR-101;MAQUINE;2;1;QUARTA-FEIRA;2;0;17;15H-17H;TARDE;PLENO DIA;ACESSAR A VIA SEM OBSERVAR A PRESENÇA DOS OUTROS VEÍCULOS;COLISÃO TRANSVERSAL;NUBLADO;SIMPLES;INTERSEÇÃO DE VIAS;NÃO;0
SC;BR-282;SAO JOSE;3;1;SEXTA-FEIRA;4;0;9;09H-11H;MANHA;PLENO DIA;DEMAIS FALHAS MECÂNICAS OU ELÉTRICAS;INCÊNDIO;CÉU CLARO;DUPLA;RETA;SIM;0
PR;BR-476;CONTENDA;3;1;SEXTA-FEIRA;4;0;9;09H-11H;MANHA;PLENO DIA;ACESSAR A VIA SEM OBSERVAR A PRESENÇA DOS OUTROS VEÍCULOS;COLISÃO TRANSVERSAL;NUBLADO;SIMPLES;RETA;NÃO;0
PR;BR-158;PATO BRANCO;3;1;SEXTA-FEIRA;4;0;8;06H-08H;MANHA;PLENO DIA;DEMAIS FALHAS MECÂNICAS OU ELÉTRICAS;EVENTOS ATÍPICOS;CÉU CLARO;SIMPLES;"RETA;DECLIVE";SIM;1
MG;BR-040;JOAO PINHEIRO;3;1;SEXTA-FEIRA;4;0;7;06H-08H;MANHA;PLENO DIA;DEMAIS FALHAS MECÂNICAS OU ELÉTRICAS;TOMBAMENTO;CÉU CLARO;SIMPLES;"ACLIVE;RETA";NÃO;0
MG;BR-050;ARAGUARI;3;1;SEXTA-FEIRA;4;0;10;09H-11H;MANHA;PLENO DIA;DEMAIS FALHAS MECÂNICAS OU ELÉTRICAS;INCÊNDIO;CÉU CLARO;DUPLA;"DECLIVE;RETA";NÃO;0
SP;BR-116;REGISTRO;3;1;SEXTA-FEIRA;4;0;5;03H-05H;MADRUGADA;AMANHECER;AUSÊNCIA DE REAÇÃO DO CONDUTOR;COLISÃO TRASEIRA;NUBLADO;SIMPLES;RETA;SIM;1
AL;BR-316;ATALAIA;2;1;SEGUNDA-FEIRA;0;0;6;06H-08H;MANHA;AMANHECER;ULTRAPASSAGEM INDEVIDA;COLISÃO LATERAL SENTIDO OPOSTO;CÉU CLARO;DUPLA;RETA;NÃO;0
PB;BR-230;CABEDELO;3;1;SEXTA-FEIRA;4;0;11;09H-11H;MANHA;PLENO DIA;ACESSAR A VIA SEM OBSERVAR A PRESENÇA DOS OUTROS VEÍCULOS;COLISÃO TRANSVERSAL;CÉU CLARO;DUPLA;RETA;SIM;0
MT;BR-163;LUCAS DO RIO VERDE;3;1;SEXTA-FEIRA;4;0;10;09H-11H;MANHA;PLENO DIA;ULTRAPASSAGEM INDEVIDA;COLISÃO FRONTAL;SOL;SIMPLES;RETA;NÃO;0
PR;BR-116;SAO JOSE DOS PINHAIS;3;1;SEXTA-FEIRA;4;0;9;09H-11H;MANHA;PLENO DIA;REAÇÃO TARDIA OU INEFICIENTE DO CONDUTOR;COLISÃO TRASEIRA;NUBLADO;MÚLTIPLA;RETA;NÃO;0
PE;BR-101;GOIANA;3;1;SEXTA-FEIRA;4;0;11;09H-11H;MANHA;PLENO DIA;AUSÊNCIA DE REAÇÃO DO CONDUTOR;COLISÃO LATERAL MESMO SENTIDO;CHUVA;DUPLA;RETA;NÃO;0
AC;BR-317;SENADOR GUIOMARD;3;1;SEXTA-FEIRA;4;0;9;09H-11H;MANHA;PLENO DIA;ACESSO IRREGULAR;COLISÃO FRONTAL;NUBLADO;SIMPLES;RETA;NÃO;0
ES;BR-101;VIANA;3;1;SEXTA-FEIRA;4;0;12;12H-14H;TARDE;PLENO DIA;REAÇÃO TARDIA OU INEFICIENTE DO CONDUTOR;COLISÃO TRASEIRA;CÉU CLARO;DUPLA;RETA;SIM;0
RS;BR-290;SANTO ANTONIO DA PATRULHA;3;1;SEXTA-FEIRA;4;0;11;09H-11H;MANHA;PLENO DIA;ACESSAR A VIA SEM OBSERVAR A PRESENÇA DOS OUTROS VEÍCULOS;COLISÃO LATERAL MESMO SENTIDO;CÉU CLARO;DUPLA;CURVA;NÃO;0
BA;BR-101;EUNAPOLIS;3;1;SEXTA-FEIRA;4;0;13;12H-14H;TARDE;PLENO DIA;TRANSITAR NA CONTRAMÃO;TOMBAMENTO;CÉU CLARO;SIMPLES;"ACLIVE;CURVA";NÃO;0
MG;BR-381;JOAO MONLEVADE;3;1;SEXTA-FEIRA;4;0;13;12H-14H;TARDE;PLENO DIA;REAÇÃO TARDIA OU INEFICIENTE DO CONDUTOR;COLISÃO LATERAL MESMO SENTIDO;CÉU CLARO;SIMPLES;CURVA;NÃO;0
RJ;BR-393;BARRA DO PIRAI;3;1;SEXTA-FEIRA;4;0;11;09H-11H;MANHA;PLENO DIA;REAÇÃO TARDIA OU INEFICIENTE DO CONDUTOR;COLISÃO FRONTAL;CÉU CLARO;SIMPLES;CURVA;NÃO;0
MG;BR-251;FRANCISCO SA;3;1;SEXTA-FEIRA;4;0;14;12H-14H;TARDE;PLENO DIA;VELOCIDADE INCOMPATÍVEL;COLISÃO COM OBJETO;SOL;SIMPLES;CURVA;NÃO;0
SC;BR-282;BRUNOPOLIS;3;1;SEXTA-FEIRA;4;0;10;09H-11H;MANHA;PLENO DIA;ACESSAR A VIA SEM OBSERVAR A PRESENÇA DOS OUTROS VEÍCULOS;COLISÃO FRONTAL;CÉU CLARO;SIMPLES;"INTERSEÇÃO DE VIAS;RETA";NÃO;0
GO;BR-452;ITUMBIARA;3;1;SEXTA-FEIRA;4;0;13;12H-14H;TARDE;PLENO DIA;CONDUTOR DORMINDO;SAÍDA DE LEITO CARROÇÁVEL;CÉU CLARO;SIMPLES;RETA;NÃO;0
SP;BR-116;JACAREI;3;1;SEXTA-FEIRA;4;0;15;15H-17H;TARDE;PLENO DIA;ENTRADA INOPINADA DO PEDESTRE;ATROPELAMENTO DE PEDESTRE;CÉU CLARO;DUPLA;RETA;NÃO;0
SC;BR-101;PESCARIA BRAVA;3;1;SEXTA-FEIRA;4;0;14;12H-14H;TARDE;PLENO DIA;CONDUTOR DEIXOU DE MANTER DISTÂNCIA DO VEÍCULO DA FRENTE;COLISÃO TRASEIRA;CÉU CLARO;MÚLTIPLA;"RETA;EM OBRAS";NÃO;0
SP;BR-116;EMBU DAS ARTES;3;1;SEXTA-FEIRA;4;0;15;15H-17H;TARDE;PLENO DIA;REAÇÃO TARDIA OU INEFICIENTE DO CONDUTOR;COLISÃO TRASEIRA;CÉU CLARO;DUPLA;"RETA;ACLIVE";SIM;0
MG;BR-381;NEPOMUCENO;3;1;SEXTA-FEIRA;4;0;17;15H-17H;TARDE;PLENO DIA;AUSÊNCIA DE REAÇÃO DO CONDUTOR;TOMBAMENTO;NUBLADO;DUPLA;"DECLIVE;CURVA";NÃO;0
PR;BR-369;CASCAVEL;3;1;SEXTA-FEIRA;4;0;17;15H-17H;TARDE;PLENO DIA;ACESSAR A VIA SEM OBSERVAR A PRESENÇA DOS OUTROS VEÍCULOS;COLISÃO TRANSVERSAL;CÉU CLARO;SIMPLES;RETA;SIM;0
SC;BR-280;ARAQUARI;3;1;SEXTA-FEIRA;4;0;18;18H-20H;NOITE;ANOITECER;TRAFEGAR COM MOTOCICLETA (OU SIMILAR) ENTRE AS FAIXAS;COLISÃO LATERAL MESMO SENTIDO;NUBLADO;SIMPLES;RETA;SIM;0
PR;BR-376;CURITIBA;3;1;SEXTA-FEIRA;4;0;18;18H-20H;NOITE;ANOITECER;CONDUTOR DEIXOU DE MANTER DISTÂNCIA DO VEÍCULO DA FRENTE;COLISÃO TRASEIRA;NUBLADO;DUPLA;"RETA;ACLIVE";SIM;0
SP;BR-153;JOSE BONIFACIO;3;1;SEXTA-FEIRA;4;0;18;18H-20H;NOITE;ANOITECER;ACESSAR A VIA SEM OBSERVAR A PRESENÇA DOS OUTROS VEÍCULOS;COLISÃO TRANSVERSAL;CÉU CLARO;SIMPLES;RETA;SIM;0
RJ;BR-116;NOVA IGUACU;3;1;SEXTA-FEIRA;4;0;16;15H-17H;TARDE;PLENO DIA;MANOBRA DE MUDANÇA DE FAIXA;COLISÃO LATERAL MESMO SENTIDO;CÉU CLARO;MÚLTIPLA;RETA;SIM;0
MG;BR-116;ALEM PARAIBA;3;1;SEXTA-FEIRA;4;0;17;15H-17H;TARDE;ANOITECER;AUSÊNCIA DE REAÇÃO DO CONDUTOR;COLISÃO FRONTAL;CHUVA;SIMPLES;CURVA;NÃO;1
PE;BR-407;PETROLINA;3;1;SEXTA-FEIRA;4;0;18;18H-20H;NOITE;PLENA NOITE;AUSÊNCIA DE REAÇÃO DO CONDUTOR;COLISÃO TRASEIRA;CÉU CLARO;DUPLA;RETORNO REGULAMENTADO;SIM;0
PE;BR-232;PESQUEIRA;3;1;SEXTA-FEIRA;4;0;18;18H-20H;NOITE;PLENA NOITE;AUSÊNCIA DE REAÇÃO DO CONDUTOR;ATROPELAMENTO DE PEDESTRE;NUBLADO;SIMPLES;RETA;NÃO;0
GO;BR-158;CAIAPONIA;3;1;SEXTA-FEIRA;4;0;17;15H-17H;TARDE;ANOITECER;ACESSAR A VIA SEM OBSERVAR A PRESENÇA DOS OUTROS VEÍCULOS;TOMBAMENTO;NUBLADO;DUPLA;"ACLIVE;INTERSEÇÃO DE VIAS;ROTATÓRIA";NÃO;0
ES;BR-101;GUARAPARI;3;1;SEXTA-FEIRA;4;0;19;18H-20H;NOITE;PLENA NOITE;REAÇÃO TARDIA OU INEFICIENTE DO CONDUTOR;SAÍDA DE LEITO CARROÇÁVEL;CÉU CLARO;DUPLA;RETA;NÃO;0
MG;BR-365;PATOS DE MINAS;3;1;SEXTA-FEIRA;4;0;18;18H-20H;NOITE;ANOITECER;PISTA ESCORREGADIA;COLISÃO LATERAL SENTIDO OPOSTO;CHUVA;SIMPLES;"DECLIVE;CURVA";NÃO;1
PR;BR-373;PRUDENTOPOLIS;3;1;SEXTA-FEIRA;4;0;18;18H-20H;NOITE;PLENO DIA;MANOBRA DE MUDANÇA DE FAIXA;COLISÃO LATERAL MESMO SENTIDO;CÉU CLARO;SIMPLES;RETA;NÃO;0
RS;BR-158;JULIO DE CASTILHOS;3;1;SEXTA-FEIRA;4;0;20;18H-20H;NOITE;PLENA NOITE;DEMAIS FALHAS MECÂNICAS OU ELÉTRICAS;SAÍDA DE LEITO CARROÇÁVEL;NUBLADO;SIMPLES;RETA;NÃO;1
BA;BR-349;SAO FELIX DO CORIBE;3;1;SEXTA-FEIRA;4;0;19;18H-20H;NOITE;PLENA NOITE;REAÇÃO TARDIA OU INEFICIENTE DO CONDUTOR;TOMBAMENTO;CÉU CLARO;SIMPLES;RETA;NÃO;0
GO;BR-153;APARECIDA DE GOIANIA;3;1;SEXTA-FEIRA;4;0;20;18H-20H;NOITE;PLENA NOITE;DEMAIS FALHAS MECÂNICAS OU ELÉTRICAS;COLISÃO FRONTAL;CHUVA;DUPLA;"RETA;DECLIVE";SIM;0
AL;BR-101;CAMPO ALEGRE;3;1;SEXTA-FEIRA;4;0;22;21H-23H;NOITE;PLENA NOITE;DEMAIS FALHAS MECÂNICAS OU ELÉTRICAS;INCÊNDIO;CÉU CLARO;DUPLA;RETA;NÃO;0
RN;BR-101;BAIA FORMOSA;3;1;SEXTA-FEIRA;4;0;23;21H-23H;NOITE;PLENA NOITE;ANIMAIS NA PISTA;SAÍDA DE LEITO CARROÇÁVEL;NUBLADO;DUPLA;RETA;NÃO;0
SC;BR-470;SAO CRISTOVAO DO SUL;3;1;SEXTA-FEIRA;4;0;21;21H-23H;NOITE;PLENA NOITE;VELOCIDADE INCOMPATÍVEL;TOMBAMENTO;CÉU CLARO;SIMPLES;CURVA;NÃO;1
RS;BR-153;BAGE;3;1;SÁBADO;5;1;0;00H-02H;MADRUGADA;PLENA NOITE;PROBLEMA COM O FREIO;INCÊNDIO;CÉU CLARO;SIMPLES;RETA;NÃO;0
SP;BR-116;JUQUITIBA;3;1;SÁBADO;5;1;0;00H-02H;MADRUGADA;PLENA NOITE;REAÇÃO TARDIA OU INEFICIENTE DO CONDUTOR;COLISÃO TRASEIRA;NUBLADO;DUPLA;CURVA;NÃO;0
MA;BR-135;MATOES DO NORTE;3;1;SEXTA-FEIRA;4;0;18;18H-20H;NOITE;ANOITECER;ULTRAPASSAGEM INDEVIDA;COLISÃO TRASEIRA;NUBLADO;SIMPLES;"EM OBRAS;RETA;DESVIO TEMPORÁRIO";NÃO;1
PR;BR-376;GUARATUBA;3;1;SÁBADO;5;1;2;00H-02H;MADRUGADA;PLENA NOITE;REAÇÃO TARDIA OU INEFICIENTE DO CONDUTOR;COLISÃO TRASEIRA;NUBLADO;DUPLA;CURVA;NÃO;0
ES;BR-101;SERRA;3;1;SÁBADO;5;1;4;03H-05H;MADRUGADA;PLENA NOITE;CONDUTOR DORMINDO;COLISÃO COM OBJETO;IGNORADO;SIMPLES;RETA;NÃO;0
SP;BR-116;CACAPAVA;3;1;SÁBADO;5;1;5;03H-05H;MADRUGADA;PLENA NOITE;AUSÊNCIA DE REAÇÃO DO CONDUTOR;COLISÃO TRASEIRA;NUBLADO;DUPLA;RETA;NÃO;0
PR;BR-376;SAO JOSE DOS PINHAIS;3;1;SÁBADO;5;1;6;06H-08H;MANHA;AMANHECER;ACESSAR A VIA SEM OBSERVAR A PRESENÇA DOS OUTROS VEÍCULOS;COLISÃO LATERAL MESMO SENTIDO;NEVOEIRO/NEBLINA;DUPLA;RETA;SIM;0
PB;BR-101;CAAPORA;3;1;SÁBADO;5;1;6;06H-08H;MANHA;PLENO DIA;AUSÊNCIA DE REAÇÃO DO CONDUTOR;SAÍDA DE LEITO CARROÇÁVEL;CHUVA;DUPLA;"DECLIVE;CURVA";NÃO;0
MG;BR-040;JUIZ DE FORA;3;1;SÁBADO;5;1;5;03H-05H;MADRUGADA;AMANHECER;MANOBRA DE MUDANÇA DE FAIXA;COLISÃO TRANSVERSAL;NUBLADO;DUPLA;CURVA;SIM;0
PR;BR-153;SANTO ANTONIO DA PLATINA;3;1;SÁBADO;5;1;4;03H-05H;MADRUGADA;PLENA NOITE;PEDESTRE ANDAVA NA PISTA;ATROPELAMENTO DE PEDESTRE;CÉU CLARO;SIMPLES;"PONTE;RETA;DECLIVE";NÃO;1
BA;BR-110;ANTAS;3;1;SÁBADO;5;1;1;00H-02H;MADRUGADA;ANOITECER;REAÇÃO TARDIA OU INEFICIENTE DO CONDUTOR;COLISÃO TRASEIRA;CÉU CLARO;SIMPLES;CURVA;NÃO;0
PR;BR-376;PALMEIRA;3;1;SÁBADO;5;1;7;06H-08H;MANHA;PLENO DIA;TRAFEGAR COM MOTOCICLETA (OU SIMILAR) ENTRE AS FAIXAS;COLISÃO LATERAL MESMO SENTIDO;CÉU CLARO;DUPLA;DESVIO TEMPORÁRIO;NÃO;1
GO;BR-153;NOVA GLORIA;3;1;SÁBADO;5;1;5;03H-05H;MADRUGADA;AMANHECER;DEMAIS FALHAS MECÂNICAS OU ELÉTRICAS;INCÊNDIO;CÉU CLARO;SIMPLES;RETA;NÃO;0
SC;BR-470;RODEIO;3;1;SÁBADO;5;1;7;06H-08H;MANHA;PLENO DIA;VELOCIDADE INCOMPATÍVEL;COLISÃO COM OBJETO;NUBLADO;SIMPLES;CURVA;NÃO;0
SP;BR-153;OCAUCU;3;1;SÁBADO;5;1;8;06H-08H;MANHA;PLENO DIA;MANOBRA DE MUDANÇA DE FAIXA;COLISÃO LATERAL MESMO SENTIDO;CÉU CLARO;SIMPLES;RETA;NÃO;0
MT;BR-070;VARZEA GRANDE;3;1;SÁBADO;5;1;5;03H-05H;MADRUGADA;AMANHECER;CONDUTOR DEIXOU DE MANTER DISTÂNCIA DO VEÍCULO DA FRENTE;COLISÃO TRASEIRA;CÉU CLARO;SIMPLES;RETA;SIM;0
ES;BR-262;DOMINGOS MARTINS;3;1;SÁBADO;5;1;8;06H-08H;MANHA;PLENO DIA;AVARIAS E/OU DESGASTE EXCESSIVO NO PNEU;COLISÃO LATERAL SENTIDO OPOSTO;CÉU CLARO;SIMPLES;RETA;NÃO;0
GO;BR-452;MAURILANDIA;3;1;SÁBADO;5;1;1;00H-02H;MADRUGADA;PLENA NOITE;ANIMAIS NA PISTA;ATROPELAMENTO DE ANIMAL;CÉU CLARO;SIMPLES;"DECLIVE;RETA";NÃO;1
SP;BR-116;GUARULHOS;3;1;SÁBADO;5;1;9;09H-11H;MANHA;PLENO DIA;REAÇÃO TARDIA OU INEFICIENTE DO CONDUTOR;ENGAVETAMENTO;NUBLADO;DUPLA;"EM OBRAS;RETA";SIM;0
RJ;BR-393;BARRA DO PIRAI;3;1;SÁBADO;5;1;9;09H-11H;MANHA;PLENO DIA;ACESSAR A VIA SEM OBSERVAR A PRESENÇA DOS OUTROS VEÍCULOS;COLISÃO TRANSVERSAL;NUBLADO;SIMPLES;"RETA;INTERSEÇÃO DE VIAS";NÃO;0
SP;BR-116;ITAPECERICA DA SERRA;3;1;SÁBADO;5;1;10;09H-11H;MANHA;PLENO DIA;INGESTÃO DE ÁLCOOL PELO CONDUTOR;COLISÃO LATERAL MESMO SENTIDO;CÉU CLARO;DUPLA;RETA;SIM;0
MG;BR-381;BETIM;3;1;SÁBADO;5;1;10;09H-11H;MANHA;PLENO DIA;VELOCIDADE INCOMPATÍVEL;COLISÃO TRASEIRA;CÉU CLARO;MÚLTIPLA;"RETA;DECLIVE";SIM;0
RJ;BR-116;NOVA IGUACU;3;1;SÁBADO;5;1;10;09H-11H;MANHA;PLENO DIA;FREAR BRUSCAMENTE;COLISÃO TRASEIRA;CÉU CLARO;DUPLA;RETA;SIM;0
MA;BR-226;MATOES;3;1;SÁBADO;5;1;10;09H-11H;MANHA;PLENO DIA;REAÇÃO TARDIA OU INEFICIENTE DO CONDUTOR;COLISÃO TRASEIRA;CÉU CLARO;SIMPLES;RETA;NÃO;0
ES;BR-262;SERRA;3;1;SÁBADO;5;1;11;09H-11H;MANHA;PLENO DIA;TRANSITAR NA CONTRAMÃO;COLISÃO FRONTAL;CÉU CLARO;SIMPLES;RETA;SIM;0
MG;BR-381;EXTREMA;3;1;SÁBADO;5;1;12;12H-14H;TARDE;PLENO DIA;PEDESTRE CRUZAVA A PISTA FORA DA FAIXA;COLISÃO TRASEIRA;CÉU CLARO;DUPLA;RETA;NÃO;0
MA;BR-135;SAO LUIS;3;1;SÁBADO;5;1;10;09H-11H;MANHA;PLENO DIA;ULTRAPASSAGEM INDEVIDA;COLISÃO LATERAL MESMO SENTIDO;CÉU CLARO;DUPLA;"RETA;DECLIVE";SIM;0
BA;BR-116;IRAJUBA;3;1;SÁBADO;5;1;12;12H-14H;TARDE;PLENO DIA;ACESSAR A VIA SEM OBSERVAR A PRESENÇA DOS OUTROS VEÍCULOS;COLISÃO TRANSVERSAL;CÉU CLARO;SIMPLES;RETA;SIM;0
BA;BR-242;CRISTOPOLIS;3;1;SÁBADO;5;1;13;12H-14H;TARDE;PLENO DIA;ACESSAR A VIA SEM OBSERVAR A PRESENÇA DOS OUTROS VEÍCULOS;COLISÃO TRANSVERSAL;CÉU CLARO;SIMPLES;"RETA;ACLIVE;INTERSEÇÃO DE VIAS";SIM;1
PE;BR-424;BREJAO;3;1;SÁBADO;5;1;14;12H-14H;TARDE;PLENO DIA;AUSÊNCIA DE REAÇÃO DO CONDUTOR;COLISÃO TRANSVERSAL;CÉU CLARO;SIMPLES;RETA;NÃO;0
MG;BR-050;UBERABA;3;1;SÁBADO;5;1;14;12H-14H;TARDE;PLENO DIA;CONDUTOR DEIXOU DE MANTER DISTÂNCIA DO VEÍCULO DA FRENTE;COLISÃO TRASEIRA;NUBLADO;MÚLTIPLA;RETA;NÃO;0
BA;BR-101;CONCEICAO DO JACUIPE;3;1;SÁBADO;5;1;14;12H-14H;TARDE;PLENO DIA;DEMAIS FALHAS MECÂNICAS OU ELÉTRICAS;EVENTOS ATÍPICOS;CÉU CLARO;SIMPLES;RETA;NÃO;0
BA;BR-116;JEQUIE;3;1;SÁBADO;5;1;16;15H-17H;TARDE;PLENO DIA;VELOCIDADE INCOMPATÍVEL;TOMBAMENTO;CÉU CLARO;SIMPLES;CURVA;NÃO;0
SC;BR-282;SAUDADES;3;1;SÁBADO;5;1;15;15H-17H;TARDE;PLENO DIA;DEMAIS FALHAS MECÂNICAS OU ELÉTRICAS;SAÍDA DE LEITO CARROÇÁVEL;SOL;SIMPLES;"ACLIVE;RETA";NÃO;0
MT;BR-158;NOVA NAZARE;3;1;SÁBADO;5;1;14;12H-14H;TARDE;PLENO DIA;ACOSTAMENTO EM DESNÍVEL;TOMBAMENTO;CÉU CLARO;SIMPLES;RETA;NÃO;0
SC;BR-101;SAO JOSE;3;1;SÁBADO;5;1;19;18H-20H;NOITE;PLENA NOITE;REAÇÃO TARDIA OU INEFICIENTE DO CONDUTOR;COLISÃO LATERAL MESMO SENTIDO;NUBLADO;SIMPLES;"INTERSEÇÃO DE VIAS;RETA";SIM;0
MS;BR-262;CAMPO GRANDE;3;1;SÁBADO;5;1;16;15H-17H;TARDE;PLENA NOITE;DESRESPEITAR A PREFERÊNCIA NO CRUZAMENTO;COLISÃO TRANSVERSAL;CÉU CLARO;DUPLA;RETA;SIM;0
AL;BR-101;SAO MIGUEL DOS CAMPOS;3;1;SÁBADO;5;1;17;15H-17H;TARDE;ANOITECER;DEMAIS FALHAS MECÂNICAS OU ELÉTRICAS;TOMBAMENTO;CÉU CLARO;DUPLA;"DECLIVE;CURVA;DESVIO TEMPORÁRIO";NÃO;0
MA;BR-135;SAO LUIS;3;1;SÁBADO;5;1;17;15H-17H;TARDE;ANOITECER;REAÇÃO TARDIA OU INEFICIENTE DO CONDUTOR;SAÍDA DE LEITO CARROÇÁVEL;GAROA/CHUVISCO;DUPLA;RETA;SIM;0
PR;BR-376;ORTIGUEIRA;3;1;SÁBADO;5;1;15;15H-17H;TARDE;PLENO DIA;CHUVA;COLISÃO FRONTAL;CHUVA;SIMPLES;"RETA;ACLIVE";NÃO;1
PR;BR-376;MARINGA;3;1;SÁBADO;5;1;19;18H-20H;NOITE;PLENA NOITE;DEMAIS FALHAS MECÂNICAS OU ELÉTRICAS;COLISÃO COM OBJETO;CÉU CLARO;DUPLA;"RETA;ACLIVE";NÃO;0
BA;BR-101;TEOLANDIA;3;1;SÁBADO;5;1;20;18H-20H;NOITE;PLENA NOITE;INGESTÃO DE ÁLCOOL PELO CONDUTOR;COLISÃO FRONTAL;CÉU CLARO;SIMPLES;RETA;NÃO;0
RS;BR-116;SENTINELA DO SUL;3;1;SÁBADO;5;1;20;18H-20H;NOITE;PLENA NOITE;ACESSAR A VIA SEM OBSERVAR A PRESENÇA DOS OUTROS VEÍCULOS;COLISÃO TRANSVERSAL;NUBLADO;DUPLA;RETA;NÃO;1
PR;BR-116;CAMPINA GRANDE DO SUL;3;1;SÁBADO;5;1;20;18H-20H;NOITE;PLENA NOITE;VELOCIDADE INCOMPATÍVEL;COLISÃO LATERAL MESMO SENTIDO;GAROA/CHUVISCO;DUPLA;"RETA;PONTE";NÃO;0
MA;BR-010;IMPERATRIZ;3;1;SÁBADO;5;1;19;18H-20H;NOITE;PLENA NOITE;INGESTÃO DE ÁLCOOL PELO CONDUTOR;COLISÃO LATERAL MESMO SENTIDO;CÉU CLARO;SIMPLES;"RETA;ACLIVE";SIM;0
BA;BR-101;VEREDA;3;1;SÁBADO;5;1;20;18H-20H;NOITE;PLENA NOITE;AVARIAS E/OU DESGASTE EXCESSIVO NO PNEU;INCÊNDIO;CÉU CLARO;SIMPLES;RETA;NÃO;0
PR;BR-369;CASCAVEL;3;1;SÁBADO;5;1;21;21H-23H;NOITE;PLENA NOITE;TRANSITAR NA CONTRAMÃO;COLISÃO FRONTAL;CÉU CLARO;SIMPLES;RETA;NÃO;1
TO;BR-153;ARAGUAINA;3;1;SÁBADO;5;1;23;21H-23H;NOITE;PLENA NOITE;CONDUTOR USANDO CELULAR;COLISÃO LATERAL SENTIDO OPOSTO;CÉU CLARO;SIMPLES;RETA;NÃO;1
ES;BR-101;LINHARES;3;1;DOMINGO;6;1;1;00H-02H;MADRUGADA;PLENA NOITE;CONDUTOR DORMINDO;SAÍDA DE LEITO CARROÇÁVEL;CÉU CLARO;SIMPLES;DECLIVE;NÃO;0
MG;BR-116;DIVISA ALEGRE;3;1;DOMINGO;6;1;1;00H-02H;MADRUGADA;PLENA NOITE;INGESTÃO DE ÁLCOOL PELO CONDUTOR;COLISÃO FRONTAL;CÉU CLARO;SIMPLES;RETA;NÃO;1
SC;BR-101;PALHOCA;3;1;DOMINGO;6;1;4;03H-05H;MADRUGADA;PLENA NOITE;AUSÊNCIA DE REAÇÃO DO CONDUTOR;COLISÃO COM OBJETO;CÉU CLARO;DUPLA;"RETA;DESVIO TEMPORÁRIO";NÃO;0
PR;BR-153;IBAITI;3;1;SÁBADO;5;1;23;21H-23H;NOITE;PLENA NOITE;VELOCIDADE INCOMPATÍVEL;CAPOTAMENTO;CÉU CLARO;SIMPLES;"DECLIVE;CURVA";NÃO;1
MG;BR-262;MATIPO;3;1;DOMINGO;6;1;6;06H-08H;MANHA;PLENO DIA;VELOCIDADE INCOMPATÍVEL;TOMBAMENTO;NUBLADO;SIMPLES;"CURVA;DECLIVE";NÃO;0
MT;BR-174;CONQUISTA DOESTE;3;1;DOMINGO;6;1;5;03H-05H;MADRUGADA;AMANHECER;ANIMAIS NA PISTA;ATROPELAMENTO DE ANIMAL;CÉU CLARO;SIMPLES;RETA;NÃO;0
GO;BR-040;LUZIANIA;3;1;DOMINGO;6;1;7;06H-08H;MANHA;PLENO DIA;ACOSTAMENTO EM DESNÍVEL;SAÍDA DE LEITO CARROÇÁVEL;CÉU CLARO;SIMPLES;DECLIVE;NÃO;0
CE;BR-304;ARACATI;3;1;DOMINGO;6;1;10;09H-11H;MANHA;PLENO DIA;ULTRAPASSAGEM INDEVIDA;COLISÃO TRASEIRA;CHUVA;DUPLA;RETA;SIM;0
MG;BR-365;GURINHATA;3;1;DOMINGO;6;1;7;06H-08H;MANHA;PLENO DIA;MAL SÚBITO DO CONDUTOR;COLISÃO TRASEIRA;CÉU CLARO;SIMPLES;"RETA;DECLIVE";NÃO;0