uf;br_formatada;municipio;mes;trimestre;dia_semana;dia_semana_num;fim_de_semana;hora;faixa_horaria;turno;fase_dia;causa_acidente;tipo_acidente;condicao_metereologica;tipo_pista;tracado_via;uso_solo;acidente_fatal
RJ;BR-040;TRES RIOS;3;1;SÁBADO;5;1;8;06H-08H;MANHA;PLENO DIA;REAÇÃO TARDIA OU INEFICIENTE DO CONDUTOR;TOMBAMENTO;CÉU CLARO;DUPLA;CURVA;SIM;0
ES;BR-101;LINHARES;3;1;SÁBADO;5;1;9;09H-11H;MANHA;PLENO DIA;ACESSAR A VIA SEM OBSERVAR A PRESENÇA DOS OUTROS VEÍCULOS;COLISÃO TRANSVERSAL;CÉU CLARO;SIMPLES;RETA;SIM;0
PR;BR-277;GUARANIACU;3;1;SÁBADO;5;1;10;09H-11H;MANHA;PLENO DIA;REAÇÃO TARDIA OU INEFICIENTE DO CONDUTOR;SAÍDA DE LEITO CARROÇÁVEL;CÉU CLARO;SIMPLES;RETA;NÃO;0
MS;BR-060;PARAISO DAS AGUAS;3;1;SÁBADO;5;1;7;06H-08H;MANHA;PLENO DIA;REAÇÃO TARDIA OU INEFICIENTE DO CONDUTOR;COLISÃO TRASEIRA;CÉU CLARO;SIMPLES;RETA;NÃO;0
SE;BR-101;NOSSA SENHORA DO SOCORRO;3;1;SÁBADO;5;1;11;09H-11H;MANHA;PLENO DIA;VELOCIDADE INCOMPATÍVEL;COLISÃO TRASEIRA;CÉU CLARO;DUPLA;"RETA;ACLIVE;EM OBRAS";NÃO;0
SP;BR-116;MIRACATU;3;1;SÁBADO;5;1;11;09H-11H;MANHA;PLENO DIA;REAÇÃO TARDIA OU INEFICIENTE DO CONDUTOR;SAÍDA DE LEITO CARROÇÁVEL;SOL;DUPLA;RETA;NÃO;0
SP;BR-381;ATIBAIA;3;1;SÁBADO;5;1;12;12H-14H;TARDE;PLENO DIA;REAÇÃO TARDIA OU INEFICIENTE DO CONDUTOR;COLISÃO LATERAL MESMO SENTIDO;SOL;DUPLA;RETA;NÃO;0
MG;BR-040;CAETANOPOLIS;3;1;SÁBADO;5;1;15;15H-17H;TARDE;PLENO DIA;PISTA ESCORREGADIA;SAÍDA DE LEITO CARROÇÁVEL;CHUVA;DUPLA;RETA;NÃO;1
MS;BR-163;ITAQUIRAI;3;1;SÁBADO;5;1;14;12H-14H;TARDE;PLENO DIA;TRANSITAR NA CONTRAMÃO;COLISÃO LATERAL MESMO SENTIDO;CÉU CLARO;SIMPLES;RETA;NÃO;1
RJ;BR-393;SAPUCAIA;3;1;SÁBADO;5;1;10;09H-11H;MANHA;PLENO DIA;DEMAIS FALHAS MECÂNICAS OU ELÉTRICAS;SAÍDA DE LEITO CARROÇÁVEL;CÉU CLARO;SIMPLES;CURVA;SIM;0
MA;BR-135;SANTA RITA;3;1;SÁBADO;5;1;15;15H-17H;TARDE;PLENO DIA;ACESSAR A VIA SEM OBSERVAR A PRESENÇA DOS OUTROS VEÍCULOS;COLISÃO LATERAL MESMO SENTIDO;NUBLADO;SIMPLES;RETA;SIM;0
BA;BR-324;NOVA FATIMA;3;1;SÁBADO;5;1;15;15H-17H;TARDE;PLENO DIA;REAÇÃO TARDIA OU INEFICIENTE DO CONDUTOR;COLISÃO FRONTAL;CÉU CLARO;SIMPLES;RETA;NÃO;1
AL;BR-101;MESSIAS;3;1;SÁBADO;5;1;13;12H-14H;TARDE;PLENO DIA;VELOCIDADE INCOMPATÍVEL;TOMBAMENTO;CÉU CLARO;DUPLA;CURVA;NÃO;0
SE;BR-101;MARUIM;3;1;SÁBADO;5;1;18;18H-20H;NOITE;PLENA NOITE;ANIMAIS NA PISTA;ATROPELAMENTO DE ANIMAL;CÉU CLARO;DUPLA;RETA;NÃO;0
BA;BR-101;TEIXEIRA DE FREITAS;3;1;SÁBADO;5;1;18;18H-20H;NOITE;PLENA NOITE;MANOBRA DE MUDANÇA DE FAIXA;COLISÃO LATERAL SENTIDO OPOSTO;CÉU CLARO;SIMPLES;"RETA;ACLIVE";NÃO;0
GO;BR-153;HIDROLANDIA;3;1;SÁBADO;5;1;12;12H-14H;TARDE;PLENO DIA;AUSÊNCIA DE REAÇÃO DO CONDUTOR;TOMBAMENTO;CÉU CLARO;DUPLA;RETA;SIM;0
RS;BR-386;IRAI;3;1;SÁBADO;5;1;18;18H-20H;NOITE;ANOITECER;AFUNDAMENTO OU ONDULAÇÃO NO PAVIMENTO;TOMBAMENTO;NUBLADO;SIMPLES;CURVA;NÃO;0
SC;BR-101;PALHOCA;2;1;SÁBADO;5;1;11;09H-11H;MANHA;PLENO DIA;PEDESTRE ANDAVA NA PISTA;ATROPELAMENTO DE PEDESTRE;CÉU CLARO;DUPLA;CURVA;NÃO;1
RS;BR-285;CASEIROS;3;1;SÁBADO;5;1;19;18H-20H;NOITE;PLENA NOITE;ACESSAR A VIA SEM OBSERVAR A PRESENÇA DOS OUTROS VEÍCULOS;COLISÃO TRANSVERSAL;NUBLADO;SIMPLES;"RETA;INTERSEÇÃO DE VIAS";SIM;0
PR;BR-376;TIBAGI;3;1;SÁBADO;5;1;13;12H-14H;TARDE;PLENO DIA;DEMAIS FALHAS MECÂNICAS OU ELÉTRICAS;INCÊNDIO;CÉU CLARO;DUPLA;RETA;NÃO;0
PA;BR-163;NOVO PROGRESSO;2;1;QUARTA-FEIRA;2;0;18;18H-20H;NOITE;ANOITECER;DEMAIS FALHAS NA VIA;COLISÃO FRONTAL;CÉU CLARO;SIMPLES;RETA;NÃO;1
PR;BR-376;SAO JOSE DOS PINHAIS;3;1;SÁBADO;5;1;20;18H-20H;NOITE;PLENA NOITE;REAÇÃO TARDIA OU INEFICIENTE DO CONDUTOR;COLISÃO LATERAL MESMO SENTIDO;NUBLADO;MÚLTIPLA;CURVA;SIM;0
BA;BR-101;SAO JOSE DA VITORIA;3;1;SÁBADO;5;1;17;15H-17H;TARDE;ANOITECER;VELOCIDADE INCOMPATÍVEL;TOMBAMENTO;CÉU CLARO;SIMPLES;RETA;NÃO;0
MT;BR-364;SAO PEDRO DA CIPA;3;1;SÁBADO;5;1;14;12H-14H;TARDE;PLENO DIA;MANOBRA DE MUDANÇA DE FAIXA;COLISÃO LATERAL MESMO SENTIDO;CÉU CLARO;DUPLA;RETA;NÃO;0
MG;BR-040;JOAO PINHEIRO;3;1;SÁBADO;5;1;17;15H-17H;TARDE;PLENO DIA;MANOBRA DE MUDANÇA DE FAIXA;COLISÃO FRONTAL;CÉU CLARO;SIMPLES;CURVA;NÃO;1
PI;BR-135;MONTE ALEGRE DO PIAUI;3;1;QUINTA-FEIRA;3;0;15;15H-17H;TARDE;PLENO DIA;AUSÊNCIA DE REAÇÃO DO CONDUTOR;SAÍDA DE LEITO CARROÇÁVEL;CHUVA;SIMPLES;"PONTE;RETA";NÃO;0
GO;BR-040;LUZIANIA;3;1;DOMINGO;6;1;0;00H-02H;MADRUGADA;PLENA NOITE;REAÇÃO TARDIA OU INEFICIENTE DO CONDUTOR;COLISÃO COM OBJETO;CÉU CLARO;DUPLA;RETA;SIM;0
DF;BR-020;BRASILIA;3;1;DOMINGO;6;1;1;00H-02H;MADRUGADA;PLENA NOITE;REAÇÃO TARDIA OU INEFICIENTE DO CONDUTOR;COLISÃO TRASEIRA;GAROA/CHUVISCO;DUPLA;"RETA;DECLIVE";SIM;0
SP;BR-116;SAO PAULO;3;1;DOMINGO;6;1;2;00H-02H;MADRUGADA;PLENA NOITE;REAÇÃO TARDIA OU INEFICIENTE DO CONDUTOR;COLISÃO TRASEIRA;NUBLADO;MÚLTIPLA;RETA;SIM;0
SP;BR-116;APARECIDA;3;1;DOMINGO;6;1;1;00H-02H;MADRUGADA;PLENA NOITE;AUSÊNCIA DE REAÇÃO DO CONDUTOR;COLISÃO TRASEIRA;CÉU CLARO;DUPLA;RETA;SIM;0
MG;BR-365;UBERLANDIA;3;1;DOMINGO;6;1;2;00H-02H;MADRUGADA;PLENA NOITE;REAÇÃO TARDIA OU INEFICIENTE DO CONDUTOR;COLISÃO COM OBJETO;CÉU CLARO;MÚLTIPLA;CURVA;SIM;0
MS;BR-262;CAMPO GRANDE;3;1;DOMINGO;6;1;2;00H-02H;MADRUGADA;PLENA NOITE;PEDESTRE ANDAVA NA PISTA;ATROPELAMENTO DE PEDESTRE;CÉU CLARO;SIMPLES;RETA;NÃO;1
PR;BR-277;FERNANDES PINHEIRO;3;1;DOMINGO;6;1;5;03H-05H;MADRUGADA;PLENA NOITE;ACESSAR A VIA SEM OBSERVAR A PRESENÇA DOS OUTROS VEÍCULOS;COLISÃO TRANSVERSAL;CÉU CLARO;SIMPLES;"RETA;ROTATÓRIA";NÃO;0
MG;BR-040;PARAOPEBA;3;1;DOMINGO;6;1;5;03H-05H;MADRUGADA;PLENO DIA;CARGA EXCESSIVA E/OU MAL ACONDICIONADA;TOMBAMENTO;CÉU CLARO;DUPLA;RETA;NÃO;0
PR;BR-376;CURITIBA;3;1;DOMINGO;6;1;6;06H-08H;MANHA;PLENO DIA;AUSÊNCIA DE REAÇÃO DO CONDUTOR;SAÍDA DE LEITO CARROÇÁVEL;CÉU CLARO;DUPLA;RETA;NÃO;0
MT;BR-364;SANTO ANTONIO DO LEVERGER;3;1;DOMINGO;6;1;5;03H-05H;MADRUGADA;AMANHECER;CONDUTOR DORMINDO;SAÍDA DE LEITO CARROÇÁVEL;CÉU CLARO;DUPLA;RETA;NÃO;0
BA;BR-116;JEQUIE;3;1;DOMINGO;6;1;5;03H-05H;MADRUGADA;AMANHECER;CONDUTOR DORMINDO;SAÍDA DE LEITO CARROÇÁVEL;CÉU CLARO;SIMPLES;RETA;NÃO;0
MG;BR-116;TEOFILO OTONI;3;1;DOMINGO;6;1;5;03H-05H;MADRUGADA;AMANHECER;AUSÊNCIA DE REAÇÃO DO CONDUTOR;TOMBAMENTO;CHUVA;DUPLA;"DECLIVE;CURVA";NÃO;0
RO;BR-421;ARIQUEMES;3;1;DOMINGO;6;1;5;03H-05H;MADRUGADA;AMANHECER;AUSÊNCIA DE REAÇÃO DO CONDUTOR;SAÍDA DE LEITO CARROÇÁVEL;CÉU CLARO;SIMPLES;CURVA;NÃO;0
MG;BR-262;MATEUS LEME;3;1;DOMINGO;6;1;8;06H-08H;MANHA;PLENO DIA;AUSÊNCIA DE REAÇÃO DO CONDUTOR;SAÍDA DE LEITO CARROÇÁVEL;NUBLADO;DUPLA;CURVA;NÃO;0
MG;BR-251;SANTA CRUZ DE SALINAS;3;1;DOMINGO;6;1;6;06H-08H;MANHA;AMANHECER;AUSÊNCIA DE REAÇÃO DO CONDUTOR;COLISÃO TRASEIRA;CÉU CLARO;SIMPLES;RETA;NÃO;0
CE;BR-116;BREJO SANTO;3;1;DOMINGO;6;1;6;06H-08H;MANHA;AMANHECER;CONDUTOR DEIXOU DE MANTER DISTÂNCIA DO VEÍCULO DA FRENTE;COLISÃO TRASEIRA;CÉU CLARO;SIMPLES;RETA;NÃO;0
GO;BR-070;JUSSARA;1;1;DOMINGO;6;1;15;15H-17H;TARDE;PLENO DIA;ACUMULO DE ÁGUA SOBRE O PAVIMENTO;COLISÃO LATERAL SENTIDO OPOSTO;CHUVA;SIMPLES;"PONTE;CURVA;DECLIVE";SIM;1
SC;BR-116;CAPAO ALTO;3;1;DOMINGO;6;1;10;09H-11H;MANHA;PLENO DIA;DESRESPEITAR A PREFERÊNCIA NO CRUZAMENTO;COLISÃO TRANSVERSAL;CÉU CLARO;SIMPLES;"INTERSEÇÃO DE VIAS;RETA";NÃO;0
GO;BR-153;HIDROLANDIA;3;1;DOMINGO;6;1;12;12H-14H;TARDE;PLENO DIA;VELOCIDADE INCOMPATÍVEL;SAÍDA DE LEITO CARROÇÁVEL;CHUVA;DUPLA;RETA;NÃO;0
MG;BR-365;JEQUITAI;3;1;DOMINGO;6;1;13;12H-14H;TARDE;PLENO DIA;VELOCIDADE INCOMPATÍVEL;COLISÃO COM OBJETO;CHUVA;SIMPLES;DECLIVE;NÃO;1
MG;BR-381;NOVA ERA;3;1;DOMINGO;6;1;14;12H-14H;TARDE;PLENO DIA;VELOCIDADE INCOMPATÍVEL;COLISÃO TRASEIRA;CÉU CLARO;SIMPLES;"CURVA;ACLIVE";NÃO;0
MG;BR-381;ESTIVA;3;1;DOMINGO;6;1;14;12H-14H;TARDE;PLENO DIA;VELOCIDADE INCOMPATÍVEL;TOMBAMENTO;CÉU CLARO;DUPLA;CURVA;NÃO;0
BA;BR-324;NOVA FATIMA;3;1;DOMINGO;6;1;2;00H-02H;MADRUGADA;PLENA NOITE;TRANSITAR NA CONTRAMÃO;COLISÃO FRONTAL;CÉU CLARO;SIMPLES;RETA;NÃO;0
MG;BR-050;DELTA;3;1;DOMINGO;6;1;15;15H-17H;TARDE;PLENO DIA;ESTACIONAR OU PARAR EM LOCAL PROIBIDO;COLISÃO TRASEIRA;CHUVA;DUPLA;"RETA;DECLIVE";NÃO;0
CE;BR-116;PACAJUS;3;1;DOMINGO;6;1;17;15H-17H;TARDE;ANOITECER;INGESTÃO DE ÁLCOOL PELO CONDUTOR;COLISÃO TRASEIRA;CÉU CLARO;SIMPLES;RETA;NÃO;0
CE;BR-116;CHOROZINHO;3;1;SÁBADO;5;1;23;21H-23H;NOITE;PLENA NOITE;CONDUTOR DORMINDO;SAÍDA DE LEITO CARROÇÁVEL;CÉU CLARO;SIMPLES;CURVA;NÃO;0
MG;BR-153;FRONTEIRA;3;1;DOMINGO;6;1;19;18H-20H;NOITE;PLENA NOITE;TRANSITAR NA CONTRAMÃO;COLISÃO FRONTAL;NUBLADO;SIMPLES;RETA;NÃO;1
SC;BR-101;PALHOCA;3;1;DOMINGO;6;1;18;18H-20H;NOITE;PLENA NOITE;REAÇÃO TARDIA OU INEFICIENTE DO CONDUTOR;COLISÃO LATERAL MESMO SENTIDO;NUBLADO;DUPLA;RETA;NÃO;0
PE;BR-232;PESQUEIRA;3;1;DOMINGO;6;1;19;18H-20H;NOITE;PLENA NOITE;REAÇÃO TARDIA OU INEFICIENTE DO CONDUTOR;COLISÃO FRONTAL;CÉU CLARO;SIMPLES;RETA;SIM;1
PR;BR-153;PORTO VITORIA;3;1;DOMINGO;6;1;20;18H-20H;NOITE;PLENA NOITE;ACUMULO DE ÓLEO SOBRE O PAVIMENTO;COLISÃO FRONTAL;CÉU CLARO;SIMPLES;RETA;NÃO;0
MG;BR-251;RUBELITA;3;1;DOMINGO;6;1;12;12H-14H;TARDE;PLENO DIA;REAÇÃO TARDIA OU INEFICIENTE DO CONDUTOR;SAÍDA DE LEITO CARROÇÁVEL;CÉU CLARO;SIMPLES;"CURVA;DECLIVE";NÃO;1
SP;BR-116;BARRA DO TURVO;3;1;DOMINGO;6;1;20;18H-20H;NOITE;PLENA NOITE;REAÇÃO TARDIA OU INEFICIENTE DO CONDUTOR;TOMBAMENTO;CÉU CLARO;SIMPLES;"DECLIVE;CURVA";NÃO;0
SC;BR-101;PALHOCA;3;1;DOMINGO;6;1;21;21H-23H;NOITE;PLENA NOITE;ENTRADA INOPINADA DO PEDESTRE;ATROPELAMENTO DE PEDESTRE;CÉU CLARO;MÚLTIPLA;"RETA;INTERSEÇÃO DE VIAS";SIM;1
BA;BR-420;JAGUAQUARA;3;1;DOMINGO;6;1;18;18H-20H;NOITE;ANOITECER;TRANSITAR NA CONTRAMÃO;COLISÃO FRONTAL;CÉU CLARO;SIMPLES;RETA;NÃO;0
PR;BR-277;PARANAGUA;3;1;DOMINGO;6;1;21;21H-23H;NOITE;PLENA NOITE;REAÇÃO TARDIA OU INEFICIENTE DO CONDUTOR;COLISÃO TRANSVERSAL;CÉU CLARO;SIMPLES;RETA;SIM;0
SP;BR-381;SAO PAULO;3;1;DOMINGO;6;1;22;21H-23H;NOITE;PLENA NOITE;REAÇÃO TARDIA OU INEFICIENTE DO CONDUTOR;COLISÃO TRASEIRA;CÉU CLARO;DUPLA;"DECLIVE;RETA";NÃO;0
SP;BR-116;CAJATI;1;1;DOMINGO;6;1;23;21H-23H;NOITE;PLENA NOITE;AUSÊNCIA DE REAÇÃO DO CONDUTOR;COLISÃO LATERAL MESMO SENTIDO;CHUVA;DUPLA;RETA;NÃO;0
GO;BR-060;ABADIANIA;3;1;SEGUNDA-FEIRA;0;0;1;00H-02H;MADRUGADA;PLENA NOITE;REAÇÃO TARDIA OU INEFICIENTE DO CONDUTOR;COLISÃO TRASEIRA;CÉU CLARO;DUPLA;CURVA;NÃO;0
RJ;BR-101;ANGRA DOS REIS;3;1;SEGUNDA-FEIRA;0;0;1;00H-02H;MADRUGADA;PLENA NOITE;CHUVA;COLISÃO TRASEIRA;CHUVA;SIMPLES;CURVA;NÃO;0
MG;BR-153;FRONTEIRA;3;1;SEGUNDA-FEIRA;0;0;1;00H-02H;MADRUGADA;PLENA NOITE;INGESTÃO DE ÁLCOOL PELO CONDUTOR;COLISÃO TRASEIRA;NUBLADO;SIMPLES;RETA;NÃO;0
RS;BR-116;ESTANCIA VELHA;3;1;SEGUNDA-FEIRA;0;0;4;03H-05H;MADRUGADA;PLENA NOITE;CARGA EXCESSIVA E/OU MAL ACONDICIONADA;COLISÃO COM OBJETO;CÉU CLARO;SIMPLES;"DECLIVE;CURVA";NÃO;0
MG;BR-381;SAO GONCALO DO SAPUCAI;3;1;SEGUNDA-FEIRA;0;0;4;03H-05H;MADRUGADA;PLENA NOITE;AUSÊNCIA DE REAÇÃO DO CONDUTOR;COLISÃO COM OBJETO;CÉU CLARO;DUPLA;"RETA;DECLIVE";NÃO;1
PR;BR-163;TOLEDO;3;1;SEGUNDA-FEIRA;0;0;4;03H-05H;MADRUGADA;PLENA NOITE;MAL SÚBITO DO CONDUTOR;SAÍDA DE LEITO CARROÇÁVEL;CÉU CLARO;DUPLA;"RETA;DECLIVE";NÃO;1
RJ;BR-116;ITATIAIA;3;1;DOMINGO;6;1;21;21H-23H;NOITE;PLENA NOITE;ACUMULO DE ÁGUA SOBRE O PAVIMENTO;COLISÃO TRASEIRA;CHUVA;DUPLA;RETA;NÃO;0
ES;BR-101;ITAPEMIRIM;3;1;SEGUNDA-FEIRA;0;0;6;06H-08H;MANHA;PLENO DIA;CARGA EXCESSIVA E/OU MAL ACONDICIONADA;TOMBAMENTO;CÉU CLARO;SIMPLES;"DECLIVE;CURVA";NÃO;0
ES;BR-101;SERRA;3;1;SEGUNDA-FEIRA;0;0;6;06H-08H;MANHA;AMANHECER;MANOBRA DE MUDANÇA DE FAIXA;ENGAVETAMENTO;CÉU CLARO;DUPLA;"RETA;ACLIVE";NÃO;0
SC;BR-101;SAO JOSE;3;1;SEGUNDA-FEIRA;0;0;8;06H-08H;MANHA;PLENO DIA;MANOBRA DE MUDANÇA DE FAIXA;COLISÃO TRASEIRA;CÉU CLARO;MÚLTIPLA;RETA;SIM;0
PE;BR-101;CABO DE SANTO AGOSTINHO;3;1;SEGUNDA-FEIRA;0;0;6;06H-08H;MANHA;PLENO DIA;MANOBRA DE MUDANÇA DE FAIXA;COLISÃO LATERAL MESMO SENTIDO;SOL;DUPLA;CURVA;NÃO;0
GO;BR-020;FORMOSA;3;1;SEGUNDA-FEIRA;0;0;6;06H-08H;MANHA;AMANHECER;AUSÊNCIA DE REAÇÃO DO CONDUTOR;COLISÃO FRONTAL;CHUVA;SIMPLES;"DECLIVE;CURVA";SIM;0
BA;BR-324;SIMOES FILHO;3;1;SEGUNDA-FEIRA;0;0;9;09H-11H;MANHA;PLENO DIA;INGESTÃO DE ÁLCOOL PELO CONDUTOR;COLISÃO TRASEIRA;CÉU CLARO;MÚLTIPLA;RETA;NÃO;0
SP;BR-153;VERA CRUZ;3;1;SEGUNDA-FEIRA;0;0;9;09H-11H;MANHA;PLENO DIA;REAÇÃO TARDIA OU INEFICIENTE DO CONDUTOR;COLISÃO TRASEIRA;CÉU CLARO;SIMPLES;RETA;NÃO;0
MG;BR-365;VARZEA DA PALMA;3;1;SEGUNDA-FEIRA;0;0;4;03H-05H;MADRUGADA;PLENA NOITE;CONDUTOR DORMINDO;COLISÃO FRONTAL;NUBLADO;SIMPLES;RETA;NÃO;0
PR;BR-376;CURITIBA;3;1;SEGUNDA-FEIRA;0;0;8;06H-08H;MANHA;PLENO DIA;VELOCIDADE INCOMPATÍVEL;COLISÃO TRASEIRA;CÉU CLARO;DUPLA;RETA;NÃO;0
MG;BR-381;ITAGUARA;3;1;SEGUNDA-FEIRA;0;0;9;09H-11H;MANHA;PLENO DIA;VELOCIDADE INCOMPATÍVEL;COLISÃO COM OBJETO;CHUVA;DUPLA;CURVA;NÃO;0
CE;BR-116;FORTALEZA;3;1;SEGUNDA-FEIRA;0;0;11;09H-11H;MANHA;PLENO DIA;CONDUTOR DEIXOU DE MANTER DISTÂNCIA DO VEÍCULO DA FRENTE;ENGAVETAMENTO;CHUVA;DUPLA;RETA;NÃO;0
MG;BR-040;SAO GONCALO DO ABAETE;3;1;SEGUNDA-FEIRA;0;0;9;09H-11H;MANHA;PLENO DIA;REAÇÃO TARDIA OU INEFICIENTE DO CONDUTOR;TOMBAMENTO;CHUVA;SIMPLES;RETA;NÃO;0
RJ;BR-040;PETROPOLIS;3;1;SEGUNDA-FEIRA;0;0;11;09H-11H;MANHA;PLENO DIA;DEMAIS FALHAS MECÂNICAS OU ELÉTRICAS;INCÊNDIO;GAROA/CHUVISCO;SIMPLES;"RETA;ACLIVE";NÃO;0
MG;BR-381;IGARAPE;3;1;SEGUNDA-FEIRA;0;0;11;09H-11H;MANHA;PLENO DIA;AUSÊNCIA DE REAÇÃO DO CONDUTOR;COLISÃO TRASEIRA;CHUVA;DUPLA;CURVA;NÃO;0
GO;BR-040;VALPARAISO DE GOIAS;3;1;SEGUNDA-FEIRA;0;0;12;12H-14H;TARDE;PLENO DIA;CONDUTOR DEIXOU DE MANTER DISTÂNCIA DO VEÍCULO DA FRENTE;COLISÃO TRASEIRA;CHUVA;DUPLA;RETA;SIM;0
SC;BR-480;CHAPECO;3;1;SEGUNDA-FEIRA;0;0;11;09H-11H;MANHA;PLENO DIA;MAL SÚBITO DO CONDUTOR;SAÍDA DE LEITO CARROÇÁVEL;CÉU CLARO;DUPLA;CURVA;NÃO;0
PR;BR-476;LAPA;3;1;SEGUNDA-FEIRA;0;0;4;03H-05H;MADRUGADA;PLENA NOITE;REAÇÃO TARDIA OU INEFICIENTE DO CONDUTOR;SAÍDA DE LEITO CARROÇÁVEL;IGNORADO;SIMPLES;CURVA;NÃO;0
SC;BR-282;SAUDADES;3;1;SEGUNDA-FEIRA;0;0;10;09H-11H;MANHA;PLENO DIA;ULTRAPASSAGEM INDEVIDA;COLISÃO LATERAL SENTIDO OPOSTO;SOL;SIMPLES;"CURVA;ACLIVE";NÃO;0
BA;BR-101;ENTRE RIOS;3;1;SEXTA-FEIRA;4;0;20;18H-20H;NOITE;PLENA NOITE;ULTRAPASSAGEM INDEVIDA;COLISÃO LATERAL MESMO SENTIDO;CÉU CLARO;SIMPLES;"EM OBRAS;RETA;DECLIVE";NÃO;0
PE;BR-101;RECIFE;3;1;SEGUNDA-FEIRA;0;0;14;12H-14H;TARDE;PLENO DIA;DEMAIS FALHAS MECÂNICAS OU ELÉTRICAS;INCÊNDIO;CÉU CLARO;DUPLA;RETA;SIM;0
MG;BR-381;ITAPEVA;3;1;SEGUNDA-FEIRA;0;0;12;12H-14H;TARDE;PLENO DIA;AUSÊNCIA DE REAÇÃO DO CONDUTOR;COLISÃO TRASEIRA;CÉU CLARO;DUPLA;CURVA;NÃO;0
SE;BR-235;NOSSA SENHORA DO SOCORRO;3;1;SEGUNDA-FEIRA;0;0;14;12H-14H;TARDE;PLENO DIA;CONDUTOR DEIXOU DE MANTER DISTÂNCIA DO VEÍCULO DA FRENTE;COLISÃO TRASEIRA;CÉU CLARO;SIMPLES;"RETA;VIADUTO";NÃO;0
MT;BR-070;CACERES;3;1;SEGUNDA-FEIRA;0;0;10;09H-11H;MANHA;PLENO DIA;DEMAIS FALHAS MECÂNICAS OU ELÉTRICAS;COLISÃO TRANSVERSAL;CÉU CLARO;SIMPLES;"CURVA;DECLIVE";NÃO;0
RS;BR-153;ERECHIM;3;1;SEXTA-FEIRA;4;0;21;21H-23H;NOITE;PLENA NOITE;TRANSITAR NA CONTRAMÃO;COLISÃO LATERAL SENTIDO OPOSTO;CÉU CLARO;SIMPLES;RETA;SIM;0
RS;BR-472;URUGUAIANA;3;1;SEGUNDA-FEIRA;0;0;14;12H-14H;TARDE;PLENO DIA;MANOBRA DE MUDANÇA DE FAIXA;COLISÃO LATERAL MESMO SENTIDO;CÉU CLARO;SIMPLES;RETA;NÃO;0
MG;BR-381;ITATIAIUCU;3;1;SEGUNDA-FEIRA;0;0;15;15H-17H;TARDE;PLENO DIA;REAÇÃO TARDIA OU INEFICIENTE DO CONDUTOR;COLISÃO TRASEIRA;NUBLADO;DUPLA;"RETA;ACLIVE";NÃO;0
MT;BR-364;CUIABA;3;1;SEGUNDA-FEIRA;0;0;16;15H-17H;TARDE;PLENO DIA;CHUVA;SAÍDA DE LEITO CARROÇÁVEL;CHUVA;DUPLA;CURVA;NÃO;0
PR;BR-153;RIO AZUL;3;1;SEGUNDA-FEIRA;0;0;16;15H-17H;TARDE;PLENO DIA;AUSÊNCIA DE SINALIZAÇÃO;COLISÃO TRANSVERSAL;NUBLADO;SIMPLES;"INTERSEÇÃO DE VIAS;RETA";SIM;0
GO;BR-060;GOIANAPOLIS;3;1;SEGUNDA-FEIRA;0;0;17;15H-17H;TARDE;ANOITECER;PROBLEMA COM O FREIO;COLISÃO COM OBJETO;VENTO;DUPLA;RETA;NÃO;0
DF;BR-020;BRASILIA;3;1;SEGUNDA-FEIRA;0;0;17;15H-17H;TARDE;ANOITECER;CHUVA;SAÍDA DE LEITO CARROÇÁVEL;CHUVA;DUPLA;"PONTE;RETA;DECLIVE";SIM;0
SC;BR-280;ARAQUARI;3;1;SEGUNDA-FEIRA;0;0;15;15H-17H;TARDE;PLENO DIA;PISTA ESCORREGADIA;COLISÃO FRONTAL;CÉU CLARO;SIMPLES;RETA;SIM;0
DF;BR-020;BRASILIA;3;1;SEGUNDA-FEIRA;0;0;18;18H-20H;NOITE;PLENA NOITE;ACUMULO DE ÁGUA SOBRE O PAVIMENTO;SAÍDA DE LEITO CARROÇÁVEL;CHUVA;DUPLA;"RETA;DECLIVE";NÃO;0
MG;BR-116;PEDRA AZUL;3;1;SEGUNDA-FEIRA;0;0;14;12H-14H;TARDE;PLENO DIA;ANIMAIS NA PISTA;ATROPELAMENTO DE ANIMAL;CÉU CLARO;SIMPLES;INTERSEÇÃO DE VIAS;NÃO;0
MG;BR-116;CATUJI;3;1;SEGUNDA-FEIRA;0;0;17;15H-17H;TARDE;ANOITECER;ULTRAPASSAGEM INDEVIDA;COLISÃO FRONTAL;CÉU CLARO;SIMPLES;RETA;SIM;1
BA;BR-235;JEREMOABO;3;1;SEGUNDA-FEIRA;0;0;17;15H-17H;TARDE;PLENA NOITE;REAÇÃO TARDIA OU INEFICIENTE DO CONDUTOR;CAPOTAMENTO;CÉU CLARO;SIMPLES;CURVA;NÃO;0
ES;BR-101;CARIACICA;3;1;SEGUNDA-FEIRA;0;0;20;18H-20H;NOITE;PLENA NOITE;ENTRADA INOPINADA DO PEDESTRE;ATROPELAMENTO DE PEDESTRE;NUBLADO;DUPLA;RETA;SIM;0
SC;BR-116;MAFRA;2;1;QUARTA-FEIRA;2;0;17;15H-17H;TARDE;PLENO DIA;REAÇÃO TARDIA OU INEFICIENTE DO CONDUTOR;ENGAVETAMENTO;CHUVA;SIMPLES;"DECLIVE;RETA";NÃO;1
MT;BR-163;VERA;3;1;SEGUNDA-FEIRA;0;0;20;18H-20H;NOITE;PLENA NOITE;DEMAIS FALHAS MECÂNICAS OU ELÉTRICAS;INCÊNDIO;NUBLADO;SIMPLES;CURVA;NÃO;0