uf;br_formatada;municipio;mes;trimestre;dia_semana;dia_semana_num;fim_de_semana;hora;faixa_horaria;turno;fase_dia;causa_acidente;tipo_acidente;condicao_metereologica;tipo_pista;tracado_via;uso_solo;acidente_fatal
BA;BR-116;VITORIA DA CONQUISTA;3;1;SEXTA-FEIRA;4;0;18;18H-20H;NOITE;ANOITECER;AUSÊNCIA DE REAÇÃO DO CONDUTOR;COLISÃO TRASEIRA;CÉU CLARO;SIMPLES;RETA;NÃO;0
SP;BR-116;CAJATI;3;1;SEXTA-FEIRA;4;0;18;18H-20H;NOITE;ANOITECER;VELOCIDADE INCOMPATÍVEL;SAÍDA DE LEITO CARROÇÁVEL;CÉU CLARO;SIMPLES;"DECLIVE;RETA";NÃO;0
SE;BR-235;ITABAIANA;3;1;SEXTA-FEIRA;4;0;16;15H-17H;TARDE;PLENO DIA;ACESSAR A VIA SEM OBSERVAR A PRESENÇA DOS OUTROS VEÍCULOS;COLISÃO TRANSVERSAL;CÉU CLARO;MÚLTIPLA;"RETA;INTERSEÇÃO DE VIAS";SIM;1
PR;BR-376;PONTA GROSSA;3;1;SEXTA-FEIRA;4;0;17;15H-17H;TARDE;PLENO DIA;CONDUTOR DEIXOU DE MANTER DISTÂNCIA DO VEÍCULO DA FRENTE;COLISÃO TRASEIRA;SOL;DUPLA;RETA;NÃO;0
SC;BR-101;ARAQUARI;3;1;SEXTA-FEIRA;4;0;19;18H-20H;NOITE;PLENA NOITE;MANOBRA DE MUDANÇA DE FAIXA;COLISÃO TRASEIRA;CÉU CLARO;DUPLA;RETA;NÃO;0
PE;BR-232;PESQUEIRA;3;1;SEXTA-FEIRA;4;0;18;18H-20H;NOITE;PLENA NOITE;ULTRAPASSAGEM INDEVIDA;COLISÃO LATERAL SENTIDO OPOSTO;CÉU CLARO;SIMPLES;RETA;NÃO;0
PR;BR-376;PONTA GROSSA;3;1;SEXTA-FEIRA;4;0;16;15H-17H;TARDE;PLENO DIA;PROBLEMA COM O FREIO;COLISÃO TRASEIRA;CÉU CLARO;DUPLA;RETA;NÃO;0
RJ;BR-493;DUQUE DE CAXIAS;3;1;SEXTA-FEIRA;4;0;18;18H-20H;NOITE;PLENA NOITE;ACESSAR A VIA SEM OBSERVAR A PRESENÇA DOS OUTROS VEÍCULOS;ENGAVETAMENTO;NUBLADO;DUPLA;RETA;NÃO;0
GO;BR-040;VALPARAISO DE GOIAS;3;1;SEXTA-FEIRA;4;0;19;18H-20H;NOITE;PLENA NOITE;CONDUTOR DEIXOU DE MANTER DISTÂNCIA DO VEÍCULO DA FRENTE;COLISÃO TRASEIRA;NUBLADO;DUPLA;RETA;SIM;0
SP;BR-116;MIRACATU;3;1;SEXTA-FEIRA;4;0;20;18H-20H;NOITE;PLENA NOITE;CARGA EXCESSIVA E/OU MAL ACONDICIONADA;TOMBAMENTO;NUBLADO;DUPLA;CURVA;NÃO;0
BA;BR-101;ITABELA;3;1;SEXTA-FEIRA;4;0;20;18H-20H;NOITE;PLENA NOITE;TRANSITAR NA CONTRAMÃO;COLISÃO LATERAL SENTIDO OPOSTO;NUBLADO;SIMPLES;RETA;NÃO;1
MT;BR-174;COMODORO;3;1;SEXTA-FEIRA;4;0;15;15H-17H;TARDE;PLENO DIA;TRANSITAR NA CONTRAMÃO;COLISÃO FRONTAL;CHUVA;SIMPLES;DECLIVE;NÃO;1
GO;BR-060;GOIANAPOLIS;3;1;SEXTA-FEIRA;4;0;21;21H-23H;NOITE;PLENA NOITE;AUSÊNCIA DE REAÇÃO DO CONDUTOR;COLISÃO TRANSVERSAL;VENTO;DUPLA;INTERSEÇÃO DE VIAS;NÃO;0
PR;BR-376;SARANDI;3;1;SEXTA-FEIRA;4;0;19;18H-20H;NOITE;PLENA NOITE;TRANSTORNOS MENTAIS (EXCETO SUICIDIO);COLISÃO FRONTAL;CÉU CLARO;DUPLA;ACLIVE;SIM;0
MT;BR-364;ALTO GARCAS;3;1;SEXTA-FEIRA;4;0;19;18H-20H;NOITE;PLENA NOITE;TRANSITAR NA CONTRAMÃO;COLISÃO FRONTAL;CÉU CLARO;SIMPLES;RETA;NÃO;1
MT;BR-070;PRIMAVERA DO LESTE;3;1;SEXTA-FEIRA;4;0;22;21H-23H;NOITE;PLENA NOITE;INGESTÃO DE ÁLCOOL PELO CONDUTOR;TOMBAMENTO;CÉU CLARO;SIMPLES;RETA;NÃO;0
MG;BR-381;CAETE;3;1;SEXTA-FEIRA;4;0;23;21H-23H;NOITE;PLENA NOITE;DEMAIS FALHAS MECÂNICAS OU ELÉTRICAS;INCÊNDIO;CÉU CLARO;DUPLA;RETA;NÃO;0
SC;BR-470;RODEIO;3;1;SÁBADO;5;1;3;03H-05H;MADRUGADA;PLENO DIA;INGESTÃO DE ÁLCOOL PELO CONDUTOR;COLISÃO TRASEIRA;CÉU CLARO;SIMPLES;RETA;SIM;0
BA;BR-020;SAO DESIDERIO;3;1;SÁBADO;5;1;3;03H-05H;MADRUGADA;PLENA NOITE;REAÇÃO TARDIA OU INEFICIENTE DO CONDUTOR;COLISÃO LATERAL SENTIDO OPOSTO;CÉU CLARO;SIMPLES;RETA;NÃO;1
AM;BR-319;HUMAITA;3;1;SEXTA-FEIRA;4;0;21;21H-23H;NOITE;PLENA NOITE;ULTRAPASSAGEM INDEVIDA;COLISÃO LATERAL MESMO SENTIDO;NUBLADO;SIMPLES;"RETA;ACLIVE";NÃO;1
SC;BR-101;BALNEARIO CAMBORIU;3;1;SÁBADO;5;1;5;03H-05H;MADRUGADA;AMANHECER;AUSÊNCIA DE REAÇÃO DO CONDUTOR;COLISÃO TRASEIRA;CÉU CLARO;MÚLTIPLA;RETA;SIM;0
MG;BR-153;CENTRALINA;3;1;SÁBADO;5;1;5;03H-05H;MADRUGADA;PLENA NOITE;AUSÊNCIA DE REAÇÃO DO CONDUTOR;SAÍDA DE LEITO CARROÇÁVEL;CÉU CLARO;DUPLA;RETA;NÃO;0
MA;BR-135;SAO LUIS;3;1;SÁBADO;5;1;5;03H-05H;MADRUGADA;AMANHECER;REAÇÃO TARDIA OU INEFICIENTE DO CONDUTOR;TOMBAMENTO;NUBLADO;DUPLA;RETORNO REGULAMENTADO;SIM;0
MT;BR-364;JACIARA;3;1;SÁBADO;5;1;5;03H-05H;MADRUGADA;AMANHECER;CONDUTOR DEIXOU DE MANTER DISTÂNCIA DO VEÍCULO DA FRENTE;COLISÃO TRASEIRA;CÉU CLARO;DUPLA;RETA;NÃO;0
RO;BR-364;ARIQUEMES;3;1;SEXTA-FEIRA;4;0;21;21H-23H;NOITE;PLENA NOITE;REAÇÃO TARDIA OU INEFICIENTE DO CONDUTOR;ENGAVETAMENTO;NUBLADO;SIMPLES;RETA;NÃO;0
RJ;BR-116;QUEIMADOS;3;1;SÁBADO;5;1;7;06H-08H;MANHA;PLENO DIA;AUSÊNCIA DE REAÇÃO DO CONDUTOR;COLISÃO TRASEIRA;CÉU CLARO;DUPLA;RETA;SIM;0
MS;BR-262;CAMPO GRANDE;3;1;SÁBADO;5;1;6;06H-08H;MANHA;PLENO DIA;DEMAIS FALHAS MECÂNICAS OU ELÉTRICAS;SAÍDA DE LEITO CARROÇÁVEL;GAROA/CHUVISCO;SIMPLES;ACLIVE;NÃO;0
MG;BR-116;CATUJI;3;1;SÁBADO;5;1;4;03H-05H;MADRUGADA;PLENA NOITE;AUSÊNCIA DE REAÇÃO DO CONDUTOR;SAÍDA DE LEITO CARROÇÁVEL;IGNORADO;SIMPLES;"RETA;ACLIVE";NÃO;0
RJ;BR-493;NOVA IGUACU;3;1;QUARTA-FEIRA;2;0;8;06H-08H;MANHA;PLENO DIA;VELOCIDADE INCOMPATÍVEL;SAÍDA DE LEITO CARROÇÁVEL;CÉU CLARO;DUPLA;RETA;SIM;0
CE;BR-116;ITAITINGA;3;1;SÁBADO;5;1;11;09H-11H;MANHA;PLENO DIA;PEDESTRE CRUZAVA A PISTA FORA DA FAIXA;ATROPELAMENTO DE PEDESTRE;NUBLADO;DUPLA;RETA;NÃO;0
MA;BR-226;BARRA DO CORDA;3;1;SÁBADO;5;1;11;09H-11H;MANHA;PLENO DIA;SUICÍDIO (PRESUMIDO);ATROPELAMENTO DE PEDESTRE;CÉU CLARO;SIMPLES;RETA;SIM;1
BA;BR-135;RIACHAO DAS NEVES;3;1;SÁBADO;5;1;7;06H-08H;MANHA;PLENO DIA;ACOSTAMENTO EM DESNÍVEL;TOMBAMENTO;CÉU CLARO;SIMPLES;RETA;NÃO;0
BA;BR-116;FEIRA DE SANTANA;3;1;SÁBADO;5;1;12;12H-14H;TARDE;PLENO DIA;MANOBRA DE MUDANÇA DE FAIXA;COLISÃO LATERAL MESMO SENTIDO;CÉU CLARO;DUPLA;"RETA;ACLIVE";NÃO;0
RJ;BR-101;CAMPOS DOS GOYTACAZES;3;1;SÁBADO;5;1;13;12H-14H;TARDE;PLENO DIA;ACESSAR A VIA SEM OBSERVAR A PRESENÇA DOS OUTROS VEÍCULOS;COLISÃO TRANSVERSAL;CÉU CLARO;SIMPLES;INTERSEÇÃO DE VIAS;SIM;0
MG;BR-365;CLARO DOS POCOES;3;1;SÁBADO;5;1;12;12H-14H;TARDE;PLENO DIA;VELOCIDADE INCOMPATÍVEL;SAÍDA DE LEITO CARROÇÁVEL;CÉU CLARO;SIMPLES;"DECLIVE;CURVA";NÃO;0
BA;BR-116;MILAGRES;3;1;SEXTA-FEIRA;4;0;19;18H-20H;NOITE;PLENA NOITE;DEMAIS FALHAS MECÂNICAS OU ELÉTRICAS;INCÊNDIO;CÉU CLARO;SIMPLES;RETA;NÃO;0
MS;BR-163;BANDEIRANTES;3;1;SEXTA-FEIRA;4;0;14;12H-14H;TARDE;PLENO DIA;ACESSAR A VIA SEM OBSERVAR A PRESENÇA DOS OUTROS VEÍCULOS;COLISÃO TRANSVERSAL;CÉU CLARO;SIMPLES;"RETORNO REGULAMENTADO;INTERSEÇÃO DE VIAS;RETA";SIM;0
GO;BR-158;PIRANHAS;3;1;SÁBADO;5;1;6;06H-08H;MANHA;PLENO DIA;CONDUTOR DORMINDO;COLISÃO LATERAL SENTIDO OPOSTO;CÉU CLARO;SIMPLES;DECLIVE;NÃO;0
SC;BR-480;CHAPECO;3;1;SÁBADO;5;1;15;15H-17H;TARDE;PLENO DIA;REAÇÃO TARDIA OU INEFICIENTE DO CONDUTOR;TOMBAMENTO;GAROA/CHUVISCO;DUPLA;"DECLIVE;CURVA";NÃO;0
SC;BR-282;PONTE SERRADA;3;1;SÁBADO;5;1;13;12H-14H;TARDE;PLENO DIA;ACUMULO DE ÁGUA SOBRE O PAVIMENTO;COLISÃO LATERAL SENTIDO OPOSTO;CHUVA;SIMPLES;"RETA;ACLIVE";NÃO;0
SC;BR-282;DESCANSO;3;1;SÁBADO;5;1;12;12H-14H;TARDE;PLENO DIA;TRANSITAR NA CONTRAMÃO;COLISÃO FRONTAL;NUBLADO;SIMPLES;"CURVA;DECLIVE";NÃO;1
GO;BR-153;GOIANIA;3;1;SÁBADO;5;1;16;15H-17H;TARDE;PLENO DIA;REAÇÃO TARDIA OU INEFICIENTE DO CONDUTOR;COLISÃO LATERAL MESMO SENTIDO;CÉU CLARO;DUPLA;DECLIVE;SIM;0
MG;BR-381;ITAPEVA;3;1;SÁBADO;5;1;17;15H-17H;TARDE;PLENO DIA;INGESTÃO DE ÁLCOOL PELO CONDUTOR;COLISÃO TRASEIRA;CÉU CLARO;DUPLA;CURVA;NÃO;0
PR;BR-369;CAMBARA;3;1;SÁBADO;5;1;15;15H-17H;TARDE;PLENO DIA;ACESSAR A VIA SEM OBSERVAR A PRESENÇA DOS OUTROS VEÍCULOS;COLISÃO TRANSVERSAL;CÉU CLARO;SIMPLES;INTERSEÇÃO DE VIAS;NÃO;0
RJ;BR-101;ITABORAI;3;1;SÁBADO;5;1;9;09H-11H;MANHA;PLENO DIA;AUSÊNCIA DE REAÇÃO DO CONDUTOR;TOMBAMENTO;CÉU CLARO;SIMPLES;"CURVA;ACLIVE";NÃO;0
PE;BR-116;SALGUEIRO;3;1;SÁBADO;5;1;14;12H-14H;TARDE;PLENO DIA;TRANSITAR NA CONTRAMÃO;COLISÃO FRONTAL;CÉU CLARO;SIMPLES;DECLIVE;NÃO;1
TO;BR-010;APARECIDA DO RIO NEGRO;3;1;SÁBADO;5;1;18;18H-20H;NOITE;ANOITECER;REAÇÃO TARDIA OU INEFICIENTE DO CONDUTOR;COLISÃO LATERAL SENTIDO OPOSTO;IGNORADO;SIMPLES;"CURVA;DECLIVE";NÃO;0
CE;BR-116;BREJO SANTO;3;1;SÁBADO;5;1;19;18H-20H;NOITE;PLENO DIA;PISTA ESBURACADA;COLISÃO LATERAL SENTIDO OPOSTO;CÉU CLARO;SIMPLES;RETA;SIM;0
ES;BR-101;PEDRO CANARIO;3;1;SÁBADO;5;1;18;18H-20H;NOITE;PLENA NOITE;VELOCIDADE INCOMPATÍVEL;TOMBAMENTO;CÉU CLARO;SIMPLES;CURVA;NÃO;0
SC;BR-470;TROMBUDO CENTRAL;3;1;SÁBADO;5;1;19;18H-20H;NOITE;PLENA NOITE;CONVERSÃO PROIBIDA;COLISÃO FRONTAL;CÉU CLARO;SIMPLES;INTERSEÇÃO DE VIAS;NÃO;0
MG;BR-040;ESMERALDAS;3;1;SÁBADO;5;1;20;18H-20H;NOITE;PLENA NOITE;REAÇÃO TARDIA OU INEFICIENTE DO CONDUTOR;COLISÃO LATERAL MESMO SENTIDO;CÉU CLARO;DUPLA;RETA;NÃO;0
MT;BR-163;SORRISO;3;1;SÁBADO;5;1;17;15H-17H;TARDE;PLENO DIA;ULTRAPASSAGEM INDEVIDA;COLISÃO LATERAL MESMO SENTIDO;NUBLADO;SIMPLES;RETA;NÃO;0
RJ;BR-493;MAGE;3;1;SÁBADO;5;1;19;18H-20H;NOITE;PLENA NOITE;ACESSAR A VIA SEM OBSERVAR A PRESENÇA DOS OUTROS VEÍCULOS;COLISÃO TRANSVERSAL;CÉU CLARO;SIMPLES;RETA;SIM;0
GO;BR-452;ITUMBIARA;3;1;SÁBADO;5;1;16;15H-17H;TARDE;PLENO DIA;ACOSTAMENTO EM DESNÍVEL;SAÍDA DE LEITO CARROÇÁVEL;CÉU CLARO;SIMPLES;ACLIVE;NÃO;0
MT;BR-174;CACERES;3;1;SÁBADO;5;1;18;18H-20H;NOITE;PLENA NOITE;INGESTÃO DE ÁLCOOL PELO CONDUTOR;COLISÃO LATERAL SENTIDO OPOSTO;CHUVA;SIMPLES;RETA;NÃO;0
CE;BR-116;LIMOEIRO DO NORTE;3;1;SÁBADO;5;1;15;15H-17H;TARDE;PLENO DIA;CURVA ACENTUADA;TOMBAMENTO;CÉU CLARO;SIMPLES;CURVA;SIM;0
BA;BR-116;CANUDOS;3;1;SÁBADO;5;1;8;06H-08H;MANHA;PLENO DIA;DEMAIS FALHAS MECÂNICAS OU ELÉTRICAS;INCÊNDIO;CÉU CLARO;SIMPLES;RETA;NÃO;0
BA;BR-101;ITAMARAJU;3;1;SÁBADO;5;1;18;18H-20H;NOITE;ANOITECER;REAÇÃO TARDIA OU INEFICIENTE DO CONDUTOR;TOMBAMENTO;NUBLADO;SIMPLES;"DECLIVE;CURVA";NÃO;0
PR;BR-476;LAPA;3;1;SÁBADO;5;1;21;21H-23H;NOITE;PLENA NOITE;AUSÊNCIA DE REAÇÃO DO CONDUTOR;SAÍDA DE LEITO CARROÇÁVEL;CÉU CLARO;SIMPLES;CURVA;NÃO;0
SE;BR-101;CRISTINAPOLIS;3;1;SÁBADO;5;1;22;21H-23H;NOITE;PLENA NOITE;TRANSITAR NA CONTRAMÃO;COLISÃO LATERAL SENTIDO OPOSTO;CÉU CLARO;SIMPLES;"CURVA;ACLIVE";NÃO;0
GO;BR-153;RIALMA;3;1;SÁBADO;5;1;19;18H-20H;NOITE;PLENA NOITE;CONDUTOR DEIXOU DE MANTER DISTÂNCIA DO VEÍCULO DA FRENTE;COLISÃO TRASEIRA;CÉU CLARO;SIMPLES;"RETA;ACLIVE";NÃO;0
PR;BR-373;PONTA GROSSA;3;1;SÁBADO;5;1;22;21H-23H;NOITE;PLENA NOITE;CONDUTOR DORMINDO;COLISÃO COM OBJETO;NUBLADO;SIMPLES;"RETA;ACLIVE";NÃO;0
MG;BR-116;SAO FRANCISCO DO GLORIA;3;1;SÁBADO;5;1;22;21H-23H;NOITE;PLENA NOITE;INGESTÃO DE ÁLCOOL PELO CONDUTOR;COLISÃO LATERAL SENTIDO OPOSTO;CÉU CLARO;SIMPLES;"CURVA;DECLIVE";NÃO;0
RS;BR-285;SANTA BARBARA DO SUL;3;1;DOMINGO;6;1;1;00H-02H;MADRUGADA;PLENA NOITE;AUSÊNCIA DE REAÇÃO DO CONDUTOR;COLISÃO TRASEIRA;CÉU CLARO;SIMPLES;ACLIVE;NÃO;0
PI;BR-343;TERESINA;3;1;DOMINGO;6;1;1;00H-02H;MADRUGADA;PLENA NOITE;CONDUTOR DESRESPEITOU A ILUMINAÇÃO VERMELHA DO SEMÁFORO;COLISÃO TRANSVERSAL;CÉU CLARO;SIMPLES;"EM OBRAS;INTERSEÇÃO DE VIAS";SIM;0
BA;BR-101;ITABUNA;3;1;DOMINGO;6;1;3;03H-05H;MADRUGADA;PLENA NOITE;ANIMAIS NA PISTA;ATROPELAMENTO DE ANIMAL;CÉU CLARO;SIMPLES;RETA;NÃO;0
SP;BR-116;JACAREI;3;1;DOMINGO;6;1;2;00H-02H;MADRUGADA;PLENO DIA;AUSÊNCIA DE REAÇÃO DO CONDUTOR;COLISÃO TRASEIRA;CÉU CLARO;DUPLA;RETA;NÃO;0
MG;BR-040;SETE LAGOAS;3;1;DOMINGO;6;1;4;03H-05H;MADRUGADA;PLENA NOITE;CARGA EXCESSIVA E/OU MAL ACONDICIONADA;TOMBAMENTO;CÉU CLARO;MÚLTIPLA;CURVA;SIM;0
SC;BR-280;TRES BARRAS;3;1;DOMINGO;6;1;6;06H-08H;MANHA;AMANHECER;AUSÊNCIA DE REAÇÃO DO CONDUTOR;COLISÃO COM OBJETO;CÉU CLARO;SIMPLES;RETA;NÃO;0
SC;BR-280;GUARAMIRIM;3;1;DOMINGO;6;1;6;06H-08H;MANHA;AMANHECER;CONVERSÃO PROIBIDA;COLISÃO TRANSVERSAL;CÉU CLARO;DUPLA;RETA;NÃO;0
SP;BR-153;GUAICARA;3;1;DOMINGO;6;1;8;06H-08H;MANHA;PLENO DIA;ACESSAR A VIA SEM OBSERVAR A PRESENÇA DOS OUTROS VEÍCULOS;COLISÃO TRANSVERSAL;CÉU CLARO;SIMPLES;INTERSEÇÃO DE VIAS;NÃO;0
PR;BR-373;CHOPINZINHO;3;1;DOMINGO;6;1;5;03H-05H;MADRUGADA;AMANHECER;INGESTÃO DE ÁLCOOL PELO CONDUTOR;COLISÃO FRONTAL;CÉU CLARO;SIMPLES;CURVA;NÃO;1
MT;BR-364;ALTO GARCAS;3;1;DOMINGO;6;1;8;06H-08H;MANHA;PLENO DIA;ACESSAR A VIA SEM OBSERVAR A PRESENÇA DOS OUTROS VEÍCULOS;COLISÃO TRANSVERSAL;CÉU CLARO;SIMPLES;INTERSEÇÃO DE VIAS;NÃO;0
BA;BR-110;PAULO AFONSO;3;1;DOMINGO;6;1;9;09H-11H;MANHA;PLENO DIA;CONDUTOR DEIXOU DE MANTER DISTÂNCIA DO VEÍCULO DA FRENTE;ENGAVETAMENTO;CÉU CLARO;SIMPLES;RETA;NÃO;0
SP;BR-116;MIRACATU;3;1;DOMINGO;6;1;10;09H-11H;MANHA;PLENO DIA;DEMAIS FALHAS MECÂNICAS OU ELÉTRICAS;COLISÃO TRASEIRA;SOL;DUPLA;"DECLIVE;CURVA";NÃO;0
SC;BR-101;PENHA;3;1;DOMINGO;6;1;12;12H-14H;TARDE;PLENO DIA;VELOCIDADE INCOMPATÍVEL;SAÍDA DE LEITO CARROÇÁVEL;SOL;DUPLA;"DECLIVE;CURVA";NÃO;0
MT;BR-163;RONDONOPOLIS;3;1;DOMINGO;6;1;9;09H-11H;MANHA;PLENO DIA;AUSÊNCIA DE REAÇÃO DO CONDUTOR;COLISÃO LATERAL MESMO SENTIDO;NUBLADO;DUPLA;RETA;NÃO;0
SC;BR-282;PONTE SERRADA;3;1;DOMINGO;6;1;12;12H-14H;TARDE;PLENO DIA;CONVERSÃO PROIBIDA;COLISÃO TRANSVERSAL;CÉU CLARO;SIMPLES;RETA;NÃO;0
MG;BR-040;PARAOPEBA;3;1;DOMINGO;6;1;14;12H-14H;TARDE;PLENO DIA;DEMAIS FALHAS MECÂNICAS OU ELÉTRICAS;INCÊNDIO;CÉU CLARO;DUPLA;RETA;NÃO;0
PR;BR-376;ORTIGUEIRA;3;1;DOMINGO;6;1;11;09H-11H;MANHA;PLENO DIA;AUSÊNCIA DE REAÇÃO DO CONDUTOR;COLISÃO LATERAL MESMO SENTIDO;NUBLADO;DUPLA;RETA;NÃO;0
BA;BR-324;FEIRA DE SANTANA;3;1;DOMINGO;6;1;16;15H-17H;TARDE;PLENO DIA;REAÇÃO TARDIA OU INEFICIENTE DO CONDUTOR;COLISÃO TRASEIRA;SOL;DUPLA;"RETA;ROTATÓRIA;VIADUTO";SIM;0
TO;BR-153;NOVA ROSALANDIA;3;1;DOMINGO;6;1;16;15H-17H;TARDE;PLENO DIA;AUSÊNCIA DE REAÇÃO DO CONDUTOR;COLISÃO TRASEIRA;NUBLADO;DUPLA;RETA;SIM;0
RS;BR-293;CAPAO DO LEAO;3;1;DOMINGO;6;1;17;15H-17H;TARDE;PLENO DIA;ACESSAR A VIA SEM OBSERVAR A PRESENÇA DOS OUTROS VEÍCULOS;COLISÃO TRANSVERSAL;CÉU CLARO;SIMPLES;"RETA;INTERSEÇÃO DE VIAS";SIM;1
SC;BR-280;SAO FRANCISCO DO SUL;3;1;DOMINGO;6;1;18;18H-20H;NOITE;PLENA NOITE;TRANSITAR NA CONTRAMÃO;COLISÃO LATERAL SENTIDO OPOSTO;NUBLADO;SIMPLES;RETA;NÃO;0
SC;BR-280;MAFRA;3;1;SÁBADO;5;1;11;09H-11H;MANHA;PLENO DIA;CONDUTOR DORMINDO;COLISÃO FRONTAL;CÉU CLARO;SIMPLES;RETA;NÃO;0
PE;BR-408;CARPINA;3;1;DOMINGO;6;1;18;18H-20H;NOITE;PLENA NOITE;TRANSITAR NA CONTRAMÃO;COLISÃO LATERAL SENTIDO OPOSTO;CÉU CLARO;SIMPLES;RETA;NÃO;0
RS;BR-116;ELDORADO DO SUL;3;1;DOMINGO;6;1;18;18H-20H;NOITE;PLENA NOITE;ULTRAPASSAGEM INDEVIDA;COLISÃO LATERAL MESMO SENTIDO;CÉU CLARO;SIMPLES;RETA;NÃO;0
GO;BR-153;PIRACANJUBA;3;1;DOMINGO;6;1;14;12H-14H;TARDE;PLENO DIA;VELOCIDADE INCOMPATÍVEL;CAPOTAMENTO;CÉU CLARO;DUPLA;"RETA;DECLIVE";NÃO;0
SC;BR-282;SAO MIGUEL DO OESTE;3;1;DOMINGO;6;1;19;18H-20H;NOITE;PLENA NOITE;INGESTÃO DE ÁLCOOL PELO CONDUTOR;COLISÃO LATERAL SENTIDO OPOSTO;CÉU CLARO;MÚLTIPLA;RETA;NÃO;0
SP;BR-116;ITAPECERICA DA SERRA;3;1;QUINTA-FEIRA;3;0;15;15H-17H;TARDE;PLENO DIA;REAÇÃO TARDIA OU INEFICIENTE DO CONDUTOR;TOMBAMENTO;CÉU CLARO;DUPLA;RETA;SIM;0
SC;BR-280;SAO BENTO DO SUL;3;1;DOMINGO;6;1;12;12H-14H;TARDE;PLENO DIA;ACESSAR A VIA SEM OBSERVAR A PRESENÇA DOS OUTROS VEÍCULOS;ATROPELAMENTO DE PEDESTRE;CÉU CLARO;SIMPLES;RETA;NÃO;0
BA;BR-116;JAGUAQUARA;3;1;DOMINGO;6;1;21;21H-23H;NOITE;PLENA NOITE;INGESTÃO DE ÁLCOOL PELO CONDUTOR;COLISÃO TRASEIRA;NUBLADO;SIMPLES;RETA;NÃO;0
SP;BR-153;JACI;2;1;SÁBADO;5;1;16;15H-17H;TARDE;PLENO DIA;INGESTÃO DE ÁLCOOL PELO CONDUTOR;COLISÃO LATERAL MESMO SENTIDO;CÉU CLARO;SIMPLES;"CURVA;EM OBRAS";NÃO;0
RJ;BR-465;NOVA IGUACU;3;1;DOMINGO;6;1;20;18H-20H;NOITE;PLENA NOITE;TRANSITAR NO ACOSTAMENTO;COLISÃO LATERAL MESMO SENTIDO;CÉU CLARO;SIMPLES;RETA;NÃO;0
SC;BR-101;BALNEARIO PICARRAS;3;1;DOMINGO;6;1;21;21H-23H;NOITE;PLENA NOITE;ESTACIONAR OU PARAR EM LOCAL PROIBIDO;COLISÃO TRASEIRA;CÉU CLARO;DUPLA;RETA;SIM;0
MS;BR-267;NOVA ALVORADA DO SUL;3;1;DOMINGO;6;1;18;18H-20H;NOITE;ANOITECER;CARGA EXCESSIVA E/OU MAL ACONDICIONADA;INCÊNDIO;GAROA/CHUVISCO;SIMPLES;RETA;NÃO;0
BA;BR-101;CONCEICAO DO JACUIPE;3;1;DOMINGO;6;1;21;21H-23H;NOITE;PLENA NOITE;ACOSTAMENTO EM DESNÍVEL;TOMBAMENTO;CÉU CLARO;SIMPLES;RETA;SIM;0
MG;BR-381;JOAO MONLEVADE;3;1;DOMINGO;6;1;23;21H-23H;NOITE;PLENA NOITE;INGESTÃO DE ÁLCOOL PELO CONDUTOR;SAÍDA DE LEITO CARROÇÁVEL;CÉU CLARO;SIMPLES;"DECLIVE;RETA";NÃO;0
MA;BR-222;ACAILANDIA;3;1;DOMINGO;6;1;22;21H-23H;NOITE;PLENA NOITE;REAÇÃO TARDIA OU INEFICIENTE DO CONDUTOR;COLISÃO LATERAL SENTIDO OPOSTO;CÉU CLARO;SIMPLES;RETA;NÃO;0
RS;BR-285;LAGOA VERMELHA;3;1;SEGUNDA-FEIRA;0;0;1;00H-02H;MADRUGADA;PLENA NOITE;REAÇÃO TARDIA OU INEFICIENTE DO CONDUTOR;COLISÃO TRASEIRA;CÉU CLARO;SIMPLES;RETA;NÃO;0
CE;BR-116;BARRO;3;1;DOMINGO;6;1;23;21H-23H;NOITE;PLENA NOITE;AUSÊNCIA DE REAÇÃO DO CONDUTOR;COLISÃO TRASEIRA;CÉU CLARO;SIMPLES;RETA;NÃO;0
MG;BR-040;ITABIRITO;3;1;SEGUNDA-FEIRA;0;0;2;00H-02H;MADRUGADA;PLENA NOITE;AUSÊNCIA DE REAÇÃO DO CONDUTOR;TOMBAMENTO;NUBLADO;SIMPLES;"CURVA;DECLIVE";SIM;0
BA;BR-407;SENHOR DO BONFIM;3;1;SEGUNDA-FEIRA;0;0;2;00H-02H;MADRUGADA;PLENA NOITE;TRANSITAR NA CONTRAMÃO;COLISÃO LATERAL SENTIDO OPOSTO;CÉU CLARO;SIMPLES;"RETA;ACLIVE";NÃO;1
PR;BR-376;GUARATUBA;3;1;SEGUNDA-FEIRA;0;0;3;03H-05H;MADRUGADA;PLENA NOITE;REAÇÃO TARDIA OU INEFICIENTE DO CONDUTOR;COLISÃO TRASEIRA;NUBLADO;DUPLA;RETA;NÃO;0
BA;BR-116;FEIRA DE SANTANA;3;1;SEGUNDA-FEIRA;0;0;5;03H-05H;MADRUGADA;PLENO DIA;INGESTÃO DE ÁLCOOL PELO CONDUTOR;COLISÃO LATERAL MESMO SENTIDO;CÉU CLARO;DUPLA;RETA;NÃO;0
SC;BR-101;ICARA;3;1;SEGUNDA-FEIRA;0;0;6;06H-08H;MANHA;AMANHECER;AUSÊNCIA DE REAÇÃO DO CONDUTOR;COLISÃO LATERAL MESMO SENTIDO;CÉU CLARO;DUPLA;RETA;NÃO;0