uf;br_formatada;municipio;mes;trimestre;dia_semana;dia_semana_num;fim_de_semana;hora;faixa_horaria;turno;fase_dia;causa_acidente;tipo_acidente;condicao_metereologica;tipo_pista;tracado_via;uso_solo;acidente_fatal
PA;BR-155;MARABA;4;2;QUINTA-FEIRA;3;0;19;18H-20H;NOITE;PLENA NOITE;DEMAIS FALHAS MECÂNICAS OU ELÉTRICAS;COLISÃO TRASEIRA;CÉU CLARO;SIMPLES;RETA;NÃO;1
GO;BR-153;PORANGATU;4;2;QUINTA-FEIRA;3;0;20;18H-20H;NOITE;PLENA NOITE;DEFICIÊNCIA DO SISTEMA DE ILUMINAÇÃO/SINALIZAÇÃO;COLISÃO LATERAL MESMO SENTIDO;CÉU CLARO;SIMPLES;RETA;NÃO;0
SP;BR-381;VARGEM;4;2;QUINTA-FEIRA;3;0;23;21H-23H;NOITE;PLENA NOITE;REAÇÃO TARDIA OU INEFICIENTE DO CONDUTOR;COLISÃO TRASEIRA;CÉU CLARO;SIMPLES;"ACLIVE;RETA";SIM;0
PA;BR-316;CASTANHAL;4;2;SEXTA-FEIRA;4;0;0;00H-02H;MADRUGADA;PLENA NOITE;INGESTÃO DE ÁLCOOL PELO CONDUTOR;COLISÃO FRONTAL;CÉU CLARO;DUPLA;RETA;SIM;0
GO;BR-050;CAMPO ALEGRE DE GOIAS;4;2;SEXTA-FEIRA;4;0;1;00H-02H;MADRUGADA;PLENA NOITE;AUSÊNCIA DE REAÇÃO DO CONDUTOR;COLISÃO TRASEIRA;CÉU CLARO;DUPLA;RETA;NÃO;0
MT;BR-364;CUIABA;4;2;SEXTA-FEIRA;4;0;1;00H-02H;MADRUGADA;PLENA NOITE;ULTRAPASSAGEM INDEVIDA;COLISÃO LATERAL MESMO SENTIDO;CHUVA;MÚLTIPLA;INTERSEÇÃO DE VIAS;SIM;0
ES;BR-101;SAO MATEUS;4;2;SEXTA-FEIRA;4;0;3;03H-05H;MADRUGADA;PLENA NOITE;CONDUTOR DORMINDO;COLISÃO COM OBJETO;NUBLADO;SIMPLES;RETA;NÃO;0
SC;BR-101;ARAQUARI;4;2;SEXTA-FEIRA;4;0;2;00H-02H;MADRUGADA;PLENA NOITE;VELOCIDADE INCOMPATÍVEL;COLISÃO COM OBJETO;NUBLADO;DUPLA;RETA;NÃO;1
RJ;BR-116;PINHEIRAL;4;2;SEXTA-FEIRA;4;0;5;03H-05H;MADRUGADA;AMANHECER;AUSÊNCIA DE REAÇÃO DO CONDUTOR;COLISÃO COM OBJETO;NUBLADO;MÚLTIPLA;"ACLIVE;RETA";NÃO;0
MS;BR-163;DOURADOS;4;2;SEXTA-FEIRA;4;0;5;03H-05H;MADRUGADA;PLENO DIA;AUSÊNCIA DE REAÇÃO DO CONDUTOR;COLISÃO TRASEIRA;CÉU CLARO;SIMPLES;RETA;NÃO;0
BA;BR-407;PONTO NOVO;4;2;QUINTA-FEIRA;3;0;15;15H-17H;TARDE;PLENO DIA;DEMAIS FALHAS MECÂNICAS OU ELÉTRICAS;INCÊNDIO;CÉU CLARO;SIMPLES;RETA;SIM;0
BA;BR-101;PORTO SEGURO;4;2;SEXTA-FEIRA;4;0;0;00H-02H;MADRUGADA;PLENA NOITE;CONDUTOR DEIXOU DE MANTER DISTÂNCIA DO VEÍCULO DA FRENTE;COLISÃO TRASEIRA;NUBLADO;SIMPLES;RETA;SIM;0
PI;BR-222;SAO JOAO DA FRONTEIRA;4;2;SEXTA-FEIRA;4;0;4;03H-05H;MADRUGADA;PLENA NOITE;VELOCIDADE INCOMPATÍVEL;CAPOTAMENTO;IGNORADO;SIMPLES;"DECLIVE;CURVA";NÃO;0
GO;BR-060;GUAPO;4;2;SEXTA-FEIRA;4;0;7;06H-08H;MANHA;PLENO DIA;MANOBRA DE MUDANÇA DE FAIXA;COLISÃO LATERAL MESMO SENTIDO;CÉU CLARO;DUPLA;"RETORNO REGULAMENTADO;RETA";NÃO;0
SP;BR-116;SAO JOSE DOS CAMPOS;4;2;SEXTA-FEIRA;4;0;8;06H-08H;MANHA;PLENO DIA;CARGA EXCESSIVA E/OU MAL ACONDICIONADA;COLISÃO COM OBJETO;NUBLADO;DUPLA;RETA;SIM;0
ES;BR-101;CARIACICA;4;2;SEXTA-FEIRA;4;0;8;06H-08H;MANHA;PLENO DIA;MANOBRA DE MUDANÇA DE FAIXA;COLISÃO TRANSVERSAL;CÉU CLARO;DUPLA;"RETA;RETORNO REGULAMENTADO";SIM;0
RJ;BR-101;RIO DAS OSTRAS;4;2;SEXTA-FEIRA;4;0;7;06H-08H;MANHA;PLENO DIA;CONDUTOR DEIXOU DE MANTER DISTÂNCIA DO VEÍCULO DA FRENTE;COLISÃO TRASEIRA;CÉU CLARO;SIMPLES;RETA;NÃO;0
MT;BR-070;PRIMAVERA DO LESTE;4;2;SEXTA-FEIRA;4;0;7;06H-08H;MANHA;PLENO DIA;CONDUTOR DEIXOU DE MANTER DISTÂNCIA DO VEÍCULO DA FRENTE;COLISÃO TRASEIRA;CÉU CLARO;SIMPLES;RETA;SIM;0
PA;BR-163;TRAIRAO;4;2;SEXTA-FEIRA;4;0;5;03H-05H;MADRUGADA;AMANHECER;AUSÊNCIA DE REAÇÃO DO CONDUTOR;COLISÃO FRONTAL;CÉU CLARO;SIMPLES;"ACLIVE;RETA";NÃO;0
PR;BR-376;TIJUCAS DO SUL;4;2;SEXTA-FEIRA;4;0;8;06H-08H;MANHA;PLENO DIA;DESRESPEITAR A PREFERÊNCIA NO CRUZAMENTO;COLISÃO TRASEIRA;CÉU CLARO;DUPLA;CURVA;NÃO;0
AL;BR-104;MURICI;4;2;SEXTA-FEIRA;4;0;9;09H-11H;MANHA;PLENO DIA;CONDUTOR DEIXOU DE MANTER DISTÂNCIA DO VEÍCULO DA FRENTE;COLISÃO TRASEIRA;CÉU CLARO;SIMPLES;"DECLIVE;CURVA";NÃO;0
BA;BR-242;BOA VISTA DO TUPIM;4;2;SEXTA-FEIRA;4;0;4;03H-05H;MADRUGADA;AMANHECER;VELOCIDADE INCOMPATÍVEL;COLISÃO TRASEIRA;CÉU CLARO;SIMPLES;"RETA;ACLIVE";NÃO;0
CE;BR-116;HORIZONTE;4;2;SEXTA-FEIRA;4;0;10;09H-11H;MANHA;PLENO DIA;REAÇÃO TARDIA OU INEFICIENTE DO CONDUTOR;COLISÃO TRASEIRA;CHUVA;MÚLTIPLA;RETA;NÃO;0
SC;BR-101;ITAPEMA;4;2;SEXTA-FEIRA;4;0;10;09H-11H;MANHA;PLENO DIA;AUSÊNCIA DE REAÇÃO DO CONDUTOR;COLISÃO LATERAL MESMO SENTIDO;NUBLADO;MÚLTIPLA;RETA;SIM;0
MA;BR-010;PORTO FRANCO;4;2;SEXTA-FEIRA;4;0;4;03H-05H;MADRUGADA;AMANHECER;REAÇÃO TARDIA OU INEFICIENTE DO CONDUTOR;TOMBAMENTO;CÉU CLARO;SIMPLES;RETA;NÃO;1
SE;BR-235;ITABAIANA;4;2;SEXTA-FEIRA;4;0;9;09H-11H;MANHA;PLENO DIA;ACESSAR A VIA SEM OBSERVAR A PRESENÇA DOS OUTROS VEÍCULOS;COLISÃO TRANSVERSAL;CÉU CLARO;SIMPLES;"INTERSEÇÃO DE VIAS;RETA";SIM;0
SP;BR-153;SAO JOSE DO RIO PRETO;4;2;SEXTA-FEIRA;4;0;11;09H-11H;MANHA;PLENO DIA;REAÇÃO TARDIA OU INEFICIENTE DO CONDUTOR;SAÍDA DE LEITO CARROÇÁVEL;SOL;DUPLA;ACLIVE;SIM;0
RJ;BR-116;NOVA IGUACU;4;2;SEXTA-FEIRA;4;0;11;09H-11H;MANHA;PLENO DIA;CARGA EXCESSIVA E/OU MAL ACONDICIONADA;COLISÃO COM OBJETO;CÉU CLARO;DUPLA;RETA;SIM;0
SC;BR-101;JOINVILLE;4;2;SEXTA-FEIRA;4;0;11;09H-11H;MANHA;PLENO DIA;MANOBRA DE MUDANÇA DE FAIXA;COLISÃO TRASEIRA;CHUVA;MÚLTIPLA;RETA;NÃO;0
BA;BR-116;VITORIA DA CONQUISTA;4;2;SEXTA-FEIRA;4;0;11;09H-11H;MANHA;PLENO DIA;ACESSAR A VIA SEM OBSERVAR A PRESENÇA DOS OUTROS VEÍCULOS;COLISÃO LATERAL MESMO SENTIDO;CÉU CLARO;SIMPLES;RETA;NÃO;0
CE;BR-116;TABULEIRO DO NORTE;4;2;SEXTA-FEIRA;4;0;12;12H-14H;TARDE;PLENO DIA;REAÇÃO TARDIA OU INEFICIENTE DO CONDUTOR;COLISÃO TRASEIRA;SOL;SIMPLES;CURVA;NÃO;0
MG;BR-040;TRES MARIAS;4;2;SEXTA-FEIRA;4;0;11;09H-11H;MANHA;PLENO DIA;ULTRAPASSAGEM INDEVIDA;COLISÃO LATERAL MESMO SENTIDO;CÉU CLARO;SIMPLES;RETA;NÃO;0
MS;BR-060;SIDROLANDIA;4;2;SEXTA-FEIRA;4;0;8;06H-08H;MANHA;PLENO DIA;TRANSITAR NA CONTRAMÃO;COLISÃO TRASEIRA;SOL;SIMPLES;DECLIVE;NÃO;0
SC;BR-101;JOINVILLE;4;2;SEXTA-FEIRA;4;0;11;09H-11H;MANHA;PLENO DIA;CHUVA;COLISÃO TRASEIRA;CHUVA;DUPLA;RETA;NÃO;0
RS;BR-116;CRISTAL;4;2;SEXTA-FEIRA;4;0;13;12H-14H;TARDE;PLENO DIA;CONDUTOR DORMINDO;SAÍDA DE LEITO CARROÇÁVEL;CÉU CLARO;DUPLA;RETA;NÃO;0
PA;BR-316;SANTA IZABEL DO PARA;4;2;SEXTA-FEIRA;4;0;10;09H-11H;MANHA;PLENO DIA;CONDUTOR DORMINDO;COLISÃO LATERAL MESMO SENTIDO;SOL;DUPLA;RETA;NÃO;0
MG;BR-251;MONTES CLAROS;4;2;SEXTA-FEIRA;4;0;14;12H-14H;TARDE;PLENO DIA;DEMAIS FALHAS MECÂNICAS OU ELÉTRICAS;INCÊNDIO;CÉU CLARO;SIMPLES;RETA;NÃO;0
MT;BR-070;CACERES;4;2;SEXTA-FEIRA;4;0;8;06H-08H;MANHA;PLENO DIA;REAÇÃO TARDIA OU INEFICIENTE DO CONDUTOR;SAÍDA DE LEITO CARROÇÁVEL;CÉU CLARO;SIMPLES;RETA;NÃO;0
SP;BR-116;SAO JOSE DOS CAMPOS;4;2;SEXTA-FEIRA;4;0;12;12H-14H;TARDE;PLENO DIA;ACESSAR A VIA SEM OBSERVAR A PRESENÇA DOS OUTROS VEÍCULOS;SAÍDA DE LEITO CARROÇÁVEL;CÉU CLARO;DUPLA;RETA;SIM;0
RO;BR-174;VILHENA;4;2;SEXTA-FEIRA;4;0;14;12H-14H;TARDE;PLENO DIA;ACESSAR A VIA SEM OBSERVAR A PRESENÇA DOS OUTROS VEÍCULOS;COLISÃO TRANSVERSAL;CHUVA;DUPLA;"INTERSEÇÃO DE VIAS;RETA";SIM;0
RN;BR-101;PARNAMIRIM;4;2;SEXTA-FEIRA;4;0;16;15H-17H;TARDE;PLENO DIA;CARGA EXCESSIVA E/OU MAL ACONDICIONADA;COLISÃO COM OBJETO;CÉU CLARO;DUPLA;VIADUTO;SIM;0
PR;BR-277;PARANAGUA;4;2;SEXTA-FEIRA;4;0;16;15H-17H;TARDE;PLENO DIA;MANOBRA DE MUDANÇA DE FAIXA;COLISÃO LATERAL MESMO SENTIDO;NUBLADO;DUPLA;RETA;SIM;0
RJ;BR-116;SAPUCAIA;4;2;SEXTA-FEIRA;4;0;14;12H-14H;TARDE;PLENO DIA;VELOCIDADE INCOMPATÍVEL;TOMBAMENTO;NUBLADO;SIMPLES;"DECLIVE;CURVA";NÃO;0
PE;BR-232;PESQUEIRA;4;2;SEXTA-FEIRA;4;0;10;09H-11H;MANHA;PLENO DIA;TRANSITAR NA CONTRAMÃO;COLISÃO LATERAL SENTIDO OPOSTO;CÉU CLARO;SIMPLES;"CURVA;ACLIVE";NÃO;0
ES;BR-262;VIANA;4;2;SEXTA-FEIRA;4;0;17;15H-17H;TARDE;PLENO DIA;DEMAIS FALHAS MECÂNICAS OU ELÉTRICAS;EVENTOS ATÍPICOS;CÉU CLARO;DUPLA;"RETA;ACLIVE";NÃO;0
SP;BR-116;PINDAMONHANGABA;4;2;SEXTA-FEIRA;4;0;18;18H-20H;NOITE;PLENA NOITE;AUSÊNCIA DE REAÇÃO DO CONDUTOR;COLISÃO TRASEIRA;NUBLADO;DUPLA;RETA;SIM;0
MG;BR-040;OURO PRETO;4;2;SEXTA-FEIRA;4;0;18;18H-20H;NOITE;ANOITECER;ESTACIONAR OU PARAR EM LOCAL PROIBIDO;COLISÃO COM OBJETO;CÉU CLARO;SIMPLES;"CURVA;ACLIVE";NÃO;1
RS;BR-116;VACARIA;4;2;SEXTA-FEIRA;4;0;16;15H-17H;TARDE;PLENO DIA;ACESSAR A VIA SEM OBSERVAR A PRESENÇA DOS OUTROS VEÍCULOS;COLISÃO TRANSVERSAL;CÉU CLARO;SIMPLES;"INTERSEÇÃO DE VIAS;RETA";SIM;0
PB;BR-101;CAAPORA;4;2;SEXTA-FEIRA;4;0;19;18H-20H;NOITE;PLENA NOITE;AUSÊNCIA DE SINALIZAÇÃO;COLISÃO TRASEIRA;CÉU CLARO;DUPLA;RETA;NÃO;0
PR;BR-476;PAULO FRONTIN;4;2;SEXTA-FEIRA;4;0;9;09H-11H;MANHA;PLENO DIA;AUSÊNCIA DE REAÇÃO DO CONDUTOR;COLISÃO LATERAL SENTIDO OPOSTO;SOL;SIMPLES;CURVA;NÃO;0
SC;BR-101;ITAJAI;4;2;SEXTA-FEIRA;4;0;20;18H-20H;NOITE;PLENA NOITE;ACESSAR A VIA SEM OBSERVAR A PRESENÇA DOS OUTROS VEÍCULOS;COLISÃO LATERAL MESMO SENTIDO;NUBLADO;DUPLA;"PONTE;RETA;EM OBRAS";SIM;1
MG;BR-116;LEOPOLDINA;4;2;SEXTA-FEIRA;4;0;18;18H-20H;NOITE;PLENA NOITE;AUSÊNCIA DE REAÇÃO DO CONDUTOR;COLISÃO LATERAL SENTIDO OPOSTO;CÉU CLARO;SIMPLES;CURVA;NÃO;1
MG;BR-262;JUATUBA;4;2;SEXTA-FEIRA;4;0;20;18H-20H;NOITE;PLENA NOITE;ACESSAR A VIA SEM OBSERVAR A PRESENÇA DOS OUTROS VEÍCULOS;ATROPELAMENTO DE PEDESTRE;CÉU CLARO;DUPLA;RETA;NÃO;1
RN;BR-304;ITAJA;4;2;SEXTA-FEIRA;4;0;21;21H-23H;NOITE;PLENA NOITE;REAÇÃO TARDIA OU INEFICIENTE DO CONDUTOR;SAÍDA DE LEITO CARROÇÁVEL;NUBLADO;SIMPLES;DECLIVE;SIM;0
BA;BR-116;CANUDOS;4;2;SEXTA-FEIRA;4;0;20;18H-20H;NOITE;PLENA NOITE;AUSÊNCIA DE REAÇÃO DO CONDUTOR;COLISÃO FRONTAL;CHUVA;SIMPLES;"RETA;EM OBRAS";NÃO;0
MT;BR-163;DIAMANTINO;4;2;SEXTA-FEIRA;4;0;18;18H-20H;NOITE;PLENA NOITE;AUSÊNCIA DE REAÇÃO DO CONDUTOR;SAÍDA DE LEITO CARROÇÁVEL;CÉU CLARO;SIMPLES;"RETA;EM OBRAS;DESVIO TEMPORÁRIO";NÃO;0
RS;BR-285;ENTRE-IJUIS;4;2;SEXTA-FEIRA;4;0;13;12H-14H;TARDE;PLENO DIA;TRANSITAR NA CONTRAMÃO;COLISÃO LATERAL SENTIDO OPOSTO;CÉU CLARO;SIMPLES;CURVA;NÃO;0
SP;BR-116;EMBU DAS ARTES;4;2;SEXTA-FEIRA;4;0;21;21H-23H;NOITE;PLENA NOITE;PEDESTRE CRUZAVA A PISTA FORA DA FAIXA;ATROPELAMENTO DE PEDESTRE;NUBLADO;DUPLA;RETA;SIM;1
RS;BR-290;CACHOEIRA DO SUL;4;2;SEXTA-FEIRA;4;0;20;18H-20H;NOITE;PLENA NOITE;ACOSTAMENTO EM DESNÍVEL;TOMBAMENTO;NUBLADO;DUPLA;RETA;NÃO;0
SC;BR-282;FAXINAL DOS GUEDES;4;2;SEXTA-FEIRA;4;0;22;21H-23H;NOITE;PLENA NOITE;TRANSITAR NA CONTRAMÃO;COLISÃO LATERAL SENTIDO OPOSTO;CÉU CLARO;SIMPLES;CURVA;NÃO;0
RS;BR-290;CACHOEIRA DO SUL;4;2;SEXTA-FEIRA;4;0;14;12H-14H;TARDE;PLENO DIA;REAÇÃO TARDIA OU INEFICIENTE DO CONDUTOR;COLISÃO TRASEIRA;CÉU CLARO;SIMPLES;"EM OBRAS;RETA";NÃO;0
PR;BR-476;PAULO FRONTIN;4;2;SEXTA-FEIRA;4;0;12;12H-14H;TARDE;PLENO DIA;PISTA ESBURACADA;SAÍDA DE LEITO CARROÇÁVEL;CÉU CLARO;SIMPLES;RETA;SIM;0
RJ;BR-116;BARRA MANSA;4;2;SEXTA-FEIRA;4;0;21;21H-23H;NOITE;PLENA NOITE;REAÇÃO TARDIA OU INEFICIENTE DO CONDUTOR;COLISÃO TRASEIRA;NUBLADO;MÚLTIPLA;"CURVA;ACLIVE";NÃO;0
MG;BR-262;LUZ;4;2;SEXTA-FEIRA;4;0;21;21H-23H;NOITE;PLENA NOITE;DEMAIS FALHAS MECÂNICAS OU ELÉTRICAS;QUEDA DE OCUPANTE DE VEÍCULO;CÉU CLARO;SIMPLES;CURVA;NÃO;0
PA;BR-010;MAE DO RIO;4;2;SEXTA-FEIRA;4;0;21;21H-23H;NOITE;PLENA NOITE;REAÇÃO TARDIA OU INEFICIENTE DO CONDUTOR;COLISÃO COM OBJETO;IGNORADO;SIMPLES;"RETA;PONTE";NÃO;0
PE;BR-101;ESCADA;4;2;SÁBADO;5;1;0;00H-02H;MADRUGADA;PLENA NOITE;DEMAIS FALHAS MECÂNICAS OU ELÉTRICAS;INCÊNDIO;CÉU CLARO;DUPLA;RETA;SIM;0
MG;BR-381;POUSO ALEGRE;4;2;SÁBADO;5;1;1;00H-02H;MADRUGADA;PLENA NOITE;INGESTÃO DE ÁLCOOL PELO CONDUTOR;COLISÃO TRASEIRA;CÉU CLARO;DUPLA;RETA;NÃO;0
SC;BR-101;BALNEARIO CAMBORIU;4;2;SÁBADO;5;1;4;03H-05H;MADRUGADA;PLENA NOITE;REAÇÃO TARDIA OU INEFICIENTE DO CONDUTOR;COLISÃO COM OBJETO;CÉU CLARO;DUPLA;CURVA;SIM;0
MS;BR-267;NOVA ALVORADA DO SUL;4;2;SÁBADO;5;1;2;00H-02H;MADRUGADA;PLENA NOITE;TRANSITAR NA CONTRAMÃO;COLISÃO FRONTAL;CÉU CLARO;SIMPLES;RETA;NÃO;1
SP;BR-116;SAO JOSE DOS CAMPOS;4;2;SÁBADO;5;1;5;03H-05H;MADRUGADA;AMANHECER;REAÇÃO TARDIA OU INEFICIENTE DO CONDUTOR;COLISÃO TRASEIRA;CÉU CLARO;MÚLTIPLA;RETA;SIM;0
MT;BR-364;CAMPO NOVO DO PARECIS;4;2;SEXTA-FEIRA;4;0;15;15H-17H;TARDE;PLENO DIA;ULTRAPASSAGEM INDEVIDA;COLISÃO FRONTAL;CÉU CLARO;SIMPLES;RETA;NÃO;1
BA;BR-116;FEIRA DE SANTANA;4;2;SÁBADO;5;1;5;03H-05H;MADRUGADA;AMANHECER;INGESTÃO DE ÁLCOOL PELO CONDUTOR;COLISÃO TRANSVERSAL;GAROA/CHUVISCO;DUPLA;INTERSEÇÃO DE VIAS;SIM;0
PE;BR-101;ABREU E LIMA;4;2;SÁBADO;5;1;6;06H-08H;MANHA;PLENO DIA;AUSÊNCIA DE REAÇÃO DO CONDUTOR;COLISÃO LATERAL MESMO SENTIDO;CÉU CLARO;DUPLA;RETA;SIM;0
RN;BR-304;MOSSORO;4;2;SÁBADO;5;1;6;06H-08H;MANHA;PLENO DIA;ACESSAR A VIA SEM OBSERVAR A PRESENÇA DOS OUTROS VEÍCULOS;COLISÃO TRANSVERSAL;CÉU CLARO;DUPLA;"RETORNO REGULAMENTADO;RETA";NÃO;1
MT;BR-163;NOVA MUTUM;4;2;SEXTA-FEIRA;4;0;22;21H-23H;NOITE;PLENA NOITE;AUSÊNCIA DE REAÇÃO DO CONDUTOR;ENGAVETAMENTO;CHUVA;SIMPLES;RETA;NÃO;0
GO;BR-452;BOM JESUS DE GOIAS;4;2;SÁBADO;5;1;4;03H-05H;MADRUGADA;PLENA NOITE;CONDUTOR DORMINDO;COLISÃO TRASEIRA;IGNORADO;SIMPLES;ACLIVE;NÃO;0
PA;BR-163;NOVO PROGRESSO;3;1;SÁBADO;5;1;20;18H-20H;NOITE;PLENA NOITE;REAÇÃO TARDIA OU INEFICIENTE DO CONDUTOR;SAÍDA DE LEITO CARROÇÁVEL;CHUVA;SIMPLES;"CURVA;DECLIVE";NÃO;0
RS;BR-116;NOVA PETROPOLIS;4;2;SÁBADO;5;1;7;06H-08H;MANHA;PLENO DIA;DESVIO TEMPORÁRIO;COLISÃO LATERAL SENTIDO OPOSTO;CÉU CLARO;SIMPLES;CURVA;NÃO;0
PI;BR-343;TERESINA;4;2;SÁBADO;5;1;7;06H-08H;MANHA;PLENO DIA;CONDUTOR DEIXOU DE MANTER DISTÂNCIA DO VEÍCULO DA FRENTE;COLISÃO TRASEIRA;NUBLADO;DUPLA;RETA;SIM;0
SP;BR-116;MIRACATU;4;2;TERÇA-FEIRA;1;0;4;03H-05H;MADRUGADA;PLENA NOITE;AUSÊNCIA DE REAÇÃO DO CONDUTOR;SAÍDA DE LEITO CARROÇÁVEL;CÉU CLARO;DUPLA;RETA;NÃO;0
SC;BR-101;BIGUACU;4;2;SÁBADO;5;1;10;09H-11H;MANHA;PLENO DIA;REAÇÃO TARDIA OU INEFICIENTE DO CONDUTOR;COLISÃO LATERAL MESMO SENTIDO;CÉU CLARO;DUPLA;RETA;SIM;0
MG;BR-251;SALINAS;4;2;SÁBADO;5;1;4;03H-05H;MADRUGADA;PLENA NOITE;CURVA ACENTUADA;SAÍDA DE LEITO CARROÇÁVEL;CÉU CLARO;SIMPLES;"DECLIVE;CURVA";NÃO;0
RO;BR-364;JARU;4;2;SÁBADO;5;1;9;09H-11H;MANHA;PLENO DIA;ACESSAR A VIA SEM OBSERVAR A PRESENÇA DOS OUTROS VEÍCULOS;COLISÃO TRANSVERSAL;CÉU CLARO;SIMPLES;INTERSEÇÃO DE VIAS;NÃO;0
BA;BR-324;CAPIM GROSSO;4;2;SEXTA-FEIRA;4;0;21;21H-23H;NOITE;PLENA NOITE;ULTRAPASSAGEM INDEVIDA;COLISÃO LATERAL SENTIDO OPOSTO;CHUVA;SIMPLES;RETA;NÃO;1
CE;BR-116;AQUIRAZ;4;2;SÁBADO;5;1;12;12H-14H;TARDE;PLENO DIA;MANOBRA DE MUDANÇA DE FAIXA;COLISÃO TRANSVERSAL;CÉU CLARO;DUPLA;RETA;NÃO;0
SC;BR-280;SAO FRANCISCO DO SUL;4;2;SÁBADO;5;1;12;12H-14H;TARDE;PLENO DIA;ACESSAR A VIA SEM OBSERVAR A PRESENÇA DOS OUTROS VEÍCULOS;COLISÃO LATERAL MESMO SENTIDO;NUBLADO;SIMPLES;"ROTATÓRIA;INTERSEÇÃO DE VIAS";NÃO;0
BA;BR-020;SAO DESIDERIO;4;2;SÁBADO;5;1;13;12H-14H;TARDE;PLENO DIA;REAÇÃO TARDIA OU INEFICIENTE DO CONDUTOR;COLISÃO TRASEIRA;CÉU CLARO;SIMPLES;"RETA;EM OBRAS";NÃO;0
SE;BR-235;ITABAIANA;4;2;TERÇA-FEIRA;1;0;16;15H-17H;TARDE;PLENO DIA;DECLIVE ACENTUADO;TOMBAMENTO;CÉU CLARO;SIMPLES;"RETORNO REGULAMENTADO;DECLIVE";SIM;0
PE;BR-101;CABO DE SANTO AGOSTINHO;4;2;SÁBADO;5;1;12;12H-14H;TARDE;PLENO DIA;CONDUTOR DEIXOU DE MANTER DISTÂNCIA DO VEÍCULO DA FRENTE;COLISÃO TRASEIRA;CÉU CLARO;DUPLA;RETA;SIM;0
PR;BR-476;LAPA;4;2;SÁBADO;5;1;9;09H-11H;MANHA;PLENO DIA;VELOCIDADE INCOMPATÍVEL;SAÍDA DE LEITO CARROÇÁVEL;CÉU CLARO;SIMPLES;CURVA;NÃO;0
MG;BR-381;ITAPEVA;4;2;SÁBADO;5;1;12;12H-14H;TARDE;PLENO DIA;MANOBRA DE MUDANÇA DE FAIXA;COLISÃO LATERAL MESMO SENTIDO;CÉU CLARO;DUPLA;RETA;NÃO;0
MG;BR-381;JOAO MONLEVADE;4;2;SÁBADO;5;1;15;15H-17H;TARDE;PLENO DIA;VELOCIDADE INCOMPATÍVEL;COLISÃO LATERAL SENTIDO OPOSTO;CÉU CLARO;SIMPLES;CURVA;NÃO;0
PA;BR-010;MAE DO RIO;4;2;SÁBADO;5;1;10;09H-11H;MANHA;PLENO DIA;MANOBRA DE MUDANÇA DE FAIXA;COLISÃO COM OBJETO;CÉU CLARO;SIMPLES;"DECLIVE;RETA";NÃO;0
MT;BR-163;GUARANTA DO NORTE;4;2;SÁBADO;5;1;13;12H-14H;TARDE;PLENO DIA;ULTRAPASSAGEM INDEVIDA;SAÍDA DE LEITO CARROÇÁVEL;CÉU CLARO;SIMPLES;"CURVA;DECLIVE";NÃO;0
PE;BR-232;JABOATAO DOS GUARARAPES;4;2;SÁBADO;5;1;16;15H-17H;TARDE;PLENO DIA;TRANSITAR NO ACOSTAMENTO;COLISÃO TRASEIRA;CÉU CLARO;DUPLA;RETA;SIM;0
GO;BR-153;SANTA TEREZA DE GOIAS;4;2;SÁBADO;5;1;14;12H-14H;TARDE;PLENO DIA;ACESSAR A VIA SEM OBSERVAR A PRESENÇA DOS OUTROS VEÍCULOS;COLISÃO LATERAL MESMO SENTIDO;NUBLADO;SIMPLES;"RETORNO REGULAMENTADO;ACLIVE;INTERSEÇÃO DE VIAS";SIM;1
BA;BR-324;SAO SEBASTIAO DO PASSE;4;2;SÁBADO;5;1;16;15H-17H;TARDE;PLENO DIA;DEMAIS FALHAS MECÂNICAS OU ELÉTRICAS;INCÊNDIO;NUBLADO;DUPLA;RETA;NÃO;0
MG;BR-040;MATIAS BARBOSA;4;2;SÁBADO;5;1;15;15H-17H;TARDE;PLENO DIA;AUSÊNCIA DE REAÇÃO DO CONDUTOR;COLISÃO TRASEIRA;CÉU CLARO;DUPLA;CURVA;NÃO;0
MG;BR-262;MANHUACU;4;2;SÁBADO;5;1;10;09H-11H;MANHA;PLENO DIA;REAÇÃO TARDIA OU INEFICIENTE DO CONDUTOR;TOMBAMENTO;CÉU CLARO;SIMPLES;"DECLIVE;CURVA";NÃO;0
MS;BR-163;CAARAPO;4;2;SÁBADO;5;1;16;15H-17H;TARDE;PLENO DIA;TRANSITAR NA CONTRAMÃO;COLISÃO FRONTAL;GAROA/CHUVISCO;SIMPLES;RETA;NÃO;1
ES;BR-262;VENDA NOVA DO IMIGRANTE;4;2;SÁBADO;5;1;16;15H-17H;TARDE;PLENO DIA;INGESTÃO DE ÁLCOOL PELO CONDUTOR;COLISÃO LATERAL SENTIDO OPOSTO;CÉU CLARO;SIMPLES;RETA;NÃO;0
GO;BR-060;RIO VERDE;4;2;SÁBADO;5;1;16;15H-17H;TARDE;PLENO DIA;REAÇÃO TARDIA OU INEFICIENTE DO CONDUTOR;SAÍDA DE LEITO CARROÇÁVEL;CÉU CLARO;DUPLA;RETA;NÃO;0
SP;BR-381;MAIRIPORA;4;2;SÁBADO;5;1;17;15H-17H;TARDE;ANOITECER;CARGA EXCESSIVA E/OU MAL ACONDICIONADA;INCÊNDIO;CÉU CLARO;MÚLTIPLA;RETA;SIM;0
GO;BR-060;ANAPOLIS;4;2;SÁBADO;5;1;14;12H-14H;TARDE;PLENO DIA;INGESTÃO DE ÁLCOOL PELO CONDUTOR;COLISÃO LATERAL MESMO SENTIDO;CÉU CLARO;DUPLA;"ACLIVE;RETA";NÃO;0