uf;br_formatada;municipio;mes;trimestre;dia_semana;dia_semana_num;fim_de_semana;hora;faixa_horaria;turno;fase_dia;causa_acidente;tipo_acidente;condicao_metereologica;tipo_pista;tracado_via;uso_solo;acidente_fatal
MG;BR-040;SETE LAGOAS;4;2;SÁBADO;5;1;19;18H-20H;NOITE;PLENA NOITE;CARGA EXCESSIVA E/OU MAL ACONDICIONADA;TOMBAMENTO;CÉU CLARO;DUPLA;RETA;NÃO;0
RN;BR-226;JANDUIS;4;2;SÁBADO;5;1;18;18H-20H;NOITE;PLENA NOITE;INGESTÃO DE ÁLCOOL PELO CONDUTOR;COLISÃO FRONTAL;CÉU CLARO;SIMPLES;RETA;NÃO;0
RS;BR-116;PELOTAS;4;2;SÁBADO;5;1;19;18H-20H;NOITE;PLENA NOITE;ESTACIONAR OU PARAR EM LOCAL PROIBIDO;COLISÃO TRASEIRA;NUBLADO;DUPLA;"CURVA;DECLIVE";SIM;0
PA;BR-230;MARABA;4;2;SÁBADO;5;1;17;15H-17H;TARDE;ANOITECER;INGESTÃO DE ÁLCOOL PELO CONDUTOR;COLISÃO FRONTAL;CÉU CLARO;SIMPLES;RETA;SIM;0
PR;BR-376;ALTO PARANA;4;2;SÁBADO;5;1;18;18H-20H;NOITE;PLENA NOITE;VELOCIDADE INCOMPATÍVEL;COLISÃO TRASEIRA;CÉU CLARO;DUPLA;RETA;NÃO;0
SC;BR-470;BRUNOPOLIS;4;2;SÁBADO;5;1;16;15H-17H;TARDE;PLENO DIA;VELOCIDADE INCOMPATÍVEL;SAÍDA DE LEITO CARROÇÁVEL;CÉU CLARO;SIMPLES;RETA;NÃO;0
MG;BR-381;SAO GONCALO DO RIO ABAIXO;4;2;SÁBADO;5;1;19;18H-20H;NOITE;PLENA NOITE;VELOCIDADE INCOMPATÍVEL;TOMBAMENTO;CÉU CLARO;SIMPLES;CURVA;NÃO;0
PR;BR-163;PLANALTO;4;2;SÁBADO;5;1;19;18H-20H;NOITE;PLENA NOITE;INGESTÃO DE ÁLCOOL PELO CONDUTOR;COLISÃO LATERAL SENTIDO OPOSTO;CHUVA;SIMPLES;CURVA;NÃO;0
BA;BR-101;EUNAPOLIS;4;2;SÁBADO;5;1;22;21H-23H;NOITE;PLENA NOITE;AUSÊNCIA DE REAÇÃO DO CONDUTOR;COLISÃO TRASEIRA;CÉU CLARO;SIMPLES;RETA;SIM;0
RS;BR-293;SANTANA DO LIVRAMENTO;4;2;SÁBADO;5;1;20;18H-20H;NOITE;PLENA NOITE;ACESSAR A VIA SEM OBSERVAR A PRESENÇA DOS OUTROS VEÍCULOS;COLISÃO TRANSVERSAL;CÉU CLARO;SIMPLES;"DECLIVE;INTERSEÇÃO DE VIAS";NÃO;0
GO;BR-153;APARECIDA DE GOIANIA;4;2;SÁBADO;5;1;22;21H-23H;NOITE;PLENA NOITE;TRANSITAR NA CONTRAMÃO;COLISÃO FRONTAL;NUBLADO;DUPLA;RETA;SIM;0
PI;BR-316;DOM EXPEDITO LOPES;4;2;SÁBADO;5;1;21;21H-23H;NOITE;PLENA NOITE;AUSÊNCIA DE REAÇÃO DO CONDUTOR;COLISÃO LATERAL SENTIDO OPOSTO;NUBLADO;SIMPLES;RETA;SIM;0
ES;BR-101;CARIACICA;4;2;SÁBADO;5;1;23;21H-23H;NOITE;PLENA NOITE;ENTRADA INOPINADA DO PEDESTRE;ATROPELAMENTO DE PEDESTRE;NUBLADO;DUPLA;RETA;SIM;1
CE;BR-IGNORADA;TAUA;4;2;SÁBADO;5;1;17;15H-17H;TARDE;PLENO DIA;ACESSAR A VIA SEM OBSERVAR A PRESENÇA DOS OUTROS VEÍCULOS;COLISÃO TRANSVERSAL;CÉU CLARO;SIMPLES;"RETA;INTERSEÇÃO DE VIAS";SIM;0
ES;BR-101;CARIACICA;4;2;DOMINGO;6;1;1;00H-02H;MADRUGADA;PLENA NOITE;AUSÊNCIA DE REAÇÃO DO CONDUTOR;COLISÃO COM OBJETO;CÉU CLARO;DUPLA;"RETA;DECLIVE";NÃO;0
MG;BR-381;CAREACU;4;2;DOMINGO;6;1;0;00H-02H;MADRUGADA;PLENA NOITE;AUSÊNCIA DE REAÇÃO DO CONDUTOR;COLISÃO LATERAL MESMO SENTIDO;CÉU CLARO;DUPLA;RETA;SIM;0
MT;BR-163;RONDONOPOLIS;4;2;DOMINGO;6;1;2;00H-02H;MADRUGADA;PLENA NOITE;REAÇÃO TARDIA OU INEFICIENTE DO CONDUTOR;TOMBAMENTO;NUBLADO;DUPLA;RETA;NÃO;0
RS;BR-290;GRAVATAI;4;2;DOMINGO;6;1;6;06H-08H;MANHA;PLENO DIA;CONDUTOR DORMINDO;COLISÃO TRASEIRA;NUBLADO;MÚLTIPLA;RETA;NÃO;0
CE;BR-020;CANINDE;4;2;DOMINGO;6;1;3;03H-05H;MADRUGADA;PLENA NOITE;TRANSITAR NA CONTRAMÃO;COLISÃO LATERAL SENTIDO OPOSTO;CÉU CLARO;SIMPLES;RETA;NÃO;0
MG;BR-153;MONTE ALEGRE DE MINAS;4;2;DOMINGO;6;1;6;06H-08H;MANHA;PLENO DIA;ACUMULO DE ÁGUA SOBRE O PAVIMENTO;CAPOTAMENTO;CHUVA;DUPLA;RETA;NÃO;0
PB;BR-116;CACHOEIRA DOS INDIOS;4;2;DOMINGO;6;1;4;03H-05H;MADRUGADA;PLENA NOITE;CHUVA;SAÍDA DE LEITO CARROÇÁVEL;CHUVA;SIMPLES;CURVA;NÃO;0
BA;BR-116;MILAGRES;4;2;DOMINGO;6;1;6;06H-08H;MANHA;PLENO DIA;CONDUTOR DEIXOU DE MANTER DISTÂNCIA DO VEÍCULO DA FRENTE;COLISÃO TRASEIRA;CÉU CLARO;SIMPLES;RETA;NÃO;0
RS;BR-290;SANTO ANTONIO DA PATRULHA;4;2;DOMINGO;6;1;7;06H-08H;MANHA;PLENO DIA;CONDUTOR DORMINDO;COLISÃO COM OBJETO;CÉU CLARO;MÚLTIPLA;RETA;NÃO;0
BA;BR-101;SAO GONCALO DOS CAMPOS;3;1;SÁBADO;5;1;15;15H-17H;TARDE;PLENO DIA;ULTRAPASSAGEM INDEVIDA;COLISÃO LATERAL SENTIDO OPOSTO;CÉU CLARO;SIMPLES;RETA;NÃO;0
MS;BR-267;NOVA ALVORADA DO SUL;4;2;DOMINGO;6;1;8;06H-08H;MANHA;PLENO DIA;INGESTÃO DE ÁLCOOL PELO CONDUTOR;COLISÃO FRONTAL;CÉU CLARO;SIMPLES;RETA;NÃO;1
GO;BR-153;ANAPOLIS;4;2;DOMINGO;6;1;11;09H-11H;MANHA;PLENO DIA;MAL SÚBITO DO CONDUTOR;COLISÃO COM OBJETO;CÉU CLARO;DUPLA;RETA;SIM;0
ES;BR-101;ICONHA;4;2;DOMINGO;6;1;12;12H-14H;TARDE;PLENO DIA;AUSÊNCIA DE REAÇÃO DO CONDUTOR;COLISÃO COM OBJETO;CÉU CLARO;SIMPLES;RETA;NÃO;0
BA;BR-101;CARAVELAS;4;2;TERÇA-FEIRA;1;0;23;21H-23H;NOITE;PLENA NOITE;INGESTÃO DE ÁLCOOL PELO CONDUTOR;COLISÃO FRONTAL;CHUVA;SIMPLES;"CURVA;ACLIVE";NÃO;0
MG;BR-040;CONTAGEM;4;2;DOMINGO;6;1;12;12H-14H;TARDE;PLENO DIA;TRANSITAR NO ACOSTAMENTO;COLISÃO LATERAL MESMO SENTIDO;CÉU CLARO;DUPLA;CURVA;NÃO;0
PR;BR-116;PIRAQUARA;4;2;DOMINGO;6;1;13;12H-14H;TARDE;PLENO DIA;CONDUTOR DEIXOU DE MANTER DISTÂNCIA DO VEÍCULO DA FRENTE;COLISÃO TRASEIRA;CHUVA;DUPLA;RETA;NÃO;0
PR;BR-376;PALMEIRA;3;1;QUINTA-FEIRA;3;0;23;21H-23H;NOITE;PLENA NOITE;AUSÊNCIA DE REAÇÃO DO CONDUTOR;COLISÃO TRASEIRA;CÉU CLARO;DUPLA;RETA;NÃO;0
PI;BR-316;ELESBAO VELOSO;4;2;DOMINGO;6;1;9;09H-11H;MANHA;PLENO DIA;INGESTÃO DE ÁLCOOL PELO CONDUTOR;TOMBAMENTO;CÉU CLARO;SIMPLES;RETA;SIM;1
RS;BR-392;RIO GRANDE;4;2;DOMINGO;6;1;11;09H-11H;MANHA;PLENO DIA;ACESSAR A VIA SEM OBSERVAR A PRESENÇA DOS OUTROS VEÍCULOS;COLISÃO LATERAL MESMO SENTIDO;NUBLADO;SIMPLES;ROTATÓRIA;SIM;0
RJ;BR-393;BARRA DO PIRAI;4;2;DOMINGO;6;1;13;12H-14H;TARDE;PLENO DIA;TRANSITAR NA CONTRAMÃO;COLISÃO LATERAL SENTIDO OPOSTO;SOL;SIMPLES;RETA;SIM;0
PI;BR-135;GILBUES;4;2;DOMINGO;6;1;4;03H-05H;MADRUGADA;AMANHECER;AFUNDAMENTO OU ONDULAÇÃO NO PAVIMENTO;TOMBAMENTO;IGNORADO;SIMPLES;"CURVA;ACLIVE";SIM;0
PR;BR-277;GUARANIACU;4;2;DOMINGO;6;1;14;12H-14H;TARDE;PLENO DIA;AUSÊNCIA DE REAÇÃO DO CONDUTOR;COLISÃO FRONTAL;NUBLADO;SIMPLES;CURVA;NÃO;0
BA;BR-116;JEQUIE;4;2;DOMINGO;6;1;15;15H-17H;TARDE;PLENO DIA;CONDUTOR DEIXOU DE MANTER DISTÂNCIA DO VEÍCULO DA FRENTE;ENGAVETAMENTO;CÉU CLARO;SIMPLES;RETA;NÃO;0
MG;BR-365;MONTE ALEGRE DE MINAS;4;2;DOMINGO;6;1;14;12H-14H;TARDE;PLENO DIA;CONDUTOR DEIXOU DE MANTER DISTÂNCIA DO VEÍCULO DA FRENTE;COLISÃO TRASEIRA;CÉU CLARO;DUPLA;RETA;NÃO;1
RN;BR-304;MOSSORO;4;2;DOMINGO;6;1;14;12H-14H;TARDE;PLENO DIA;DEMAIS FALHAS MECÂNICAS OU ELÉTRICAS;INCÊNDIO;CÉU CLARO;SIMPLES;RETA;NÃO;0
SC;BR-101;BIGUACU;4;2;DOMINGO;6;1;16;15H-17H;TARDE;PLENO DIA;CHUVA;COLISÃO COM OBJETO;CHUVA;DUPLA;CURVA;SIM;1
BA;BR-135;SAO DESIDERIO;4;2;DOMINGO;6;1;10;09H-11H;MANHA;PLENO DIA;VELOCIDADE INCOMPATÍVEL;TOMBAMENTO;SOL;SIMPLES;CURVA;NÃO;0
MG;BR-381;SABARA;4;2;DOMINGO;6;1;17;15H-17H;TARDE;PLENO DIA;REAÇÃO TARDIA OU INEFICIENTE DO CONDUTOR;COLISÃO FRONTAL;CÉU CLARO;SIMPLES;CURVA;NÃO;1
MG;BR-050;ARAGUARI;4;2;DOMINGO;6;1;14;12H-14H;TARDE;PLENO DIA;CARGA EXCESSIVA E/OU MAL ACONDICIONADA;INCÊNDIO;NUBLADO;DUPLA;"RETA;DECLIVE";NÃO;0
MG;BR-262;JUATUBA;4;2;DOMINGO;6;1;17;15H-17H;TARDE;ANOITECER;ANIMAIS NA PISTA;ATROPELAMENTO DE ANIMAL;CÉU CLARO;DUPLA;RETA;NÃO;0
BA;BR-116;EUCLIDES DA CUNHA;4;2;DOMINGO;6;1;14;12H-14H;TARDE;PLENO DIA;AUSÊNCIA DE REAÇÃO DO CONDUTOR;COLISÃO LATERAL SENTIDO OPOSTO;CÉU CLARO;SIMPLES;RETA;NÃO;0
DF;BR-020;BRASILIA;4;2;QUINTA-FEIRA;3;0;16;15H-17H;TARDE;PLENO DIA;VELOCIDADE INCOMPATÍVEL;COLISÃO TRANSVERSAL;CÉU CLARO;DUPLA;DECLIVE;SIM;0
PB;BR-101;CAAPORA;3;1;QUARTA-FEIRA;2;0;17;15H-17H;TARDE;PLENA NOITE;REAÇÃO TARDIA OU INEFICIENTE DO CONDUTOR;COLISÃO TRASEIRA;CÉU CLARO;DUPLA;RETA;NÃO;0
PR;BR-476;ANTONIO OLINTO;4;2;DOMINGO;6;1;16;15H-17H;TARDE;PLENO DIA;VELOCIDADE INCOMPATÍVEL;TOMBAMENTO;CHUVA;SIMPLES;RETA;NÃO;0
BA;BR-110;OLINDINA;4;2;DOMINGO;6;1;19;18H-20H;NOITE;PLENA NOITE;ACESSAR A VIA SEM OBSERVAR A PRESENÇA DOS OUTROS VEÍCULOS;COLISÃO TRANSVERSAL;CÉU CLARO;SIMPLES;INTERSEÇÃO DE VIAS;SIM;0
MG;BR-116;MANHUACU;4;2;DOMINGO;6;1;16;15H-17H;TARDE;PLENO DIA;REAÇÃO TARDIA OU INEFICIENTE DO CONDUTOR;SAÍDA DE LEITO CARROÇÁVEL;CÉU CLARO;SIMPLES;CURVA;NÃO;0
RJ;BR-116;NOVA IGUACU;4;2;DOMINGO;6;1;21;21H-23H;NOITE;PLENA NOITE;INGESTÃO DE ÁLCOOL PELO CONDUTOR;COLISÃO TRASEIRA;NUBLADO;DUPLA;RETA;SIM;0
RS;BR-285;VACARIA;4;2;DOMINGO;6;1;20;18H-20H;NOITE;PLENA NOITE;PEDESTRE ANDAVA NA PISTA;ATROPELAMENTO DE PEDESTRE;NUBLADO;SIMPLES;RETA;NÃO;1
RJ;BR-101;RIO BONITO;4;2;DOMINGO;6;1;22;21H-23H;NOITE;PLENA NOITE;ACESSAR A VIA SEM OBSERVAR A PRESENÇA DOS OUTROS VEÍCULOS;COLISÃO TRASEIRA;NUBLADO;DUPLA;RETA;SIM;0
PR;BR-277;MEDIANEIRA;4;2;DOMINGO;6;1;23;21H-23H;NOITE;PLENA NOITE;REAÇÃO TARDIA OU INEFICIENTE DO CONDUTOR;COLISÃO COM OBJETO;NUBLADO;DUPLA;PONTE;NÃO;0
MT;BR-163;MATUPA;4;2;SEGUNDA-FEIRA;0;0;0;00H-02H;MADRUGADA;PLENA NOITE;TRANSITAR NA CONTRAMÃO;COLISÃO FRONTAL;CÉU CLARO;SIMPLES;DECLIVE;SIM;1
BA;BR-116;SANTO ESTEVAO;4;2;SEGUNDA-FEIRA;0;0;4;03H-05H;MADRUGADA;AMANHECER;DEMAIS FALHAS MECÂNICAS OU ELÉTRICAS;COLISÃO COM OBJETO;CÉU CLARO;DUPLA;"RETA;VIADUTO";NÃO;0
SP;BR-116;BARRA DO TURVO;4;2;SEGUNDA-FEIRA;0;0;3;03H-05H;MADRUGADA;PLENA NOITE;REAÇÃO TARDIA OU INEFICIENTE DO CONDUTOR;COLISÃO TRASEIRA;CHUVA;SIMPLES;CURVA;NÃO;0
PR;BR-369;UBIRATA;4;2;SEGUNDA-FEIRA;0;0;5;03H-05H;MADRUGADA;AMANHECER;CONDUTOR DORMINDO;COLISÃO COM OBJETO;NEVOEIRO/NEBLINA;SIMPLES;RETA;NÃO;0
RS;BR-158;ITAARA;4;2;SEGUNDA-FEIRA;0;0;6;06H-08H;MANHA;AMANHECER;TRANSITAR NA CONTRAMÃO;COLISÃO FRONTAL;CÉU CLARO;SIMPLES;"RETA;DECLIVE";SIM;1
RJ;BR-101;CAMPOS DOS GOYTACAZES;4;2;SEGUNDA-FEIRA;0;0;7;06H-08H;MANHA;PLENO DIA;MANOBRA DE MUDANÇA DE FAIXA;COLISÃO LATERAL MESMO SENTIDO;CÉU CLARO;DUPLA;RETA;NÃO;0
SP;BR-116;ITAPECERICA DA SERRA;4;2;SEGUNDA-FEIRA;0;0;8;06H-08H;MANHA;PLENO DIA;TRAFEGAR COM MOTOCICLETA (OU SIMILAR) ENTRE AS FAIXAS;QUEDA DE OCUPANTE DE VEÍCULO;GAROA/CHUVISCO;DUPLA;RETA;SIM;0
BA;BR-324;SALVADOR;4;2;SEGUNDA-FEIRA;0;0;9;09H-11H;MANHA;PLENO DIA;REAÇÃO TARDIA OU INEFICIENTE DO CONDUTOR;COLISÃO TRASEIRA;CÉU CLARO;MÚLTIPLA;RETA;SIM;0
GO;BR-060;ANAPOLIS;3;1;SEGUNDA-FEIRA;0;0;6;06H-08H;MANHA;AMANHECER;CONDUTOR DEIXOU DE MANTER DISTÂNCIA DO VEÍCULO DA FRENTE;COLISÃO TRASEIRA;CÉU CLARO;SIMPLES;RETA;SIM;0
RJ;BR-101;MANGARATIBA;4;2;QUARTA-FEIRA;2;0;17;15H-17H;TARDE;PLENO DIA;REAÇÃO TARDIA OU INEFICIENTE DO CONDUTOR;COLISÃO FRONTAL;CÉU CLARO;SIMPLES;CURVA;NÃO;1
SC;BR-280;MAFRA;4;2;SEGUNDA-FEIRA;0;0;11;09H-11H;MANHA;PLENO DIA;TRANSITAR NA CONTRAMÃO;COLISÃO FRONTAL;CÉU CLARO;SIMPLES;"ACLIVE;RETA";NÃO;1
PB;BR-101;BAYEUX;4;2;SEGUNDA-FEIRA;0;0;11;09H-11H;MANHA;PLENO DIA;REAÇÃO TARDIA OU INEFICIENTE DO CONDUTOR;COLISÃO TRASEIRA;SOL;DUPLA;RETA;SIM;0
RS;BR-472;SANTO CRISTO;4;2;SEGUNDA-FEIRA;0;0;10;09H-11H;MANHA;PLENO DIA;MANOBRA DE MUDANÇA DE FAIXA;COLISÃO FRONTAL;CÉU CLARO;SIMPLES;RETA;NÃO;1
MG;BR-040;SETE LAGOAS;4;2;SEGUNDA-FEIRA;0;0;11;09H-11H;MANHA;PLENO DIA;REAÇÃO TARDIA OU INEFICIENTE DO CONDUTOR;SAÍDA DE LEITO CARROÇÁVEL;NUBLADO;DUPLA;"ACLIVE;CURVA";NÃO;0
PA;BR-163;NOVO PROGRESSO;2;1;SÁBADO;5;1;16;15H-17H;TARDE;PLENO DIA;PISTA ESCORREGADIA;COLISÃO LATERAL SENTIDO OPOSTO;CHUVA;SIMPLES;RETA;NÃO;0
GO;BR-060;SANTO ANTONIO DO DESCOBERTO;4;2;SEGUNDA-FEIRA;0;0;12;12H-14H;TARDE;PLENO DIA;VELOCIDADE INCOMPATÍVEL;SAÍDA DE LEITO CARROÇÁVEL;CHUVA;DUPLA;CURVA;NÃO;0
PR;BR-153;IBAITI;4;2;SEGUNDA-FEIRA;0;0;8;06H-08H;MANHA;PLENO DIA;DEMAIS FALHAS MECÂNICAS OU ELÉTRICAS;INCÊNDIO;CÉU CLARO;SIMPLES;RETA;NÃO;0
RS;BR-158;SANTA MARIA;4;2;SEGUNDA-FEIRA;0;0;12;12H-14H;TARDE;PLENO DIA;DEMAIS FALHAS MECÂNICAS OU ELÉTRICAS;INCÊNDIO;CÉU CLARO;DUPLA;RETA;NÃO;0
PA;BR-316;SANTA IZABEL DO PARA;4;2;SEGUNDA-FEIRA;0;0;12;12H-14H;TARDE;PLENO DIA;ACESSAR A VIA SEM OBSERVAR A PRESENÇA DOS OUTROS VEÍCULOS;TOMBAMENTO;NUBLADO;DUPLA;RETA;SIM;0
SC;BR-282;SAO BENTO DO SUL;4;2;SEGUNDA-FEIRA;0;0;13;12H-14H;TARDE;PLENO DIA;ACESSAR A VIA SEM OBSERVAR A PRESENÇA DOS OUTROS VEÍCULOS;COLISÃO TRANSVERSAL;GAROA/CHUVISCO;SIMPLES;"CURVA;INTERSEÇÃO DE VIAS;DECLIVE";NÃO;0
BA;BR-101;ILHEUS;4;2;SÁBADO;5;1;19;18H-20H;NOITE;PLENA NOITE;TRAFEGAR COM MOTOCICLETA (OU SIMILAR) ENTRE AS FAIXAS;SAÍDA DE LEITO CARROÇÁVEL;CÉU CLARO;SIMPLES;RETA;NÃO;0
RJ;BR-116;RIO DE JANEIRO;4;2;SEGUNDA-FEIRA;0;0;15;15H-17H;TARDE;PLENO DIA;TRAFEGAR COM MOTOCICLETA (OU SIMILAR) ENTRE AS FAIXAS;COLISÃO LATERAL MESMO SENTIDO;CÉU CLARO;MÚLTIPLA;RETA;SIM;0
MG;BR-381;JOAO MONLEVADE;4;2;SEGUNDA-FEIRA;0;0;15;15H-17H;TARDE;PLENO DIA;PISTA ESCORREGADIA;COLISÃO FRONTAL;GAROA/CHUVISCO;SIMPLES;CURVA;NÃO;0
SC;BR-470;BLUMENAU;4;2;SEGUNDA-FEIRA;0;0;14;12H-14H;TARDE;PLENO DIA;ACESSAR A VIA SEM OBSERVAR A PRESENÇA DOS OUTROS VEÍCULOS;COLISÃO TRANSVERSAL;NUBLADO;SIMPLES;RETA;SIM;0
PE;BR-104;PANELAS;4;2;SEGUNDA-FEIRA;0;0;14;12H-14H;TARDE;PLENO DIA;VELOCIDADE INCOMPATÍVEL;COLISÃO COM OBJETO;CÉU CLARO;SIMPLES;CURVA;NÃO;1
PA;BR-155;MARABA;4;2;SEGUNDA-FEIRA;0;0;11;09H-11H;MANHA;PLENO DIA;REAÇÃO TARDIA OU INEFICIENTE DO CONDUTOR;COLISÃO TRANSVERSAL;CÉU CLARO;SIMPLES;RETA;SIM;0
MS;BR-262;AGUA CLARA;4;2;SEGUNDA-FEIRA;0;0;13;12H-14H;TARDE;PLENO DIA;ACOSTAMENTO EM DESNÍVEL;TOMBAMENTO;SOL;SIMPLES;RETA;NÃO;0
RJ;BR-116;RESENDE;4;2;SEGUNDA-FEIRA;0;0;16;15H-17H;TARDE;PLENO DIA;ACESSAR A VIA SEM OBSERVAR A PRESENÇA DOS OUTROS VEÍCULOS;COLISÃO LATERAL MESMO SENTIDO;SOL;DUPLA;RETA;NÃO;0
MG;BR-381;TRES CORACOES;4;2;SEGUNDA-FEIRA;0;0;16;15H-17H;TARDE;PLENO DIA;AUSÊNCIA DE REAÇÃO DO CONDUTOR;QUEDA DE OCUPANTE DE VEÍCULO;CÉU CLARO;DUPLA;RETA;NÃO;0
MG;BR-050;UBERABA;4;2;SEGUNDA-FEIRA;0;0;16;15H-17H;TARDE;PLENO DIA;CONDUTOR DEIXOU DE MANTER DISTÂNCIA DO VEÍCULO DA FRENTE;COLISÃO LATERAL MESMO SENTIDO;CÉU CLARO;DUPLA;RETA;SIM;0
MG;BR-381;BETIM;2;1;SEXTA-FEIRA;4;0;8;06H-08H;MANHA;PLENO DIA;AUSÊNCIA DE REAÇÃO DO CONDUTOR;SAÍDA DE LEITO CARROÇÁVEL;CÉU CLARO;DUPLA;RETA;SIM;0
RS;BR-392;SANTA MARIA;4;2;SEGUNDA-FEIRA;0;0;16;15H-17H;TARDE;PLENO DIA;PEDESTRE - INGESTÃO DE ÁLCOOL/ SUBSTÂNCIAS PSICOATIVAS;QUEDA DE OCUPANTE DE VEÍCULO;CÉU CLARO;MÚLTIPLA;"INTERSEÇÃO DE VIAS;RETA";SIM;0
MS;BR-267;BATAGUASSU;4;2;SEGUNDA-FEIRA;0;0;15;15H-17H;TARDE;PLENO DIA;AUSÊNCIA DE REAÇÃO DO CONDUTOR;COLISÃO TRASEIRA;CÉU CLARO;DUPLA;RETA;SIM;0
BA;BR-116;VITORIA DA CONQUISTA;4;2;SEGUNDA-FEIRA;0;0;16;15H-17H;TARDE;PLENO DIA;ACESSAR A VIA SEM OBSERVAR A PRESENÇA DOS OUTROS VEÍCULOS;COLISÃO TRANSVERSAL;NUBLADO;SIMPLES;"INTERSEÇÃO DE VIAS;RETA";NÃO;0
SP;BR-153;OCAUCU;4;2;SEGUNDA-FEIRA;0;0;15;15H-17H;TARDE;PLENO DIA;MAL SÚBITO DO CONDUTOR;COLISÃO FRONTAL;CÉU CLARO;SIMPLES;ACLIVE;NÃO;1
SP;BR-116;ARUJA;4;2;SEGUNDA-FEIRA;0;0;17;15H-17H;TARDE;PLENA NOITE;REAÇÃO TARDIA OU INEFICIENTE DO CONDUTOR;COLISÃO LATERAL MESMO SENTIDO;NUBLADO;MÚLTIPLA;"ACLIVE;RETA";NÃO;0
PR;BR-116;COLOMBO;4;2;SEGUNDA-FEIRA;0;0;16;15H-17H;TARDE;ANOITECER;CONDUTOR DEIXOU DE MANTER DISTÂNCIA DO VEÍCULO DA FRENTE;COLISÃO TRASEIRA;NUBLADO;SIMPLES;"DECLIVE;INTERSEÇÃO DE VIAS;VIADUTO";SIM;0
ES;BR-262;VENDA NOVA DO IMIGRANTE;4;2;SEGUNDA-FEIRA;0;0;17;15H-17H;TARDE;ANOITECER;DEMAIS FALHAS MECÂNICAS OU ELÉTRICAS;TOMBAMENTO;NUBLADO;SIMPLES;CURVA;NÃO;0
MG;BR-040;PARAOPEBA;4;2;SEGUNDA-FEIRA;0;0;18;18H-20H;NOITE;ANOITECER;CARGA EXCESSIVA E/OU MAL ACONDICIONADA;TOMBAMENTO;CÉU CLARO;DUPLA;CURVA;NÃO;0
PI;BR-230;SAO JOAO DA VARJOTA;4;2;SEGUNDA-FEIRA;0;0;18;18H-20H;NOITE;PLENA NOITE;REAÇÃO TARDIA OU INEFICIENTE DO CONDUTOR;COLISÃO TRASEIRA;CÉU CLARO;SIMPLES;RETA;NÃO;0
PR;BR-116;COLOMBO;4;2;SEGUNDA-FEIRA;0;0;18;18H-20H;NOITE;ANOITECER;MANOBRA DE MUDANÇA DE FAIXA;COLISÃO LATERAL MESMO SENTIDO;NUBLADO;DUPLA;RETA;SIM;0
MG;BR-040;CAETANOPOLIS;4;2;SEGUNDA-FEIRA;0;0;18;18H-20H;NOITE;PLENA NOITE;DESRESPEITAR A PREFERÊNCIA NO CRUZAMENTO;COLISÃO FRONTAL;NUBLADO;SIMPLES;"RETA;INTERSEÇÃO DE VIAS";SIM;0
GO;BR-020;FORMOSA;4;2;SEGUNDA-FEIRA;0;0;18;18H-20H;NOITE;PLENA NOITE;CHUVA;COLISÃO FRONTAL;CHUVA;SIMPLES;"DECLIVE;EM OBRAS";SIM;0
PA;BR-163;SANTAREM;4;2;SEGUNDA-FEIRA;0;0;19;18H-20H;NOITE;PLENA NOITE;AUSÊNCIA DE REAÇÃO DO CONDUTOR;COLISÃO TRASEIRA;CÉU CLARO;SIMPLES;RETA;NÃO;0
SC;BR-101;CAMBORIU;4;2;SEGUNDA-FEIRA;0;0;19;18H-20H;NOITE;PLENA NOITE;CONDUTOR DEIXOU DE MANTER DISTÂNCIA DO VEÍCULO DA FRENTE;COLISÃO TRASEIRA;CÉU CLARO;DUPLA;RETA;SIM;0
PA;BR-010;IRITUIA;4;2;SEGUNDA-FEIRA;0;0;15;15H-17H;TARDE;PLENO DIA;CARGA EXCESSIVA E/OU MAL ACONDICIONADA;TOMBAMENTO;NUBLADO;SIMPLES;RETA;SIM;0
SC;BR-470;ILHOTA;4;2;SEGUNDA-FEIRA;0;0;19;18H-20H;NOITE;PLENA NOITE;DEMAIS FALHAS MECÂNICAS OU ELÉTRICAS;INCÊNDIO;NUBLADO;DUPLA;RETA;NÃO;0
MG;BR-251;FRANCISCO SA;4;2;SEGUNDA-FEIRA;0;0;19;18H-20H;NOITE;PLENA NOITE;DEMAIS FALHAS MECÂNICAS OU ELÉTRICAS;COLISÃO COM OBJETO;CÉU CLARO;SIMPLES;"CURVA;DECLIVE";NÃO;1
SC;BR-116;SAO CRISTOVAO DO SUL;4;2;SEGUNDA-FEIRA;0;0;18;18H-20H;NOITE;PLENA NOITE;TRANSITAR NA CONTRAMÃO;COLISÃO FRONTAL;NUBLADO;SIMPLES;CURVA;NÃO;1
MG;BR-381;CAMPANHA;4;2;SEGUNDA-FEIRA;0;0;20;18H-20H;NOITE;PLENA NOITE;AUSÊNCIA DE REAÇÃO DO CONDUTOR;COLISÃO TRASEIRA;NUBLADO;DUPLA;CURVA;NÃO;0
BA;BR-116;BOA NOVA;4;2;SEGUNDA-FEIRA;0;0;21;21H-23H;NOITE;PLENA NOITE;VELOCIDADE INCOMPATÍVEL;TOMBAMENTO;CÉU CLARO;SIMPLES;"DECLIVE;INTERSEÇÃO DE VIAS";SIM;0
SC;BR-280;CANOINHAS;4;2;SEGUNDA-FEIRA;0;0;19;18H-20H;NOITE;ANOITECER;ULTRAPASSAGEM INDEVIDA;COLISÃO FRONTAL;CÉU CLARO;SIMPLES;"CURVA;ACLIVE";NÃO;1