uf;br_formatada;municipio;mes;trimestre;dia_semana;dia_semana_num;fim_de_semana;hora;faixa_horaria;turno;fase_dia;causa_acidente;tipo_acidente;condicao_metereologica;tipo_pista;tracado_via;uso_solo;acidente_fatal
RJ;BR-116;TERESOPOLIS;4;2;SEGUNDA-FEIRA;0;0;10;09H-11H;MANHA;PLENO DIA;AUSÊNCIA DE REAÇÃO DO CONDUTOR;TOMBAMENTO;CÉU CLARO;SIMPLES;RETA;NÃO;0
DF;BR-020;BRASILIA;4;2;TERÇA-FEIRA;1;0;0;00H-02H;MADRUGADA;PLENA NOITE;CONDUTOR DORMINDO;SAÍDA DE LEITO CARROÇÁVEL;CÉU CLARO;DUPLA;RETA;NÃO;0
BA;BR-101;IBIRAPITANGA;4;2;SEGUNDA-FEIRA;0;0;21;21H-23H;NOITE;PLENA NOITE;TRANSITAR NA CONTRAMÃO;COLISÃO LATERAL SENTIDO OPOSTO;CÉU CLARO;SIMPLES;RETA;NÃO;0
SP;BR-116;PARIQUERA-ACU;4;2;TERÇA-FEIRA;1;0;0;00H-02H;MADRUGADA;PLENA NOITE;AUSÊNCIA DE REAÇÃO DO CONDUTOR;COLISÃO TRASEIRA;NUBLADO;DUPLA;RETA;NÃO;0
ES;BR-101;ICONHA;4;2;SEGUNDA-FEIRA;0;0;21;21H-23H;NOITE;PLENA NOITE;ULTRAPASSAGEM INDEVIDA;COLISÃO FRONTAL;NUBLADO;SIMPLES;RETA;NÃO;0
PB;BR-101;JOAO PESSOA;4;2;TERÇA-FEIRA;1;0;0;00H-02H;MADRUGADA;PLENA NOITE;MAL SÚBITO DO CONDUTOR;COLISÃO TRASEIRA;CÉU CLARO;DUPLA;RETA;SIM;0
MG;BR-251;FRANCISCO SA;4;2;TERÇA-FEIRA;1;0;4;03H-05H;MADRUGADA;PLENA NOITE;DEMAIS FALHAS MECÂNICAS OU ELÉTRICAS;SAÍDA DE LEITO CARROÇÁVEL;GAROA/CHUVISCO;SIMPLES;CURVA;NÃO;0
MS;BR-163;NAVIRAI;4;2;TERÇA-FEIRA;1;0;4;03H-05H;MADRUGADA;PLENA NOITE;ACESSAR A VIA SEM OBSERVAR A PRESENÇA DOS OUTROS VEÍCULOS;COLISÃO TRANSVERSAL;CÉU CLARO;SIMPLES;CURVA;NÃO;0
SC;BR-470;RIO DO SUL;4;2;TERÇA-FEIRA;1;0;7;06H-08H;MANHA;PLENO DIA;AUSÊNCIA DE REAÇÃO DO CONDUTOR;SAÍDA DE LEITO CARROÇÁVEL;NUBLADO;SIMPLES;"ACLIVE;RETA";NÃO;0
RO;BR-364;JARU;4;2;TERÇA-FEIRA;1;0;0;00H-02H;MADRUGADA;PLENA NOITE;CONDUTOR DEIXOU DE MANTER DISTÂNCIA DO VEÍCULO DA FRENTE;COLISÃO FRONTAL;NUBLADO;SIMPLES;"RETA;ACLIVE";NÃO;0
RS;BR-285;IJUI;4;2;TERÇA-FEIRA;1;0;7;06H-08H;MANHA;PLENO DIA;CONDUTOR DEIXOU DE MANTER DISTÂNCIA DO VEÍCULO DA FRENTE;COLISÃO LATERAL MESMO SENTIDO;CÉU CLARO;SIMPLES;RETA;NÃO;0
SC;BR-470;RIO DO SUL;4;2;SÁBADO;5;1;9;09H-11H;MANHA;PLENO DIA;ACUMULO DE AREIA OU DETRITOS SOBRE O PAVIMENTO;COLISÃO COM OBJETO;CÉU CLARO;SIMPLES;RETA;NÃO;0
PE;BR-101;JABOATAO DOS GUARARAPES;4;2;TERÇA-FEIRA;1;0;5;03H-05H;MADRUGADA;PLENO DIA;AUSÊNCIA DE REAÇÃO DO CONDUTOR;COLISÃO FRONTAL;SOL;DUPLA;RETA;NÃO;0
PE;BR-232;ARCOVERDE;4;2;TERÇA-FEIRA;1;0;7;06H-08H;MANHA;PLENO DIA;PEDESTRE ANDAVA NA PISTA;ATROPELAMENTO DE PEDESTRE;SOL;SIMPLES;"ACLIVE;RETA";NÃO;0
SC;BR-280;SAO BENTO DO SUL;4;2;TERÇA-FEIRA;1;0;4;03H-05H;MADRUGADA;PLENA NOITE;VELOCIDADE INCOMPATÍVEL;TOMBAMENTO;CÉU CLARO;SIMPLES;CURVA;SIM;0
BA;BR-116;RAFAEL JAMBEIRO;4;2;TERÇA-FEIRA;1;0;9;09H-11H;MANHA;PLENO DIA;AUSÊNCIA DE REAÇÃO DO CONDUTOR;COLISÃO TRASEIRA;CÉU CLARO;DUPLA;"ACLIVE;RETA";NÃO;0
RS;BR-116;PELOTAS;4;2;TERÇA-FEIRA;1;0;9;09H-11H;MANHA;PLENO DIA;MANOBRA DE MUDANÇA DE FAIXA;COLISÃO LATERAL MESMO SENTIDO;NUBLADO;MÚLTIPLA;RETA;SIM;0
MS;BR-163;BANDEIRANTES;4;2;TERÇA-FEIRA;1;0;7;06H-08H;MANHA;PLENO DIA;MANOBRA DE MUDANÇA DE FAIXA;SAÍDA DE LEITO CARROÇÁVEL;CÉU CLARO;DUPLA;RETA;NÃO;0
MS;BR-267;JARDIM;4;2;TERÇA-FEIRA;1;0;7;06H-08H;MANHA;PLENO DIA;ACESSAR A VIA SEM OBSERVAR A PRESENÇA DOS OUTROS VEÍCULOS;COLISÃO TRANSVERSAL;CÉU CLARO;SIMPLES;INTERSEÇÃO DE VIAS;NÃO;0
SP;BR-116;SAO JOSE DOS CAMPOS;4;2;TERÇA-FEIRA;1;0;9;09H-11H;MANHA;PLENO DIA;REAÇÃO TARDIA OU INEFICIENTE DO CONDUTOR;COLISÃO LATERAL MESMO SENTIDO;CÉU CLARO;DUPLA;RETA;SIM;0
MG;BR-153;FRUTAL;4;2;TERÇA-FEIRA;1;0;10;09H-11H;MANHA;PLENO DIA;ACESSAR A VIA SEM OBSERVAR A PRESENÇA DOS OUTROS VEÍCULOS;COLISÃO TRANSVERSAL;CÉU CLARO;SIMPLES;INTERSEÇÃO DE VIAS;NÃO;0
RN;BR-405;MOSSORO;4;2;SEGUNDA-FEIRA;0;0;20;18H-20H;NOITE;PLENA NOITE;FREAR BRUSCAMENTE;COLISÃO TRASEIRA;CÉU CLARO;SIMPLES;RETA;NÃO;0
PB;BR-230;JOAO PESSOA;4;2;TERÇA-FEIRA;1;0;10;09H-11H;MANHA;PLENO DIA;SUICÍDIO (PRESUMIDO);ATROPELAMENTO DE PEDESTRE;SOL;MÚLTIPLA;RETA;SIM;1
RJ;BR-116;PIRAI;4;2;TERÇA-FEIRA;1;0;8;06H-08H;MANHA;PLENO DIA;PROBLEMA COM O FREIO;COLISÃO LATERAL MESMO SENTIDO;SOL;DUPLA;"CURVA;DECLIVE";NÃO;0
GO;BR-153;GOIANIA;4;2;TERÇA-FEIRA;1;0;10;09H-11H;MANHA;PLENO DIA;REAÇÃO TARDIA OU INEFICIENTE DO CONDUTOR;COLISÃO TRASEIRA;NUBLADO;MÚLTIPLA;"ACLIVE;RETA";SIM;0
SP;BR-381;MAIRIPORA;4;2;TERÇA-FEIRA;1;0;10;09H-11H;MANHA;PLENO DIA;AUSÊNCIA DE REAÇÃO DO CONDUTOR;COLISÃO TRASEIRA;CÉU CLARO;DUPLA;RETA;SIM;0
SC;BR-470;POUSO REDONDO;4;2;TERÇA-FEIRA;1;0;9;09H-11H;MANHA;PLENO DIA;TRANSTORNOS MENTAIS (EXCETO SUICIDIO);ATROPELAMENTO DE PEDESTRE;NUBLADO;SIMPLES;RETA;SIM;0
SC;BR-470;RIO DO SUL;4;2;TERÇA-FEIRA;1;0;14;12H-14H;TARDE;PLENO DIA;CONDUTOR DEIXOU DE MANTER DISTÂNCIA DO VEÍCULO DA FRENTE;ENGAVETAMENTO;CÉU CLARO;SIMPLES;"RETA;DECLIVE";SIM;0
ES;BR-101;CARIACICA;4;2;TERÇA-FEIRA;1;0;14;12H-14H;TARDE;PLENO DIA;ACESSAR A VIA SEM OBSERVAR A PRESENÇA DOS OUTROS VEÍCULOS;COLISÃO TRANSVERSAL;CÉU CLARO;DUPLA;"ACLIVE;RETA;INTERSEÇÃO DE VIAS";NÃO;0
MG;BR-251;GRAO MOGOL;2;1;DOMINGO;6;1;12;12H-14H;TARDE;PLENO DIA;REAÇÃO TARDIA OU INEFICIENTE DO CONDUTOR;TOMBAMENTO;SOL;SIMPLES;CURVA;NÃO;1
RO;BR-174;VILHENA;4;2;TERÇA-FEIRA;1;0;13;12H-14H;TARDE;PLENO DIA;ACESSAR A VIA SEM OBSERVAR A PRESENÇA DOS OUTROS VEÍCULOS;COLISÃO TRANSVERSAL;SOL;DUPLA;INTERSEÇÃO DE VIAS;SIM;0
BA;BR-324;GAVIAO;3;1;DOMINGO;6;1;2;00H-02H;MADRUGADA;PLENA NOITE;CONDUTOR DORMINDO;TOMBAMENTO;CÉU CLARO;SIMPLES;RETA;NÃO;0
PE;BR-101;JABOATAO DOS GUARARAPES;4;2;TERÇA-FEIRA;1;0;14;12H-14H;TARDE;PLENO DIA;CARGA EXCESSIVA E/OU MAL ACONDICIONADA;DERRAMAMENTO DE CARGA;CÉU CLARO;DUPLA;RETA;NÃO;0
SP;BR-116;EMBU DAS ARTES;4;2;TERÇA-FEIRA;1;0;15;15H-17H;TARDE;PLENO DIA;AUSÊNCIA DE REAÇÃO DO CONDUTOR;COLISÃO TRASEIRA;CÉU CLARO;MÚLTIPLA;"RETA;DECLIVE";SIM;0
GO;BR-060;ANAPOLIS;4;2;TERÇA-FEIRA;1;0;15;15H-17H;TARDE;PLENO DIA;TRANSITAR NO ACOSTAMENTO;COLISÃO COM OBJETO;CÉU CLARO;DUPLA;"RETA;ACLIVE";NÃO;1
PB;BR-230;SANTA RITA;4;2;TERÇA-FEIRA;1;0;15;15H-17H;TARDE;PLENO DIA;CONDUTOR DORMINDO;COLISÃO TRASEIRA;CÉU CLARO;DUPLA;"RETA;ACLIVE";SIM;0
MT;BR-364;CUIABA;4;2;SEXTA-FEIRA;4;0;4;03H-05H;MADRUGADA;PLENA NOITE;REAÇÃO TARDIA OU INEFICIENTE DO CONDUTOR;TOMBAMENTO;CÉU CLARO;DUPLA;CURVA;SIM;0
MG;BR-262;LUZ;4;2;TERÇA-FEIRA;1;0;12;12H-14H;TARDE;PLENO DIA;CARGA EXCESSIVA E/OU MAL ACONDICIONADA;SAÍDA DE LEITO CARROÇÁVEL;SOL;SIMPLES;"ACLIVE;RETA";NÃO;0
RS;BR-285;IJUI;4;2;TERÇA-FEIRA;1;0;16;15H-17H;TARDE;PLENO DIA;REAÇÃO TARDIA OU INEFICIENTE DO CONDUTOR;COLISÃO COM OBJETO;CÉU CLARO;SIMPLES;"RETA;PONTE";SIM;0
MA;BR-135;SAO LUIS;4;2;TERÇA-FEIRA;1;0;16;15H-17H;TARDE;PLENO DIA;ACESSAR A VIA SEM OBSERVAR A PRESENÇA DOS OUTROS VEÍCULOS;COLISÃO LATERAL MESMO SENTIDO;NUBLADO;DUPLA;RETORNO REGULAMENTADO;SIM;0
RS;BR-285;CARAZINHO;4;2;TERÇA-FEIRA;1;0;13;12H-14H;TARDE;PLENO DIA;MANOBRA DE MUDANÇA DE FAIXA;COLISÃO LATERAL MESMO SENTIDO;VENTO;SIMPLES;CURVA;NÃO;1
BA;BR-101;CONCEICAO DO ALMEIDA;4;2;SEGUNDA-FEIRA;0;0;12;12H-14H;TARDE;PLENO DIA;REAÇÃO TARDIA OU INEFICIENTE DO CONDUTOR;TOMBAMENTO;CÉU CLARO;SIMPLES;RETA;NÃO;0
SP;BR-116;GUARULHOS;4;2;TERÇA-FEIRA;1;0;17;15H-17H;TARDE;ANOITECER;TRAFEGAR COM MOTOCICLETA (OU SIMILAR) ENTRE AS FAIXAS;COLISÃO LATERAL MESMO SENTIDO;CÉU CLARO;MÚLTIPLA;RETA;SIM;0
MA;BR-230;BALSAS;4;2;TERÇA-FEIRA;1;0;16;15H-17H;TARDE;ANOITECER;REAÇÃO TARDIA OU INEFICIENTE DO CONDUTOR;COLISÃO TRASEIRA;CÉU CLARO;SIMPLES;RETA;NÃO;0
PA;BR-010;SANTA MARIA DO PARA;4;2;TERÇA-FEIRA;1;0;17;15H-17H;TARDE;PLENO DIA;ACESSAR A VIA SEM OBSERVAR A PRESENÇA DOS OUTROS VEÍCULOS;COLISÃO TRANSVERSAL;CÉU CLARO;SIMPLES;RETA;SIM;0
MG;BR-262;MARTINS SOARES;4;2;TERÇA-FEIRA;1;0;16;15H-17H;TARDE;PLENO DIA;AUSÊNCIA DE REAÇÃO DO CONDUTOR;SAÍDA DE LEITO CARROÇÁVEL;CHUVA;SIMPLES;RETA;NÃO;0
MG;BR-381;CONTAGEM;4;2;TERÇA-FEIRA;1;0;19;18H-20H;NOITE;PLENA NOITE;VELOCIDADE INCOMPATÍVEL;COLISÃO TRASEIRA;CÉU CLARO;MÚLTIPLA;RETA;SIM;0
PA;BR-230;ITAITUBA;4;2;TERÇA-FEIRA;1;0;15;15H-17H;TARDE;PLENO DIA;AUSÊNCIA DE REAÇÃO DO CONDUTOR;COLISÃO COM OBJETO;CÉU CLARO;SIMPLES;"CURVA;ACLIVE";NÃO;0
BA;BR-110;INHAMBUPE;4;2;TERÇA-FEIRA;1;0;17;15H-17H;TARDE;ANOITECER;ENTRADA INOPINADA DO PEDESTRE;ATROPELAMENTO DE PEDESTRE;CÉU CLARO;SIMPLES;RETA;NÃO;0
BA;BR-116;MANOEL VITORINO;4;2;TERÇA-FEIRA;1;0;19;18H-20H;NOITE;PLENA NOITE;ACESSO IRREGULAR;COLISÃO TRASEIRA;CÉU CLARO;SIMPLES;RETA;NÃO;0
MT;BR-070;VARZEA GRANDE;4;2;TERÇA-FEIRA;1;0;18;18H-20H;NOITE;ANOITECER;PEDESTRE CRUZAVA A PISTA FORA DA FAIXA;ATROPELAMENTO DE PEDESTRE;NUBLADO;SIMPLES;RETA;SIM;0
PR;BR-369;JATAIZINHO;4;2;TERÇA-FEIRA;1;0;18;18H-20H;NOITE;PLENA NOITE;MANOBRA DE MUDANÇA DE FAIXA;COLISÃO LATERAL MESMO SENTIDO;CHUVA;DUPLA;"DECLIVE;RETA";NÃO;0
RJ;BR-040;DUQUE DE CAXIAS;4;2;TERÇA-FEIRA;1;0;19;18H-20H;NOITE;PLENA NOITE;AUSÊNCIA DE REAÇÃO DO CONDUTOR;COLISÃO TRASEIRA;CÉU CLARO;MÚLTIPLA;"RETA;ACLIVE";SIM;0
MG;BR-381;CAMPANHA;4;2;TERÇA-FEIRA;1;0;20;18H-20H;NOITE;PLENA NOITE;VELOCIDADE INCOMPATÍVEL;COLISÃO COM OBJETO;CÉU CLARO;DUPLA;CURVA;NÃO;0
ES;BR-101;VILA VELHA;4;2;TERÇA-FEIRA;1;0;22;21H-23H;NOITE;PLENA NOITE;REAÇÃO TARDIA OU INEFICIENTE DO CONDUTOR;COLISÃO TRASEIRA;NUBLADO;DUPLA;RETA;NÃO;1
SC;BR-470;RIO DO SUL;4;2;TERÇA-FEIRA;1;0;19;18H-20H;NOITE;PLENA NOITE;ACESSAR A VIA SEM OBSERVAR A PRESENÇA DOS OUTROS VEÍCULOS;COLISÃO TRANSVERSAL;NUBLADO;SIMPLES;RETA;NÃO;0
PI;BR-316;ALEGRETE DO PIAUI;4;2;TERÇA-FEIRA;1;0;22;21H-23H;NOITE;PLENA NOITE;ULTRAPASSAGEM INDEVIDA;COLISÃO LATERAL MESMO SENTIDO;CÉU CLARO;SIMPLES;RETA;NÃO;0
PR;BR-116;QUATRO BARRAS;4;2;TERÇA-FEIRA;1;0;21;21H-23H;NOITE;PLENA NOITE;AUSÊNCIA DE REAÇÃO DO CONDUTOR;SAÍDA DE LEITO CARROÇÁVEL;NUBLADO;DUPLA;CURVA;NÃO;0
PR;BR-476;COLOMBO;4;2;TERÇA-FEIRA;1;0;23;21H-23H;NOITE;PLENA NOITE;AUSÊNCIA DE REAÇÃO DO CONDUTOR;COLISÃO TRASEIRA;NUBLADO;DUPLA;"RETA;ACLIVE";SIM;0
PR;BR-163;MARECHAL CANDIDO RONDON;4;2;TERÇA-FEIRA;1;0;23;21H-23H;NOITE;PLENA NOITE;VELOCIDADE INCOMPATÍVEL;COLISÃO COM OBJETO;CHUVA;DUPLA;"DECLIVE;VIADUTO;CURVA";NÃO;0
MS;BR-163;JUTI;4;2;QUARTA-FEIRA;2;0;0;00H-02H;MADRUGADA;PLENA NOITE;REAÇÃO TARDIA OU INEFICIENTE DO CONDUTOR;COLISÃO COM OBJETO;GAROA/CHUVISCO;SIMPLES;"RETA;PONTE";NÃO;1
MG;BR-262;CORREGO DANTA;4;2;QUARTA-FEIRA;2;0;0;00H-02H;MADRUGADA;PLENA NOITE;CONDUTOR DORMINDO;SAÍDA DE LEITO CARROÇÁVEL;GAROA/CHUVISCO;SIMPLES;CURVA;NÃO;0
SP;BR-116;SAO LOURENCO DA SERRA;4;2;QUARTA-FEIRA;2;0;1;00H-02H;MADRUGADA;PLENA NOITE;AUSÊNCIA DE REAÇÃO DO CONDUTOR;COLISÃO LATERAL MESMO SENTIDO;CÉU CLARO;DUPLA;RETA;SIM;1
SC;BR-101;PALHOCA;4;2;QUARTA-FEIRA;2;0;4;03H-05H;MADRUGADA;PLENA NOITE;VELOCIDADE INCOMPATÍVEL;COLISÃO TRANSVERSAL;CÉU CLARO;MÚLTIPLA;RETA;NÃO;0
PI;BR-222;SAO JOAO DA FRONTEIRA;4;2;QUARTA-FEIRA;2;0;2;00H-02H;MADRUGADA;PLENA NOITE;CONDUTOR DEIXOU DE MANTER DISTÂNCIA DO VEÍCULO DA FRENTE;COLISÃO TRASEIRA;CÉU CLARO;SIMPLES;DECLIVE;NÃO;0
RO;BR-364;JARU;4;2;QUARTA-FEIRA;2;0;3;03H-05H;MADRUGADA;PLENA NOITE;AUSÊNCIA DE REAÇÃO DO CONDUTOR;SAÍDA DE LEITO CARROÇÁVEL;CÉU CLARO;SIMPLES;RETA;NÃO;0
SE;BR-101;MURIBECA;4;2;QUARTA-FEIRA;2;0;6;06H-08H;MANHA;PLENO DIA;AUSÊNCIA DE REAÇÃO DO CONDUTOR;SAÍDA DE LEITO CARROÇÁVEL;CÉU CLARO;DUPLA;RETA;NÃO;0
DF;BR-080;BRASILIA;4;2;QUARTA-FEIRA;2;0;7;06H-08H;MANHA;PLENO DIA;ULTRAPASSAGEM INDEVIDA;COLISÃO LATERAL MESMO SENTIDO;CÉU CLARO;SIMPLES;RETA;NÃO;1
MT;BR-364;RONDONOPOLIS;4;2;QUARTA-FEIRA;2;0;5;03H-05H;MADRUGADA;AMANHECER;REAÇÃO TARDIA OU INEFICIENTE DO CONDUTOR;COLISÃO TRASEIRA;CHUVA;DUPLA;"RETA;PONTE";SIM;0
MG;BR-116;CARATINGA;4;2;QUARTA-FEIRA;2;0;8;06H-08H;MANHA;PLENO DIA;ACESSAR A VIA SEM OBSERVAR A PRESENÇA DOS OUTROS VEÍCULOS;COLISÃO TRANSVERSAL;GAROA/CHUVISCO;SIMPLES;RETA;SIM;0
MG;BR-116;TEOFILO OTONI;4;2;QUARTA-FEIRA;2;0;8;06H-08H;MANHA;PLENO DIA;ACESSAR A VIA SEM OBSERVAR A PRESENÇA DOS OUTROS VEÍCULOS;COLISÃO TRANSVERSAL;NUBLADO;DUPLA;RETA;SIM;0
PR;BR-376;ORTIGUEIRA;4;2;QUARTA-FEIRA;2;0;6;06H-08H;MANHA;AMANHECER;VELOCIDADE INCOMPATÍVEL;TOMBAMENTO;CÉU CLARO;DUPLA;"CURVA;DECLIVE";NÃO;0
ES;BR-101;LINHARES;4;2;QUARTA-FEIRA;2;0;8;06H-08H;MANHA;PLENO DIA;CONDUTOR DEIXOU DE MANTER DISTÂNCIA DO VEÍCULO DA FRENTE;COLISÃO TRASEIRA;CÉU CLARO;DUPLA;RETA;NÃO;0
RJ;BR-116;SAO JOAO DE MERITI;4;2;QUARTA-FEIRA;2;0;8;06H-08H;MANHA;PLENO DIA;VELOCIDADE INCOMPATÍVEL;COLISÃO TRASEIRA;CÉU CLARO;MÚLTIPLA;RETA;SIM;0
SP;BR-116;APARECIDA;4;2;QUARTA-FEIRA;2;0;8;06H-08H;MANHA;PLENO DIA;CHUVA;COLISÃO TRANSVERSAL;GAROA/CHUVISCO;DUPLA;RETA;NÃO;0
SC;BR-282;CORDILHEIRA ALTA;4;2;QUARTA-FEIRA;2;0;7;06H-08H;MANHA;PLENO DIA;TRANSITAR NA CONTRAMÃO;COLISÃO LATERAL SENTIDO OPOSTO;SOL;SIMPLES;CURVA;SIM;0
ES;BR-101;FUNDAO;4;2;QUARTA-FEIRA;2;0;9;09H-11H;MANHA;PLENO DIA;CONDUTOR DEIXOU DE MANTER DISTÂNCIA DO VEÍCULO DA FRENTE;COLISÃO TRASEIRA;NUBLADO;SIMPLES;RETA;NÃO;0
RN;BR-405;MOSSORO;4;2;QUARTA-FEIRA;2;0;2;00H-02H;MADRUGADA;AMANHECER;DEMAIS FALHAS MECÂNICAS OU ELÉTRICAS;SAÍDA DE LEITO CARROÇÁVEL;CÉU CLARO;SIMPLES;RETA;NÃO;0
MT;BR-163;LUCAS DO RIO VERDE;4;2;QUARTA-FEIRA;2;0;8;06H-08H;MANHA;PLENO DIA;CONDUTOR DEIXOU DE MANTER DISTÂNCIA DO VEÍCULO DA FRENTE;ENGAVETAMENTO;CHUVA;SIMPLES;RETA;NÃO;0
SC;BR-282;LAGES;2;1;SEGUNDA-FEIRA;0;0;15;15H-17H;TARDE;PLENO DIA;REAÇÃO TARDIA OU INEFICIENTE DO CONDUTOR;COLISÃO LATERAL SENTIDO OPOSTO;CHUVA;SIMPLES;"DECLIVE;RETA";NÃO;0
AM;BR-174;MANAUS;2;1;TERÇA-FEIRA;1;0;12;12H-14H;TARDE;PLENO DIA;VELOCIDADE INCOMPATÍVEL;TOMBAMENTO;CÉU CLARO;SIMPLES;"CURVA;DECLIVE";NÃO;0
PB;BR-230;CONDADO;4;2;QUARTA-FEIRA;2;0;9;09H-11H;MANHA;PLENO DIA;ULTRAPASSAGEM INDEVIDA;COLISÃO FRONTAL;SOL;SIMPLES;CURVA;NÃO;0
MG;BR-116;INHAPIM;4;2;QUARTA-FEIRA;2;0;10;09H-11H;MANHA;PLENO DIA;ESTACIONAR OU PARAR EM LOCAL PROIBIDO;ENGAVETAMENTO;CHUVA;SIMPLES;CURVA;NÃO;0
RJ;BR-116;GUAPIMIRIM;4;2;SEXTA-FEIRA;4;0;8;06H-08H;MANHA;PLENO DIA;PROBLEMA COM O FREIO;TOMBAMENTO;NUBLADO;DUPLA;CURVA;NÃO;0
PA;BR-316;CASTANHAL;4;2;QUARTA-FEIRA;2;0;15;15H-17H;TARDE;PLENO DIA;AUSÊNCIA DE REAÇÃO DO CONDUTOR;COLISÃO TRASEIRA;CÉU CLARO;DUPLA;RETA;SIM;0
MG;BR-040;CONTAGEM;4;2;QUARTA-FEIRA;2;0;15;15H-17H;TARDE;PLENO DIA;CONDUTOR DEIXOU DE MANTER DISTÂNCIA DO VEÍCULO DA FRENTE;COLISÃO COM OBJETO;CÉU CLARO;DUPLA;RETA;SIM;0
MG;BR-040;CONGONHAS;4;2;QUARTA-FEIRA;2;0;15;15H-17H;TARDE;PLENO DIA;ACESSAR A VIA SEM OBSERVAR A PRESENÇA DOS OUTROS VEÍCULOS;COLISÃO TRANSVERSAL;CHUVA;SIMPLES;INTERSEÇÃO DE VIAS;SIM;0
SC;BR-101;ITAPEMA;4;2;QUARTA-FEIRA;2;0;11;09H-11H;MANHA;PLENO DIA;AUSÊNCIA DE REAÇÃO DO CONDUTOR;COLISÃO TRASEIRA;CÉU CLARO;DUPLA;RETA;SIM;1
CE;BR-222;SOBRAL;4;2;QUARTA-FEIRA;2;0;17;15H-17H;TARDE;PLENA NOITE;INGESTÃO DE ÁLCOOL PELO CONDUTOR;TOMBAMENTO;CÉU CLARO;SIMPLES;"INTERSEÇÃO DE VIAS;ROTATÓRIA";SIM;0
PI;BR-343;FLORIANO;4;2;QUARTA-FEIRA;2;0;15;15H-17H;TARDE;PLENO DIA;TRANSITAR NA CONTRAMÃO;COLISÃO LATERAL SENTIDO OPOSTO;SOL;SIMPLES;RETA;NÃO;0
MS;BR-060;PARAISO DAS AGUAS;4;2;QUARTA-FEIRA;2;0;7;06H-08H;MANHA;PLENO DIA;AUSÊNCIA DE REAÇÃO DO CONDUTOR;TOMBAMENTO;CÉU CLARO;SIMPLES;RETA;NÃO;0
RS;BR-285;CIRIACO;3;1;QUINTA-FEIRA;3;0;22;21H-23H;NOITE;PLENA NOITE;INGESTÃO DE ÁLCOOL PELO CONDUTOR;COLISÃO LATERAL SENTIDO OPOSTO;NUBLADO;SIMPLES;RETA;NÃO;0
PE;BR-423;PARANATAMA;2;1;SEGUNDA-FEIRA;0;0;13;12H-14H;TARDE;PLENO DIA;TRANSITAR NA CONTRAMÃO;COLISÃO FRONTAL;SOL;SIMPLES;"ACLIVE;RETA";NÃO;1
RS;BR-392;PORTO XAVIER;4;2;QUINTA-FEIRA;3;0;5;03H-05H;MADRUGADA;AMANHECER;REAÇÃO TARDIA OU INEFICIENTE DO CONDUTOR;SAÍDA DE LEITO CARROÇÁVEL;CÉU CLARO;SIMPLES;CURVA;NÃO;0
MT;BR-364;CAMPO VERDE;4;2;QUINTA-FEIRA;3;0;9;09H-11H;MANHA;PLENO DIA;DEMAIS FALHAS MECÂNICAS OU ELÉTRICAS;INCÊNDIO;CÉU CLARO;DUPLA;RETA;NÃO;0
RS;BR-448;CANOAS;4;2;QUINTA-FEIRA;3;0;10;09H-11H;MANHA;PLENO DIA;REAÇÃO TARDIA OU INEFICIENTE DO CONDUTOR;COLISÃO LATERAL MESMO SENTIDO;CÉU CLARO;MÚLTIPLA;RETA;SIM;0
MG;BR-116;JAMPRUCA;4;2;QUINTA-FEIRA;3;0;8;06H-08H;MANHA;PLENO DIA;AUSÊNCIA DE REAÇÃO DO CONDUTOR;COLISÃO FRONTAL;CHUVA;SIMPLES;RETA;NÃO;1
ES;BR-101;CARIACICA;4;2;QUINTA-FEIRA;3;0;7;06H-08H;MANHA;PLENO DIA;PISTA ESCORREGADIA;COLISÃO LATERAL MESMO SENTIDO;CHUVA;DUPLA;"CURVA;DECLIVE";SIM;0
MT;BR-364;NOBRES;4;2;SÁBADO;5;1;6;06H-08H;MANHA;PLENO DIA;DEMAIS FALHAS MECÂNICAS OU ELÉTRICAS;INCÊNDIO;CÉU CLARO;DUPLA;"RETA;VIADUTO";NÃO;0
SE;BR-101;ITAPORANGA DAJUDA;4;2;QUINTA-FEIRA;3;0;9;09H-11H;MANHA;PLENO DIA;REAÇÃO TARDIA OU INEFICIENTE DO CONDUTOR;SAÍDA DE LEITO CARROÇÁVEL;CÉU CLARO;DUPLA;"CURVA;DECLIVE";NÃO;0
MG;BR-153;CENTRALINA;4;2;QUARTA-FEIRA;2;0;22;21H-23H;NOITE;PLENA NOITE;DEMAIS FALHAS MECÂNICAS OU ELÉTRICAS;COLISÃO TRASEIRA;CÉU CLARO;DUPLA;RETA;NÃO;0
PR;BR-116;SAO JOSE DOS PINHAIS;4;2;QUINTA-FEIRA;3;0;7;06H-08H;MANHA;PLENO DIA;CONDUTOR DEIXOU DE MANTER DISTÂNCIA DO VEÍCULO DA FRENTE;ENGAVETAMENTO;NUBLADO;DUPLA;"RETA;VIADUTO";SIM;0
GO;BR-020;POSSE;4;2;QUINTA-FEIRA;3;0;8;06H-08H;MANHA;PLENO DIA;VELOCIDADE INCOMPATÍVEL;COLISÃO COM OBJETO;CÉU CLARO;SIMPLES;"RETA;ACLIVE";NÃO;0
PE;BR-101;IGARASSU;4;2;QUINTA-FEIRA;3;0;7;06H-08H;MANHA;PLENO DIA;AUSÊNCIA DE REAÇÃO DO CONDUTOR;COLISÃO TRASEIRA;CÉU CLARO;MÚLTIPLA;RETA;NÃO;1