uf;br_formatada;municipio;mes;trimestre;dia_semana;dia_semana_num;fim_de_semana;hora;faixa_horaria;turno;fase_dia;causa_acidente;tipo_acidente;condicao_metereologica;tipo_pista;tracado_via;uso_solo;acidente_fatal
MT;BR-070;VARZEA GRANDE;5;2;QUARTA-FEIRA;2;0;13;12H-14H;TARDE;PLENO DIA;ULTRAPASSAGEM INDEVIDA;SAÍDA DE LEITO CARROÇÁVEL;CHUVA;SIMPLES;CURVA;SIM;0
GO;BR-020;FORMOSA;5;2;QUARTA-FEIRA;2;0;18;18H-20H;NOITE;ANOITECER;CONDUTOR DORMINDO;SAÍDA DE LEITO CARROÇÁVEL;CÉU CLARO;SIMPLES;RETA;NÃO;0
RJ;BR-116;SEROPEDICA;5;2;QUARTA-FEIRA;2;0;16;15H-17H;TARDE;AMANHECER;REAÇÃO TARDIA OU INEFICIENTE DO CONDUTOR;COLISÃO TRASEIRA;CÉU CLARO;DUPLA;RETA;SIM;0
BA;BR-101;ITAMARAJU;5;2;QUARTA-FEIRA;2;0;16;15H-17H;TARDE;PLENO DIA;TRANSITAR NA CONTRAMÃO;COLISÃO FRONTAL;CHUVA;SIMPLES;"RETA;DECLIVE";NÃO;1
MS;BR-163;ITAQUIRAI;5;2;QUARTA-FEIRA;2;0;15;15H-17H;TARDE;PLENO DIA;ENTRADA INOPINADA DO PEDESTRE;ATROPELAMENTO DE PEDESTRE;NUBLADO;SIMPLES;RETA;NÃO;0
PR;BR-376;GUARATUBA;5;2;QUARTA-FEIRA;2;0;15;15H-17H;TARDE;PLENO DIA;VELOCIDADE INCOMPATÍVEL;TOMBAMENTO;CÉU CLARO;DUPLA;"CURVA;DECLIVE";NÃO;0
MG;BR-381;BETIM;5;2;QUARTA-FEIRA;2;0;19;18H-20H;NOITE;PLENA NOITE;MANOBRA DE MUDANÇA DE FAIXA;COLISÃO LATERAL MESMO SENTIDO;CÉU CLARO;DUPLA;RETA;SIM;0
PR;BR-476;ADRIANOPOLIS;5;2;QUARTA-FEIRA;2;0;20;18H-20H;NOITE;PLENA NOITE;VELOCIDADE INCOMPATÍVEL;CAPOTAMENTO;CÉU CLARO;SIMPLES;"CURVA;DECLIVE";NÃO;1
PR;BR-376;PONTA GROSSA;5;2;QUARTA-FEIRA;2;0;22;21H-23H;NOITE;PLENA NOITE;AUSÊNCIA DE REAÇÃO DO CONDUTOR;SAÍDA DE LEITO CARROÇÁVEL;CÉU CLARO;DUPLA;RETA;NÃO;0
PA;BR-222;BOM JESUS DO TOCANTINS;5;2;QUARTA-FEIRA;2;0;19;18H-20H;NOITE;PLENA NOITE;TRANSITAR NA CONTRAMÃO;COLISÃO LATERAL SENTIDO OPOSTO;CÉU CLARO;SIMPLES;RETA;NÃO;0
BA;BR-116;POCOES;5;2;QUARTA-FEIRA;2;0;23;21H-23H;NOITE;PLENA NOITE;AUSÊNCIA DE REAÇÃO DO CONDUTOR;SAÍDA DE LEITO CARROÇÁVEL;NUBLADO;SIMPLES;RETA;NÃO;0
SC;BR-282;CHAPECO;5;2;QUARTA-FEIRA;2;0;11;09H-11H;MANHA;PLENO DIA;CURVA ACENTUADA;TOMBAMENTO;CHUVA;DUPLA;"INTERSEÇÃO DE VIAS;PONTE;CURVA;ACLIVE;VIADUTO";SIM;0
SC;BR-163;DIONISIO CERQUEIRA;5;2;QUINTA-FEIRA;3;0;4;03H-05H;MADRUGADA;PLENA NOITE;REAÇÃO TARDIA OU INEFICIENTE DO CONDUTOR;SAÍDA DE LEITO CARROÇÁVEL;GAROA/CHUVISCO;SIMPLES;"RETORNO REGULAMENTADO;CURVA";NÃO;0
PB;BR-101;JOAO PESSOA;5;2;QUINTA-FEIRA;3;0;7;06H-08H;MANHA;PLENO DIA;SUICÍDIO (PRESUMIDO);ATROPELAMENTO DE PEDESTRE;CÉU CLARO;DUPLA;RETA;NÃO;0
BA;BR-242;SEABRA;5;2;QUINTA-FEIRA;3;0;6;06H-08H;MANHA;PLENO DIA;ACESSAR A VIA SEM OBSERVAR A PRESENÇA DOS OUTROS VEÍCULOS;COLISÃO TRANSVERSAL;CÉU CLARO;SIMPLES;INTERSEÇÃO DE VIAS;NÃO;0
RS;BR-392;MORRO REDONDO;5;2;QUINTA-FEIRA;3;0;6;06H-08H;MANHA;PLENA NOITE;CONDUTOR DORMINDO;SAÍDA DE LEITO CARROÇÁVEL;CHUVA;SIMPLES;RETA;NÃO;0
RJ;BR-101;CAMPOS DOS GOYTACAZES;4;2;QUARTA-FEIRA;2;0;16;15H-17H;TARDE;ANOITECER;REAÇÃO TARDIA OU INEFICIENTE DO CONDUTOR;COLISÃO LATERAL MESMO SENTIDO;CÉU CLARO;DUPLA;CURVA;NÃO;0
PR;BR-369;JURANDA;5;2;SÁBADO;5;1;13;12H-14H;TARDE;PLENO DIA;MANOBRA DE MUDANÇA DE FAIXA;COLISÃO LATERAL MESMO SENTIDO;SOL;SIMPLES;RETA;NÃO;0
RO;BR-364;CACOAL;5;2;QUINTA-FEIRA;3;0;7;06H-08H;MANHA;PLENO DIA;DESRESPEITAR A PREFERÊNCIA NO CRUZAMENTO;COLISÃO TRANSVERSAL;NUBLADO;SIMPLES;"RETA;INTERSEÇÃO DE VIAS";SIM;0
BA;BR-116;JEQUIE;5;2;QUINTA-FEIRA;3;0;8;06H-08H;MANHA;PLENO DIA;ACESSAR A VIA SEM OBSERVAR A PRESENÇA DOS OUTROS VEÍCULOS;COLISÃO TRANSVERSAL;CÉU CLARO;SIMPLES;RETA;NÃO;0
SC;BR-101;ARARANGUA;5;2;QUINTA-FEIRA;3;0;9;09H-11H;MANHA;PLENO DIA;DEMAIS FALHAS MECÂNICAS OU ELÉTRICAS;COLISÃO TRANSVERSAL;CHUVA;MÚLTIPLA;INTERSEÇÃO DE VIAS;NÃO;0
RN;BR-101;PARNAMIRIM;5;2;QUINTA-FEIRA;3;0;10;09H-11H;MANHA;PLENO DIA;ACESSAR A VIA SEM OBSERVAR A PRESENÇA DOS OUTROS VEÍCULOS;COLISÃO LATERAL MESMO SENTIDO;CÉU CLARO;DUPLA;RETA;SIM;0
PR;BR-376;TIBAGI;5;2;QUINTA-FEIRA;3;0;9;09H-11H;MANHA;PLENO DIA;VELOCIDADE INCOMPATÍVEL;TOMBAMENTO;CÉU CLARO;DUPLA;"CURVA;DESVIO TEMPORÁRIO";NÃO;0
PE;BR-232;POMBOS;5;2;QUINTA-FEIRA;3;0;9;09H-11H;MANHA;PLENO DIA;REAÇÃO TARDIA OU INEFICIENTE DO CONDUTOR;COLISÃO TRASEIRA;CÉU CLARO;DUPLA;RETA;SIM;0
MG;BR-381;BETIM;5;2;QUINTA-FEIRA;3;0;11;09H-11H;MANHA;PLENO DIA;AUSÊNCIA DE REAÇÃO DO CONDUTOR;COLISÃO LATERAL MESMO SENTIDO;CÉU CLARO;DUPLA;RETA;SIM;0
PR;BR-277;CATANDUVAS;5;2;QUINTA-FEIRA;3;0;10;09H-11H;MANHA;PLENO DIA;AUSÊNCIA DE REAÇÃO DO CONDUTOR;SAÍDA DE LEITO CARROÇÁVEL;CÉU CLARO;SIMPLES;"RETA;ACLIVE";NÃO;0
PR;BR-277;CASCAVEL;5;2;QUINTA-FEIRA;3;0;12;12H-14H;TARDE;PLENO DIA;CONDUTOR DEIXOU DE MANTER DISTÂNCIA DO VEÍCULO DA FRENTE;ENGAVETAMENTO;CÉU CLARO;SIMPLES;RETA;SIM;0
SC;BR-101;ITAPEMA;5;2;QUINTA-FEIRA;3;0;9;09H-11H;MANHA;PLENO DIA;REAÇÃO TARDIA OU INEFICIENTE DO CONDUTOR;COLISÃO TRASEIRA;CÉU CLARO;DUPLA;RETA;SIM;0
MS;BR-163;RIO VERDE DE MATO GROSSO;5;2;QUINTA-FEIRA;3;0;10;09H-11H;MANHA;PLENO DIA;DEMAIS FALHAS MECÂNICAS OU ELÉTRICAS;INCÊNDIO;CÉU CLARO;SIMPLES;DECLIVE;NÃO;0
SC;BR-101;BALNEARIO CAMBORIU;5;2;QUINTA-FEIRA;3;0;12;12H-14H;TARDE;PLENO DIA;ACESSAR A VIA SEM OBSERVAR A PRESENÇA DOS OUTROS VEÍCULOS;COLISÃO LATERAL MESMO SENTIDO;CÉU CLARO;DUPLA;RETA;SIM;0
RJ;BR-116;TERESOPOLIS;5;2;DOMINGO;6;1;15;15H-17H;TARDE;PLENO DIA;AUSÊNCIA DE REAÇÃO DO CONDUTOR;INCÊNDIO;SOL;SIMPLES;RETA;NÃO;0
RJ;BR-116;NOVA IGUACU;5;2;QUINTA-FEIRA;3;0;13;12H-14H;TARDE;PLENO DIA;AUSÊNCIA DE REAÇÃO DO CONDUTOR;COLISÃO TRASEIRA;CÉU CLARO;DUPLA;RETA;SIM;0
RJ;BR-393;SAPUCAIA;5;2;QUINTA-FEIRA;3;0;10;09H-11H;MANHA;PLENO DIA;TRANSITAR NO ACOSTAMENTO;ATROPELAMENTO DE PEDESTRE;CÉU CLARO;SIMPLES;"CURVA;DESVIO TEMPORÁRIO";NÃO;0
RJ;BR-116;GUAPIMIRIM;5;2;QUINTA-FEIRA;3;0;11;09H-11H;MANHA;PLENO DIA;CONDUTOR DORMINDO;COLISÃO TRASEIRA;NUBLADO;SIMPLES;CURVA;NÃO;0
RS;BR-470;GARIBALDI;5;2;QUINTA-FEIRA;3;0;14;12H-14H;TARDE;PLENO DIA;ULTRAPASSAGEM INDEVIDA;COLISÃO LATERAL MESMO SENTIDO;NUBLADO;SIMPLES;"RETA;DECLIVE";NÃO;0
PE;BR-101;PAULISTA;5;2;QUINTA-FEIRA;3;0;15;15H-17H;TARDE;PLENO DIA;CONDUTOR DEIXOU DE MANTER DISTÂNCIA DO VEÍCULO DA FRENTE;COLISÃO TRANSVERSAL;CÉU CLARO;DUPLA;ACLIVE;NÃO;0
RO;BR-364;VILHENA;5;2;QUINTA-FEIRA;3;0;8;06H-08H;MANHA;PLENO DIA;FREAR BRUSCAMENTE;COLISÃO TRASEIRA;CÉU CLARO;SIMPLES;ACLIVE;NÃO;0
MG;BR-116;INHAPIM;5;2;QUINTA-FEIRA;3;0;12;12H-14H;TARDE;PLENO DIA;REAÇÃO TARDIA OU INEFICIENTE DO CONDUTOR;COLISÃO TRASEIRA;NUBLADO;SIMPLES;RETA;NÃO;0
SC;BR-282;CAMPOS NOVOS;5;2;QUINTA-FEIRA;3;0;14;12H-14H;TARDE;PLENO DIA;VELOCIDADE INCOMPATÍVEL;COLISÃO TRANSVERSAL;NUBLADO;SIMPLES;ROTATÓRIA;NÃO;0
PR;BR-373;IPIRANGA;5;2;QUINTA-FEIRA;3;0;16;15H-17H;TARDE;PLENO DIA;ACESSAR A VIA SEM OBSERVAR A PRESENÇA DOS OUTROS VEÍCULOS;COLISÃO TRANSVERSAL;SOL;SIMPLES;"CURVA;DECLIVE";NÃO;1
SP;BR-116;JACAREI;5;2;QUINTA-FEIRA;3;0;17;15H-17H;TARDE;PLENO DIA;MANOBRA DE MUDANÇA DE FAIXA;COLISÃO LATERAL MESMO SENTIDO;CÉU CLARO;MÚLTIPLA;RETA;SIM;0
MT;BR-070;BARRA DO GARCAS;5;2;QUINTA-FEIRA;3;0;16;15H-17H;TARDE;ANOITECER;CONDUTOR DORMINDO;COLISÃO TRASEIRA;CÉU CLARO;SIMPLES;"RETA;DECLIVE";SIM;0
MG;BR-116;MURIAE;5;2;QUINTA-FEIRA;3;0;17;15H-17H;TARDE;ANOITECER;CONDUTOR DORMINDO;COLISÃO LATERAL SENTIDO OPOSTO;CÉU CLARO;SIMPLES;CURVA;NÃO;0
RS;BR-386;SOLEDADE;5;2;QUINTA-FEIRA;3;0;16;15H-17H;TARDE;PLENO DIA;ACESSAR A VIA SEM OBSERVAR A PRESENÇA DOS OUTROS VEÍCULOS;COLISÃO TRANSVERSAL;NUBLADO;SIMPLES;RETA;NÃO;0
RJ;BR-101;CAMPOS DOS GOYTACAZES;5;2;QUINTA-FEIRA;3;0;17;15H-17H;TARDE;ANOITECER;AVARIAS E/OU DESGASTE EXCESSIVO NO PNEU;EVENTOS ATÍPICOS;CÉU CLARO;SIMPLES;CURVA;NÃO;0
AL;BR-316;PILAR;5;2;QUINTA-FEIRA;3;0;17;15H-17H;TARDE;PLENA NOITE;INGESTÃO DE ÁLCOOL PELO CONDUTOR;COLISÃO LATERAL SENTIDO OPOSTO;CÉU CLARO;DUPLA;RETA;NÃO;0
MG;BR-116;TEOFILO OTONI;5;2;QUINTA-FEIRA;3;0;18;18H-20H;NOITE;PLENA NOITE;TRANSITAR NA CONTRAMÃO;COLISÃO TRANSVERSAL;CÉU CLARO;SIMPLES;DECLIVE;NÃO;0
PR;BR-153;GUAPIRAMA;5;2;QUINTA-FEIRA;3;0;16;15H-17H;TARDE;PLENO DIA;DEMAIS FALHAS MECÂNICAS OU ELÉTRICAS;INCÊNDIO;CÉU CLARO;SIMPLES;RETA;NÃO;0
MG;BR-381;ITAPEVA;5;2;QUINTA-FEIRA;3;0;20;18H-20H;NOITE;PLENA NOITE;AUSÊNCIA DE REAÇÃO DO CONDUTOR;COLISÃO COM OBJETO;CÉU CLARO;DUPLA;"ACLIVE;CURVA";NÃO;1
AL;BR-101;JEQUIA DA PRAIA;5;2;QUINTA-FEIRA;3;0;20;18H-20H;NOITE;PLENA NOITE;VELOCIDADE INCOMPATÍVEL;SAÍDA DE LEITO CARROÇÁVEL;NUBLADO;DUPLA;"CURVA;DECLIVE";NÃO;0
MT;BR-364;SANTO ANTONIO DO LEVERGER;5;2;QUINTA-FEIRA;3;0;20;18H-20H;NOITE;PLENA NOITE;PROBLEMA COM O FREIO;TOMBAMENTO;CÉU CLARO;SIMPLES;RETA;NÃO;0
MA;BR-135;BACABEIRA;5;2;QUINTA-FEIRA;3;0;17;15H-17H;TARDE;PLENO DIA;REAÇÃO TARDIA OU INEFICIENTE DO CONDUTOR;SAÍDA DE LEITO CARROÇÁVEL;SOL;DUPLA;RETA;NÃO;0
PE;BR-104;PANELAS;5;2;QUINTA-FEIRA;3;0;11;09H-11H;MANHA;PLENO DIA;DEMAIS FALHAS MECÂNICAS OU ELÉTRICAS;TOMBAMENTO;CÉU CLARO;SIMPLES;DECLIVE;NÃO;0
SP;BR-116;REGISTRO;5;2;QUINTA-FEIRA;3;0;22;21H-23H;NOITE;PLENA NOITE;REAÇÃO TARDIA OU INEFICIENTE DO CONDUTOR;COLISÃO TRASEIRA;CÉU CLARO;DUPLA;RETA;NÃO;0
PR;BR-376;MAUA DA SERRA;5;2;QUINTA-FEIRA;3;0;20;18H-20H;NOITE;PLENA NOITE;INGESTÃO DE ÁLCOOL PELO CONDUTOR;COLISÃO TRASEIRA;CÉU CLARO;DUPLA;DECLIVE;NÃO;0
PR;BR-277;GUARANIACU;5;2;QUINTA-FEIRA;3;0;22;21H-23H;NOITE;PLENA NOITE;ACESSAR A VIA SEM OBSERVAR A PRESENÇA DOS OUTROS VEÍCULOS;COLISÃO TRANSVERSAL;CÉU CLARO;SIMPLES;RETA;NÃO;0
PE;BR-423;PARANATAMA;5;2;QUINTA-FEIRA;3;0;21;21H-23H;NOITE;PLENA NOITE;AUSÊNCIA DE REAÇÃO DO CONDUTOR;COLISÃO TRASEIRA;CÉU CLARO;SIMPLES;DECLIVE;NÃO;1
PB;BR-101;SANTA RITA;5;2;SEXTA-FEIRA;4;0;1;00H-02H;MADRUGADA;PLENA NOITE;REAÇÃO TARDIA OU INEFICIENTE DO CONDUTOR;SAÍDA DE LEITO CARROÇÁVEL;CHUVA;DUPLA;RETA;NÃO;0
PR;BR-376;SARANDI;5;2;SEXTA-FEIRA;4;0;0;00H-02H;MADRUGADA;PLENA NOITE;VELOCIDADE INCOMPATÍVEL;SAÍDA DE LEITO CARROÇÁVEL;CÉU CLARO;DUPLA;"RETA;DECLIVE";SIM;0
PR;BR-369;JATAIZINHO;5;2;SEXTA-FEIRA;4;0;0;00H-02H;MADRUGADA;PLENA NOITE;CONDUTOR DORMINDO;SAÍDA DE LEITO CARROÇÁVEL;CÉU CLARO;DUPLA;"RETA;PONTE;DECLIVE";NÃO;1
MG;BR-381;ITAPEVA;5;2;SEXTA-FEIRA;4;0;3;03H-05H;MADRUGADA;PLENA NOITE;AUSÊNCIA DE REAÇÃO DO CONDUTOR;TOMBAMENTO;CÉU CLARO;DUPLA;CURVA;NÃO;0
SC;BR-101;NAVEGANTES;5;2;SEXTA-FEIRA;4;0;4;03H-05H;MADRUGADA;PLENA NOITE;VELOCIDADE INCOMPATÍVEL;COLISÃO TRASEIRA;CÉU CLARO;DUPLA;CURVA;SIM;0
SE;BR-101;PROPRIA;5;2;SEXTA-FEIRA;4;0;5;03H-05H;MADRUGADA;PLENO DIA;CONDUTOR DORMINDO;ATROPELAMENTO DE PEDESTRE;NUBLADO;DUPLA;RETA;NÃO;0
GO;BR-153;HIDROLANDIA;5;2;QUINTA-FEIRA;3;0;22;21H-23H;NOITE;PLENA NOITE;ANIMAIS NA PISTA;ATROPELAMENTO DE ANIMAL;CÉU CLARO;DUPLA;"DECLIVE;RETA";NÃO;0
MS;BR-163;JARAGUARI;5;2;SEXTA-FEIRA;4;0;5;03H-05H;MADRUGADA;PLENO DIA;MANOBRA DE MUDANÇA DE FAIXA;COLISÃO LATERAL SENTIDO OPOSTO;CÉU CLARO;SIMPLES;"RETA;ACLIVE";NÃO;0
SC;BR-280;MAFRA;5;2;SEXTA-FEIRA;4;0;5;03H-05H;MADRUGADA;PLENO DIA;PROBLEMA COM O FREIO;INCÊNDIO;CÉU CLARO;SIMPLES;RETA;NÃO;0
AL;BR-101;SAO SEBASTIAO;5;2;SEXTA-FEIRA;4;0;7;06H-08H;MANHA;AMANHECER;AUSÊNCIA DE REAÇÃO DO CONDUTOR;TOMBAMENTO;CÉU CLARO;DUPLA;RETA;NÃO;0
BA;BR-116;VITORIA DA CONQUISTA;5;2;SEXTA-FEIRA;4;0;8;06H-08H;MANHA;PLENO DIA;CONDUTOR DEIXOU DE MANTER DISTÂNCIA DO VEÍCULO DA FRENTE;COLISÃO TRASEIRA;NUBLADO;SIMPLES;RETA;SIM;0
SP;BR-116;SAO JOSE DOS CAMPOS;5;2;SEXTA-FEIRA;4;0;7;06H-08H;MANHA;PLENO DIA;TRAFEGAR COM MOTOCICLETA (OU SIMILAR) ENTRE AS FAIXAS;COLISÃO LATERAL MESMO SENTIDO;NEVOEIRO/NEBLINA;MÚLTIPLA;"DECLIVE;RETA";NÃO;0
ES;BR-101;JAGUARE;5;2;SEXTA-FEIRA;4;0;8;06H-08H;MANHA;PLENO DIA;REAÇÃO TARDIA OU INEFICIENTE DO CONDUTOR;COLISÃO TRASEIRA;NUBLADO;SIMPLES;RETA;SIM;0
RJ;BR-116;SAO JOAO DE MERITI;5;2;TERÇA-FEIRA;1;0;9;09H-11H;MANHA;PLENO DIA;CARGA EXCESSIVA E/OU MAL ACONDICIONADA;TOMBAMENTO;CÉU CLARO;DUPLA;RETA;SIM;0
BA;BR-242;CRISTOPOLIS;5;2;SEXTA-FEIRA;4;0;8;06H-08H;MANHA;PLENO DIA;ACESSO IRREGULAR;COLISÃO FRONTAL;CÉU CLARO;SIMPLES;"DECLIVE;RETA";NÃO;0
BA;BR-116;VITORIA DA CONQUISTA;5;2;SEXTA-FEIRA;4;0;10;09H-11H;MANHA;PLENO DIA;REAÇÃO TARDIA OU INEFICIENTE DO CONDUTOR;COLISÃO TRASEIRA;NUBLADO;SIMPLES;RETA;NÃO;0
MS;BR-262;TRES LAGOAS;5;2;SEXTA-FEIRA;4;0;11;09H-11H;MANHA;PLENO DIA;PEDESTRE ANDAVA NA PISTA;ATROPELAMENTO DE PEDESTRE;CÉU CLARO;SIMPLES;RETA;NÃO;1
PE;BR-232;CARUARU;5;2;SEXTA-FEIRA;4;0;11;09H-11H;MANHA;PLENO DIA;AUSÊNCIA DE REAÇÃO DO CONDUTOR;COLISÃO TRASEIRA;GAROA/CHUVISCO;DUPLA;"RETA;ACLIVE";NÃO;0
MG;BR-381;CARMO DA CACHOEIRA;5;2;SEGUNDA-FEIRA;0;0;9;09H-11H;MANHA;PLENO DIA;REAÇÃO TARDIA OU INEFICIENTE DO CONDUTOR;COLISÃO LATERAL MESMO SENTIDO;CÉU CLARO;DUPLA;"DECLIVE;RETA";SIM;0
RO;BR-364;PORTO VELHO;5;2;SEXTA-FEIRA;4;0;11;09H-11H;MANHA;PLENO DIA;ACESSAR A VIA SEM OBSERVAR A PRESENÇA DOS OUTROS VEÍCULOS;COLISÃO TRASEIRA;CÉU CLARO;DUPLA;RETA;SIM;0
SC;BR-116;MONTE CASTELO;5;2;SEXTA-FEIRA;4;0;9;09H-11H;MANHA;PLENO DIA;TRANSITAR NA CONTRAMÃO;COLISÃO LATERAL SENTIDO OPOSTO;NUBLADO;SIMPLES;"RETA;ACLIVE";NÃO;0
SP;BR-153;SAO JOSE DO RIO PRETO;5;2;SEXTA-FEIRA;4;0;15;15H-17H;TARDE;PLENO DIA;VELOCIDADE INCOMPATÍVEL;COLISÃO TRASEIRA;CÉU CLARO;DUPLA;RETA;SIM;0
PR;BR-369;CORBELIA;5;2;SEXTA-FEIRA;4;0;15;15H-17H;TARDE;PLENO DIA;ACESSAR A VIA SEM OBSERVAR A PRESENÇA DOS OUTROS VEÍCULOS;COLISÃO TRANSVERSAL;SOL;DUPLA;RETA;SIM;0
PE;BR-232;SERRA TALHADA;5;2;SEXTA-FEIRA;4;0;14;12H-14H;TARDE;PLENO DIA;PEDESTRE CRUZAVA A PISTA FORA DA FAIXA;ATROPELAMENTO DE PEDESTRE;CÉU CLARO;SIMPLES;RETA;NÃO;0
CE;BR-222;CAUCAIA;5;2;SEGUNDA-FEIRA;0;0;4;03H-05H;MADRUGADA;AMANHECER;FREAR BRUSCAMENTE;COLISÃO TRASEIRA;CÉU CLARO;DUPLA;RETA;NÃO;0
RS;BR-101;TRES CACHOEIRAS;5;2;SEXTA-FEIRA;4;0;16;15H-17H;TARDE;PLENO DIA;ESTACIONAR OU PARAR EM LOCAL PROIBIDO;COLISÃO TRANSVERSAL;CÉU CLARO;DUPLA;RETA;SIM;0
MG;BR-381;NOVA ERA;5;2;SEXTA-FEIRA;4;0;11;09H-11H;MANHA;PLENO DIA;VELOCIDADE INCOMPATÍVEL;TOMBAMENTO;CÉU CLARO;SIMPLES;CURVA;NÃO;0
GO;BR-153;PIRENOPOLIS;5;2;SEXTA-FEIRA;4;0;12;12H-14H;TARDE;PLENO DIA;CONDUTOR DEIXOU DE MANTER DISTÂNCIA DO VEÍCULO DA FRENTE;COLISÃO TRASEIRA;CÉU CLARO;SIMPLES;"RETA;ACLIVE";SIM;0
RS;BR-116;NOVO HAMBURGO;5;2;SEXTA-FEIRA;4;0;16;15H-17H;TARDE;PLENO DIA;ACESSAR A VIA SEM OBSERVAR A PRESENÇA DOS OUTROS VEÍCULOS;COLISÃO TRANSVERSAL;CÉU CLARO;DUPLA;"RETA;RETORNO REGULAMENTADO";SIM;0
RJ;BR-101;RIO DE JANEIRO;5;2;SEXTA-FEIRA;4;0;11;09H-11H;MANHA;PLENO DIA;AUSÊNCIA DE REAÇÃO DO CONDUTOR;COLISÃO LATERAL MESMO SENTIDO;CÉU CLARO;DUPLA;RETA;NÃO;0
PR;BR-476;PAULO FRONTIN;5;2;SEXTA-FEIRA;4;0;15;15H-17H;TARDE;PLENO DIA;MANOBRA DE MUDANÇA DE FAIXA;COLISÃO FRONTAL;CÉU CLARO;SIMPLES;CURVA;NÃO;0
RS;BR-290;ROSARIO DO SUL;5;2;SEXTA-FEIRA;4;0;16;15H-17H;TARDE;PLENO DIA;AUSÊNCIA DE REAÇÃO DO CONDUTOR;COLISÃO TRASEIRA;CÉU CLARO;SIMPLES;RETA;NÃO;0
SC;BR-470;PONTE ALTA;5;2;SEXTA-FEIRA;4;0;12;12H-14H;TARDE;PLENO DIA;REAÇÃO TARDIA OU INEFICIENTE DO CONDUTOR;TOMBAMENTO;CÉU CLARO;SIMPLES;"CURVA;DECLIVE";NÃO;1
RO;BR-364;JI-PARANA;5;2;SEXTA-FEIRA;4;0;14;12H-14H;TARDE;PLENO DIA;AUSÊNCIA DE REAÇÃO DO CONDUTOR;ENGAVETAMENTO;SOL;SIMPLES;DECLIVE;NÃO;0
ES;BR-262;VENDA NOVA DO IMIGRANTE;5;2;SEXTA-FEIRA;4;0;17;15H-17H;TARDE;PLENA NOITE;ACESSAR A VIA SEM OBSERVAR A PRESENÇA DOS OUTROS VEÍCULOS;COLISÃO LATERAL MESMO SENTIDO;GAROA/CHUVISCO;SIMPLES;RETA;SIM;0
GO;BR-153;GOIANIA;5;2;SEXTA-FEIRA;4;0;17;15H-17H;TARDE;PLENO DIA;REAÇÃO TARDIA OU INEFICIENTE DO CONDUTOR;COLISÃO TRASEIRA;CÉU CLARO;DUPLA;"RETA;ACLIVE";SIM;1
MG;BR-262;BOM DESPACHO;5;2;SEXTA-FEIRA;4;0;15;15H-17H;TARDE;PLENO DIA;DEMAIS FALHAS MECÂNICAS OU ELÉTRICAS;INCÊNDIO;CÉU CLARO;SIMPLES;RETA;NÃO;0
RS;BR-470;NOVA PRATA;5;2;SEXTA-FEIRA;4;0;17;15H-17H;TARDE;ANOITECER;CONVERSÃO PROIBIDA;COLISÃO TRASEIRA;CÉU CLARO;SIMPLES;RETA;NÃO;0
MG;BR-040;CAETANOPOLIS;5;2;SEXTA-FEIRA;4;0;18;18H-20H;NOITE;PLENA NOITE;CARGA EXCESSIVA E/OU MAL ACONDICIONADA;COLISÃO COM OBJETO;CÉU CLARO;DUPLA;"DECLIVE;RETA";NÃO;0
SC;BR-282;PALHOCA;5;2;SEXTA-FEIRA;4;0;18;18H-20H;NOITE;PLENA NOITE;RETORNO PROIBIDO;COLISÃO LATERAL MESMO SENTIDO;CÉU CLARO;SIMPLES;"RETA;DECLIVE";SIM;1
MG;BR-116;CACHOEIRA DE PAJEU;5;2;SEXTA-FEIRA;4;0;17;15H-17H;TARDE;ANOITECER;DEMAIS FALHAS MECÂNICAS OU ELÉTRICAS;INCÊNDIO;NUBLADO;SIMPLES;"RETA;DECLIVE";NÃO;0
ES;BR-101;SERRA;5;2;SEXTA-FEIRA;4;0;19;18H-20H;NOITE;PLENA NOITE;DEMAIS FALHAS MECÂNICAS OU ELÉTRICAS;COLISÃO COM OBJETO;NUBLADO;DUPLA;RETA;SIM;0
SC;BR-101;IMBITUBA;5;2;SEXTA-FEIRA;4;0;18;18H-20H;NOITE;PLENA NOITE;AUSÊNCIA DE REAÇÃO DO CONDUTOR;COLISÃO TRASEIRA;CÉU CLARO;DUPLA;RETA;SIM;0
PR;BR-116;CAMPINA GRANDE DO SUL;5;2;SEXTA-FEIRA;4;0;19;18H-20H;NOITE;PLENA NOITE;AUSÊNCIA DE REAÇÃO DO CONDUTOR;SAÍDA DE LEITO CARROÇÁVEL;NEVOEIRO/NEBLINA;DUPLA;CURVA;NÃO;0
SP;BR-116;TAUBATE;5;2;SEXTA-FEIRA;4;0;19;18H-20H;NOITE;PLENA NOITE;CONDUTOR DEIXOU DE MANTER DISTÂNCIA DO VEÍCULO DA FRENTE;COLISÃO LATERAL MESMO SENTIDO;CÉU CLARO;DUPLA;"RETA;EM OBRAS;ACLIVE";NÃO;0
RN;BR-427;ACARI;5;2;SEXTA-FEIRA;4;0;20;18H-20H;NOITE;PLENA NOITE;INGESTÃO DE ÁLCOOL PELO CONDUTOR;COLISÃO TRASEIRA;CÉU CLARO;SIMPLES;"RETA;DECLIVE";SIM;0
AL;BR-104;MURICI;5;2;SEXTA-FEIRA;4;0;21;21H-23H;NOITE;PLENA NOITE;REAÇÃO TARDIA OU INEFICIENTE DO CONDUTOR;SAÍDA DE LEITO CARROÇÁVEL;CHUVA;SIMPLES;CURVA;NÃO;0