uf;br_formatada;municipio;mes;trimestre;dia_semana;dia_semana_num;fim_de_semana;hora;faixa_horaria;turno;fase_dia;causa_acidente;tipo_acidente;condicao_metereologica;tipo_pista;tracado_via;uso_solo;acidente_fatal
SC;BR-280;CORUPA;6;2;SÁBADO;5;1;15;15H-17H;TARDE;PLENO DIA;CONDUTOR DEIXOU DE MANTER DISTÂNCIA DO VEÍCULO DA FRENTE;COLISÃO TRASEIRA;NEVOEIRO/NEBLINA;SIMPLES;RETA;NÃO;0
DF;BR-060;BRASILIA;6;2;SÁBADO;5;1;16;15H-17H;TARDE;PLENO DIA;REAÇÃO TARDIA OU INEFICIENTE DO CONDUTOR;COLISÃO TRASEIRA;CÉU CLARO;DUPLA;RETA;NÃO;0
PR;BR-116;CURITIBA;6;2;SÁBADO;5;1;15;15H-17H;TARDE;PLENO DIA;MANOBRA DE MUDANÇA DE FAIXA;COLISÃO TRASEIRA;NUBLADO;DUPLA;RETA;SIM;0
MG;BR-354;POUSO ALTO;6;2;SÁBADO;5;1;8;06H-08H;MANHA;PLENO DIA;VELOCIDADE INCOMPATÍVEL;COLISÃO COM OBJETO;CÉU CLARO;SIMPLES;"DECLIVE;CURVA;PONTE";SIM;0
SC;BR-101;BIGUACU;6;2;SÁBADO;5;1;17;15H-17H;TARDE;PLENO DIA;ACESSAR A VIA SEM OBSERVAR A PRESENÇA DOS OUTROS VEÍCULOS;COLISÃO LATERAL MESMO SENTIDO;NUBLADO;MÚLTIPLA;RETA;SIM;0
MS;BR-487;NAVIRAI;6;2;SÁBADO;5;1;15;15H-17H;TARDE;PLENO DIA;DEMAIS FENÔMENOS DA NATUREZA;TOMBAMENTO;CHUVA;SIMPLES;"RETA;PONTE";NÃO;0
MS;BR-163;SAO GABRIEL DO OESTE;6;2;SÁBADO;5;1;17;15H-17H;TARDE;ANOITECER;ACESSAR A VIA SEM OBSERVAR A PRESENÇA DOS OUTROS VEÍCULOS;COLISÃO TRANSVERSAL;CÉU CLARO;SIMPLES;"RETA;INTERSEÇÃO DE VIAS";SIM;0
MT;BR-163;NOVA MUTUM;6;2;SÁBADO;5;1;12;12H-14H;TARDE;PLENO DIA;AUSÊNCIA DE REAÇÃO DO CONDUTOR;COLISÃO COM OBJETO;CÉU CLARO;DUPLA;RETA;SIM;0
RO;BR-364;VILHENA;6;2;TERÇA-FEIRA;1;0;15;15H-17H;TARDE;PLENO DIA;DEMAIS FALHAS MECÂNICAS OU ELÉTRICAS;INCÊNDIO;CÉU CLARO;SIMPLES;RETA;NÃO;0
MT;BR-163;NOVA MUTUM;6;2;SÁBADO;5;1;10;09H-11H;MANHA;PLENO DIA;REAÇÃO TARDIA OU INEFICIENTE DO CONDUTOR;SAÍDA DE LEITO CARROÇÁVEL;CÉU CLARO;DUPLA;RETA;NÃO;0
BA;BR-116;VITORIA DA CONQUISTA;6;2;SÁBADO;5;1;18;18H-20H;NOITE;PLENA NOITE;ULTRAPASSAGEM INDEVIDA;COLISÃO FRONTAL;NUBLADO;SIMPLES;RETA;NÃO;0
MG;BR-251;AGUAS VERMELHAS;6;2;SÁBADO;5;1;18;18H-20H;NOITE;ANOITECER;DEMAIS FALHAS MECÂNICAS OU ELÉTRICAS;INCÊNDIO;CÉU CLARO;SIMPLES;RETA;NÃO;0
BA;BR-101;TEIXEIRA DE FREITAS;6;2;SÁBADO;5;1;19;18H-20H;NOITE;PLENA NOITE;INGESTÃO DE ÁLCOOL PELO CONDUTOR;COLISÃO TRANSVERSAL;CÉU CLARO;SIMPLES;"RETA;INTERSEÇÃO DE VIAS";NÃO;0
PR;BR-277;PARANAGUA;6;2;SÁBADO;5;1;20;18H-20H;NOITE;PLENA NOITE;TRANSITAR NA CONTRAMÃO;COLISÃO FRONTAL;CHUVA;SIMPLES;"RETA;INTERSEÇÃO DE VIAS";SIM;0
SC;BR-280;CORUPA;6;2;SÁBADO;5;1;11;09H-11H;MANHA;PLENO DIA;AUSÊNCIA DE REAÇÃO DO CONDUTOR;COLISÃO COM OBJETO;NEVOEIRO/NEBLINA;SIMPLES;"DECLIVE;CURVA";NÃO;0
MS;BR-158;APARECIDA DO TABOADO;6;2;SÁBADO;5;1;16;15H-17H;TARDE;PLENO DIA;REAÇÃO TARDIA OU INEFICIENTE DO CONDUTOR;SAÍDA DE LEITO CARROÇÁVEL;CÉU CLARO;SIMPLES;RETA;NÃO;0
PR;BR-116;QUITANDINHA;6;2;SÁBADO;5;1;19;18H-20H;NOITE;PLENA NOITE;AUSÊNCIA DE REAÇÃO DO CONDUTOR;SAÍDA DE LEITO CARROÇÁVEL;GAROA/CHUVISCO;SIMPLES;"ACLIVE;CURVA";SIM;0
PE;BR-428;PETROLINA;6;2;SÁBADO;5;1;14;12H-14H;TARDE;PLENO DIA;ULTRAPASSAGEM INDEVIDA;COLISÃO FRONTAL;CÉU CLARO;SIMPLES;RETA;NÃO;1
GO;BR-153;NOVA GLORIA;6;2;SÁBADO;5;1;18;18H-20H;NOITE;ANOITECER;ULTRAPASSAGEM INDEVIDA;COLISÃO FRONTAL;CÉU CLARO;SIMPLES;RETA;NÃO;1
BA;BR-116;VITORIA DA CONQUISTA;6;2;SÁBADO;5;1;19;18H-20H;NOITE;PLENA NOITE;ACESSAR A VIA SEM OBSERVAR A PRESENÇA DOS OUTROS VEÍCULOS;COLISÃO FRONTAL;CÉU CLARO;SIMPLES;RETA;NÃO;0
PR;BR-376;SAO JOSE DOS PINHAIS;6;2;SÁBADO;5;1;23;21H-23H;NOITE;PLENA NOITE;REAÇÃO TARDIA OU INEFICIENTE DO CONDUTOR;COLISÃO LATERAL MESMO SENTIDO;CHUVA;DUPLA;RETA;NÃO;0
MT;BR-364;JACIARA;6;2;SÁBADO;5;1;22;21H-23H;NOITE;PLENA NOITE;REAÇÃO TARDIA OU INEFICIENTE DO CONDUTOR;SAÍDA DE LEITO CARROÇÁVEL;CÉU CLARO;DUPLA;CURVA;NÃO;0
RJ;BR-465;NOVA IGUACU;6;2;SÁBADO;5;1;22;21H-23H;NOITE;PLENA NOITE;TRANSITAR NO ACOSTAMENTO;COLISÃO LATERAL MESMO SENTIDO;NUBLADO;SIMPLES;CURVA;SIM;0
PR;BR-376;PARANAVAI;6;2;SÁBADO;5;1;23;21H-23H;NOITE;PLENA NOITE;AUSÊNCIA DE REAÇÃO DO CONDUTOR;COLISÃO COM OBJETO;CHUVA;SIMPLES;"ACLIVE;INTERSEÇÃO DE VIAS";NÃO;0
GO;BR-040;CRISTALINA;6;2;DOMINGO;6;1;1;00H-02H;MADRUGADA;PLENA NOITE;INGESTÃO DE ÁLCOOL PELO CONDUTOR;COLISÃO TRASEIRA;CÉU CLARO;SIMPLES;"ACLIVE;RETA";NÃO;0
MG;BR-365;JOAO PINHEIRO;6;2;DOMINGO;6;1;1;00H-02H;MADRUGADA;PLENA NOITE;CONDUTOR DORMINDO;COLISÃO FRONTAL;CÉU CLARO;SIMPLES;"RETA;DECLIVE";NÃO;1
PA;BR-010;IPIXUNA DO PARA;6;2;DOMINGO;6;1;1;00H-02H;MADRUGADA;PLENA NOITE;MANOBRA DE MUDANÇA DE FAIXA;COLISÃO LATERAL SENTIDO OPOSTO;IGNORADO;SIMPLES;RETA;NÃO;0
RJ;BR-116;NOVA IGUACU;6;2;DOMINGO;6;1;2;00H-02H;MADRUGADA;PLENA NOITE;MANOBRA DE MUDANÇA DE FAIXA;QUEDA DE OCUPANTE DE VEÍCULO;CÉU CLARO;DUPLA;RETA;NÃO;1
PR;BR-277;VIRMOND;6;2;SÁBADO;5;1;22;21H-23H;NOITE;PLENA NOITE;CONDUTOR DORMINDO;SAÍDA DE LEITO CARROÇÁVEL;CÉU CLARO;SIMPLES;RETA;NÃO;1
MA;BR-316;CAXIAS;6;2;DOMINGO;6;1;2;00H-02H;MADRUGADA;PLENA NOITE;ANIMAIS NA PISTA;CAPOTAMENTO;CÉU CLARO;SIMPLES;RETA;NÃO;0
SC;BR-101;ITAPEMA;6;2;DOMINGO;6;1;5;03H-05H;MADRUGADA;PLENA NOITE;AUSÊNCIA DE REAÇÃO DO CONDUTOR;COLISÃO TRASEIRA;CÉU CLARO;DUPLA;RETA;SIM;0
MG;BR-040;CONTAGEM;6;2;DOMINGO;6;1;6;06H-08H;MANHA;AMANHECER;DEMAIS FALHAS MECÂNICAS OU ELÉTRICAS;INCÊNDIO;CÉU CLARO;DUPLA;RETA;NÃO;0
PA;BR-308;CAPANEMA;6;2;DOMINGO;6;1;4;03H-05H;MADRUGADA;PLENA NOITE;ESTACIONAR OU PARAR EM LOCAL PROIBIDO;COLISÃO COM OBJETO;CÉU CLARO;SIMPLES;RETA;SIM;1
PR;BR-277;LARANJEIRAS DO SUL;6;2;DOMINGO;6;1;6;06H-08H;MANHA;AMANHECER;TRANSITAR NA CONTRAMÃO;COLISÃO LATERAL SENTIDO OPOSTO;CÉU CLARO;SIMPLES;"DECLIVE;RETA";NÃO;0
MT;BR-163;DIAMANTINO;6;2;DOMINGO;6;1;6;06H-08H;MANHA;AMANHECER;REAÇÃO TARDIA OU INEFICIENTE DO CONDUTOR;SAÍDA DE LEITO CARROÇÁVEL;CÉU CLARO;SIMPLES;CURVA;NÃO;0
PA;BR-010;IPIXUNA DO PARA;6;2;DOMINGO;6;1;6;06H-08H;MANHA;AMANHECER;MANOBRA DE MUDANÇA DE FAIXA;COLISÃO LATERAL MESMO SENTIDO;NUBLADO;SIMPLES;"DECLIVE;RETA";NÃO;0
MG;BR-040;CONGONHAS;6;2;DOMINGO;6;1;9;09H-11H;MANHA;PLENO DIA;AUSÊNCIA DE REAÇÃO DO CONDUTOR;COLISÃO TRASEIRA;CÉU CLARO;SIMPLES;RETA;SIM;0
PR;BR-369;CASCAVEL;6;2;DOMINGO;6;1;8;06H-08H;MANHA;PLENO DIA;TRANSITAR NA CONTRAMÃO;COLISÃO FRONTAL;NUBLADO;SIMPLES;"DECLIVE;RETA";NÃO;1
MG;BR-381;BELA VISTA DE MINAS;4;2;TERÇA-FEIRA;1;0;14;12H-14H;TARDE;PLENO DIA;ACESSAR A VIA SEM OBSERVAR A PRESENÇA DOS OUTROS VEÍCULOS;COLISÃO TRANSVERSAL;CÉU CLARO;SIMPLES;RETA;SIM;0
MG;BR-365;ITUIUTABA;6;2;DOMINGO;6;1;10;09H-11H;MANHA;PLENO DIA;ACESSAR A VIA SEM OBSERVAR A PRESENÇA DOS OUTROS VEÍCULOS;COLISÃO LATERAL MESMO SENTIDO;CÉU CLARO;SIMPLES;"RETA;INTERSEÇÃO DE VIAS;EM OBRAS";SIM;0
ES;BR-262;DOMINGOS MARTINS;6;2;DOMINGO;6;1;11;09H-11H;MANHA;PLENO DIA;CONDUTOR DORMINDO;COLISÃO LATERAL SENTIDO OPOSTO;CÉU CLARO;SIMPLES;CURVA;NÃO;0
GO;BR-050;CATALAO;6;2;DOMINGO;6;1;11;09H-11H;MANHA;PLENO DIA;ENTRADA INOPINADA DO PEDESTRE;ATROPELAMENTO DE PEDESTRE;CÉU CLARO;SIMPLES;INTERSEÇÃO DE VIAS;SIM;0
MT;BR-163;SINOP;6;2;DOMINGO;6;1;10;09H-11H;MANHA;PLENO DIA;ACESSAR A VIA SEM OBSERVAR A PRESENÇA DOS OUTROS VEÍCULOS;COLISÃO TRANSVERSAL;CÉU CLARO;SIMPLES;"RETORNO REGULAMENTADO;RETA";NÃO;0
SP;BR-153;ONDA VERDE;6;2;DOMINGO;6;1;11;09H-11H;MANHA;PLENO DIA;DESRESPEITAR A PREFERÊNCIA NO CRUZAMENTO;COLISÃO TRANSVERSAL;CÉU CLARO;SIMPLES;CURVA;NÃO;0
SE;BR-101;CRISTINAPOLIS;6;2;DOMINGO;6;1;7;06H-08H;MANHA;PLENO DIA;TRANSITAR NA CONTRAMÃO;COLISÃO TRANSVERSAL;CÉU CLARO;SIMPLES;RETA;SIM;0
BA;BR-020;SAO DESIDERIO;6;2;DOMINGO;6;1;8;06H-08H;MANHA;PLENO DIA;INGESTÃO DE ÁLCOOL PELO CONDUTOR;COLISÃO TRASEIRA;CÉU CLARO;SIMPLES;"ACLIVE;RETA";NÃO;0
GO;BR-060;RIO VERDE;6;2;DOMINGO;6;1;9;09H-11H;MANHA;PLENO DIA;DEMAIS FALHAS MECÂNICAS OU ELÉTRICAS;INCÊNDIO;CÉU CLARO;DUPLA;DECLIVE;NÃO;0
MG;BR-251;GRAO MOGOL;6;2;DOMINGO;6;1;4;03H-05H;MADRUGADA;PLENA NOITE;CONDUTOR DORMINDO;SAÍDA DE LEITO CARROÇÁVEL;CÉU CLARO;SIMPLES;RETA;NÃO;0
MG;BR-116;SANTA BARBARA DO LESTE;6;2;DOMINGO;6;1;15;15H-17H;TARDE;PLENO DIA;PROBLEMA COM O FREIO;INCÊNDIO;CÉU CLARO;SIMPLES;RETA;NÃO;0
RJ;BR-493;MAGE;6;2;DOMINGO;6;1;14;12H-14H;TARDE;PLENO DIA;CONDUTOR DEIXOU DE MANTER DISTÂNCIA DO VEÍCULO DA FRENTE;TOMBAMENTO;NUBLADO;SIMPLES;RETA;NÃO;0
PR;BR-277;PALMEIRA;6;2;DOMINGO;6;1;13;12H-14H;TARDE;PLENO DIA;CONDUTOR DEIXOU DE MANTER DISTÂNCIA DO VEÍCULO DA FRENTE;COLISÃO TRASEIRA;CÉU CLARO;SIMPLES;CURVA;NÃO;0
MG;BR-116;GOVERNADOR VALADARES;6;2;DOMINGO;6;1;16;15H-17H;TARDE;PLENO DIA;ACESSAR A VIA SEM OBSERVAR A PRESENÇA DOS OUTROS VEÍCULOS;COLISÃO TRANSVERSAL;CÉU CLARO;DUPLA;"RETA;RETORNO REGULAMENTADO";SIM;0
BA;BR-101;IBIRAPITANGA;6;2;DOMINGO;6;1;14;12H-14H;TARDE;PLENO DIA;VELOCIDADE INCOMPATÍVEL;TOMBAMENTO;CÉU CLARO;SIMPLES;CURVA;NÃO;0
PA;BR-010;PARAGOMINAS;6;2;DOMINGO;6;1;15;15H-17H;TARDE;PLENO DIA;VELOCIDADE INCOMPATÍVEL;TOMBAMENTO;CÉU CLARO;SIMPLES;"CURVA;ROTATÓRIA";NÃO;0
PI;BR-135;CRISTINO CASTRO;6;2;DOMINGO;6;1;15;15H-17H;TARDE;PLENO DIA;DEMAIS FALHAS MECÂNICAS OU ELÉTRICAS;INCÊNDIO;SOL;SIMPLES;RETA;NÃO;0
GO;BR-050;CATALAO;6;2;DOMINGO;6;1;19;18H-20H;NOITE;PLENA NOITE;ULTRAPASSAGEM INDEVIDA;COLISÃO FRONTAL;CÉU CLARO;SIMPLES;"RETA;EM OBRAS";SIM;0
PR;BR-163;CAPITAO LEONIDAS MARQUES;6;2;DOMINGO;6;1;17;15H-17H;TARDE;ANOITECER;INGESTÃO DE ÁLCOOL PELO CONDUTOR;TOMBAMENTO;CÉU CLARO;DUPLA;"ACLIVE;CURVA";NÃO;0
RS;BR-392;PELOTAS;6;2;DOMINGO;6;1;18;18H-20H;NOITE;PLENA NOITE;INGESTÃO DE ÁLCOOL PELO CONDUTOR;COLISÃO TRASEIRA;CÉU CLARO;SIMPLES;"RETA;ACLIVE";NÃO;0
SC;BR-101;ITAJAI;6;2;DOMINGO;6;1;18;18H-20H;NOITE;ANOITECER;ACESSAR A VIA SEM OBSERVAR A PRESENÇA DOS OUTROS VEÍCULOS;COLISÃO LATERAL MESMO SENTIDO;CÉU CLARO;MÚLTIPLA;"RETA;INTERSEÇÃO DE VIAS";SIM;0
BA;BR-116;JAGUAQUARA;6;2;DOMINGO;6;1;15;15H-17H;TARDE;PLENO DIA;VELOCIDADE INCOMPATÍVEL;SAÍDA DE LEITO CARROÇÁVEL;CÉU CLARO;SIMPLES;RETA;NÃO;0
BA;BR-116;VITORIA DA CONQUISTA;6;2;DOMINGO;6;1;18;18H-20H;NOITE;PLENA NOITE;CONDUTOR DEIXOU DE MANTER DISTÂNCIA DO VEÍCULO DA FRENTE;SAÍDA DE LEITO CARROÇÁVEL;CÉU CLARO;SIMPLES;"RETA;DECLIVE";NÃO;0
RJ;BR-116;PIRAI;6;2;DOMINGO;6;1;16;15H-17H;TARDE;PLENO DIA;AUSÊNCIA DE REAÇÃO DO CONDUTOR;ENGAVETAMENTO;GAROA/CHUVISCO;DUPLA;"CURVA;DECLIVE";NÃO;0
BA;BR-349;SANTA MARIA DA VITORIA;6;2;DOMINGO;6;1;16;15H-17H;TARDE;PLENO DIA;ACESSAR A VIA SEM OBSERVAR A PRESENÇA DOS OUTROS VEÍCULOS;COLISÃO TRANSVERSAL;CÉU CLARO;SIMPLES;"RETA;INTERSEÇÃO DE VIAS";NÃO;1
PA;BR-222;RONDON DO PARA;6;2;DOMINGO;6;1;16;15H-17H;TARDE;PLENO DIA;ULTRAPASSAGEM INDEVIDA;COLISÃO TRASEIRA;CÉU CLARO;SIMPLES;"RETA;ACLIVE";NÃO;1
PE;BR-101;RECIFE;6;2;DOMINGO;6;1;20;18H-20H;NOITE;PLENA NOITE;REAÇÃO TARDIA OU INEFICIENTE DO CONDUTOR;SAÍDA DE LEITO CARROÇÁVEL;CÉU CLARO;DUPLA;CURVA;SIM;0
BA;BR-116;ANTONIO CARDOSO;6;2;DOMINGO;6;1;22;21H-23H;NOITE;PLENA NOITE;CONDUTOR DORMINDO;SAÍDA DE LEITO CARROÇÁVEL;IGNORADO;DUPLA;"RETA;PONTE";NÃO;0
PR;BR-116;SAO JOSE DOS PINHAIS;6;2;DOMINGO;6;1;22;21H-23H;NOITE;PLENA NOITE;AUSÊNCIA DE REAÇÃO DO CONDUTOR;COLISÃO TRASEIRA;GAROA/CHUVISCO;DUPLA;RETA;NÃO;0
GO;BR-040;CRISTALINA;6;2;DOMINGO;6;1;21;21H-23H;NOITE;PLENA NOITE;OBJETO ESTÁTICO SOBRE O LEITO CARROÇÁVEL;COLISÃO TRASEIRA;CÉU CLARO;SIMPLES;RETA;SIM;0
RJ;BR-393;SAPUCAIA;6;2;DOMINGO;6;1;20;18H-20H;NOITE;PLENA NOITE;VELOCIDADE INCOMPATÍVEL;COLISÃO FRONTAL;CHUVA;SIMPLES;RETA;NÃO;0
MG;BR-381;SANTANA DO PARAISO;6;2;SEGUNDA-FEIRA;0;0;0;00H-02H;MADRUGADA;PLENA NOITE;CONDUTOR DORMINDO;COLISÃO FRONTAL;CÉU CLARO;SIMPLES;CURVA;NÃO;0
MG;BR-381;POUSO ALEGRE;6;2;SEGUNDA-FEIRA;0;0;4;03H-05H;MADRUGADA;PLENA NOITE;AUSÊNCIA DE REAÇÃO DO CONDUTOR;COLISÃO LATERAL MESMO SENTIDO;CHUVA;DUPLA;RETA;NÃO;0
RJ;BR-465;NOVA IGUACU;6;2;SEGUNDA-FEIRA;0;0;3;03H-05H;MADRUGADA;PLENA NOITE;REAÇÃO TARDIA OU INEFICIENTE DO CONDUTOR;COLISÃO FRONTAL;CHUVA;SIMPLES;RETA;NÃO;0
MG;BR-262;RIO CASCA;6;2;SEGUNDA-FEIRA;0;0;4;03H-05H;MADRUGADA;PLENA NOITE;CONDUTOR DORMINDO;TOMBAMENTO;CÉU CLARO;SIMPLES;RETA;NÃO;0
MG;BR-040;SETE LAGOAS;6;2;SEGUNDA-FEIRA;0;0;5;03H-05H;MADRUGADA;AMANHECER;MANOBRA DE MUDANÇA DE FAIXA;COLISÃO LATERAL MESMO SENTIDO;NUBLADO;DUPLA;"RETA;DECLIVE";NÃO;0
RO;BR-364;PORTO VELHO;6;2;DOMINGO;6;1;21;21H-23H;NOITE;PLENA NOITE;ILUMINAÇÃO DEFICIENTE;QUEDA DE OCUPANTE DE VEÍCULO;CÉU CLARO;SIMPLES;"RETA;ACLIVE";NÃO;0
SP;BR-116;TAUBATE;6;2;SEGUNDA-FEIRA;0;0;6;06H-08H;MANHA;PLENO DIA;REAÇÃO TARDIA OU INEFICIENTE DO CONDUTOR;COLISÃO LATERAL MESMO SENTIDO;NUBLADO;DUPLA;RETA;SIM;0
CE;BR-116;FORTALEZA;6;2;SEGUNDA-FEIRA;0;0;6;06H-08H;MANHA;PLENO DIA;ACESSAR A VIA SEM OBSERVAR A PRESENÇA DOS OUTROS VEÍCULOS;COLISÃO LATERAL MESMO SENTIDO;CÉU CLARO;SIMPLES;RETA;SIM;0
BA;BR-020;CORRENTINA;6;2;SEGUNDA-FEIRA;0;0;6;06H-08H;MANHA;PLENO DIA;TRANSITAR NA CONTRAMÃO;COLISÃO LATERAL SENTIDO OPOSTO;SOL;SIMPLES;RETA;NÃO;0
MS;BR-262;CAMPO GRANDE;6;2;SEGUNDA-FEIRA;0;0;8;06H-08H;MANHA;AMANHECER;AUSÊNCIA DE REAÇÃO DO CONDUTOR;COLISÃO FRONTAL;CÉU CLARO;SIMPLES;RETA;NÃO;1
MG;BR-251;GRAO MOGOL;6;2;DOMINGO;6;1;8;06H-08H;MANHA;PLENO DIA;DEMAIS FALHAS MECÂNICAS OU ELÉTRICAS;INCÊNDIO;CÉU CLARO;SIMPLES;RETA;NÃO;0
SC;BR-163;DIONISIO CERQUEIRA;6;2;SEGUNDA-FEIRA;0;0;5;03H-05H;MADRUGADA;AMANHECER;REAÇÃO TARDIA OU INEFICIENTE DO CONDUTOR;COLISÃO FRONTAL;CÉU CLARO;SIMPLES;CURVA;NÃO;1
RJ;BR-116;BARRA MANSA;6;2;SEGUNDA-FEIRA;0;0;9;09H-11H;MANHA;PLENO DIA;AUSÊNCIA DE REAÇÃO DO CONDUTOR;COLISÃO TRASEIRA;CHUVA;DUPLA;CURVA;SIM;0
MG;BR-365;UBERLANDIA;6;2;SEGUNDA-FEIRA;0;0;8;06H-08H;MANHA;PLENO DIA;MAL SÚBITO DO CONDUTOR;COLISÃO FRONTAL;SOL;SIMPLES;"DECLIVE;RETA";NÃO;0
SP;BR-116;GUARULHOS;6;2;SEGUNDA-FEIRA;0;0;10;09H-11H;MANHA;PLENO DIA;CHUVA;QUEDA DE OCUPANTE DE VEÍCULO;CHUVA;MÚLTIPLA;RETA;SIM;0
SP;BR-116;GUARULHOS;6;2;SEGUNDA-FEIRA;0;0;10;09H-11H;MANHA;PLENO DIA;REAÇÃO TARDIA OU INEFICIENTE DO CONDUTOR;COLISÃO LATERAL MESMO SENTIDO;NUBLADO;MÚLTIPLA;RETA;SIM;0
GO;BR-070;AGUAS LINDAS DE GOIAS;6;2;SEGUNDA-FEIRA;0;0;8;06H-08H;MANHA;PLENO DIA;DEMAIS FALHAS MECÂNICAS OU ELÉTRICAS;SAÍDA DE LEITO CARROÇÁVEL;CÉU CLARO;MÚLTIPLA;RETA;NÃO;0
RJ;BR-040;DUQUE DE CAXIAS;6;2;SEGUNDA-FEIRA;0;0;10;09H-11H;MANHA;PLENO DIA;RESTRIÇÃO DE VISIBILIDADE EM CURVAS HORIZONTAIS;COLISÃO LATERAL MESMO SENTIDO;NUBLADO;DUPLA;CURVA;NÃO;0
RR;BR-174;MUCAJAI;6;2;SEGUNDA-FEIRA;0;0;9;09H-11H;MANHA;PLENO DIA;TRANSITAR NA CONTRAMÃO;COLISÃO LATERAL SENTIDO OPOSTO;CHUVA;SIMPLES;CURVA;SIM;0
MG;BR-116;CATUJI;6;2;SEGUNDA-FEIRA;0;0;6;06H-08H;MANHA;AMANHECER;DEMAIS FALHAS MECÂNICAS OU ELÉTRICAS;INCÊNDIO;CÉU CLARO;SIMPLES;RETA;NÃO;0
PR;BR-277;PALMEIRA;6;2;SEGUNDA-FEIRA;0;0;13;12H-14H;TARDE;PLENO DIA;REAÇÃO TARDIA OU INEFICIENTE DO CONDUTOR;COLISÃO COM OBJETO;NUBLADO;SIMPLES;"CURVA;DECLIVE";NÃO;0
SP;BR-153;SAO JOSE DO RIO PRETO;6;2;SEGUNDA-FEIRA;0;0;13;12H-14H;TARDE;PLENO DIA;AUSÊNCIA DE REAÇÃO DO CONDUTOR;COLISÃO TRASEIRA;NUBLADO;DUPLA;"RETA;ACLIVE";NÃO;0
BA;BR-116;PLANALTO;5;2;SÁBADO;5;1;6;06H-08H;MANHA;PLENO DIA;REAÇÃO TARDIA OU INEFICIENTE DO CONDUTOR;COLISÃO TRASEIRA;CÉU CLARO;SIMPLES;"RETA;EM OBRAS;ACLIVE";NÃO;0
PA;BR-163;ALTAMIRA;5;2;QUINTA-FEIRA;3;0;15;15H-17H;TARDE;PLENO DIA;ACESSAR A VIA SEM OBSERVAR A PRESENÇA DOS OUTROS VEÍCULOS;COLISÃO TRANSVERSAL;CÉU CLARO;SIMPLES;RETA;SIM;0
RO;BR-364;JI-PARANA;6;2;SEGUNDA-FEIRA;0;0;12;12H-14H;TARDE;PLENO DIA;REAÇÃO TARDIA OU INEFICIENTE DO CONDUTOR;COLISÃO TRASEIRA;CÉU CLARO;SIMPLES;RETA;NÃO;0
PR;BR-376;TIJUCAS DO SUL;6;2;SEGUNDA-FEIRA;0;0;13;12H-14H;TARDE;PLENO DIA;ACESSAR A VIA SEM OBSERVAR A PRESENÇA DOS OUTROS VEÍCULOS;COLISÃO COM OBJETO;NUBLADO;DUPLA;"CURVA;DECLIVE";NÃO;0
BA;BR-101;TEIXEIRA DE FREITAS;6;2;SEGUNDA-FEIRA;0;0;9;09H-11H;MANHA;PLENO DIA;MANOBRA DE MUDANÇA DE FAIXA;COLISÃO LATERAL MESMO SENTIDO;SOL;SIMPLES;INTERSEÇÃO DE VIAS;NÃO;0
PR;BR-153;UNIAO DA VITORIA;4;2;SÁBADO;5;1;1;00H-02H;MADRUGADA;PLENA NOITE;TRANSITAR NA CONTRAMÃO;COLISÃO FRONTAL;CÉU CLARO;SIMPLES;RETA;NÃO;1
SC;BR-282;XANXERE;6;2;SEGUNDA-FEIRA;0;0;15;15H-17H;TARDE;PLENO DIA;AUSÊNCIA DE REAÇÃO DO CONDUTOR;COLISÃO FRONTAL;CÉU CLARO;SIMPLES;CURVA;NÃO;1
ES;BR-101;LINHARES;6;2;SEGUNDA-FEIRA;0;0;17;15H-17H;TARDE;PLENO DIA;FREAR BRUSCAMENTE;SAÍDA DE LEITO CARROÇÁVEL;CÉU CLARO;SIMPLES;RETA;NÃO;0
RS;BR-285;PASSO FUNDO;4;2;QUARTA-FEIRA;2;0;15;15H-17H;TARDE;PLENO DIA;ACESSAR A VIA SEM OBSERVAR A PRESENÇA DOS OUTROS VEÍCULOS;COLISÃO LATERAL MESMO SENTIDO;CÉU CLARO;DUPLA;"INTERSEÇÃO DE VIAS;ROTATÓRIA";SIM;0
MG;BR-116;MANHUACU;6;2;SEGUNDA-FEIRA;0;0;17;15H-17H;TARDE;PLENO DIA;INGESTÃO DE ÁLCOOL PELO CONDUTOR;COLISÃO FRONTAL;CÉU CLARO;SIMPLES;RETA;NÃO;0
SP;BR-381;SAO PAULO;6;2;SEGUNDA-FEIRA;0;0;16;15H-17H;TARDE;PLENO DIA;ENTRADA INOPINADA DO PEDESTRE;ATROPELAMENTO DE PEDESTRE;NUBLADO;DUPLA;RETA;SIM;1
MG;BR-262;LUZ;4;2;SEGUNDA-FEIRA;0;0;4;03H-05H;MADRUGADA;PLENA NOITE;AUSÊNCIA DE REAÇÃO DO CONDUTOR;TOMBAMENTO;CÉU CLARO;SIMPLES;"DECLIVE;CURVA";NÃO;0
SP;BR-116;EMBU DAS ARTES;6;2;SEGUNDA-FEIRA;0;0;18;18H-20H;NOITE;ANOITECER;AUSÊNCIA DE REAÇÃO DO CONDUTOR;COLISÃO LATERAL MESMO SENTIDO;CÉU CLARO;DUPLA;RETA;SIM;0
SE;BR-235;FREI PAULO;6;2;SEGUNDA-FEIRA;0;0;18;18H-20H;NOITE;PLENA NOITE;CONDUTOR DEIXOU DE MANTER DISTÂNCIA DO VEÍCULO DA FRENTE;COLISÃO TRASEIRA;CÉU CLARO;SIMPLES;RETA;NÃO;0