uf;br_formatada;municipio;mes;trimestre;dia_semana;dia_semana_num;fim_de_semana;hora;faixa_horaria;turno;fase_dia;causa_acidente;tipo_acidente;condicao_metereologica;tipo_pista;tracado_via;uso_solo;acidente_fatal
PR;BR-376;MARIALVA;6;2;QUARTA-FEIRA;2;0;18;18H-20H;NOITE;PLENA NOITE;MANOBRA DE MUDANÇA DE FAIXA;COLISÃO LATERAL MESMO SENTIDO;CÉU CLARO;MÚLTIPLA;RETA;NÃO;0
PR;BR-116;SAO JOSE DOS PINHAIS;6;2;QUARTA-FEIRA;2;0;18;18H-20H;NOITE;PLENA NOITE;TRANSITAR NA CONTRAMÃO;COLISÃO FRONTAL;CÉU CLARO;DUPLA;"RETA;DECLIVE";NÃO;0
SC;BR-101;BALNEARIO CAMBORIU;6;2;QUARTA-FEIRA;2;0;18;18H-20H;NOITE;ANOITECER;REAÇÃO TARDIA OU INEFICIENTE DO CONDUTOR;COLISÃO TRASEIRA;CÉU CLARO;DUPLA;"ACLIVE;RETA";NÃO;0
MT;BR-364;JANGADA;6;2;QUARTA-FEIRA;2;0;18;18H-20H;NOITE;ANOITECER;CONDUTOR DEIXOU DE MANTER DISTÂNCIA DO VEÍCULO DA FRENTE;COLISÃO TRASEIRA;CÉU CLARO;SIMPLES;ACLIVE;NÃO;0
MT;BR-163;SINOP;6;2;QUARTA-FEIRA;2;0;19;18H-20H;NOITE;PLENA NOITE;OBJETO ESTÁTICO SOBRE O LEITO CARROÇÁVEL;COLISÃO COM OBJETO;CÉU CLARO;SIMPLES;RETA;SIM;0
RS;BR-153;ERECHIM;6;2;QUARTA-FEIRA;2;0;20;18H-20H;NOITE;PLENA NOITE;TRANSITAR NA CONTRAMÃO;COLISÃO FRONTAL;CÉU CLARO;SIMPLES;INTERSEÇÃO DE VIAS;SIM;0
MA;BR-402;PRIMEIRA CRUZ;6;2;QUARTA-FEIRA;2;0;14;12H-14H;TARDE;PLENO DIA;AUSÊNCIA DE REAÇÃO DO CONDUTOR;SAÍDA DE LEITO CARROÇÁVEL;SOL;SIMPLES;RETA;NÃO;0
MT;BR-163;MATUPA;6;2;QUARTA-FEIRA;2;0;16;15H-17H;TARDE;ANOITECER;REAÇÃO TARDIA OU INEFICIENTE DO CONDUTOR;TOMBAMENTO;CÉU CLARO;SIMPLES;RETA;NÃO;0
BA;BR-242;MUQUEM DE SAO FRANCISCO;6;2;QUARTA-FEIRA;2;0;21;21H-23H;NOITE;PLENA NOITE;DEFICIÊNCIA DO SISTEMA DE ILUMINAÇÃO/SINALIZAÇÃO;COLISÃO TRASEIRA;CÉU CLARO;SIMPLES;RETA;NÃO;0
SC;BR-282;CORDILHEIRA ALTA;6;2;QUARTA-FEIRA;2;0;16;15H-17H;TARDE;PLENO DIA;REAÇÃO TARDIA OU INEFICIENTE DO CONDUTOR;COLISÃO LATERAL MESMO SENTIDO;CÉU CLARO;SIMPLES;"ACLIVE;CURVA";NÃO;0
MS;BR-376;NOVA ANDRADINA;6;2;QUARTA-FEIRA;2;0;20;18H-20H;NOITE;PLENA NOITE;CONDUTOR DEIXOU DE MANTER DISTÂNCIA DO VEÍCULO DA FRENTE;COLISÃO TRASEIRA;CÉU CLARO;SIMPLES;"RETA;DECLIVE";NÃO;0
MG;BR-381;CARMO DA CACHOEIRA;6;2;QUARTA-FEIRA;2;0;17;15H-17H;TARDE;PLENO DIA;VELOCIDADE INCOMPATÍVEL;TOMBAMENTO;CÉU CLARO;DUPLA;"DECLIVE;CURVA";NÃO;0
MG;BR-262;UBERABA;6;2;QUARTA-FEIRA;2;0;21;21H-23H;NOITE;PLENA NOITE;AVARIAS E/OU DESGASTE EXCESSIVO NO PNEU;INCÊNDIO;CÉU CLARO;DUPLA;"DECLIVE;RETA";SIM;0
SC;BR-116;SANTA CECILIA;6;2;QUARTA-FEIRA;2;0;17;15H-17H;TARDE;PLENO DIA;VELOCIDADE INCOMPATÍVEL;TOMBAMENTO;CÉU CLARO;SIMPLES;CURVA;NÃO;0
RJ;BR-040;DUQUE DE CAXIAS;6;2;QUARTA-FEIRA;2;0;22;21H-23H;NOITE;PLENA NOITE;MANOBRA DE MUDANÇA DE FAIXA;CAPOTAMENTO;CÉU CLARO;MÚLTIPLA;RETA;NÃO;0
MG;BR-381;PERIQUITO;6;2;QUARTA-FEIRA;2;0;19;18H-20H;NOITE;PLENA NOITE;MANOBRA DE MUDANÇA DE FAIXA;COLISÃO FRONTAL;NUBLADO;SIMPLES;"RETA;DECLIVE";NÃO;1
SP;BR-116;CAJATI;6;2;QUARTA-FEIRA;2;0;22;21H-23H;NOITE;PLENA NOITE;ENTRADA INOPINADA DO PEDESTRE;ATROPELAMENTO DE PEDESTRE;IGNORADO;DUPLA;"DECLIVE;RETA";NÃO;1
AL;BR-101;JUNQUEIRO;6;2;QUINTA-FEIRA;3;0;3;03H-05H;MADRUGADA;PLENA NOITE;VELOCIDADE INCOMPATÍVEL;TOMBAMENTO;CÉU CLARO;SIMPLES;CURVA;NÃO;0
PE;BR-232;SANHARO;6;2;QUINTA-FEIRA;3;0;3;03H-05H;MADRUGADA;PLENA NOITE;REAÇÃO TARDIA OU INEFICIENTE DO CONDUTOR;COLISÃO TRASEIRA;CÉU CLARO;SIMPLES;DECLIVE;SIM;0
GO;BR-070;COCALZINHO DE GOIAS;6;2;QUARTA-FEIRA;2;0;21;21H-23H;NOITE;PLENA NOITE;DEMAIS FALHAS MECÂNICAS OU ELÉTRICAS;INCÊNDIO;CÉU CLARO;SIMPLES;RETA;NÃO;0
CE;BR-222;TIANGUA;6;2;QUINTA-FEIRA;3;0;5;03H-05H;MADRUGADA;AMANHECER;REAÇÃO TARDIA OU INEFICIENTE DO CONDUTOR;TOMBAMENTO;CÉU CLARO;SIMPLES;"CURVA;DECLIVE";NÃO;1
GO;BR-452;BOM JESUS DE GOIAS;6;2;QUINTA-FEIRA;3;0;2;00H-02H;MADRUGADA;PLENA NOITE;REAÇÃO TARDIA OU INEFICIENTE DO CONDUTOR;COLISÃO TRASEIRA;CÉU CLARO;SIMPLES;RETA;SIM;0
CE;BR-116;AQUIRAZ;6;2;QUINTA-FEIRA;3;0;6;06H-08H;MANHA;PLENO DIA;CHUVA;COLISÃO TRASEIRA;CHUVA;DUPLA;RETA;NÃO;0
AL;BR-101;JUNQUEIRO;6;2;QUINTA-FEIRA;3;0;6;06H-08H;MANHA;PLENO DIA;VELOCIDADE INCOMPATÍVEL;TOMBAMENTO;CÉU CLARO;DUPLA;"CURVA;DECLIVE";NÃO;0
BA;BR-407;PONTO NOVO;5;2;SEGUNDA-FEIRA;0;0;7;06H-08H;MANHA;PLENO DIA;AUSÊNCIA DE REAÇÃO DO CONDUTOR;TOMBAMENTO;CÉU CLARO;SIMPLES;RETA;NÃO;0
BA;BR-324;SIMOES FILHO;6;2;QUINTA-FEIRA;3;0;7;06H-08H;MANHA;PLENO DIA;TRANSITAR NO ACOSTAMENTO;COLISÃO COM OBJETO;CÉU CLARO;DUPLA;RETA;NÃO;0
PR;BR-153;VENTANIA;6;2;QUARTA-FEIRA;2;0;22;21H-23H;NOITE;PLENA NOITE;AUSÊNCIA DE REAÇÃO DO CONDUTOR;TOMBAMENTO;CÉU CLARO;SIMPLES;"CURVA;DECLIVE";NÃO;0
SC;BR-470;BLUMENAU;6;2;QUINTA-FEIRA;3;0;7;06H-08H;MANHA;PLENO DIA;CONDUTOR DEIXOU DE MANTER DISTÂNCIA DO VEÍCULO DA FRENTE;COLISÃO TRASEIRA;CÉU CLARO;SIMPLES;ROTATÓRIA;SIM;0
MG;BR-381;BETIM;4;2;QUARTA-FEIRA;2;0;1;00H-02H;MADRUGADA;PLENA NOITE;REAÇÃO TARDIA OU INEFICIENTE DO CONDUTOR;ATROPELAMENTO DE PEDESTRE;CÉU CLARO;DUPLA;RETA;SIM;0
BA;BR-242;ITABERABA;6;2;QUINTA-FEIRA;3;0;9;09H-11H;MANHA;PLENO DIA;INGESTÃO DE ÁLCOOL PELO CONDUTOR;COLISÃO LATERAL SENTIDO OPOSTO;CÉU CLARO;SIMPLES;RETA;NÃO;0
RS;BR-386;SOLEDADE;6;2;QUINTA-FEIRA;3;0;8;06H-08H;MANHA;PLENO DIA;AUSÊNCIA DE REAÇÃO DO CONDUTOR;ENGAVETAMENTO;CÉU CLARO;SIMPLES;"CURVA;DECLIVE;EM OBRAS";NÃO;0
CE;BR-116;FORTALEZA;6;2;QUINTA-FEIRA;3;0;9;09H-11H;MANHA;PLENO DIA;MANOBRA DE MUDANÇA DE FAIXA;COLISÃO LATERAL MESMO SENTIDO;CÉU CLARO;MÚLTIPLA;RETA;SIM;0
SP;BR-153;LINS;6;2;QUINTA-FEIRA;3;0;10;09H-11H;MANHA;PLENO DIA;AUSÊNCIA DE REAÇÃO DO CONDUTOR;COLISÃO LATERAL SENTIDO OPOSTO;SOL;SIMPLES;"CURVA;DECLIVE";NÃO;0
RS;BR-285;PASSO FUNDO;6;2;QUINTA-FEIRA;3;0;10;09H-11H;MANHA;PLENO DIA;REAÇÃO TARDIA OU INEFICIENTE DO CONDUTOR;COLISÃO LATERAL MESMO SENTIDO;SOL;SIMPLES;RETA;SIM;0
PR;BR-277;LARANJEIRAS DO SUL;6;2;QUINTA-FEIRA;3;0;10;09H-11H;MANHA;PLENO DIA;VELOCIDADE INCOMPATÍVEL;TOMBAMENTO;CÉU CLARO;SIMPLES;"DECLIVE;CURVA";NÃO;0
MG;BR-381;BETIM;6;2;QUINTA-FEIRA;3;0;10;09H-11H;MANHA;PLENO DIA;ACESSAR A VIA SEM OBSERVAR A PRESENÇA DOS OUTROS VEÍCULOS;COLISÃO LATERAL MESMO SENTIDO;CÉU CLARO;DUPLA;"RETA;INTERSEÇÃO DE VIAS";SIM;0
PR;BR-116;CAMPINA GRANDE DO SUL;6;2;QUINTA-FEIRA;3;0;11;09H-11H;MANHA;PLENO DIA;CHUVA;COLISÃO TRANSVERSAL;CHUVA;DUPLA;"DECLIVE;CURVA";NÃO;0
PI;BR-343;TERESINA;6;2;QUINTA-FEIRA;3;0;10;09H-11H;MANHA;PLENO DIA;CONDUTOR DEIXOU DE MANTER DISTÂNCIA DO VEÍCULO DA FRENTE;COLISÃO TRASEIRA;CHUVA;SIMPLES;"PONTE;RETA";SIM;0
MG;BR-381;CAMBUI;6;2;QUINTA-FEIRA;3;0;9;09H-11H;MANHA;PLENO DIA;REAÇÃO TARDIA OU INEFICIENTE DO CONDUTOR;TOMBAMENTO;CÉU CLARO;DUPLA;DECLIVE;NÃO;1
SP;BR-116;JACAREI;6;2;QUINTA-FEIRA;3;0;9;09H-11H;MANHA;PLENO DIA;REAÇÃO TARDIA OU INEFICIENTE DO CONDUTOR;COLISÃO TRASEIRA;CÉU CLARO;MÚLTIPLA;RETA;NÃO;0
PI;BR-316;ELESBAO VELOSO;6;2;QUINTA-FEIRA;3;0;9;09H-11H;MANHA;PLENO DIA;ACESSAR A VIA SEM OBSERVAR A PRESENÇA DOS OUTROS VEÍCULOS;COLISÃO LATERAL SENTIDO OPOSTO;CÉU CLARO;SIMPLES;RETA;NÃO;0
SC;BR-470;RIO DO SUL;6;2;QUINTA-FEIRA;3;0;13;12H-14H;TARDE;PLENO DIA;MANOBRA DE MUDANÇA DE FAIXA;COLISÃO TRASEIRA;NUBLADO;MÚLTIPLA;RETA;SIM;0
SE;BR-235;ITABAIANA;6;2;QUINTA-FEIRA;3;0;13;12H-14H;TARDE;PLENO DIA;SUICÍDIO (PRESUMIDO);COLISÃO FRONTAL;CÉU CLARO;SIMPLES;"ACLIVE;RETA";SIM;1
RS;BR-116;DOIS IRMAOS;6;2;QUINTA-FEIRA;3;0;13;12H-14H;TARDE;PLENO DIA;TRANSITAR NA CONTRAMÃO;COLISÃO LATERAL SENTIDO OPOSTO;CÉU CLARO;DUPLA;CURVA;NÃO;0
RS;BR-116;VACARIA;6;2;QUINTA-FEIRA;3;0;7;06H-08H;MANHA;PLENO DIA;TRANSITAR NA CONTRAMÃO;COLISÃO LATERAL SENTIDO OPOSTO;NUBLADO;SIMPLES;"RETA;ACLIVE";NÃO;0
MG;BR-381;ITAGUARA;6;2;QUINTA-FEIRA;3;0;10;09H-11H;MANHA;PLENO DIA;VELOCIDADE INCOMPATÍVEL;SAÍDA DE LEITO CARROÇÁVEL;CÉU CLARO;DUPLA;"CURVA;DECLIVE";SIM;0
SC;BR-101;CRICIUMA;5;2;SÁBADO;5;1;19;18H-20H;NOITE;PLENA NOITE;CONDUTOR DEIXOU DE MANTER DISTÂNCIA DO VEÍCULO DA FRENTE;COLISÃO TRASEIRA;IGNORADO;DUPLA;RETA;NÃO;0
BA;BR-242;OLIVEIRA DOS BREJINHOS;6;2;QUINTA-FEIRA;3;0;9;09H-11H;MANHA;PLENO DIA;ACESSAR A VIA SEM OBSERVAR A PRESENÇA DOS OUTROS VEÍCULOS;COLISÃO TRANSVERSAL;CÉU CLARO;SIMPLES;"RETA;ROTATÓRIA";NÃO;0
PI;BR-316;TERESINA;6;2;QUINTA-FEIRA;3;0;11;09H-11H;MANHA;PLENO DIA;CONDUTOR DEIXOU DE MANTER DISTÂNCIA DO VEÍCULO DA FRENTE;COLISÃO TRASEIRA;CÉU CLARO;MÚLTIPLA;RETA;SIM;1
MT;BR-158;BARRA DO GARCAS;6;2;QUINTA-FEIRA;3;0;14;12H-14H;TARDE;PLENO DIA;AUSÊNCIA DE REAÇÃO DO CONDUTOR;SAÍDA DE LEITO CARROÇÁVEL;CÉU CLARO;SIMPLES;RETA;NÃO;0
MT;BR-364;VARZEA GRANDE;6;2;QUINTA-FEIRA;3;0;6;06H-08H;MANHA;PLENO DIA;REAÇÃO TARDIA OU INEFICIENTE DO CONDUTOR;COLISÃO LATERAL MESMO SENTIDO;CÉU CLARO;DUPLA;"INTERSEÇÃO DE VIAS;RETA;ROTATÓRIA";NÃO;0
PI;BR-316;TERESINA;6;2;QUINTA-FEIRA;3;0;10;09H-11H;MANHA;PLENO DIA;ACESSAR A VIA SEM OBSERVAR A PRESENÇA DOS OUTROS VEÍCULOS;COLISÃO LATERAL MESMO SENTIDO;SOL;MÚLTIPLA;INTERSEÇÃO DE VIAS;SIM;0
PR;BR-376;ALTO PARANA;6;2;QUINTA-FEIRA;3;0;15;15H-17H;TARDE;PLENO DIA;CONDUTOR DEIXOU DE MANTER DISTÂNCIA DO VEÍCULO DA FRENTE;COLISÃO TRASEIRA;CÉU CLARO;DUPLA;"DECLIVE;RETA";NÃO;0
GO;BR-153;APARECIDA DE GOIANIA;6;2;SEGUNDA-FEIRA;0;0;11;09H-11H;MANHA;PLENO DIA;REAÇÃO TARDIA OU INEFICIENTE DO CONDUTOR;TOMBAMENTO;CÉU CLARO;DUPLA;"VIADUTO;DECLIVE";SIM;0
PR;BR-376;TIJUCAS DO SUL;6;2;QUINTA-FEIRA;3;0;15;15H-17H;TARDE;PLENO DIA;INGESTÃO DE ÁLCOOL PELO CONDUTOR;COLISÃO TRASEIRA;GAROA/CHUVISCO;DUPLA;RETA;NÃO;0
AL;BR-101;JUNQUEIRO;6;2;QUINTA-FEIRA;3;0;15;15H-17H;TARDE;PLENO DIA;PROBLEMA COM O FREIO;ENGAVETAMENTO;CÉU CLARO;DUPLA;"DECLIVE;CURVA";NÃO;1
MG;BR-251;MONTES CLAROS;6;2;QUINTA-FEIRA;3;0;16;15H-17H;TARDE;PLENO DIA;PISTA ESCORREGADIA;COLISÃO TRASEIRA;CHUVA;SIMPLES;"DECLIVE;CURVA";NÃO;0
RJ;BR-101;ANGRA DOS REIS;6;2;QUINTA-FEIRA;3;0;12;12H-14H;TARDE;PLENO DIA;ACESSAR A VIA SEM OBSERVAR A PRESENÇA DOS OUTROS VEÍCULOS;COLISÃO TRANSVERSAL;NUBLADO;SIMPLES;RETA;SIM;0
MG;BR-040;CONTAGEM;6;2;QUINTA-FEIRA;3;0;16;15H-17H;TARDE;PLENO DIA;AUSÊNCIA DE REAÇÃO DO CONDUTOR;COLISÃO COM OBJETO;CÉU CLARO;DUPLA;"DECLIVE;RETA";NÃO;1
MT;BR-163;GUARANTA DO NORTE;6;2;QUINTA-FEIRA;3;0;13;12H-14H;TARDE;PLENO DIA;REAÇÃO TARDIA OU INEFICIENTE DO CONDUTOR;COLISÃO LATERAL SENTIDO OPOSTO;CÉU CLARO;SIMPLES;RETA;NÃO;0
GO;BR-020;FORMOSA;6;2;QUINTA-FEIRA;3;0;17;15H-17H;TARDE;PLENO DIA;VELOCIDADE INCOMPATÍVEL;ENGAVETAMENTO;CÉU CLARO;DUPLA;"RETA;INTERSEÇÃO DE VIAS;EM OBRAS";SIM;0
PR;BR-376;SAO JOSE DOS PINHAIS;6;2;QUINTA-FEIRA;3;0;17;15H-17H;TARDE;ANOITECER;AUSÊNCIA DE REAÇÃO DO CONDUTOR;COLISÃO TRASEIRA;GAROA/CHUVISCO;DUPLA;RETA;NÃO;0
BA;BR-116;VITORIA DA CONQUISTA;6;2;QUINTA-FEIRA;3;0;16;15H-17H;TARDE;PLENO DIA;DEMAIS FALHAS MECÂNICAS OU ELÉTRICAS;COLISÃO COM OBJETO;NUBLADO;SIMPLES;"ACLIVE;CURVA";NÃO;0
PR;BR-277;PARANAGUA;6;2;QUINTA-FEIRA;3;0;18;18H-20H;NOITE;ANOITECER;DEMAIS FALHAS MECÂNICAS OU ELÉTRICAS;COLISÃO LATERAL MESMO SENTIDO;NUBLADO;DUPLA;RETA;SIM;0
GO;BR-060;ANAPOLIS;6;2;QUINTA-FEIRA;3;0;19;18H-20H;NOITE;PLENA NOITE;ACESSAR A VIA SEM OBSERVAR A PRESENÇA DOS OUTROS VEÍCULOS;COLISÃO TRASEIRA;IGNORADO;DUPLA;RETA;SIM;0
SC;BR-280;MAFRA;6;2;QUINTA-FEIRA;3;0;18;18H-20H;NOITE;PLENA NOITE;PEDESTRE CRUZAVA A PISTA FORA DA FAIXA;ATROPELAMENTO DE PEDESTRE;NUBLADO;SIMPLES;"ACLIVE;RETA";SIM;0
SC;BR-101;BALNEARIO PICARRAS;6;2;QUINTA-FEIRA;3;0;20;18H-20H;NOITE;PLENA NOITE;ACESSAR A VIA SEM OBSERVAR A PRESENÇA DOS OUTROS VEÍCULOS;COLISÃO LATERAL MESMO SENTIDO;NUBLADO;MÚLTIPLA;INTERSEÇÃO DE VIAS;SIM;0
RJ;BR-116;PIRAI;5;2;SEGUNDA-FEIRA;0;0;17;15H-17H;TARDE;PLENA NOITE;VELOCIDADE INCOMPATÍVEL;TOMBAMENTO;CÉU CLARO;DUPLA;"CURVA;DECLIVE";NÃO;0
PR;BR-116;COLOMBO;6;2;QUINTA-FEIRA;3;0;19;18H-20H;NOITE;PLENA NOITE;CHUVA;COLISÃO TRASEIRA;CHUVA;DUPLA;"RETA;ACLIVE";NÃO;0
MA;BR-222;BURITICUPU;6;2;QUINTA-FEIRA;3;0;12;12H-14H;TARDE;PLENO DIA;ACESSAR A VIA SEM OBSERVAR A PRESENÇA DOS OUTROS VEÍCULOS;COLISÃO TRASEIRA;CÉU CLARO;SIMPLES;CURVA;SIM;1
BA;BR-101;SAO GONCALO DOS CAMPOS;6;2;QUINTA-FEIRA;3;0;21;21H-23H;NOITE;PLENA NOITE;ULTRAPASSAGEM INDEVIDA;COLISÃO LATERAL SENTIDO OPOSTO;CHUVA;SIMPLES;RETA;SIM;0
RJ;BR-393;VOLTA REDONDA;6;2;QUINTA-FEIRA;3;0;18;18H-20H;NOITE;PLENA NOITE;MANOBRA DE MUDANÇA DE FAIXA;COLISÃO LATERAL MESMO SENTIDO;NUBLADO;SIMPLES;RETA;SIM;0
PI;BR-135;SAO GONCALO DO GURGUEIA;6;2;QUINTA-FEIRA;3;0;10;09H-11H;MANHA;PLENO DIA;REAÇÃO TARDIA OU INEFICIENTE DO CONDUTOR;SAÍDA DE LEITO CARROÇÁVEL;CÉU CLARO;SIMPLES;"DECLIVE;CURVA";NÃO;0
RS;BR-392;CANGUCU;6;2;QUINTA-FEIRA;3;0;21;21H-23H;NOITE;PLENA NOITE;INGESTÃO DE ÁLCOOL PELO CONDUTOR;TOMBAMENTO;CÉU CLARO;SIMPLES;"ACLIVE;CURVA";NÃO;0
MG;BR-116;MURIAE;6;2;QUINTA-FEIRA;3;0;23;21H-23H;NOITE;PLENA NOITE;VELOCIDADE INCOMPATÍVEL;TOMBAMENTO;NUBLADO;SIMPLES;CURVA;NÃO;0
PI;BR-316;PICOS;6;2;QUINTA-FEIRA;3;0;22;21H-23H;NOITE;PLENA NOITE;PEDESTRE ANDAVA NA PISTA;ATROPELAMENTO DE PEDESTRE;CÉU CLARO;SIMPLES;RETA;SIM;0
PR;BR-277;CEU AZUL;6;2;SEXTA-FEIRA;4;0;0;00H-02H;MADRUGADA;PLENA NOITE;TRANSITAR NA CONTRAMÃO;COLISÃO FRONTAL;VENTO;SIMPLES;RETA;NÃO;1
RS;BR-392;RIO GRANDE;6;2;QUINTA-FEIRA;3;0;22;21H-23H;NOITE;PLENA NOITE;INGESTÃO DE ÁLCOOL PELO CONDUTOR;SAÍDA DE LEITO CARROÇÁVEL;CÉU CLARO;DUPLA;RETA;SIM;0
RJ;BR-116;QUEIMADOS;6;2;QUINTA-FEIRA;3;0;21;21H-23H;NOITE;PLENA NOITE;REAÇÃO TARDIA OU INEFICIENTE DO CONDUTOR;COLISÃO TRASEIRA;GAROA/CHUVISCO;DUPLA;RETA;SIM;1
PR;BR-158;PATO BRANCO;6;2;QUINTA-FEIRA;3;0;20;18H-20H;NOITE;PLENO DIA;VELOCIDADE INCOMPATÍVEL;COLISÃO FRONTAL;CÉU CLARO;SIMPLES;"DECLIVE;CURVA";NÃO;0
BA;BR-324;FEIRA DE SANTANA;6;2;SEXTA-FEIRA;4;0;0;00H-02H;MADRUGADA;PLENA NOITE;REAÇÃO TARDIA OU INEFICIENTE DO CONDUTOR;COLISÃO TRANSVERSAL;CHUVA;DUPLA;RETA;SIM;0
MS;BR-060;CAMPO GRANDE;6;2;SEXTA-FEIRA;4;0;0;00H-02H;MADRUGADA;PLENA NOITE;REAÇÃO TARDIA OU INEFICIENTE DO CONDUTOR;COLISÃO FRONTAL;CÉU CLARO;SIMPLES;RETA;NÃO;1
MG;BR-050;UBERABA;6;2;SEXTA-FEIRA;4;0;3;03H-05H;MADRUGADA;PLENA NOITE;AUSÊNCIA DE REAÇÃO DO CONDUTOR;COLISÃO TRASEIRA;CÉU CLARO;DUPLA;RETA;NÃO;0
RJ;BR-393;TRES RIOS;6;2;QUINTA-FEIRA;3;0;23;21H-23H;NOITE;PLENA NOITE;VELOCIDADE INCOMPATÍVEL;COLISÃO FRONTAL;CÉU CLARO;SIMPLES;RETA;NÃO;0
PR;BR-163;PEROLA DOESTE;6;2;SEXTA-FEIRA;4;0;6;06H-08H;MANHA;AMANHECER;AUSÊNCIA DE REAÇÃO DO CONDUTOR;TOMBAMENTO;CÉU CLARO;SIMPLES;"CURVA;DECLIVE";NÃO;0
GO;BR-050;CATALAO;6;2;SEXTA-FEIRA;4;0;6;06H-08H;MANHA;AMANHECER;AUSÊNCIA DE REAÇÃO DO CONDUTOR;COLISÃO TRASEIRA;CÉU CLARO;DUPLA;"DECLIVE;CURVA";NÃO;1
RJ;BR-101;CASIMIRO DE ABREU;6;2;DOMINGO;6;1;1;00H-02H;MADRUGADA;PLENA NOITE;VELOCIDADE INCOMPATÍVEL;TOMBAMENTO;CÉU CLARO;DUPLA;CURVA;SIM;0
BA;BR-101;PRESIDENTE TANCREDO NEVES;6;2;SEXTA-FEIRA;4;0;4;03H-05H;MADRUGADA;AMANHECER;AUSÊNCIA DE REAÇÃO DO CONDUTOR;COLISÃO LATERAL SENTIDO OPOSTO;CÉU CLARO;SIMPLES;RETA;NÃO;0
MG;BR-251;GRAO MOGOL;5;2;TERÇA-FEIRA;1;0;21;21H-23H;NOITE;PLENA NOITE;PISTA ESCORREGADIA;SAÍDA DE LEITO CARROÇÁVEL;GAROA/CHUVISCO;SIMPLES;CURVA;NÃO;1
GO;BR-060;RIO VERDE;6;2;SEXTA-FEIRA;4;0;7;06H-08H;MANHA;PLENO DIA;OBJETO ESTÁTICO SOBRE O LEITO CARROÇÁVEL;SAÍDA DE LEITO CARROÇÁVEL;CÉU CLARO;DUPLA;RETA;SIM;0
RN;BR-304;PARNAMIRIM;6;2;SEXTA-FEIRA;4;0;7;06H-08H;MANHA;PLENO DIA;ACESSAR A VIA SEM OBSERVAR A PRESENÇA DOS OUTROS VEÍCULOS;COLISÃO TRANSVERSAL;CÉU CLARO;DUPLA;RETA;NÃO;0
AC;BR-317;XAPURI;6;2;SEXTA-FEIRA;4;0;5;03H-05H;MADRUGADA;AMANHECER;REAÇÃO TARDIA OU INEFICIENTE DO CONDUTOR;SAÍDA DE LEITO CARROÇÁVEL;CÉU CLARO;SIMPLES;"RETA;DECLIVE";NÃO;0
PR;BR-277;PARANAGUA;6;2;SEXTA-FEIRA;4;0;8;06H-08H;MANHA;PLENO DIA;RETORNO PROIBIDO;COLISÃO TRANSVERSAL;GAROA/CHUVISCO;SIMPLES;INTERSEÇÃO DE VIAS;NÃO;0
PI;BR-316;PICOS;6;2;SEXTA-FEIRA;4;0;9;09H-11H;MANHA;PLENO DIA;ESTACIONAR OU PARAR EM LOCAL PROIBIDO;COLISÃO COM OBJETO;CÉU CLARO;DUPLA;CURVA;SIM;0
ES;BR-101;SAO MATEUS;6;2;SEXTA-FEIRA;4;0;9;09H-11H;MANHA;PLENO DIA;AUSÊNCIA DE REAÇÃO DO CONDUTOR;COLISÃO TRASEIRA;CÉU CLARO;SIMPLES;RETA;NÃO;0
CE;BR-222;ITAPAJE;6;2;SEXTA-FEIRA;4;0;5;03H-05H;MADRUGADA;AMANHECER;TRANSITAR NA CONTRAMÃO;COLISÃO LATERAL SENTIDO OPOSTO;CÉU CLARO;SIMPLES;RETA;SIM;0
MA;BR-222;ACAILANDIA;6;2;SEXTA-FEIRA;4;0;10;09H-11H;MANHA;PLENO DIA;ULTRAPASSAGEM INDEVIDA;TOMBAMENTO;CÉU CLARO;SIMPLES;"RETA;DECLIVE";NÃO;0
ES;BR-101;ATILIO VIVACQUA;6;2;SEXTA-FEIRA;4;0;9;09H-11H;MANHA;PLENO DIA;DEMAIS FALHAS MECÂNICAS OU ELÉTRICAS;INCÊNDIO;NUBLADO;SIMPLES;RETA;NÃO;0
MG;BR-459;CALDAS;6;2;SEXTA-FEIRA;4;0;9;09H-11H;MANHA;PLENO DIA;CONDUTOR USANDO CELULAR;TOMBAMENTO;CÉU CLARO;SIMPLES;"CURVA;ACLIVE";NÃO;0
BA;BR-324;FEIRA DE SANTANA;6;2;SEXTA-FEIRA;4;0;10;09H-11H;MANHA;PLENO DIA;ACESSAR A VIA SEM OBSERVAR A PRESENÇA DOS OUTROS VEÍCULOS;ATROPELAMENTO DE PEDESTRE;CHUVA;DUPLA;RETA;SIM;0
PE;BR-316;OURICURI;5;2;DOMINGO;6;1;1;00H-02H;MADRUGADA;PLENA NOITE;TRANSITAR NA CONTRAMÃO;COLISÃO FRONTAL;CÉU CLARO;SIMPLES;RETA;NÃO;0
MG;BR-381;CAMANDUCAIA;6;2;SEXTA-FEIRA;4;0;11;09H-11H;MANHA;PLENO DIA;AUSÊNCIA DE REAÇÃO DO CONDUTOR;TOMBAMENTO;CÉU CLARO;DUPLA;CURVA;NÃO;0
RS;BR-116;ESTEIO;6;2;SEXTA-FEIRA;4;0;12;12H-14H;TARDE;PLENO DIA;FREAR BRUSCAMENTE;COLISÃO LATERAL MESMO SENTIDO;CÉU CLARO;MÚLTIPLA;"RETA;ACLIVE;VIADUTO";SIM;0