uf;br_formatada;municipio;mes;trimestre;dia_semana;dia_semana_num;fim_de_semana;hora;faixa_horaria;turno;fase_dia;causa_acidente;tipo_acidente;condicao_metereologica;tipo_pista;tracado_via;uso_solo;acidente_fatal
MG;BR-381;BETIM;6;2;TERÇA-FEIRA;1;0;14;12H-14H;TARDE;PLENO DIA;AUSÊNCIA DE REAÇÃO DO CONDUTOR;COLISÃO TRASEIRA;CÉU CLARO;DUPLA;RETA;NÃO;0
PR;BR-376;TIJUCAS DO SUL;6;2;TERÇA-FEIRA;1;0;16;15H-17H;TARDE;PLENO DIA;ENTRADA INOPINADA DO PEDESTRE;ATROPELAMENTO DE PEDESTRE;CÉU CLARO;SIMPLES;"ACLIVE;CURVA";NÃO;0
SP;BR-116;JACAREI;6;2;TERÇA-FEIRA;1;0;16;15H-17H;TARDE;PLENO DIA;CONDUTOR DEIXOU DE MANTER DISTÂNCIA DO VEÍCULO DA FRENTE;ENGAVETAMENTO;CÉU CLARO;DUPLA;RETA;SIM;0
MG;BR-050;UBERABA;6;2;TERÇA-FEIRA;1;0;16;15H-17H;TARDE;PLENO DIA;MANOBRA DE MUDANÇA DE FAIXA;COLISÃO LATERAL MESMO SENTIDO;CÉU CLARO;DUPLA;RETA;SIM;0
AL;BR-104;BRANQUINHA;6;2;TERÇA-FEIRA;1;0;16;15H-17H;TARDE;PLENO DIA;PROBLEMA COM O FREIO;COLISÃO FRONTAL;CHUVA;SIMPLES;CURVA;NÃO;0
RJ;BR-393;VASSOURAS;6;2;TERÇA-FEIRA;1;0;15;15H-17H;TARDE;PLENO DIA;CONDUTOR DORMINDO;COLISÃO FRONTAL;CÉU CLARO;SIMPLES;RETA;NÃO;1
MG;BR-365;ITUIUTABA;6;2;TERÇA-FEIRA;1;0;17;15H-17H;TARDE;PLENO DIA;SUICÍDIO (PRESUMIDO);COLISÃO FRONTAL;CÉU CLARO;SIMPLES;"RETA;ACLIVE";NÃO;1
RJ;BR-040;PETROPOLIS;5;2;QUINTA-FEIRA;3;0;20;18H-20H;NOITE;PLENA NOITE;OBJETO ESTÁTICO SOBRE O LEITO CARROÇÁVEL;COLISÃO TRASEIRA;CÉU CLARO;DUPLA;"ACLIVE;RETA";NÃO;0
PB;BR-230;SANTA LUZIA;6;2;TERÇA-FEIRA;1;0;18;18H-20H;NOITE;PLENA NOITE;ULTRAPASSAGEM INDEVIDA;COLISÃO FRONTAL;CÉU CLARO;SIMPLES;"ACLIVE;RETA";NÃO;0
MG;BR-381;BETIM;6;2;TERÇA-FEIRA;1;0;19;18H-20H;NOITE;PLENA NOITE;AUSÊNCIA DE REAÇÃO DO CONDUTOR;COLISÃO TRASEIRA;NUBLADO;DUPLA;"DECLIVE;RETA";SIM;0
MG;BR-262;CAMPO FLORIDO;6;2;TERÇA-FEIRA;1;0;16;15H-17H;TARDE;PLENO DIA;VELOCIDADE INCOMPATÍVEL;TOMBAMENTO;CÉU CLARO;DUPLA;RETORNO REGULAMENTADO;NÃO;0
ES;BR-101;CONCEICAO DA BARRA;6;2;TERÇA-FEIRA;1;0;19;18H-20H;NOITE;PLENO DIA;CONDUTOR DEIXOU DE MANTER DISTÂNCIA DO VEÍCULO DA FRENTE;COLISÃO LATERAL MESMO SENTIDO;GAROA/CHUVISCO;SIMPLES;ROTATÓRIA;SIM;0
RS;BR-470;BENTO GONCALVES;6;2;TERÇA-FEIRA;1;0;18;18H-20H;NOITE;PLENA NOITE;ACUMULO DE ÁGUA SOBRE O PAVIMENTO;SAÍDA DE LEITO CARROÇÁVEL;CHUVA;SIMPLES;RETA;NÃO;0
SC;BR-101;ARARANGUA;6;2;TERÇA-FEIRA;1;0;18;18H-20H;NOITE;PLENA NOITE;MANOBRA DE MUDANÇA DE FAIXA;COLISÃO LATERAL MESMO SENTIDO;CHUVA;DUPLA;RETA;NÃO;0
MG;BR-365;UBERLANDIA;6;2;TERÇA-FEIRA;1;0;19;18H-20H;NOITE;PLENA NOITE;DEMAIS FALHAS MECÂNICAS OU ELÉTRICAS;COLISÃO COM OBJETO;CÉU CLARO;DUPLA;RETA;NÃO;0
MS;BR-267;BATAGUASSU;6;2;TERÇA-FEIRA;1;0;15;15H-17H;TARDE;PLENO DIA;PROBLEMA COM O FREIO;INCÊNDIO;CÉU CLARO;SIMPLES;"ACLIVE;RETA";NÃO;0
PI;BR-316;PICOS;6;2;TERÇA-FEIRA;1;0;19;18H-20H;NOITE;PLENA NOITE;AUSÊNCIA DE REAÇÃO DO CONDUTOR;COLISÃO COM OBJETO;NUBLADO;SIMPLES;RETA;SIM;0
SC;BR-153;CONCORDIA;6;2;TERÇA-FEIRA;1;0;19;18H-20H;NOITE;PLENA NOITE;ULTRAPASSAGEM INDEVIDA;COLISÃO FRONTAL;CÉU CLARO;SIMPLES;"DECLIVE;RETA";NÃO;0
BA;BR-324;SALVADOR;6;2;TERÇA-FEIRA;1;0;21;21H-23H;NOITE;PLENA NOITE;AUSÊNCIA DE REAÇÃO DO CONDUTOR;COLISÃO LATERAL MESMO SENTIDO;NUBLADO;DUPLA;RETA;NÃO;0
PR;BR-376;GUARATUBA;6;2;TERÇA-FEIRA;1;0;17;15H-17H;TARDE;ANOITECER;PROBLEMA COM O FREIO;TOMBAMENTO;CÉU CLARO;DUPLA;"DECLIVE;CURVA";NÃO;1
MG;BR-365;MONTE ALEGRE DE MINAS;6;2;TERÇA-FEIRA;1;0;21;21H-23H;NOITE;PLENA NOITE;AUSÊNCIA DE REAÇÃO DO CONDUTOR;COLISÃO TRASEIRA;CÉU CLARO;SIMPLES;RETA;NÃO;1
MS;BR-158;APARECIDA DO TABOADO;6;2;TERÇA-FEIRA;1;0;21;21H-23H;NOITE;PLENA NOITE;AUSÊNCIA DE REAÇÃO DO CONDUTOR;COLISÃO TRASEIRA;IGNORADO;SIMPLES;RETA;NÃO;1
SC;BR-480;CHAPECO;6;2;TERÇA-FEIRA;1;0;20;18H-20H;NOITE;PLENA NOITE;ACESSAR A VIA SEM OBSERVAR A PRESENÇA DOS OUTROS VEÍCULOS;COLISÃO FRONTAL;CÉU CLARO;MÚLTIPLA;INTERSEÇÃO DE VIAS;SIM;1
MA;BR-222;ARARI;6;2;TERÇA-FEIRA;1;0;15;15H-17H;TARDE;PLENO DIA;TRANSITAR NA CONTRAMÃO;COLISÃO FRONTAL;CÉU CLARO;SIMPLES;RETA;NÃO;1
TO;BR-153;FORTALEZA DO TABOCAO;6;2;QUARTA-FEIRA;2;0;0;00H-02H;MADRUGADA;PLENA NOITE;AUSÊNCIA DE REAÇÃO DO CONDUTOR;COLISÃO LATERAL SENTIDO OPOSTO;CÉU CLARO;SIMPLES;CURVA;NÃO;0
SP;BR-116;GUARAREMA;6;2;QUARTA-FEIRA;2;0;3;03H-05H;MADRUGADA;PLENA NOITE;DEMAIS FALHAS MECÂNICAS OU ELÉTRICAS;COLISÃO TRASEIRA;NEVOEIRO/NEBLINA;DUPLA;RETA;NÃO;0
MT;BR-163;SINOP;6;2;QUARTA-FEIRA;2;0;1;00H-02H;MADRUGADA;PLENA NOITE;ÁREA URBANA SEM A PRESENÇA DE LOCAL APROPRIADO PARA A TRAVESSIA DE PEDESTRES;ATROPELAMENTO DE PEDESTRE;CÉU CLARO;SIMPLES;RETA;SIM;0
AL;BR-101;PILAR;6;2;QUARTA-FEIRA;2;0;2;00H-02H;MADRUGADA;PLENA NOITE;REAÇÃO TARDIA OU INEFICIENTE DO CONDUTOR;COLISÃO TRASEIRA;CÉU CLARO;SIMPLES;"EM OBRAS;DECLIVE;RETA";NÃO;0
MG;BR-153;CANAPOLIS;6;2;QUARTA-FEIRA;2;0;3;03H-05H;MADRUGADA;PLENA NOITE;VELOCIDADE INCOMPATÍVEL;SAÍDA DE LEITO CARROÇÁVEL;CÉU CLARO;DUPLA;"CURVA;DECLIVE";NÃO;0
PR;BR-376;SAO JOSE DOS PINHAIS;6;2;QUARTA-FEIRA;2;0;5;03H-05H;MADRUGADA;AMANHECER;AUSÊNCIA DE REAÇÃO DO CONDUTOR;COLISÃO TRASEIRA;CÉU CLARO;DUPLA;RETA;NÃO;1
MG;BR-116;MANHUACU;6;2;QUARTA-FEIRA;2;0;0;00H-02H;MADRUGADA;PLENA NOITE;REAÇÃO TARDIA OU INEFICIENTE DO CONDUTOR;CAPOTAMENTO;CÉU CLARO;SIMPLES;CURVA;NÃO;1
SP;BR-381;MAIRIPORA;6;2;QUARTA-FEIRA;2;0;6;06H-08H;MANHA;AMANHECER;VELOCIDADE INCOMPATÍVEL;COLISÃO TRANSVERSAL;CÉU CLARO;MÚLTIPLA;"DECLIVE;CURVA";NÃO;0
SP;BR-116;JUQUITIBA;6;2;QUARTA-FEIRA;2;0;6;06H-08H;MANHA;PLENO DIA;AUSÊNCIA DE REAÇÃO DO CONDUTOR;COLISÃO LATERAL MESMO SENTIDO;CÉU CLARO;DUPLA;RETA;SIM;0
PA;BR-230;MARABA;6;2;TERÇA-FEIRA;1;0;19;18H-20H;NOITE;PLENA NOITE;TRANSITAR NO ACOSTAMENTO;COLISÃO TRASEIRA;CÉU CLARO;SIMPLES;RETA;SIM;1
SC;BR-101;ITAJAI;4;2;SEGUNDA-FEIRA;0;0;17;15H-17H;TARDE;ANOITECER;AUSÊNCIA DE REAÇÃO DO CONDUTOR;COLISÃO TRASEIRA;NUBLADO;MÚLTIPLA;"PONTE;RETA";SIM;1
SP;BR-116;JUQUITIBA;6;2;QUARTA-FEIRA;2;0;7;06H-08H;MANHA;PLENO DIA;AUSÊNCIA DE REAÇÃO DO CONDUTOR;COLISÃO LATERAL MESMO SENTIDO;CÉU CLARO;DUPLA;CURVA;NÃO;0
MG;BR-040;JOAO PINHEIRO;6;2;QUARTA-FEIRA;2;0;7;06H-08H;MANHA;PLENO DIA;REAÇÃO TARDIA OU INEFICIENTE DO CONDUTOR;SAÍDA DE LEITO CARROÇÁVEL;CÉU CLARO;SIMPLES;RETA;NÃO;0
PE;BR-101;RECIFE;6;2;QUARTA-FEIRA;2;0;7;06H-08H;MANHA;PLENO DIA;ACOSTAMENTO EM DESNÍVEL;TOMBAMENTO;CÉU CLARO;DUPLA;RETA;SIM;0
ES;BR-101;ITAPEMIRIM;6;2;QUARTA-FEIRA;2;0;7;06H-08H;MANHA;PLENO DIA;AUSÊNCIA DE REAÇÃO DO CONDUTOR;COLISÃO LATERAL SENTIDO OPOSTO;CÉU CLARO;SIMPLES;CURVA;NÃO;0
MT;BR-163;LUCAS DO RIO VERDE;6;2;QUARTA-FEIRA;2;0;6;06H-08H;MANHA;PLENO DIA;MANOBRA DE MUDANÇA DE FAIXA;COLISÃO LATERAL MESMO SENTIDO;CÉU CLARO;DUPLA;ROTATÓRIA;SIM;0
MG;BR-040;PEDRO LEOPOLDO;3;1;SEXTA-FEIRA;4;0;14;12H-14H;TARDE;PLENO DIA;CONDUTOR USANDO CELULAR;SAÍDA DE LEITO CARROÇÁVEL;CÉU CLARO;DUPLA;CURVA;NÃO;0
PI;BR-343;TERESINA;6;2;QUARTA-FEIRA;2;0;8;06H-08H;MANHA;PLENO DIA;ACESSAR A VIA SEM OBSERVAR A PRESENÇA DOS OUTROS VEÍCULOS;COLISÃO TRANSVERSAL;CÉU CLARO;SIMPLES;RETA;SIM;0
MS;BR-163;SONORA;6;2;QUARTA-FEIRA;2;0;8;06H-08H;MANHA;PLENO DIA;AUSÊNCIA DE REAÇÃO DO CONDUTOR;COLISÃO LATERAL SENTIDO OPOSTO;CÉU CLARO;SIMPLES;"DECLIVE;CURVA;PONTE";NÃO;0
SC;BR-116;PAPANDUVA;6;2;QUARTA-FEIRA;2;0;6;06H-08H;MANHA;AMANHECER;TRANSITAR NA CONTRAMÃO;COLISÃO LATERAL SENTIDO OPOSTO;NUBLADO;SIMPLES;RETA;NÃO;0
DF;BR-020;BRASILIA;6;2;QUARTA-FEIRA;2;0;9;09H-11H;MANHA;PLENO DIA;ULTRAPASSAGEM INDEVIDA;COLISÃO LATERAL MESMO SENTIDO;SOL;DUPLA;RETA;SIM;0
BA;BR-101;CRUZ DAS ALMAS;6;2;QUARTA-FEIRA;2;0;8;06H-08H;MANHA;PLENO DIA;TRANSITAR NA CONTRAMÃO;COLISÃO FRONTAL;CHUVA;SIMPLES;RETA;NÃO;0
SP;BR-116;SAO JOSE DOS CAMPOS;6;2;QUARTA-FEIRA;2;0;9;09H-11H;MANHA;PLENO DIA;REAÇÃO TARDIA OU INEFICIENTE DO CONDUTOR;ENGAVETAMENTO;CÉU CLARO;DUPLA;RETA;SIM;0
PR;BR-277;PARANAGUA;6;2;QUARTA-FEIRA;2;0;9;09H-11H;MANHA;PLENO DIA;REAÇÃO TARDIA OU INEFICIENTE DO CONDUTOR;COLISÃO TRASEIRA;SOL;DUPLA;RETA;SIM;0
MT;BR-163;LUCAS DO RIO VERDE;6;2;QUARTA-FEIRA;2;0;6;06H-08H;MANHA;PLENO DIA;ACESSAR A VIA SEM OBSERVAR A PRESENÇA DOS OUTROS VEÍCULOS;COLISÃO TRANSVERSAL;CÉU CLARO;SIMPLES;"RETA;INTERSEÇÃO DE VIAS";SIM;0
BA;BR-101;MARAU;6;2;SÁBADO;5;1;18;18H-20H;NOITE;PLENA NOITE;ESTACIONAR OU PARAR EM LOCAL PROIBIDO;COLISÃO TRASEIRA;CÉU CLARO;SIMPLES;"RETA;DECLIVE";NÃO;0
CE;BR-116;AQUIRAZ;6;2;QUARTA-FEIRA;2;0;10;09H-11H;MANHA;PLENO DIA;CONVERSÃO PROIBIDA;COLISÃO TRANSVERSAL;GAROA/CHUVISCO;MÚLTIPLA;RETA;NÃO;0
BA;BR-324;AMELIA RODRIGUES;6;2;QUARTA-FEIRA;2;0;11;09H-11H;MANHA;PLENO DIA;MAL SÚBITO DO CONDUTOR;COLISÃO TRASEIRA;CÉU CLARO;DUPLA;RETA;SIM;0
SE;BR-101;ESTANCIA;6;2;QUARTA-FEIRA;2;0;11;09H-11H;MANHA;PLENO DIA;MANOBRA DE MUDANÇA DE FAIXA;COLISÃO LATERAL MESMO SENTIDO;CÉU CLARO;SIMPLES;CURVA;SIM;0
GO;BR-050;IPAMERI;6;2;QUARTA-FEIRA;2;0;10;09H-11H;MANHA;PLENO DIA;CONDUTOR DORMINDO;COLISÃO COM OBJETO;CÉU CLARO;DUPLA;"RETORNO REGULAMENTADO;VIADUTO";NÃO;0
MS;BR-163;BANDEIRANTES;6;2;QUARTA-FEIRA;2;0;11;09H-11H;MANHA;PLENO DIA;AUSÊNCIA DE REAÇÃO DO CONDUTOR;SAÍDA DE LEITO CARROÇÁVEL;CÉU CLARO;DUPLA;RETA;NÃO;0
SC;BR-280;GUARAMIRIM;6;2;QUARTA-FEIRA;2;0;11;09H-11H;MANHA;PLENO DIA;DESRESPEITAR A PREFERÊNCIA NO CRUZAMENTO;COLISÃO TRANSVERSAL;CÉU CLARO;DUPLA;"INTERSEÇÃO DE VIAS;ROTATÓRIA";SIM;0
MT;BR-364;ROSARIO OESTE;6;2;QUINTA-FEIRA;3;0;0;00H-02H;MADRUGADA;PLENA NOITE;ACESSAR A VIA SEM OBSERVAR A PRESENÇA DOS OUTROS VEÍCULOS;QUEDA DE OCUPANTE DE VEÍCULO;CÉU CLARO;SIMPLES;RETA;SIM;1
PR;BR-277;CASCAVEL;6;2;QUARTA-FEIRA;2;0;11;09H-11H;MANHA;PLENO DIA;MANOBRA DE MUDANÇA DE FAIXA;COLISÃO LATERAL MESMO SENTIDO;CÉU CLARO;DUPLA;RETA;SIM;0
SC;BR-470;POUSO REDONDO;6;2;QUARTA-FEIRA;2;0;9;09H-11H;MANHA;PLENO DIA;TRANSITAR NA CONTRAMÃO;COLISÃO LATERAL SENTIDO OPOSTO;NEVOEIRO/NEBLINA;SIMPLES;CURVA;NÃO;0
SC;BR-470;APIUNA;6;2;QUARTA-FEIRA;2;0;10;09H-11H;MANHA;PLENO DIA;REAÇÃO TARDIA OU INEFICIENTE DO CONDUTOR;COLISÃO LATERAL MESMO SENTIDO;SOL;SIMPLES;RETA;NÃO;0
RJ;BR-393;TRES RIOS;6;2;QUARTA-FEIRA;2;0;13;12H-14H;TARDE;PLENO DIA;VELOCIDADE INCOMPATÍVEL;TOMBAMENTO;CÉU CLARO;SIMPLES;CURVA;SIM;0
GO;BR-050;CAMPO ALEGRE DE GOIAS;6;2;QUARTA-FEIRA;2;0;12;12H-14H;TARDE;PLENO DIA;AUSÊNCIA DE SINALIZAÇÃO;COLISÃO TRASEIRA;CÉU CLARO;DUPLA;RETA;NÃO;0
MG;BR-381;BETIM;6;2;QUARTA-FEIRA;2;0;14;12H-14H;TARDE;PLENO DIA;ACESSAR A VIA SEM OBSERVAR A PRESENÇA DOS OUTROS VEÍCULOS;COLISÃO LATERAL MESMO SENTIDO;CÉU CLARO;MÚLTIPLA;"RETA;ACLIVE";SIM;0
MG;BR-381;TRES CORACOES;4;2;TERÇA-FEIRA;1;0;15;15H-17H;TARDE;PLENO DIA;AUSÊNCIA DE REAÇÃO DO CONDUTOR;TOMBAMENTO;CÉU CLARO;DUPLA;"RETORNO REGULAMENTADO;VIADUTO";SIM;0
BA;BR-324;AMELIA RODRIGUES;6;2;SEXTA-FEIRA;4;0;12;12H-14H;TARDE;PLENO DIA;AUSÊNCIA DE REAÇÃO DO CONDUTOR;ENGAVETAMENTO;CHUVA;DUPLA;RETA;NÃO;0
SC;BR-101;ITAJAI;6;2;QUARTA-FEIRA;2;0;15;15H-17H;TARDE;PLENO DIA;REAÇÃO TARDIA OU INEFICIENTE DO CONDUTOR;SAÍDA DE LEITO CARROÇÁVEL;CÉU CLARO;MÚLTIPLA;RETA;SIM;0
ES;BR-101;CARIACICA;6;2;QUARTA-FEIRA;2;0;15;15H-17H;TARDE;PLENO DIA;TRAFEGAR COM MOTOCICLETA (OU SIMILAR) ENTRE AS FAIXAS;COLISÃO TRASEIRA;NUBLADO;DUPLA;RETA;NÃO;0
RJ;BR-101;CASIMIRO DE ABREU;6;2;QUARTA-FEIRA;2;0;15;15H-17H;TARDE;PLENO DIA;AUSÊNCIA DE REAÇÃO DO CONDUTOR;COLISÃO TRASEIRA;NUBLADO;DUPLA;RETA;NÃO;0
RJ;BR-116;RESENDE;6;2;QUARTA-FEIRA;2;0;14;12H-14H;TARDE;PLENO DIA;REAÇÃO TARDIA OU INEFICIENTE DO CONDUTOR;COLISÃO TRASEIRA;CÉU CLARO;DUPLA;RETA;NÃO;0
MG;BR-040;PARACATU;6;2;QUARTA-FEIRA;2;0;14;12H-14H;TARDE;PLENO DIA;CONDUTOR DEIXOU DE MANTER DISTÂNCIA DO VEÍCULO DA FRENTE;COLISÃO TRASEIRA;CÉU CLARO;SIMPLES;RETA;SIM;0
PA;BR-230;ANAPU;6;2;QUARTA-FEIRA;2;0;11;09H-11H;MANHA;PLENO DIA;AUSÊNCIA DE REAÇÃO DO CONDUTOR;COLISÃO LATERAL MESMO SENTIDO;CÉU CLARO;SIMPLES;"RETA;DECLIVE";NÃO;1
MT;BR-070;BARRA DO GARCAS;6;2;QUARTA-FEIRA;2;0;14;12H-14H;TARDE;PLENO DIA;ULTRAPASSAGEM INDEVIDA;COLISÃO LATERAL SENTIDO OPOSTO;CÉU CLARO;SIMPLES;ACLIVE;NÃO;0
RO;BR-364;ARIQUEMES;6;2;QUARTA-FEIRA;2;0;15;15H-17H;TARDE;PLENO DIA;ACESSAR A VIA SEM OBSERVAR A PRESENÇA DOS OUTROS VEÍCULOS;COLISÃO TRANSVERSAL;CÉU CLARO;DUPLA;ROTATÓRIA;SIM;0
PB;BR-230;CRUZ DO ESPIRITO SANTO;6;2;QUARTA-FEIRA;2;0;17;15H-17H;TARDE;ANOITECER;AUSÊNCIA DE REAÇÃO DO CONDUTOR;COLISÃO TRASEIRA;CHUVA;DUPLA;RETA;NÃO;0
SP;BR-116;MIRACATU;5;2;TERÇA-FEIRA;1;0;15;15H-17H;TARDE;PLENO DIA;VELOCIDADE INCOMPATÍVEL;TOMBAMENTO;NUBLADO;DUPLA;CURVA;SIM;0
RJ;BR-040;DUQUE DE CAXIAS;6;2;QUARTA-FEIRA;2;0;15;15H-17H;TARDE;PLENO DIA;REAÇÃO TARDIA OU INEFICIENTE DO CONDUTOR;TOMBAMENTO;CÉU CLARO;DUPLA;RETA;SIM;0
MG;BR-153;PRATA;6;2;QUARTA-FEIRA;2;0;18;18H-20H;NOITE;ANOITECER;REAÇÃO TARDIA OU INEFICIENTE DO CONDUTOR;TOMBAMENTO;CÉU CLARO;SIMPLES;"RETA;DECLIVE";NÃO;0
PE;BR-316;OURICURI;6;2;QUARTA-FEIRA;2;0;18;18H-20H;NOITE;ANOITECER;TRANSITAR NA CONTRAMÃO;COLISÃO LATERAL SENTIDO OPOSTO;NUBLADO;SIMPLES;"DECLIVE;RETA";NÃO;0
RS;BR-392;ROQUE GONZALES;6;2;QUARTA-FEIRA;2;0;19;18H-20H;NOITE;PLENA NOITE;VELOCIDADE INCOMPATÍVEL;COLISÃO FRONTAL;CHUVA;SIMPLES;CURVA;NÃO;1
MS;BR-163;CAARAPO;6;2;QUARTA-FEIRA;2;0;18;18H-20H;NOITE;PLENA NOITE;REAÇÃO TARDIA OU INEFICIENTE DO CONDUTOR;COLISÃO TRANSVERSAL;CÉU CLARO;SIMPLES;RETA;NÃO;0
BA;BR-101;TEIXEIRA DE FREITAS;6;2;QUARTA-FEIRA;2;0;19;18H-20H;NOITE;PLENA NOITE;VELOCIDADE INCOMPATÍVEL;COLISÃO LATERAL SENTIDO OPOSTO;NUBLADO;SIMPLES;CURVA;NÃO;1
RN;BR-226;FRUTUOSO GOMES;6;2;QUARTA-FEIRA;2;0;19;18H-20H;NOITE;PLENA NOITE;TRANSITAR NA CONTRAMÃO;COLISÃO FRONTAL;CÉU CLARO;SIMPLES;"ACLIVE;RETA";NÃO;1
MG;BR-040;RIBEIRAO DAS NEVES;6;2;QUARTA-FEIRA;2;0;19;18H-20H;NOITE;PLENA NOITE;ENTRADA INOPINADA DO PEDESTRE;SAÍDA DE LEITO CARROÇÁVEL;CÉU CLARO;DUPLA;RETA;NÃO;0
MT;BR-163;SORRISO;6;2;QUARTA-FEIRA;2;0;18;18H-20H;NOITE;PLENA NOITE;REAÇÃO TARDIA OU INEFICIENTE DO CONDUTOR;TOMBAMENTO;CÉU CLARO;SIMPLES;RETA;NÃO;0
MT;BR-364;SANTO ANTONIO DO LEVERGER;6;2;QUARTA-FEIRA;2;0;19;18H-20H;NOITE;PLENA NOITE;REAÇÃO TARDIA OU INEFICIENTE DO CONDUTOR;COLISÃO TRASEIRA;IGNORADO;DUPLA;DECLIVE;NÃO;0
PR;BR-153;RIO AZUL;6;2;QUARTA-FEIRA;2;0;17;15H-17H;TARDE;PLENO DIA;ACESSAR A VIA SEM OBSERVAR A PRESENÇA DOS OUTROS VEÍCULOS;SAÍDA DE LEITO CARROÇÁVEL;CÉU CLARO;SIMPLES;RETA;NÃO;0
PR;BR-277;CAMPO LARGO;6;2;QUARTA-FEIRA;2;0;14;12H-14H;TARDE;PLENO DIA;REAÇÃO TARDIA OU INEFICIENTE DO CONDUTOR;COLISÃO TRASEIRA;SOL;DUPLA;"RETA;ACLIVE;VIADUTO";NÃO;0
MG;BR-381;CAMANDUCAIA;6;2;QUARTA-FEIRA;2;0;19;18H-20H;NOITE;PLENA NOITE;VELOCIDADE INCOMPATÍVEL;TOMBAMENTO;CÉU CLARO;DUPLA;"CURVA;DECLIVE";NÃO;0
RJ;BR-101;RIO DE JANEIRO;6;2;QUARTA-FEIRA;2;0;20;18H-20H;NOITE;PLENA NOITE;AUSÊNCIA DE REAÇÃO DO CONDUTOR;COLISÃO TRASEIRA;CÉU CLARO;SIMPLES;"RETA;PONTE";SIM;0
MG;BR-381;EXTREMA;6;2;QUARTA-FEIRA;2;0;21;21H-23H;NOITE;PLENA NOITE;CONDUTOR DEIXOU DE MANTER DISTÂNCIA DO VEÍCULO DA FRENTE;COLISÃO COM OBJETO;NUBLADO;DUPLA;RETA;NÃO;0
ES;BR-101;PINHEIROS;6;2;QUARTA-FEIRA;2;0;19;18H-20H;NOITE;PLENA NOITE;CONDUTOR DORMINDO;COLISÃO LATERAL MESMO SENTIDO;CÉU CLARO;SIMPLES;RETA;NÃO;0
BA;BR-116;VITORIA DA CONQUISTA;6;2;QUARTA-FEIRA;2;0;21;21H-23H;NOITE;PLENA NOITE;TRANSITAR NA CONTRAMÃO;COLISÃO LATERAL SENTIDO OPOSTO;NUBLADO;SIMPLES;RETA;NÃO;0
SC;BR-101;CRICIUMA;6;2;QUARTA-FEIRA;2;0;20;18H-20H;NOITE;PLENA NOITE;REAÇÃO TARDIA OU INEFICIENTE DO CONDUTOR;COLISÃO TRASEIRA;CÉU CLARO;DUPLA;"ACLIVE;RETA";NÃO;0
MA;BR-222;ACAILANDIA;6;2;QUARTA-FEIRA;2;0;21;21H-23H;NOITE;PLENA NOITE;REAÇÃO TARDIA OU INEFICIENTE DO CONDUTOR;COLISÃO TRANSVERSAL;CÉU CLARO;SIMPLES;RETA;NÃO;0
SC;BR-282;CHAPECO;6;2;QUARTA-FEIRA;2;0;22;21H-23H;NOITE;PLENA NOITE;ACESSAR A VIA SEM OBSERVAR A PRESENÇA DOS OUTROS VEÍCULOS;COLISÃO TRANSVERSAL;CÉU CLARO;SIMPLES;"INTERSEÇÃO DE VIAS;ROTATÓRIA";SIM;0
RO;BR-364;PIMENTA BUENO;6;2;QUINTA-FEIRA;3;0;0;00H-02H;MADRUGADA;PLENA NOITE;AUSÊNCIA DE REAÇÃO DO CONDUTOR;COLISÃO TRASEIRA;CÉU CLARO;SIMPLES;"RETA;ACLIVE";NÃO;0
MS;BR-262;RIBAS DO RIO PARDO;6;2;QUINTA-FEIRA;3;0;4;03H-05H;MADRUGADA;PLENA NOITE;MANOBRA DE MUDANÇA DE FAIXA;COLISÃO LATERAL SENTIDO OPOSTO;CÉU CLARO;SIMPLES;RETA;NÃO;0
SC;BR-101;MARACAJA;6;2;QUINTA-FEIRA;3;0;4;03H-05H;MADRUGADA;PLENA NOITE;ACESSAR A VIA SEM OBSERVAR A PRESENÇA DOS OUTROS VEÍCULOS;COLISÃO TRANSVERSAL;GAROA/CHUVISCO;DUPLA;RETA;SIM;0
MG;BR-381;OLIVEIRA;6;2;QUINTA-FEIRA;3;0;5;03H-05H;MADRUGADA;AMANHECER;REAÇÃO TARDIA OU INEFICIENTE DO CONDUTOR;COLISÃO TRASEIRA;NUBLADO;DUPLA;"RETA;ACLIVE;INTERSEÇÃO DE VIAS";NÃO;1
PE;BR-101;GOIANA;6;2;QUINTA-FEIRA;3;0;5;03H-05H;MADRUGADA;AMANHECER;ANIMAIS NA PISTA;TOMBAMENTO;CÉU CLARO;DUPLA;RETA;NÃO;0
MG;BR-381;POUSO ALEGRE;6;2;QUINTA-FEIRA;3;0;5;03H-05H;MADRUGADA;AMANHECER;ACESSAR A VIA SEM OBSERVAR A PRESENÇA DOS OUTROS VEÍCULOS;COLISÃO TRANSVERSAL;NEVOEIRO/NEBLINA;DUPLA;RETA;NÃO;0
PR;BR-116;RIO NEGRO;6;2;QUINTA-FEIRA;3;0;5;03H-05H;MADRUGADA;PLENA NOITE;INGESTÃO DE ÁLCOOL PELO CONDUTOR;COLISÃO FRONTAL;CÉU CLARO;SIMPLES;RETA;SIM;0
SC;BR-282;ERVAL VELHO;6;2;QUINTA-FEIRA;3;0;0;00H-02H;MADRUGADA;PLENA NOITE;INGESTÃO DE ÁLCOOL PELO CONDUTOR;COLISÃO FRONTAL;GAROA/CHUVISCO;SIMPLES;CURVA;NÃO;0
ES;BR-101;MIMOSO DO SUL;6;2;QUINTA-FEIRA;3;0;6;06H-08H;MANHA;AMANHECER;AUSÊNCIA DE REAÇÃO DO CONDUTOR;COLISÃO TRANSVERSAL;CÉU CLARO;SIMPLES;RETA;NÃO;0