uf;br_formatada;municipio;mes;trimestre;dia_semana;dia_semana_num;fim_de_semana;hora;faixa_horaria;turno;fase_dia;causa_acidente;tipo_acidente;condicao_metereologica;tipo_pista;tracado_via;uso_solo;acidente_fatal
MS;BR-267;BATAGUASSU;7;3;SEGUNDA-FEIRA;0;0;14;12H-14H;TARDE;PLENO DIA;DEMAIS FENÔMENOS DA NATUREZA;INCÊNDIO;CÉU CLARO;SIMPLES;RETA;NÃO;0
PR;BR-487;ARARUNA;7;3;SEGUNDA-FEIRA;0;0;14;12H-14H;TARDE;PLENO DIA;TRANSITAR NA CONTRAMÃO;COLISÃO LATERAL SENTIDO OPOSTO;SOL;SIMPLES;"RETA;ACLIVE";NÃO;1
SC;BR-282;RANCHO QUEIMADO;7;3;SEGUNDA-FEIRA;0;0;14;12H-14H;TARDE;PLENO DIA;AUSÊNCIA DE REAÇÃO DO CONDUTOR;SAÍDA DE LEITO CARROÇÁVEL;CÉU CLARO;SIMPLES;"CURVA;DECLIVE";NÃO;0
MS;BR-163;CAMPO GRANDE;6;2;SÁBADO;5;1;16;15H-17H;TARDE;ANOITECER;SUICÍDIO (PRESUMIDO);COLISÃO LATERAL SENTIDO OPOSTO;CÉU CLARO;SIMPLES;"PONTE;RETA";NÃO;1
BA;BR-110;PAULO AFONSO;7;3;SEGUNDA-FEIRA;0;0;16;15H-17H;TARDE;PLENO DIA;ACESSAR A VIA SEM OBSERVAR A PRESENÇA DOS OUTROS VEÍCULOS;COLISÃO TRANSVERSAL;CHUVA;SIMPLES;RETA;NÃO;1
AL;BR-101;NOVO LINO;7;3;SEGUNDA-FEIRA;0;0;14;12H-14H;TARDE;PLENO DIA;DEMAIS FALHAS MECÂNICAS OU ELÉTRICAS;INCÊNDIO;SOL;DUPLA;CURVA;NÃO;0
PR;BR-277;CASCAVEL;5;2;QUARTA-FEIRA;2;0;9;09H-11H;MANHA;PLENO DIA;CONDUTOR DEIXOU DE MANTER DISTÂNCIA DO VEÍCULO DA FRENTE;COLISÃO TRASEIRA;GAROA/CHUVISCO;SIMPLES;"RETA;DECLIVE";SIM;0
MS;BR-262;TRES LAGOAS;7;3;SEGUNDA-FEIRA;0;0;14;12H-14H;TARDE;PLENO DIA;AUSÊNCIA DE REAÇÃO DO CONDUTOR;COLISÃO LATERAL SENTIDO OPOSTO;CÉU CLARO;SIMPLES;RETA;NÃO;0
PI;BR-316;INHUMA;6;2;SEXTA-FEIRA;4;0;3;03H-05H;MADRUGADA;PLENA NOITE;CONDUTOR DORMINDO;TOMBAMENTO;CÉU CLARO;SIMPLES;RETA;NÃO;0
MG;BR-381;ITATIAIUCU;7;3;SEGUNDA-FEIRA;0;0;18;18H-20H;NOITE;PLENA NOITE;CARGA EXCESSIVA E/OU MAL ACONDICIONADA;SAÍDA DE LEITO CARROÇÁVEL;CÉU CLARO;DUPLA;CURVA;SIM;0
MG;BR-116;ENGENHEIRO CALDAS;7;3;SEGUNDA-FEIRA;0;0;15;15H-17H;TARDE;PLENO DIA;AUSÊNCIA DE REAÇÃO DO CONDUTOR;COLISÃO FRONTAL;CÉU CLARO;SIMPLES;RETA;NÃO;0
DF;BR-020;BRASILIA;7;3;SEGUNDA-FEIRA;0;0;19;18H-20H;NOITE;PLENA NOITE;AUSÊNCIA DE REAÇÃO DO CONDUTOR;SAÍDA DE LEITO CARROÇÁVEL;CÉU CLARO;DUPLA;"EM OBRAS;RETA";SIM;0
RJ;BR-040;PETROPOLIS;7;3;SEGUNDA-FEIRA;0;0;16;15H-17H;TARDE;PLENO DIA;AUSÊNCIA DE REAÇÃO DO CONDUTOR;COLISÃO COM OBJETO;NUBLADO;DUPLA;"CURVA;DECLIVE;VIADUTO";NÃO;1
MG;BR-381;TRES CORACOES;7;3;SEGUNDA-FEIRA;0;0;20;18H-20H;NOITE;PLENA NOITE;VELOCIDADE INCOMPATÍVEL;TOMBAMENTO;CÉU CLARO;DUPLA;CURVA;NÃO;0
BA;BR-101;UBAITABA;7;3;SEGUNDA-FEIRA;0;0;20;18H-20H;NOITE;ANOITECER;VELOCIDADE INCOMPATÍVEL;TOMBAMENTO;CÉU CLARO;SIMPLES;INTERSEÇÃO DE VIAS;NÃO;0
PR;BR-153;MALLET;7;3;SEGUNDA-FEIRA;0;0;18;18H-20H;NOITE;ANOITECER;AUSÊNCIA DE REAÇÃO DO CONDUTOR;COLISÃO FRONTAL;NEVOEIRO/NEBLINA;SIMPLES;CURVA;NÃO;1
MG;BR-381;TRES CORACOES;7;3;SEGUNDA-FEIRA;0;0;20;18H-20H;NOITE;PLENA NOITE;REAÇÃO TARDIA OU INEFICIENTE DO CONDUTOR;COLISÃO TRASEIRA;CÉU CLARO;DUPLA;RETA;NÃO;0
RJ;BR-101;NITEROI;7;3;SEGUNDA-FEIRA;0;0;19;18H-20H;NOITE;PLENA NOITE;CONDUTOR USANDO CELULAR;COLISÃO TRASEIRA;CÉU CLARO;DUPLA;RETA;NÃO;0
ES;BR-101;SERRA;7;3;SEGUNDA-FEIRA;0;0;21;21H-23H;NOITE;PLENA NOITE;ANIMAIS NA PISTA;ATROPELAMENTO DE ANIMAL;NUBLADO;DUPLA;RETA;NÃO;0
BA;BR-407;JAGUARARI;7;3;SEGUNDA-FEIRA;0;0;21;21H-23H;NOITE;PLENA NOITE;REAÇÃO TARDIA OU INEFICIENTE DO CONDUTOR;SAÍDA DE LEITO CARROÇÁVEL;GAROA/CHUVISCO;SIMPLES;"RETA;ACLIVE";NÃO;0
PR;BR-277;CANDOI;7;3;SEGUNDA-FEIRA;0;0;20;18H-20H;NOITE;PLENA NOITE;DEMAIS FALHAS MECÂNICAS OU ELÉTRICAS;INCÊNDIO;CÉU CLARO;SIMPLES;RETA;NÃO;0
MT;BR-163;NOVA MUTUM;7;3;SEGUNDA-FEIRA;0;0;17;15H-17H;TARDE;PLENA NOITE;CONVERSÃO PROIBIDA;COLISÃO LATERAL SENTIDO OPOSTO;CÉU CLARO;SIMPLES;"RETA;EM OBRAS";NÃO;0
RS;BR-468;PALMEIRA DAS MISSOES;7;3;SEGUNDA-FEIRA;0;0;22;21H-23H;NOITE;PLENA NOITE;TRANSITAR NA CONTRAMÃO;COLISÃO LATERAL SENTIDO OPOSTO;CÉU CLARO;SIMPLES;RETA;NÃO;0
SP;BR-116;CAJATI;7;3;SEGUNDA-FEIRA;0;0;20;18H-20H;NOITE;PLENA NOITE;AUSÊNCIA DE REAÇÃO DO CONDUTOR;COLISÃO TRASEIRA;CÉU CLARO;DUPLA;RETA;NÃO;0
RJ;BR-101;ITABORAI;7;3;SEGUNDA-FEIRA;0;0;23;21H-23H;NOITE;PLENA NOITE;REAÇÃO TARDIA OU INEFICIENTE DO CONDUTOR;COLISÃO TRASEIRA;NUBLADO;DUPLA;RETA;NÃO;0
RJ;BR-465;SEROPEDICA;7;3;SEGUNDA-FEIRA;0;0;19;18H-20H;NOITE;PLENA NOITE;PROBLEMA COM O FREIO;COLISÃO COM OBJETO;CÉU CLARO;DUPLA;RETA;SIM;0
PI;BR-230;SAO JOAO DA VARJOTA;7;3;SEGUNDA-FEIRA;0;0;16;15H-17H;TARDE;ANOITECER;REAÇÃO TARDIA OU INEFICIENTE DO CONDUTOR;TOMBAMENTO;CÉU CLARO;SIMPLES;"ACLIVE;RETA";NÃO;0
SP;BR-116;CAJATI;7;3;TERÇA-FEIRA;1;0;0;00H-02H;MADRUGADA;PLENA NOITE;REAÇÃO TARDIA OU INEFICIENTE DO CONDUTOR;TOMBAMENTO;CÉU CLARO;SIMPLES;CURVA;NÃO;0
GO;BR-364;MINEIROS;7;3;TERÇA-FEIRA;1;0;2;00H-02H;MADRUGADA;PLENA NOITE;FALTA DE ACOSTAMENTO;SAÍDA DE LEITO CARROÇÁVEL;CÉU CLARO;SIMPLES;RETA;NÃO;0
MG;BR-262;NOVA SERRANA;7;3;TERÇA-FEIRA;1;0;5;03H-05H;MADRUGADA;PLENA NOITE;MANOBRA DE MUDANÇA DE FAIXA;COLISÃO TRANSVERSAL;CÉU CLARO;SIMPLES;RETA;NÃO;0
SP;BR-116;MIRACATU;7;3;TERÇA-FEIRA;1;0;4;03H-05H;MADRUGADA;PLENA NOITE;VELOCIDADE INCOMPATÍVEL;COLISÃO TRASEIRA;NUBLADO;DUPLA;CURVA;NÃO;0
AL;BR-416;COLONIA LEOPOLDINA;7;3;SEGUNDA-FEIRA;0;0;12;12H-14H;TARDE;PLENO DIA;VELOCIDADE INCOMPATÍVEL;TOMBAMENTO;GAROA/CHUVISCO;SIMPLES;CURVA;NÃO;0
SP;BR-101;UBATUBA;7;3;SEGUNDA-FEIRA;0;0;22;21H-23H;NOITE;PLENA NOITE;ACESSAR A VIA SEM OBSERVAR A PRESENÇA DOS OUTROS VEÍCULOS;ATROPELAMENTO DE PEDESTRE;NUBLADO;SIMPLES;RETA;SIM;0
RO;BR-364;VILHENA;7;3;TERÇA-FEIRA;1;0;5;03H-05H;MADRUGADA;PLENA NOITE;AUSÊNCIA DE REAÇÃO DO CONDUTOR;COLISÃO TRASEIRA;CÉU CLARO;SIMPLES;RETA;SIM;0
RJ;BR-116;RESENDE;7;3;TERÇA-FEIRA;1;0;8;06H-08H;MANHA;PLENO DIA;DEMAIS FALHAS MECÂNICAS OU ELÉTRICAS;COLISÃO COM OBJETO;NUBLADO;DUPLA;RETA;NÃO;0
RJ;BR-495;TERESOPOLIS;7;3;SEGUNDA-FEIRA;0;0;14;12H-14H;TARDE;PLENO DIA;DEMAIS FALHAS MECÂNICAS OU ELÉTRICAS;INCÊNDIO;NUBLADO;SIMPLES;RETA;NÃO;0
SC;BR-470;GASPAR;7;3;TERÇA-FEIRA;1;0;4;03H-05H;MADRUGADA;AMANHECER;DEMAIS FALHAS MECÂNICAS OU ELÉTRICAS;DERRAMAMENTO DE CARGA;CÉU CLARO;DUPLA;RETA;NÃO;0
RS;BR-116;CRISTAL;7;3;TERÇA-FEIRA;1;0;7;06H-08H;MANHA;PLENO DIA;REAÇÃO TARDIA OU INEFICIENTE DO CONDUTOR;COLISÃO FRONTAL;NEVOEIRO/NEBLINA;SIMPLES;"EM OBRAS;DESVIO TEMPORÁRIO";NÃO;0
MT;BR-163;NOVA MUTUM;7;3;TERÇA-FEIRA;1;0;5;03H-05H;MADRUGADA;AMANHECER;ACESSAR A VIA SEM OBSERVAR A PRESENÇA DOS OUTROS VEÍCULOS;COLISÃO TRANSVERSAL;CÉU CLARO;DUPLA;RETA;SIM;1
BA;BR-116;JEQUIE;5;2;DOMINGO;6;1;11;09H-11H;MANHA;PLENO DIA;AUSÊNCIA DE REAÇÃO DO CONDUTOR;COLISÃO TRANSVERSAL;CÉU CLARO;SIMPLES;RETA;SIM;0
GO;BR-050;CATALAO;7;3;TERÇA-FEIRA;1;0;5;03H-05H;MADRUGADA;AMANHECER;AUSÊNCIA DE REAÇÃO DO CONDUTOR;COLISÃO TRASEIRA;CÉU CLARO;DUPLA;CURVA;NÃO;1
PR;BR-376;PONTA GROSSA;7;3;TERÇA-FEIRA;1;0;9;09H-11H;MANHA;PLENO DIA;OBJETO ESTÁTICO SOBRE O LEITO CARROÇÁVEL;COLISÃO TRASEIRA;CÉU CLARO;DUPLA;RETA;SIM;0
ES;BR-262;DOMINGOS MARTINS;7;3;TERÇA-FEIRA;1;0;10;09H-11H;MANHA;PLENO DIA;VELOCIDADE INCOMPATÍVEL;TOMBAMENTO;NUBLADO;DUPLA;CURVA;NÃO;0
SC;BR-101;JOINVILLE;7;3;TERÇA-FEIRA;1;0;10;09H-11H;MANHA;PLENO DIA;DESRESPEITAR A PREFERÊNCIA NO CRUZAMENTO;COLISÃO TRANSVERSAL;CÉU CLARO;DUPLA;INTERSEÇÃO DE VIAS;NÃO;0
PR;BR-277;MATELANDIA;7;3;TERÇA-FEIRA;1;0;11;09H-11H;MANHA;PLENO DIA;AUSÊNCIA DE REAÇÃO DO CONDUTOR;COLISÃO TRASEIRA;CÉU CLARO;SIMPLES;ACLIVE;SIM;0
MG;BR-262;SACRAMENTO;7;3;TERÇA-FEIRA;1;0;7;06H-08H;MANHA;PLENO DIA;DEMAIS FALHAS MECÂNICAS OU ELÉTRICAS;INCÊNDIO;CÉU CLARO;SIMPLES;RETA;NÃO;0
BA;BR-116;ITATIM;7;3;TERÇA-FEIRA;1;0;6;06H-08H;MANHA;PLENO DIA;REAÇÃO TARDIA OU INEFICIENTE DO CONDUTOR;COLISÃO LATERAL SENTIDO OPOSTO;CÉU CLARO;SIMPLES;DECLIVE;NÃO;0
CE;BR-116;RUSSAS;7;3;TERÇA-FEIRA;1;0;12;12H-14H;TARDE;PLENO DIA;ACESSO IRREGULAR;SAÍDA DE LEITO CARROÇÁVEL;CÉU CLARO;SIMPLES;RETA;NÃO;0
PA;BR-163;TRAIRAO;7;3;TERÇA-FEIRA;1;0;10;09H-11H;MANHA;PLENO DIA;INGESTÃO DE ÁLCOOL PELO CONDUTOR;COLISÃO LATERAL SENTIDO OPOSTO;SOL;SIMPLES;RETA;NÃO;0
ES;BR-259;COLATINA;7;3;TERÇA-FEIRA;1;0;12;12H-14H;TARDE;PLENO DIA;REAÇÃO TARDIA OU INEFICIENTE DO CONDUTOR;COLISÃO FRONTAL;NUBLADO;SIMPLES;RETA;NÃO;0
CE;BR-222;FORQUILHA;7;3;TERÇA-FEIRA;1;0;10;09H-11H;MANHA;PLENO DIA;ACESSAR A VIA SEM OBSERVAR A PRESENÇA DOS OUTROS VEÍCULOS;COLISÃO TRANSVERSAL;CÉU CLARO;SIMPLES;RETA;SIM;0
MG;BR-381;BOM JESUS DO AMPARO;7;3;TERÇA-FEIRA;1;0;12;12H-14H;TARDE;PLENO DIA;VELOCIDADE INCOMPATÍVEL;COLISÃO TRASEIRA;CÉU CLARO;DUPLA;"CURVA;DECLIVE";NÃO;0
PA;BR-010;IPIXUNA DO PARA;7;3;TERÇA-FEIRA;1;0;11;09H-11H;MANHA;PLENO DIA;CONDUTOR DEIXOU DE MANTER DISTÂNCIA DO VEÍCULO DA FRENTE;COLISÃO TRASEIRA;CÉU CLARO;SIMPLES;RETA;NÃO;0
RS;BR-470;SAO JOSE DO SUL;7;3;TERÇA-FEIRA;1;0;9;09H-11H;MANHA;PLENO DIA;AUSÊNCIA DE REAÇÃO DO CONDUTOR;SAÍDA DE LEITO CARROÇÁVEL;CÉU CLARO;SIMPLES;CURVA;NÃO;0
BA;BR-110;CATU;5;2;DOMINGO;6;1;8;06H-08H;MANHA;PLENO DIA;AUSÊNCIA DE REAÇÃO DO CONDUTOR;COLISÃO LATERAL SENTIDO OPOSTO;CÉU CLARO;SIMPLES;CURVA;NÃO;0
PA;BR-163;ITAITUBA;4;2;QUINTA-FEIRA;3;0;13;12H-14H;TARDE;PLENO DIA;TRANSITAR NA CONTRAMÃO;COLISÃO FRONTAL;GAROA/CHUVISCO;SIMPLES;"CURVA;DECLIVE";NÃO;0
RO;BR-364;PIMENTA BUENO;6;2;SEGUNDA-FEIRA;0;0;16;15H-17H;TARDE;PLENO DIA;REAÇÃO TARDIA OU INEFICIENTE DO CONDUTOR;COLISÃO TRASEIRA;CHUVA;SIMPLES;"RETA;ACLIVE";NÃO;0
SC;BR-101;SAO JOSE;7;3;TERÇA-FEIRA;1;0;14;12H-14H;TARDE;PLENO DIA;VELOCIDADE INCOMPATÍVEL;COLISÃO LATERAL MESMO SENTIDO;CÉU CLARO;DUPLA;RETA;SIM;0
CE;BR-116;AQUIRAZ;7;3;TERÇA-FEIRA;1;0;14;12H-14H;TARDE;PLENO DIA;AUSÊNCIA DE REAÇÃO DO CONDUTOR;COLISÃO LATERAL MESMO SENTIDO;CÉU CLARO;DUPLA;RETORNO REGULAMENTADO;SIM;0
SC;BR-101;ITAJAI;7;3;TERÇA-FEIRA;1;0;16;15H-17H;TARDE;PLENO DIA;CONDUTOR DEIXOU DE MANTER DISTÂNCIA DO VEÍCULO DA FRENTE;COLISÃO TRASEIRA;CÉU CLARO;MÚLTIPLA;RETA;SIM;0
MG;BR-381;NOVA UNIAO;7;3;TERÇA-FEIRA;1;0;12;12H-14H;TARDE;PLENO DIA;RESTRIÇÃO DE VISIBILIDADE EM CURVAS HORIZONTAIS;COLISÃO COM OBJETO;CÉU CLARO;DUPLA;"CURVA;DECLIVE";NÃO;0
RS;BR-116;CAMAQUA;7;3;TERÇA-FEIRA;1;0;15;15H-17H;TARDE;PLENO DIA;MANOBRA DE MUDANÇA DE FAIXA;COLISÃO LATERAL MESMO SENTIDO;CÉU CLARO;DUPLA;RETA;NÃO;0
RS;BR-470;BENTO GONCALVES;7;3;TERÇA-FEIRA;1;0;15;15H-17H;TARDE;ANOITECER;AUSÊNCIA DE REAÇÃO DO CONDUTOR;COLISÃO FRONTAL;CÉU CLARO;SIMPLES;"ACLIVE;CURVA";NÃO;0
MT;BR-174;COMODORO;7;3;TERÇA-FEIRA;1;0;13;12H-14H;TARDE;PLENO DIA;ULTRAPASSAGEM INDEVIDA;SAÍDA DE LEITO CARROÇÁVEL;CÉU CLARO;SIMPLES;CURVA;NÃO;0
RJ;BR-101;ANGRA DOS REIS;7;3;TERÇA-FEIRA;1;0;13;12H-14H;TARDE;PLENO DIA;ACESSAR A VIA SEM OBSERVAR A PRESENÇA DOS OUTROS VEÍCULOS;COLISÃO TRANSVERSAL;CÉU CLARO;SIMPLES;INTERSEÇÃO DE VIAS;SIM;0
TO;BR-153;DUERE;7;3;TERÇA-FEIRA;1;0;16;15H-17H;TARDE;PLENO DIA;AUSÊNCIA DE REAÇÃO DO CONDUTOR;COLISÃO TRASEIRA;CÉU CLARO;SIMPLES;"EM OBRAS;RETA";NÃO;0
PR;BR-277;SANTA TEREZA DO OESTE;7;3;TERÇA-FEIRA;1;0;16;15H-17H;TARDE;PLENO DIA;REAÇÃO TARDIA OU INEFICIENTE DO CONDUTOR;COLISÃO TRASEIRA;CÉU CLARO;SIMPLES;RETA;SIM;1
PB;BR-230;CAMPINA GRANDE;7;3;TERÇA-FEIRA;1;0;16;15H-17H;TARDE;ANOITECER;CONDUTOR DEIXOU DE MANTER DISTÂNCIA DO VEÍCULO DA FRENTE;SAÍDA DE LEITO CARROÇÁVEL;NUBLADO;SIMPLES;"CURVA;DECLIVE";SIM;0
MG;BR-050;DELTA;7;3;TERÇA-FEIRA;1;0;15;15H-17H;TARDE;PLENO DIA;DEMAIS FALHAS MECÂNICAS OU ELÉTRICAS;COLISÃO COM OBJETO;CÉU CLARO;DUPLA;DECLIVE;NÃO;0
RN;BR-101;PARNAMIRIM;7;3;TERÇA-FEIRA;1;0;18;18H-20H;NOITE;PLENA NOITE;ACESSAR A VIA SEM OBSERVAR A PRESENÇA DOS OUTROS VEÍCULOS;ATROPELAMENTO DE PEDESTRE;NUBLADO;DUPLA;RETA;SIM;0
BA;BR-116;RAFAEL JAMBEIRO;7;3;TERÇA-FEIRA;1;0;18;18H-20H;NOITE;PLENA NOITE;ENTRADA INOPINADA DO PEDESTRE;ATROPELAMENTO DE PEDESTRE;CÉU CLARO;DUPLA;RETA;SIM;1
RS;BR-101;MAQUINE;7;3;TERÇA-FEIRA;1;0;18;18H-20H;NOITE;PLENA NOITE;REAÇÃO TARDIA OU INEFICIENTE DO CONDUTOR;COLISÃO TRASEIRA;CÉU CLARO;DUPLA;"RETA;ACLIVE";NÃO;0
MT;BR-364;SANTO ANTONIO DO LEVERGER;7;3;TERÇA-FEIRA;1;0;15;15H-17H;TARDE;PLENO DIA;DEMAIS FALHAS MECÂNICAS OU ELÉTRICAS;TOMBAMENTO;SOL;SIMPLES;"CURVA;DECLIVE";NÃO;0
AL;BR-101;OLHO DAGUA GRANDE;7;3;TERÇA-FEIRA;1;0;18;18H-20H;NOITE;PLENA NOITE;VELOCIDADE INCOMPATÍVEL;TOMBAMENTO;NUBLADO;DUPLA;CURVA;NÃO;1
PE;BR-428;OROCO;7;3;TERÇA-FEIRA;1;0;17;15H-17H;TARDE;ANOITECER;TRANSITAR NA CONTRAMÃO;COLISÃO FRONTAL;NUBLADO;SIMPLES;RETA;NÃO;1
MT;BR-364;JACIARA;7;3;TERÇA-FEIRA;1;0;20;18H-20H;NOITE;PLENA NOITE;REAÇÃO TARDIA OU INEFICIENTE DO CONDUTOR;TOMBAMENTO;IGNORADO;DUPLA;CURVA;NÃO;0
MT;BR-364;SANTO ANTONIO DO LEVERGER;7;3;TERÇA-FEIRA;1;0;21;21H-23H;NOITE;PLENA NOITE;REAÇÃO TARDIA OU INEFICIENTE DO CONDUTOR;COLISÃO TRASEIRA;CÉU CLARO;DUPLA;RETA;NÃO;0
PR;BR-116;CAMPINA GRANDE DO SUL;7;3;TERÇA-FEIRA;1;0;21;21H-23H;NOITE;PLENA NOITE;VELOCIDADE INCOMPATÍVEL;TOMBAMENTO;CÉU CLARO;DUPLA;"CURVA;ACLIVE";NÃO;0
MG;BR-040;NOVA LIMA;7;3;TERÇA-FEIRA;1;0;21;21H-23H;NOITE;PLENA NOITE;ULTRAPASSAGEM INDEVIDA;COLISÃO TRANSVERSAL;CÉU CLARO;DUPLA;RETA;NÃO;0
MG;BR-262;RIO CASCA;7;3;TERÇA-FEIRA;1;0;18;18H-20H;NOITE;PLENA NOITE;TRANSITAR NA CONTRAMÃO;COLISÃO FRONTAL;CÉU CLARO;SIMPLES;RETA;NÃO;1
PR;BR-376;PONTA GROSSA;7;3;TERÇA-FEIRA;1;0;17;15H-17H;TARDE;PLENO DIA;ACESSAR A VIA SEM OBSERVAR A PRESENÇA DOS OUTROS VEÍCULOS;COLISÃO LATERAL MESMO SENTIDO;SOL;DUPLA;RETA;NÃO;0
PA;BR-316;SAO FRANCISCO DO PARA;7;3;TERÇA-FEIRA;1;0;19;18H-20H;NOITE;PLENA NOITE;TRANSITAR NA CONTRAMÃO;COLISÃO FRONTAL;CHUVA;SIMPLES;RETA;NÃO;1
MG;BR-251;FRANCISCO SA;7;3;QUARTA-FEIRA;2;0;0;00H-02H;MADRUGADA;PLENA NOITE;INGESTÃO DE ÁLCOOL PELO CONDUTOR;COLISÃO FRONTAL;CÉU CLARO;SIMPLES;"DECLIVE;RETA";NÃO;0
PI;BR-407;JAICOS;7;3;TERÇA-FEIRA;1;0;23;21H-23H;NOITE;PLENA NOITE;MANOBRA DE MUDANÇA DE FAIXA;COLISÃO FRONTAL;CÉU CLARO;SIMPLES;"RETA;ACLIVE";NÃO;0
SP;BR-116;JUQUITIBA;7;3;QUARTA-FEIRA;2;0;2;00H-02H;MADRUGADA;PLENA NOITE;REAÇÃO TARDIA OU INEFICIENTE DO CONDUTOR;ATROPELAMENTO DE PEDESTRE;CÉU CLARO;DUPLA;RETA;NÃO;1
MT;BR-364;SANTO ANTONIO DO LEVERGER;7;3;TERÇA-FEIRA;1;0;7;06H-08H;MANHA;PLENO DIA;AUSÊNCIA DE REAÇÃO DO CONDUTOR;COLISÃO LATERAL MESMO SENTIDO;CÉU CLARO;DUPLA;RETA;NÃO;0
ES;BR-101;VIANA;7;3;QUARTA-FEIRA;2;0;6;06H-08H;MANHA;PLENO DIA;ACESSAR A VIA SEM OBSERVAR A PRESENÇA DOS OUTROS VEÍCULOS;COLISÃO LATERAL MESMO SENTIDO;NUBLADO;DUPLA;RETA;SIM;0
PB;BR-230;APARECIDA;7;3;QUARTA-FEIRA;2;0;4;03H-05H;MADRUGADA;AMANHECER;AUSÊNCIA DE REAÇÃO DO CONDUTOR;COLISÃO TRASEIRA;CÉU CLARO;SIMPLES;RETA;NÃO;0
BA;BR-324;SALVADOR;3;1;QUARTA-FEIRA;2;0;3;03H-05H;MADRUGADA;AMANHECER;REAÇÃO TARDIA OU INEFICIENTE DO CONDUTOR;COLISÃO TRASEIRA;CÉU CLARO;SIMPLES;RETA;SIM;0
RS;BR-293;SANTANA DO LIVRAMENTO;7;3;QUARTA-FEIRA;2;0;5;03H-05H;MADRUGADA;AMANHECER;DESRESPEITAR A PREFERÊNCIA NO CRUZAMENTO;COLISÃO TRANSVERSAL;NEVOEIRO/NEBLINA;SIMPLES;"RETA;INTERSEÇÃO DE VIAS";NÃO;0
GO;BR-452;MAURILANDIA;6;2;QUINTA-FEIRA;3;0;2;00H-02H;MADRUGADA;PLENA NOITE;CONDUTOR DORMINDO;SAÍDA DE LEITO CARROÇÁVEL;CÉU CLARO;SIMPLES;RETA;NÃO;0
PR;BR-116;PIRAQUARA;7;3;QUARTA-FEIRA;2;0;7;06H-08H;MANHA;PLENO DIA;AUSÊNCIA DE REAÇÃO DO CONDUTOR;COLISÃO LATERAL MESMO SENTIDO;CHUVA;DUPLA;"RETA;ACLIVE";NÃO;0
SP;BR-116;REGISTRO;7;3;QUARTA-FEIRA;2;0;10;09H-11H;MANHA;PLENO DIA;AUSÊNCIA DE REAÇÃO DO CONDUTOR;COLISÃO TRASEIRA;NUBLADO;DUPLA;RETA;SIM;0
SC;BR-470;NAVEGANTES;7;3;QUARTA-FEIRA;2;0;9;09H-11H;MANHA;PLENO DIA;ULTRAPASSAGEM INDEVIDA;COLISÃO LATERAL MESMO SENTIDO;SOL;DUPLA;"RETA;EM OBRAS";SIM;0
MG;BR-116;CATUJI;6;2;DOMINGO;6;1;2;00H-02H;MADRUGADA;PLENA NOITE;INGESTÃO DE ÁLCOOL PELO CONDUTOR;COLISÃO TRASEIRA;NUBLADO;SIMPLES;"RETA;ACLIVE";NÃO;1
PE;BR-232;VERDEJANTE;7;3;QUARTA-FEIRA;2;0;9;09H-11H;MANHA;PLENO DIA;TRANSITAR NA CONTRAMÃO;COLISÃO LATERAL SENTIDO OPOSTO;CÉU CLARO;SIMPLES;"DECLIVE;RETA";NÃO;0
CE;BR-116;EUSEBIO;7;3;QUARTA-FEIRA;2;0;11;09H-11H;MANHA;PLENO DIA;CONVERSÃO PROIBIDA;COLISÃO LATERAL MESMO SENTIDO;CÉU CLARO;DUPLA;"RETORNO REGULAMENTADO;RETA";NÃO;0
DF;BR-060;BRASILIA;7;3;QUARTA-FEIRA;2;0;10;09H-11H;MANHA;PLENO DIA;MANOBRA DE MUDANÇA DE FAIXA;COLISÃO LATERAL MESMO SENTIDO;CÉU CLARO;DUPLA;RETA;NÃO;1
RS;BR-153;CACAPAVA DO SUL;7;3;QUARTA-FEIRA;2;0;10;09H-11H;MANHA;PLENO DIA;TRANSITAR NA CONTRAMÃO;COLISÃO LATERAL SENTIDO OPOSTO;NEVOEIRO/NEBLINA;SIMPLES;RETA;NÃO;0
SC;BR-282;AGUAS MORNAS;7;3;QUARTA-FEIRA;2;0;10;09H-11H;MANHA;PLENO DIA;ULTRAPASSAGEM INDEVIDA;COLISÃO FRONTAL;CÉU CLARO;SIMPLES;"CURVA;DECLIVE";NÃO;1
PR;BR-376;MAUA DA SERRA;7;3;QUARTA-FEIRA;2;0;9;09H-11H;MANHA;PLENO DIA;PROBLEMA COM O FREIO;COLISÃO COM OBJETO;CÉU CLARO;DUPLA;"DECLIVE;CURVA";NÃO;0
SC;BR-470;IBIRAMA;7;3;QUARTA-FEIRA;2;0;12;12H-14H;TARDE;PLENO DIA;VELOCIDADE INCOMPATÍVEL;TOMBAMENTO;CÉU CLARO;SIMPLES;"DECLIVE;CURVA";NÃO;0
ES;BR-101;RIO NOVO DO SUL;7;3;QUARTA-FEIRA;2;0;12;12H-14H;TARDE;PLENO DIA;AVARIAS E/OU DESGASTE EXCESSIVO NO PNEU;SAÍDA DE LEITO CARROÇÁVEL;NUBLADO;SIMPLES;CURVA;NÃO;0
MG;BR-262;BELA VISTA DE MINAS;7;3;QUARTA-FEIRA;2;0;8;06H-08H;MANHA;PLENO DIA;REAÇÃO TARDIA OU INEFICIENTE DO CONDUTOR;TOMBAMENTO;CÉU CLARO;SIMPLES;"DECLIVE;CURVA";NÃO;0
SC;BR-101;JOINVILLE;7;3;QUARTA-FEIRA;2;0;13;12H-14H;TARDE;PLENO DIA;CONDUTOR DEIXOU DE MANTER DISTÂNCIA DO VEÍCULO DA FRENTE;COLISÃO TRASEIRA;SOL;DUPLA;RETA;NÃO;0