uf;br_formatada;municipio;mes;trimestre;dia_semana;dia_semana_num;fim_de_semana;hora;faixa_horaria;turno;fase_dia;causa_acidente;tipo_acidente;condicao_metereologica;tipo_pista;tracado_via;uso_solo;acidente_fatal
SE;BR-101;ESTANCIA;7;3;QUARTA-FEIRA;2;0;11;09H-11H;MANHA;PLENO DIA;ACESSAR A VIA SEM OBSERVAR A PRESENÇA DOS OUTROS VEÍCULOS;COLISÃO TRANSVERSAL;CÉU CLARO;SIMPLES;"RETA;INTERSEÇÃO DE VIAS";SIM;0
MG;BR-381;CAMANDUCAIA;7;3;QUARTA-FEIRA;2;0;10;09H-11H;MANHA;PLENO DIA;VELOCIDADE INCOMPATÍVEL;TOMBAMENTO;SOL;DUPLA;CURVA;NÃO;0
MG;BR-153;CENTRALINA;7;3;QUARTA-FEIRA;2;0;12;12H-14H;TARDE;PLENO DIA;CONDUTOR DEIXOU DE MANTER DISTÂNCIA DO VEÍCULO DA FRENTE;COLISÃO TRASEIRA;CÉU CLARO;DUPLA;RETA;SIM;0
PE;BR-104;CARUARU;7;3;QUARTA-FEIRA;2;0;13;12H-14H;TARDE;PLENO DIA;MANOBRA DE MUDANÇA DE FAIXA;COLISÃO FRONTAL;CÉU CLARO;SIMPLES;RETA;NÃO;0
PE;BR-101;ABREU E LIMA;7;3;QUARTA-FEIRA;2;0;14;12H-14H;TARDE;PLENO DIA;ACESSAR A VIA SEM OBSERVAR A PRESENÇA DOS OUTROS VEÍCULOS;COLISÃO TRANSVERSAL;CÉU CLARO;SIMPLES;RETA;NÃO;0
PE;BR-232;PARNAMIRIM;7;3;QUARTA-FEIRA;2;0;11;09H-11H;MANHA;PLENO DIA;REAÇÃO TARDIA OU INEFICIENTE DO CONDUTOR;COLISÃO TRASEIRA;CÉU CLARO;SIMPLES;"EM OBRAS;RETA";NÃO;0
PI;BR-316;TERESINA;7;3;QUARTA-FEIRA;2;0;14;12H-14H;TARDE;PLENO DIA;CONDUTOR DEIXOU DE MANTER DISTÂNCIA DO VEÍCULO DA FRENTE;COLISÃO TRASEIRA;SOL;DUPLA;RETA;SIM;0
SC;BR-101;SAO JOAO DO SUL;7;3;QUARTA-FEIRA;2;0;15;15H-17H;TARDE;PLENO DIA;REAÇÃO TARDIA OU INEFICIENTE DO CONDUTOR;COLISÃO TRASEIRA;NUBLADO;MÚLTIPLA;ROTATÓRIA;NÃO;0
MG;BR-040;BELO HORIZONTE;7;3;QUARTA-FEIRA;2;0;15;15H-17H;TARDE;PLENO DIA;REAÇÃO TARDIA OU INEFICIENTE DO CONDUTOR;COLISÃO TRASEIRA;CÉU CLARO;DUPLA;"RETA;ACLIVE";SIM;0
MG;BR-040;SANTOS DUMONT;7;3;QUARTA-FEIRA;2;0;16;15H-17H;TARDE;PLENO DIA;TRANSITAR NA CONTRAMÃO;COLISÃO LATERAL SENTIDO OPOSTO;CÉU CLARO;SIMPLES;CURVA;NÃO;0
SC;BR-280;SAO BENTO DO SUL;7;3;QUARTA-FEIRA;2;0;14;12H-14H;TARDE;PLENO DIA;TRANSITAR NA CONTRAMÃO;COLISÃO LATERAL SENTIDO OPOSTO;CÉU CLARO;SIMPLES;"ACLIVE;CURVA";NÃO;0
PR;BR-277;SAO JOSE DOS PINHAIS;7;3;QUARTA-FEIRA;2;0;17;15H-17H;TARDE;PLENO DIA;REAÇÃO TARDIA OU INEFICIENTE DO CONDUTOR;COLISÃO TRASEIRA;CÉU CLARO;DUPLA;RETA;NÃO;0
SE;BR-101;NOSSA SENHORA DO SOCORRO;7;3;QUARTA-FEIRA;2;0;18;18H-20H;NOITE;PLENA NOITE;CONDUTOR DEIXOU DE MANTER DISTÂNCIA DO VEÍCULO DA FRENTE;COLISÃO TRASEIRA;NUBLADO;DUPLA;ACLIVE;NÃO;0
RJ;BR-393;TRES RIOS;7;3;QUARTA-FEIRA;2;0;16;15H-17H;TARDE;PLENO DIA;CONDUTOR DEIXOU DE MANTER DISTÂNCIA DO VEÍCULO DA FRENTE;COLISÃO TRASEIRA;CÉU CLARO;SIMPLES;RETA;NÃO;0
MA;BR-222;SANTA LUZIA;7;3;QUARTA-FEIRA;2;0;11;09H-11H;MANHA;PLENO DIA;CONDUTOR DORMINDO;COLISÃO FRONTAL;CÉU CLARO;SIMPLES;"DECLIVE;RETA";NÃO;0
SP;BR-116;MIRACATU;7;3;QUARTA-FEIRA;2;0;17;15H-17H;TARDE;ANOITECER;AVARIAS E/OU DESGASTE EXCESSIVO NO PNEU;SAÍDA DE LEITO CARROÇÁVEL;CÉU CLARO;DUPLA;RETA;NÃO;0
RS;BR-116;VACARIA;7;3;QUARTA-FEIRA;2;0;16;15H-17H;TARDE;PLENO DIA;AUSÊNCIA DE REAÇÃO DO CONDUTOR;COLISÃO FRONTAL;CÉU CLARO;SIMPLES;"RETA;ACLIVE";NÃO;0
MS;BR-163;SONORA;7;3;QUARTA-FEIRA;2;0;18;18H-20H;NOITE;PLENA NOITE;ACESSAR A VIA SEM OBSERVAR A PRESENÇA DOS OUTROS VEÍCULOS;COLISÃO COM OBJETO;CÉU CLARO;SIMPLES;RETA;NÃO;0
BA;BR-101;TEIXEIRA DE FREITAS;7;3;QUARTA-FEIRA;2;0;19;18H-20H;NOITE;PLENA NOITE;INGESTÃO DE ÁLCOOL PELO CONDUTOR;COLISÃO LATERAL MESMO SENTIDO;CÉU CLARO;SIMPLES;RETA;SIM;1
MG;BR-116;CATUJI;7;3;QUARTA-FEIRA;2;0;19;18H-20H;NOITE;PLENA NOITE;ENTRADA INOPINADA DO PEDESTRE;ATROPELAMENTO DE PEDESTRE;NUBLADO;SIMPLES;"DECLIVE;RETA";SIM;0
PR;BR-376;CURITIBA;7;3;QUARTA-FEIRA;2;0;20;18H-20H;NOITE;PLENA NOITE;MANOBRA DE MUDANÇA DE FAIXA;COLISÃO LATERAL MESMO SENTIDO;CÉU CLARO;DUPLA;RETA;SIM;0
MG;BR-381;IGARAPE;7;3;QUARTA-FEIRA;2;0;20;18H-20H;NOITE;PLENA NOITE;VELOCIDADE INCOMPATÍVEL;TOMBAMENTO;CÉU CLARO;DUPLA;"CURVA;DECLIVE";NÃO;0
MT;BR-174;CONQUISTA DOESTE;7;3;QUARTA-FEIRA;2;0;14;12H-14H;TARDE;PLENO DIA;TRANSITAR NA CONTRAMÃO;COLISÃO FRONTAL;CÉU CLARO;SIMPLES;RETA;NÃO;1
MG;BR-040;JOAO PINHEIRO;7;3;QUARTA-FEIRA;2;0;19;18H-20H;NOITE;PLENA NOITE;ACESSAR A VIA SEM OBSERVAR A PRESENÇA DOS OUTROS VEÍCULOS;COLISÃO TRANSVERSAL;CÉU CLARO;SIMPLES;RETA;NÃO;1
SP;BR-116;SANTA ISABEL;7;3;QUARTA-FEIRA;2;0;22;21H-23H;NOITE;PLENA NOITE;AUSÊNCIA DE REAÇÃO DO CONDUTOR;COLISÃO TRASEIRA;NUBLADO;DUPLA;RETA;NÃO;0
PR;BR-277;PRUDENTOPOLIS;7;3;QUARTA-FEIRA;2;0;18;18H-20H;NOITE;PLENA NOITE;TRANSITAR NA CONTRAMÃO;COLISÃO FRONTAL;CÉU CLARO;SIMPLES;RETA;NÃO;0
RN;BR-101;SAO JOSE DE MIPIBU;7;3;QUARTA-FEIRA;2;0;22;21H-23H;NOITE;PLENA NOITE;MANOBRA DE MUDANÇA DE FAIXA;COLISÃO LATERAL MESMO SENTIDO;CHUVA;DUPLA;"CURVA;ACLIVE";SIM;0
SC;BR-101;MARACAJA;7;3;QUARTA-FEIRA;2;0;19;18H-20H;NOITE;PLENA NOITE;CONDUTOR DEIXOU DE MANTER DISTÂNCIA DO VEÍCULO DA FRENTE;COLISÃO TRASEIRA;CÉU CLARO;DUPLA;DECLIVE;SIM;0
BA;BR-410;TUCANO;6;2;QUARTA-FEIRA;2;0;17;15H-17H;TARDE;PLENA NOITE;MANOBRA DE MUDANÇA DE FAIXA;COLISÃO LATERAL MESMO SENTIDO;CÉU CLARO;SIMPLES;RETA;NÃO;0
MG;BR-365;JOAO PINHEIRO;7;3;QUARTA-FEIRA;2;0;22;21H-23H;NOITE;PLENA NOITE;AUSÊNCIA DE SINALIZAÇÃO;TOMBAMENTO;CÉU CLARO;SIMPLES;DECLIVE;NÃO;0
PR;BR-116;SAO JOSE DOS PINHAIS;7;3;QUARTA-FEIRA;2;0;23;21H-23H;NOITE;PLENA NOITE;REAÇÃO TARDIA OU INEFICIENTE DO CONDUTOR;SAÍDA DE LEITO CARROÇÁVEL;NUBLADO;DUPLA;RETA;NÃO;0
RJ;BR-101;CASIMIRO DE ABREU;7;3;QUARTA-FEIRA;2;0;22;21H-23H;NOITE;PLENA NOITE;AUSÊNCIA DE REAÇÃO DO CONDUTOR;COLISÃO LATERAL SENTIDO OPOSTO;CÉU CLARO;SIMPLES;RETA;NÃO;0
MS;BR-163;DOURADOS;7;3;QUARTA-FEIRA;2;0;22;21H-23H;NOITE;PLENA NOITE;AUSÊNCIA DE REAÇÃO DO CONDUTOR;COLISÃO TRASEIRA;CÉU CLARO;DUPLA;RETA;SIM;0
PR;BR-376;TIBAGI;7;3;QUARTA-FEIRA;2;0;19;18H-20H;NOITE;PLENA NOITE;VELOCIDADE INCOMPATÍVEL;SAÍDA DE LEITO CARROÇÁVEL;CÉU CLARO;DUPLA;"CURVA;RETORNO REGULAMENTADO";NÃO;0
BA;BR-324;RIACHAO DO JACUIPE;7;3;QUINTA-FEIRA;3;0;0;00H-02H;MADRUGADA;PLENA NOITE;ULTRAPASSAGEM INDEVIDA;COLISÃO FRONTAL;CÉU CLARO;SIMPLES;RETA;NÃO;1
PA;BR-230;ITAITUBA;7;3;QUARTA-FEIRA;2;0;23;21H-23H;NOITE;PLENA NOITE;REAÇÃO TARDIA OU INEFICIENTE DO CONDUTOR;TOMBAMENTO;CÉU CLARO;SIMPLES;"DECLIVE;CURVA";NÃO;0
GO;BR-060;ALEXANIA;7;3;QUINTA-FEIRA;3;0;1;00H-02H;MADRUGADA;PLENA NOITE;REAÇÃO TARDIA OU INEFICIENTE DO CONDUTOR;COLISÃO TRASEIRA;NUBLADO;DUPLA;RETA;NÃO;0
GO;BR-153;GOIATUBA;7;3;QUINTA-FEIRA;3;0;5;03H-05H;MADRUGADA;PLENA NOITE;REAÇÃO TARDIA OU INEFICIENTE DO CONDUTOR;COLISÃO TRASEIRA;CÉU CLARO;DUPLA;RETA;NÃO;1
PE;BR-101;JABOATAO DOS GUARARAPES;7;3;QUINTA-FEIRA;3;0;4;03H-05H;MADRUGADA;AMANHECER;DEMAIS FALHAS MECÂNICAS OU ELÉTRICAS;INCÊNDIO;CHUVA;DUPLA;RETA;NÃO;0
RR;BR-174;RORAINOPOLIS;7;3;QUINTA-FEIRA;3;0;1;00H-02H;MADRUGADA;PLENA NOITE;ANIMAIS NA PISTA;COLISÃO FRONTAL;GAROA/CHUVISCO;SIMPLES;RETA;NÃO;0
GO;BR-040;CRISTALINA;7;3;QUINTA-FEIRA;3;0;3;03H-05H;MADRUGADA;PLENA NOITE;AFUNDAMENTO OU ONDULAÇÃO NO PAVIMENTO;TOMBAMENTO;CÉU CLARO;DUPLA;RETA;NÃO;0
MT;BR-364;PEDRA PRETA;7;3;QUARTA-FEIRA;2;0;1;00H-02H;MADRUGADA;PLENA NOITE;VELOCIDADE INCOMPATÍVEL;TOMBAMENTO;IGNORADO;SIMPLES;"CURVA;DECLIVE";NÃO;0
MG;BR-381;CAMBUI;7;3;QUINTA-FEIRA;3;0;6;06H-08H;MANHA;AMANHECER;CONDUTOR DORMINDO;SAÍDA DE LEITO CARROÇÁVEL;CÉU CLARO;DUPLA;RETA;NÃO;0
MG;BR-040;PARACATU;7;3;QUARTA-FEIRA;2;0;22;21H-23H;NOITE;PLENA NOITE;TRANSITAR NA CONTRAMÃO;COLISÃO LATERAL SENTIDO OPOSTO;CÉU CLARO;SIMPLES;"CURVA;ACLIVE";NÃO;0
SC;BR-282;AGUAS MORNAS;7;3;QUARTA-FEIRA;2;0;6;06H-08H;MANHA;PLENA NOITE;DEMAIS FALHAS MECÂNICAS OU ELÉTRICAS;INCÊNDIO;CÉU CLARO;SIMPLES;"DECLIVE;CURVA";NÃO;0
PE;BR-101;RECIFE;7;3;QUINTA-FEIRA;3;0;7;06H-08H;MANHA;PLENO DIA;CONDUTOR DEIXOU DE MANTER DISTÂNCIA DO VEÍCULO DA FRENTE;ENGAVETAMENTO;GAROA/CHUVISCO;DUPLA;"RETORNO REGULAMENTADO;RETA";SIM;0
SC;BR-280;RIO NEGRINHO;7;3;QUINTA-FEIRA;3;0;8;06H-08H;MANHA;PLENO DIA;ACESSAR A VIA SEM OBSERVAR A PRESENÇA DOS OUTROS VEÍCULOS;COLISÃO TRANSVERSAL;CÉU CLARO;SIMPLES;"DECLIVE;RETA";SIM;0
PR;BR-116;SAO JOSE DOS PINHAIS;7;3;QUINTA-FEIRA;3;0;7;06H-08H;MANHA;PLENO DIA;MANOBRA DE MUDANÇA DE FAIXA;COLISÃO TRASEIRA;CÉU CLARO;DUPLA;VIADUTO;SIM;0
SP;BR-116;REGISTRO;7;3;QUINTA-FEIRA;3;0;9;09H-11H;MANHA;PLENO DIA;ACESSAR A VIA SEM OBSERVAR A PRESENÇA DOS OUTROS VEÍCULOS;COLISÃO TRASEIRA;CÉU CLARO;DUPLA;RETA;SIM;0
RS;BR-285;ENTRE-IJUIS;7;3;QUINTA-FEIRA;3;0;9;09H-11H;MANHA;PLENO DIA;VELOCIDADE INCOMPATÍVEL;TOMBAMENTO;SOL;SIMPLES;RETA;NÃO;0
SC;BR-470;CURITIBANOS;6;2;QUINTA-FEIRA;3;0;12;12H-14H;TARDE;PLENO DIA;SUICÍDIO (PRESUMIDO);COLISÃO FRONTAL;CÉU CLARO;SIMPLES;"CURVA;DECLIVE";NÃO;1
PE;BR-101;IGARASSU;7;3;QUINTA-FEIRA;3;0;5;03H-05H;MADRUGADA;AMANHECER;CONDUTOR USANDO CELULAR;TOMBAMENTO;CHUVA;MÚLTIPLA;"DECLIVE;RETA";NÃO;0
SC;BR-101;BIGUACU;7;3;QUINTA-FEIRA;3;0;9;09H-11H;MANHA;PLENO DIA;REAÇÃO TARDIA OU INEFICIENTE DO CONDUTOR;COLISÃO TRASEIRA;CÉU CLARO;DUPLA;ACLIVE;SIM;0
MG;BR-381;LAVRAS;7;3;QUINTA-FEIRA;3;0;7;06H-08H;MANHA;PLENO DIA;VELOCIDADE INCOMPATÍVEL;COLISÃO COM OBJETO;CÉU CLARO;DUPLA;"DECLIVE;CURVA";NÃO;0
SP;BR-381;ATIBAIA;7;3;QUINTA-FEIRA;3;0;10;09H-11H;MANHA;PLENO DIA;REAÇÃO TARDIA OU INEFICIENTE DO CONDUTOR;COLISÃO LATERAL MESMO SENTIDO;CÉU CLARO;DUPLA;RETA;NÃO;1
MG;BR-040;ITABIRITO;7;3;QUINTA-FEIRA;3;0;10;09H-11H;MANHA;PLENO DIA;TRANSITAR NA CONTRAMÃO;COLISÃO FRONTAL;CÉU CLARO;SIMPLES;RETA;NÃO;1
PE;BR-101;IGARASSU;7;3;QUINTA-FEIRA;3;0;11;09H-11H;MANHA;PLENO DIA;REAÇÃO TARDIA OU INEFICIENTE DO CONDUTOR;TOMBAMENTO;CHUVA;MÚLTIPLA;RETA;SIM;0
PB;BR-230;CAMPINA GRANDE;7;3;QUINTA-FEIRA;3;0;11;09H-11H;MANHA;PLENO DIA;AFUNDAMENTO OU ONDULAÇÃO NO PAVIMENTO;SAÍDA DE LEITO CARROÇÁVEL;NUBLADO;SIMPLES;"ACLIVE;RETA";NÃO;0
MG;BR-050;UBERLANDIA;7;3;QUINTA-FEIRA;3;0;11;09H-11H;MANHA;PLENO DIA;MANOBRA DE MUDANÇA DE FAIXA;COLISÃO LATERAL MESMO SENTIDO;CÉU CLARO;DUPLA;RETA;SIM;0
SC;BR-280;GUARAMIRIM;7;3;QUINTA-FEIRA;3;0;11;09H-11H;MANHA;PLENO DIA;RETORNO PROIBIDO;COLISÃO TRANSVERSAL;NUBLADO;DUPLA;RETA;SIM;0
SP;BR-153;BADY BASSITT;7;3;QUINTA-FEIRA;3;0;11;09H-11H;MANHA;PLENO DIA;DEMAIS FALHAS MECÂNICAS OU ELÉTRICAS;COLISÃO COM OBJETO;CÉU CLARO;DUPLA;"RETA;DECLIVE";NÃO;0
MG;BR-116;ALPERCATA;7;3;QUINTA-FEIRA;3;0;12;12H-14H;TARDE;PLENO DIA;TRANSITAR NA CONTRAMÃO;COLISÃO FRONTAL;NUBLADO;SIMPLES;RETA;NÃO;0
RJ;BR-101;ANGRA DOS REIS;7;3;QUINTA-FEIRA;3;0;12;12H-14H;TARDE;PLENO DIA;CONDUTOR DEIXOU DE MANTER DISTÂNCIA DO VEÍCULO DA FRENTE;COLISÃO TRASEIRA;SOL;SIMPLES;CURVA;SIM;0
PR;BR-277;MORRETES;7;3;QUINTA-FEIRA;3;0;13;12H-14H;TARDE;PLENO DIA;CONDUTOR DEIXOU DE MANTER DISTÂNCIA DO VEÍCULO DA FRENTE;COLISÃO TRASEIRA;CÉU CLARO;DUPLA;RETA;NÃO;0
DF;BR-020;BRASILIA;7;3;QUINTA-FEIRA;3;0;13;12H-14H;TARDE;PLENO DIA;CARGA EXCESSIVA E/OU MAL ACONDICIONADA;TOMBAMENTO;CÉU CLARO;DUPLA;"DESVIO TEMPORÁRIO;EM OBRAS;RETA";NÃO;0
SC;BR-101;GOVERNADOR CELSO RAMOS;4;2;SEXTA-FEIRA;4;0;19;18H-20H;NOITE;PLENA NOITE;TRANSITAR NO ACOSTAMENTO;COLISÃO COM OBJETO;CÉU CLARO;DUPLA;RETA;SIM;1
RS;BR-158;SANTA MARIA;7;3;QUINTA-FEIRA;3;0;13;12H-14H;TARDE;PLENO DIA;REAÇÃO TARDIA OU INEFICIENTE DO CONDUTOR;COLISÃO LATERAL MESMO SENTIDO;CÉU CLARO;SIMPLES;INTERSEÇÃO DE VIAS;SIM;0
RS;BR-116;PELOTAS;7;3;QUINTA-FEIRA;3;0;14;12H-14H;TARDE;PLENO DIA;TRANSITAR NA CONTRAMÃO;COLISÃO FRONTAL;CÉU CLARO;SIMPLES;"DESVIO TEMPORÁRIO;EM OBRAS;CURVA";NÃO;1
SC;BR-280;SAO FRANCISCO DO SUL;7;3;QUINTA-FEIRA;3;0;15;15H-17H;TARDE;PLENO DIA;REAÇÃO TARDIA OU INEFICIENTE DO CONDUTOR;ENGAVETAMENTO;NUBLADO;SIMPLES;ROTATÓRIA;SIM;0
SC;BR-101;IMBITUBA;7;3;QUINTA-FEIRA;3;0;14;12H-14H;TARDE;PLENO DIA;AUSÊNCIA DE REAÇÃO DO CONDUTOR;COLISÃO TRASEIRA;CÉU CLARO;MÚLTIPLA;"RETA;EM OBRAS";NÃO;0
BA;BR-242;BARREIRAS;7;3;QUINTA-FEIRA;3;0;11;09H-11H;MANHA;PLENO DIA;REAÇÃO TARDIA OU INEFICIENTE DO CONDUTOR;COLISÃO FRONTAL;CÉU CLARO;SIMPLES;RETA;NÃO;0
MG;BR-116;GOVERNADOR VALADARES;6;2;SEXTA-FEIRA;4;0;11;09H-11H;MANHA;PLENO DIA;RESTRIÇÃO DE VISIBILIDADE EM CURVAS HORIZONTAIS;COLISÃO TRASEIRA;CÉU CLARO;DUPLA;RETORNO REGULAMENTADO;SIM;0
MA;BR-135;SAO LUIS;7;3;QUINTA-FEIRA;3;0;14;12H-14H;TARDE;PLENO DIA;PISTA ESCORREGADIA;CAPOTAMENTO;GAROA/CHUVISCO;DUPLA;"RETA;ACLIVE";SIM;0
SC;BR-101;BALNEARIO CAMBORIU;7;3;QUINTA-FEIRA;3;0;16;15H-17H;TARDE;PLENO DIA;REAÇÃO TARDIA OU INEFICIENTE DO CONDUTOR;COLISÃO LATERAL MESMO SENTIDO;NUBLADO;DUPLA;RETA;SIM;0
MT;BR-174;COMODORO;7;3;QUINTA-FEIRA;3;0;11;09H-11H;MANHA;PLENO DIA;DEMAIS FALHAS MECÂNICAS OU ELÉTRICAS;INCÊNDIO;CÉU CLARO;SIMPLES;RETA;NÃO;0
PR;BR-277;FOZ DO IGUACU;7;3;QUINTA-FEIRA;3;0;17;15H-17H;TARDE;PLENO DIA;ACESSAR A VIA SEM OBSERVAR A PRESENÇA DOS OUTROS VEÍCULOS;COLISÃO LATERAL MESMO SENTIDO;CÉU CLARO;DUPLA;RETA;SIM;0
PR;BR-163;PRANCHITA;7;3;QUINTA-FEIRA;3;0;17;15H-17H;TARDE;ANOITECER;AUSÊNCIA DE REAÇÃO DO CONDUTOR;COLISÃO TRASEIRA;CÉU CLARO;SIMPLES;RETA;SIM;0
RO;BR-364;JI-PARANA;7;3;QUINTA-FEIRA;3;0;14;12H-14H;TARDE;PLENO DIA;ACESSAR A VIA SEM OBSERVAR A PRESENÇA DOS OUTROS VEÍCULOS;COLISÃO TRANSVERSAL;CÉU CLARO;MÚLTIPLA;"RETA;INTERSEÇÃO DE VIAS";SIM;0
MG;BR-381;BOM JESUS DO AMPARO;7;3;SÁBADO;5;1;5;03H-05H;MADRUGADA;AMANHECER;VELOCIDADE INCOMPATÍVEL;COLISÃO TRASEIRA;NEVOEIRO/NEBLINA;DUPLA;"DECLIVE;RETA";SIM;0
SC;BR-101;JOINVILLE;7;3;QUINTA-FEIRA;3;0;16;15H-17H;TARDE;PLENO DIA;CONVERSÃO PROIBIDA;COLISÃO TRANSVERSAL;NUBLADO;DUPLA;RETA;SIM;0
PR;BR-153;JACAREZINHO;7;3;QUINTA-FEIRA;3;0;17;15H-17H;TARDE;PLENO DIA;INGESTÃO DE ÁLCOOL PELO CONDUTOR;COLISÃO COM OBJETO;CÉU CLARO;SIMPLES;CURVA;NÃO;0
RS;BR-293;BAGE;7;3;QUINTA-FEIRA;3;0;13;12H-14H;TARDE;PLENO DIA;ACESSAR A VIA SEM OBSERVAR A PRESENÇA DOS OUTROS VEÍCULOS;COLISÃO TRANSVERSAL;CÉU CLARO;SIMPLES;INTERSEÇÃO DE VIAS;NÃO;0
PE;BR-407;PETROLINA;7;3;QUINTA-FEIRA;3;0;17;15H-17H;TARDE;PLENO DIA;ACESSAR A VIA SEM OBSERVAR A PRESENÇA DOS OUTROS VEÍCULOS;COLISÃO TRASEIRA;CÉU CLARO;DUPLA;RETORNO REGULAMENTADO;SIM;0
MG;BR-040;ALFREDO VASCONCELOS;7;3;QUINTA-FEIRA;3;0;16;15H-17H;TARDE;PLENO DIA;CONDUTOR DEIXOU DE MANTER DISTÂNCIA DO VEÍCULO DA FRENTE;COLISÃO TRASEIRA;CÉU CLARO;SIMPLES;"DECLIVE;RETA";SIM;0
MS;BR-163;CAMPO GRANDE;7;3;QUINTA-FEIRA;3;0;17;15H-17H;TARDE;PLENA NOITE;AUSÊNCIA DE REAÇÃO DO CONDUTOR;COLISÃO TRASEIRA;CÉU CLARO;SIMPLES;RETA;SIM;0
SC;BR-116;PONTE ALTA;7;3;QUINTA-FEIRA;3;0;18;18H-20H;NOITE;PLENA NOITE;ACESSO IRREGULAR;COLISÃO LATERAL MESMO SENTIDO;NUBLADO;SIMPLES;RETA;SIM;0
SC;BR-470;RIO DO SUL;7;3;QUINTA-FEIRA;3;0;18;18H-20H;NOITE;PLENA NOITE;TRAFEGAR COM MOTOCICLETA (OU SIMILAR) ENTRE AS FAIXAS;COLISÃO FRONTAL;CÉU CLARO;SIMPLES;"CURVA;DECLIVE;EM OBRAS";SIM;0
PE;BR-232;SANHARO;7;3;QUINTA-FEIRA;3;0;17;15H-17H;TARDE;PLENA NOITE;TRANSITAR NA CONTRAMÃO;COLISÃO FRONTAL;CÉU CLARO;SIMPLES;RETA;SIM;0
BA;BR-101;ITABELA;7;3;QUINTA-FEIRA;3;0;18;18H-20H;NOITE;PLENA NOITE;VELOCIDADE INCOMPATÍVEL;COLISÃO FRONTAL;NUBLADO;SIMPLES;"DECLIVE;CURVA";NÃO;0
PR;BR-277;PARANAGUA;7;3;QUINTA-FEIRA;3;0;17;15H-17H;TARDE;PLENO DIA;MANOBRA DE MUDANÇA DE FAIXA;COLISÃO TRASEIRA;CÉU CLARO;DUPLA;RETA;SIM;1
MT;BR-163;RONDONOPOLIS;7;3;QUINTA-FEIRA;3;0;19;18H-20H;NOITE;PLENA NOITE;AUSÊNCIA DE REAÇÃO DO CONDUTOR;COLISÃO TRASEIRA;CÉU CLARO;DUPLA;RETA;NÃO;0
MG;BR-381;SAO GONCALO DO SAPUCAI;7;3;QUINTA-FEIRA;3;0;20;18H-20H;NOITE;PLENA NOITE;AUSÊNCIA DE REAÇÃO DO CONDUTOR;COLISÃO TRASEIRA;CÉU CLARO;DUPLA;"RETA;ACLIVE";NÃO;0
RS;BR-285;SALDANHA MARINHO;7;3;QUINTA-FEIRA;3;0;19;18H-20H;NOITE;PLENA NOITE;REAÇÃO TARDIA OU INEFICIENTE DO CONDUTOR;COLISÃO LATERAL SENTIDO OPOSTO;CÉU CLARO;SIMPLES;RETA;NÃO;0
RJ;BR-040;DUQUE DE CAXIAS;7;3;QUINTA-FEIRA;3;0;20;18H-20H;NOITE;PLENA NOITE;ULTRAPASSAGEM INDEVIDA;QUEDA DE OCUPANTE DE VEÍCULO;CÉU CLARO;SIMPLES;RETA;SIM;0
PA;BR-163;TRAIRAO;7;3;QUINTA-FEIRA;3;0;16;15H-17H;TARDE;PLENO DIA;ULTRAPASSAGEM INDEVIDA;COLISÃO LATERAL SENTIDO OPOSTO;CÉU CLARO;SIMPLES;RETA;NÃO;0
ES;BR-101;ARACRUZ;7;3;QUINTA-FEIRA;3;0;20;18H-20H;NOITE;PLENA NOITE;ACESSAR A VIA SEM OBSERVAR A PRESENÇA DOS OUTROS VEÍCULOS;COLISÃO TRANSVERSAL;CHUVA;SIMPLES;"INTERSEÇÃO DE VIAS;ROTATÓRIA;RETORNO REGULAMENTADO";SIM;0
BA;BR-101;ENTRE RIOS;7;3;QUINTA-FEIRA;3;0;21;21H-23H;NOITE;PLENA NOITE;TRANSITAR NA CONTRAMÃO;SAÍDA DE LEITO CARROÇÁVEL;CÉU CLARO;SIMPLES;RETA;NÃO;0
MA;BR-316;PERITORO;7;3;QUINTA-FEIRA;3;0;19;18H-20H;NOITE;PLENA NOITE;AUSÊNCIA DE REAÇÃO DO CONDUTOR;COLISÃO TRANSVERSAL;CÉU CLARO;SIMPLES;RETA;SIM;0
CE;BR-222;SAO GONCALO DO AMARANTE;7;3;QUINTA-FEIRA;3;0;20;18H-20H;NOITE;PLENA NOITE;MANOBRA DE MUDANÇA DE FAIXA;COLISÃO TRASEIRA;CÉU CLARO;SIMPLES;RETA;NÃO;1
SC;BR-101;PALHOCA;7;3;QUINTA-FEIRA;3;0;21;21H-23H;NOITE;PLENA NOITE;CONDUTOR DORMINDO;COLISÃO TRASEIRA;GAROA/CHUVISCO;DUPLA;ACLIVE;NÃO;0
SC;BR-470;RIO DO SUL;7;3;QUINTA-FEIRA;3;0;23;21H-23H;NOITE;PLENA NOITE;AUSÊNCIA DE REAÇÃO DO CONDUTOR;COLISÃO FRONTAL;GAROA/CHUVISCO;SIMPLES;CURVA;NÃO;0
ES;BR-101;ANCHIETA;7;3;SEXTA-FEIRA;4;0;2;00H-02H;MADRUGADA;PLENA NOITE;VELOCIDADE INCOMPATÍVEL;COLISÃO FRONTAL;CHUVA;SIMPLES;CURVA;NÃO;0