uf;br_formatada;municipio;mes;trimestre;dia_semana;dia_semana_num;fim_de_semana;hora;faixa_horaria;turno;fase_dia;causa_acidente;tipo_acidente;condicao_metereologica;tipo_pista;tracado_via;uso_solo;acidente_fatal
RO;BR-429;ALVORADA DOESTE;7;3;SEXTA-FEIRA;4;0;20;18H-20H;NOITE;PLENA NOITE;TRANSITAR NA CONTRAMÃO;COLISÃO FRONTAL;CÉU CLARO;SIMPLES;RETA;NÃO;1
PR;BR-476;PAULO FRONTIN;6;2;TERÇA-FEIRA;1;0;7;06H-08H;MANHA;AMANHECER;CONDUTOR DORMINDO;SAÍDA DE LEITO CARROÇÁVEL;NEVOEIRO/NEBLINA;SIMPLES;CURVA;NÃO;0
RS;BR-153;CACAPAVA DO SUL;7;3;SEXTA-FEIRA;4;0;20;18H-20H;NOITE;PLENA NOITE;AUSÊNCIA DE REAÇÃO DO CONDUTOR;SAÍDA DE LEITO CARROÇÁVEL;CÉU CLARO;SIMPLES;"EM OBRAS;CURVA";NÃO;0
GO;BR-364;SANTA RITA DO ARAGUAIA;7;3;SEXTA-FEIRA;4;0;20;18H-20H;NOITE;PLENA NOITE;ACOSTAMENTO EM DESNÍVEL;QUEDA DE OCUPANTE DE VEÍCULO;CÉU CLARO;SIMPLES;RETA;SIM;0
SP;BR-116;ARUJA;7;3;SEXTA-FEIRA;4;0;23;21H-23H;NOITE;PLENA NOITE;REAÇÃO TARDIA OU INEFICIENTE DO CONDUTOR;SAÍDA DE LEITO CARROÇÁVEL;NUBLADO;DUPLA;ACLIVE;NÃO;0
BA;BR-324;CAPIM GROSSO;7;3;SÁBADO;5;1;0;00H-02H;MADRUGADA;PLENA NOITE;AUSÊNCIA DE REAÇÃO DO CONDUTOR;TOMBAMENTO;NUBLADO;SIMPLES;ROTATÓRIA;SIM;0
SP;BR-116;MIRACATU;7;3;SÁBADO;5;1;2;00H-02H;MADRUGADA;PLENA NOITE;ACESSAR A VIA SEM OBSERVAR A PRESENÇA DOS OUTROS VEÍCULOS;COLISÃO TRANSVERSAL;CÉU CLARO;DUPLA;"RETA;INTERSEÇÃO DE VIAS";NÃO;0
CE;BR-222;IRAUCUBA;7;3;SEXTA-FEIRA;4;0;23;21H-23H;NOITE;PLENA NOITE;CONDUTOR DORMINDO;SAÍDA DE LEITO CARROÇÁVEL;CÉU CLARO;SIMPLES;RETA;NÃO;0
PR;BR-163;SANTO ANTONIO DO SUDOESTE;7;3;SÁBADO;5;1;2;00H-02H;MADRUGADA;PLENA NOITE;INGESTÃO DE ÁLCOOL PELO CONDUTOR;COLISÃO FRONTAL;CÉU CLARO;SIMPLES;"CURVA;DECLIVE";NÃO;0
PE;BR-423;SAO CAITANO;7;3;SÁBADO;5;1;4;03H-05H;MADRUGADA;AMANHECER;VELOCIDADE INCOMPATÍVEL;SAÍDA DE LEITO CARROÇÁVEL;GAROA/CHUVISCO;SIMPLES;CURVA;NÃO;0
RS;BR-116;GUAIBA;7;3;SÁBADO;5;1;0;00H-02H;MADRUGADA;PLENA NOITE;AUSÊNCIA DE REAÇÃO DO CONDUTOR;TOMBAMENTO;NUBLADO;SIMPLES;CURVA;NÃO;0
MG;BR-262;LUZ;7;3;SÁBADO;5;1;5;03H-05H;MADRUGADA;PLENO DIA;ACESSAR A VIA SEM OBSERVAR A PRESENÇA DOS OUTROS VEÍCULOS;COLISÃO TRANSVERSAL;CÉU CLARO;SIMPLES;RETA;SIM;0
PI;BR-222;SAO JOAO DA FRONTEIRA;7;3;SÁBADO;5;1;3;03H-05H;MADRUGADA;AMANHECER;DEMAIS FALHAS MECÂNICAS OU ELÉTRICAS;INCÊNDIO;CÉU CLARO;SIMPLES;"RETA;ACLIVE";NÃO;0
PE;BR-101;JOAQUIM NABUCO;7;3;SÁBADO;5;1;5;03H-05H;MADRUGADA;AMANHECER;TRANSITAR NA CONTRAMÃO;COLISÃO FRONTAL;CHUVA;DUPLA;RETA;NÃO;0
PR;BR-376;IMBAU;7;3;SÁBADO;5;1;6;06H-08H;MANHA;AMANHECER;DESRESPEITAR A PREFERÊNCIA NO CRUZAMENTO;COLISÃO LATERAL MESMO SENTIDO;CÉU CLARO;DUPLA;RETA;NÃO;0
SP;BR-116;MIRACATU;7;3;SÁBADO;5;1;7;06H-08H;MANHA;AMANHECER;AUSÊNCIA DE REAÇÃO DO CONDUTOR;TOMBAMENTO;CÉU CLARO;DUPLA;"DECLIVE;PONTE";NÃO;0
MG;BR-050;UBERLANDIA;7;3;SÁBADO;5;1;8;06H-08H;MANHA;PLENO DIA;REAÇÃO TARDIA OU INEFICIENTE DO CONDUTOR;COLISÃO TRASEIRA;CÉU CLARO;DUPLA;ACLIVE;SIM;0
SP;BR-116;TAUBATE;7;3;SÁBADO;5;1;8;06H-08H;MANHA;PLENO DIA;AUSÊNCIA DE REAÇÃO DO CONDUTOR;ENGAVETAMENTO;NEVOEIRO/NEBLINA;DUPLA;RETA;SIM;0
PR;BR-277;PALMEIRA;7;3;SÁBADO;5;1;7;06H-08H;MANHA;PLENO DIA;AUSÊNCIA DE REAÇÃO DO CONDUTOR;COLISÃO TRASEIRA;CÉU CLARO;SIMPLES;RETA;NÃO;0
RS;BR-285;MATO CASTELHANO;7;3;SÁBADO;5;1;6;06H-08H;MANHA;PLENO DIA;PEDESTRE - INGESTÃO DE ÁLCOOL/ SUBSTÂNCIAS PSICOATIVAS;ATROPELAMENTO DE PEDESTRE;NUBLADO;SIMPLES;RETA;SIM;0
PR;BR-277;PRUDENTOPOLIS;7;3;SÁBADO;5;1;6;06H-08H;MANHA;AMANHECER;REAÇÃO TARDIA OU INEFICIENTE DO CONDUTOR;SAÍDA DE LEITO CARROÇÁVEL;NEVOEIRO/NEBLINA;DUPLA;"DECLIVE;RETA";NÃO;0
MG;BR-262;LUZ;7;3;SÁBADO;5;1;7;06H-08H;MANHA;PLENO DIA;ACESSAR A VIA SEM OBSERVAR A PRESENÇA DOS OUTROS VEÍCULOS;COLISÃO TRANSVERSAL;SOL;SIMPLES;INTERSEÇÃO DE VIAS;SIM;0
RJ;BR-040;PETROPOLIS;7;3;SÁBADO;5;1;8;06H-08H;MANHA;PLENO DIA;REAÇÃO TARDIA OU INEFICIENTE DO CONDUTOR;TOMBAMENTO;NUBLADO;SIMPLES;"DECLIVE;CURVA";NÃO;0
SC;BR-101;BIGUACU;7;3;SÁBADO;5;1;9;09H-11H;MANHA;PLENO DIA;ACESSAR A VIA SEM OBSERVAR A PRESENÇA DOS OUTROS VEÍCULOS;COLISÃO LATERAL MESMO SENTIDO;SOL;SIMPLES;RETA;SIM;0
PE;BR-101;RECIFE;7;3;SÁBADO;5;1;10;09H-11H;MANHA;PLENO DIA;MANOBRA DE MUDANÇA DE FAIXA;COLISÃO LATERAL MESMO SENTIDO;NUBLADO;DUPLA;RETA;SIM;0
RN;BR-304;MOSSORO;7;3;SÁBADO;5;1;7;06H-08H;MANHA;PLENO DIA;DEMAIS FALHAS MECÂNICAS OU ELÉTRICAS;INCÊNDIO;CÉU CLARO;DUPLA;RETA;NÃO;0
MT;BR-163;MATUPA;7;3;SÁBADO;5;1;9;09H-11H;MANHA;PLENO DIA;TRANSITAR NA CONTRAMÃO;COLISÃO TRANSVERSAL;CÉU CLARO;SIMPLES;RETA;NÃO;0
MG;BR-267;SERITINGA;7;3;SÁBADO;5;1;5;03H-05H;MADRUGADA;AMANHECER;TRANSITAR NA CONTRAMÃO;COLISÃO FRONTAL;CÉU CLARO;SIMPLES;CURVA;NÃO;0
GO;BR-060;ABADIA DE GOIAS;7;3;SÁBADO;5;1;9;09H-11H;MANHA;PLENO DIA;DEMAIS FALHAS MECÂNICAS OU ELÉTRICAS;TOMBAMENTO;CÉU CLARO;DUPLA;"RETA;DECLIVE";SIM;0
PR;BR-376;ORTIGUEIRA;7;3;SÁBADO;5;1;6;06H-08H;MANHA;AMANHECER;VELOCIDADE INCOMPATÍVEL;TOMBAMENTO;CÉU CLARO;SIMPLES;"PONTE;CURVA";NÃO;0
GO;BR-153;CAMPINORTE;7;3;SÁBADO;5;1;10;09H-11H;MANHA;PLENO DIA;ULTRAPASSAGEM INDEVIDA;COLISÃO LATERAL SENTIDO OPOSTO;CÉU CLARO;SIMPLES;RETA;NÃO;0
PR;BR-277;IRATI;7;3;SÁBADO;5;1;12;12H-14H;TARDE;PLENO DIA;ACESSAR A VIA SEM OBSERVAR A PRESENÇA DOS OUTROS VEÍCULOS;COLISÃO TRANSVERSAL;CÉU CLARO;SIMPLES;RETA;SIM;1
MG;BR-116;LEOPOLDINA;7;3;SÁBADO;5;1;14;12H-14H;TARDE;PLENO DIA;VELOCIDADE INCOMPATÍVEL;TOMBAMENTO;CÉU CLARO;SIMPLES;CURVA;NÃO;0
SP;BR-116;MIRACATU;7;3;SÁBADO;5;1;14;12H-14H;TARDE;PLENO DIA;PEDESTRE ANDAVA NA PISTA;ATROPELAMENTO DE PEDESTRE;CÉU CLARO;DUPLA;"CURVA;ACLIVE";NÃO;0
PR;BR-116;SAO JOSE DOS PINHAIS;6;2;DOMINGO;6;1;2;00H-02H;MADRUGADA;PLENA NOITE;AVARIAS E/OU DESGASTE EXCESSIVO NO PNEU;COLISÃO TRASEIRA;CHUVA;DUPLA;RETA;NÃO;0
RS;BR-386;TABAI;7;3;TERÇA-FEIRA;1;0;9;09H-11H;MANHA;PLENO DIA;REAÇÃO TARDIA OU INEFICIENTE DO CONDUTOR;COLISÃO TRASEIRA;CÉU CLARO;DUPLA;RETA;NÃO;0
MT;BR-174;PONTES E LACERDA;7;3;SÁBADO;5;1;8;06H-08H;MANHA;PLENO DIA;REAÇÃO TARDIA OU INEFICIENTE DO CONDUTOR;COLISÃO TRASEIRA;CÉU CLARO;SIMPLES;RETA;SIM;0
PR;BR-277;SAO JOSE DOS PINHAIS;7;3;SÁBADO;5;1;14;12H-14H;TARDE;PLENO DIA;REAÇÃO TARDIA OU INEFICIENTE DO CONDUTOR;COLISÃO LATERAL MESMO SENTIDO;CÉU CLARO;MÚLTIPLA;"ACLIVE;RETA";NÃO;0
PI;BR-316;PICOS;7;3;SÁBADO;5;1;11;09H-11H;MANHA;PLENO DIA;TRANSITAR NO ACOSTAMENTO;TOMBAMENTO;CÉU CLARO;SIMPLES;RETA;SIM;0
SP;BR-116;JUQUIA;7;3;SÁBADO;5;1;14;12H-14H;TARDE;PLENO DIA;DEMAIS FALHAS MECÂNICAS OU ELÉTRICAS;INCÊNDIO;CÉU CLARO;DUPLA;RETA;SIM;0
MG;BR-365;UBERLANDIA;7;3;SÁBADO;5;1;16;15H-17H;TARDE;PLENO DIA;ULTRAPASSAGEM INDEVIDA;COLISÃO COM OBJETO;NUBLADO;DUPLA;"ACLIVE;RETA";SIM;0
BA;BR-242;ITABERABA;7;3;SÁBADO;5;1;12;12H-14H;TARDE;PLENO DIA;REAÇÃO TARDIA OU INEFICIENTE DO CONDUTOR;COLISÃO TRASEIRA;CÉU CLARO;SIMPLES;RETA;NÃO;0
PR;BR-277;CURITIBA;7;3;SÁBADO;5;1;16;15H-17H;TARDE;PLENO DIA;CONDUTOR DORMINDO;SAÍDA DE LEITO CARROÇÁVEL;CÉU CLARO;DUPLA;RETA;NÃO;0
MT;BR-364;CAMPOS DE JULIO;7;3;SÁBADO;5;1;14;12H-14H;TARDE;PLENO DIA;ULTRAPASSAGEM INDEVIDA;COLISÃO FRONTAL;CÉU CLARO;SIMPLES;RETA;NÃO;1
MG;BR-040;TRES MARIAS;7;3;SÁBADO;5;1;16;15H-17H;TARDE;PLENO DIA;VELOCIDADE INCOMPATÍVEL;TOMBAMENTO;CÉU CLARO;SIMPLES;"ACLIVE;CURVA";NÃO;0
AL;BR-101;FLEXEIRAS;7;3;SÁBADO;5;1;7;06H-08H;MANHA;PLENO DIA;VELOCIDADE INCOMPATÍVEL;TOMBAMENTO;CÉU CLARO;DUPLA;CURVA;NÃO;0
RS;BR-290;MINAS DO LEAO;7;3;SÁBADO;5;1;14;12H-14H;TARDE;PLENO DIA;ACESSAR A VIA SEM OBSERVAR A PRESENÇA DOS OUTROS VEÍCULOS;COLISÃO TRANSVERSAL;CÉU CLARO;SIMPLES;INTERSEÇÃO DE VIAS;SIM;0
PE;BR-101;ABREU E LIMA;7;3;SÁBADO;5;1;17;15H-17H;TARDE;ANOITECER;REAÇÃO TARDIA OU INEFICIENTE DO CONDUTOR;COLISÃO LATERAL MESMO SENTIDO;IGNORADO;MÚLTIPLA;RETA;SIM;0
BA;BR-116;ENCRUZILHADA;7;3;SÁBADO;5;1;18;18H-20H;NOITE;PLENA NOITE;ACESSAR A VIA SEM OBSERVAR A PRESENÇA DOS OUTROS VEÍCULOS;ATROPELAMENTO DE PEDESTRE;CÉU CLARO;SIMPLES;RETA;NÃO;1
PI;BR-407;JAICOS;7;3;SÁBADO;5;1;16;15H-17H;TARDE;PLENO DIA;ACESSAR A VIA SEM OBSERVAR A PRESENÇA DOS OUTROS VEÍCULOS;TOMBAMENTO;CÉU CLARO;SIMPLES;RETA;SIM;0
TO;BR-153;GUARAI;7;3;SÁBADO;5;1;12;12H-14H;TARDE;PLENO DIA;TRANSITAR NA CONTRAMÃO;COLISÃO FRONTAL;CÉU CLARO;SIMPLES;RETA;NÃO;1
RO;BR-364;CANDEIAS DO JAMARI;7;3;SÁBADO;5;1;17;15H-17H;TARDE;PLENO DIA;FREAR BRUSCAMENTE;ENGAVETAMENTO;SOL;DUPLA;RETA;NÃO;0
SP;BR-153;SAO JOSE DO RIO PRETO;7;3;SÁBADO;5;1;18;18H-20H;NOITE;PLENA NOITE;INGESTÃO DE ÁLCOOL PELO CONDUTOR;COLISÃO TRASEIRA;CÉU CLARO;DUPLA;CURVA;NÃO;0
ES;BR-262;MARECHAL FLORIANO;7;3;SÁBADO;5;1;19;18H-20H;NOITE;PLENA NOITE;INGESTÃO DE ÁLCOOL PELO CONDUTOR;COLISÃO FRONTAL;GAROA/CHUVISCO;SIMPLES;CURVA;NÃO;0
MG;BR-040;CONSELHEIRO LAFAIETE;7;3;SÁBADO;5;1;18;18H-20H;NOITE;ANOITECER;CONDUTOR DEIXOU DE MANTER DISTÂNCIA DO VEÍCULO DA FRENTE;COLISÃO LATERAL MESMO SENTIDO;NUBLADO;SIMPLES;CURVA;NÃO;0
GO;BR-153;PORANGATU;7;3;SÁBADO;5;1;16;15H-17H;TARDE;PLENO DIA;REAÇÃO TARDIA OU INEFICIENTE DO CONDUTOR;COLISÃO TRASEIRA;CÉU CLARO;SIMPLES;RETA;NÃO;0
BA;BR-101;ITAMARAJU;7;3;SÁBADO;5;1;17;15H-17H;TARDE;ANOITECER;ULTRAPASSAGEM INDEVIDA;COLISÃO TRANSVERSAL;CÉU CLARO;SIMPLES;"DECLIVE;RETA";NÃO;0
MT;BR-070;PRIMAVERA DO LESTE;7;3;SÁBADO;5;1;16;15H-17H;TARDE;PLENO DIA;REAÇÃO TARDIA OU INEFICIENTE DO CONDUTOR;COLISÃO TRANSVERSAL;CÉU CLARO;DUPLA;RETA;SIM;0
SC;BR-101;ITAPEMA;7;3;SÁBADO;5;1;20;18H-20H;NOITE;PLENA NOITE;ANIMAIS NA PISTA;ATROPELAMENTO DE ANIMAL;CÉU CLARO;DUPLA;RETA;SIM;0
RO;BR-364;ARIQUEMES;7;3;SÁBADO;5;1;16;15H-17H;TARDE;PLENO DIA;REAÇÃO TARDIA OU INEFICIENTE DO CONDUTOR;ENGAVETAMENTO;CÉU CLARO;SIMPLES;"RETA;ACLIVE";NÃO;0
RJ;BR-116;MAGE;7;3;SÁBADO;5;1;19;18H-20H;NOITE;PLENA NOITE;REAÇÃO TARDIA OU INEFICIENTE DO CONDUTOR;COLISÃO LATERAL MESMO SENTIDO;CÉU CLARO;DUPLA;RETA;NÃO;0
BA;BR-116;SANTA BARBARA;7;3;SÁBADO;5;1;21;21H-23H;NOITE;PLENA NOITE;PEDESTRE CRUZAVA A PISTA FORA DA FAIXA;ATROPELAMENTO DE PEDESTRE;CÉU CLARO;DUPLA;RETA;SIM;1
PR;BR-153;SANTO ANTONIO DA PLATINA;7;3;SÁBADO;5;1;15;15H-17H;TARDE;PLENO DIA;ULTRAPASSAGEM INDEVIDA;COLISÃO FRONTAL;CÉU CLARO;SIMPLES;RETA;NÃO;1
SC;BR-280;TRES BARRAS;7;3;SÁBADO;5;1;20;18H-20H;NOITE;PLENA NOITE;INGESTÃO DE ÁLCOOL PELO CONDUTOR;COLISÃO TRASEIRA;NEVOEIRO/NEBLINA;SIMPLES;RETA;NÃO;0
PR;BR-487;ICARAIMA;7;3;SÁBADO;5;1;21;21H-23H;NOITE;PLENA NOITE;ULTRAPASSAGEM INDEVIDA;COLISÃO LATERAL SENTIDO OPOSTO;NUBLADO;SIMPLES;"RETA;ACLIVE";NÃO;0
MT;BR-364;JANGADA;7;3;SÁBADO;5;1;18;18H-20H;NOITE;PLENA NOITE;CONDUTOR DEIXOU DE MANTER DISTÂNCIA DO VEÍCULO DA FRENTE;COLISÃO TRASEIRA;CÉU CLARO;SIMPLES;RETA;SIM;0
MG;BR-381;LAVRAS;7;3;SÁBADO;5;1;23;21H-23H;NOITE;PLENA NOITE;VELOCIDADE INCOMPATÍVEL;TOMBAMENTO;CÉU CLARO;DUPLA;RETA;NÃO;0
RO;BR-364;PRESIDENTE MEDICI;7;3;SÁBADO;5;1;19;18H-20H;NOITE;PLENA NOITE;ULTRAPASSAGEM INDEVIDA;COLISÃO LATERAL SENTIDO OPOSTO;CÉU CLARO;SIMPLES;RETA;NÃO;0
CE;BR-116;JAGUARIBE;7;3;DOMINGO;6;1;3;03H-05H;MADRUGADA;PLENA NOITE;MANOBRA DE MUDANÇA DE FAIXA;COLISÃO FRONTAL;CÉU CLARO;SIMPLES;RETA;NÃO;1
MG;BR-050;UBERLANDIA;7;3;DOMINGO;6;1;4;03H-05H;MADRUGADA;PLENA NOITE;CONDUTOR DORMINDO;SAÍDA DE LEITO CARROÇÁVEL;CÉU CLARO;DUPLA;RETA;NÃO;0
GO;BR-020;FORMOSA;7;3;DOMINGO;6;1;4;03H-05H;MADRUGADA;PLENA NOITE;ULTRAPASSAGEM INDEVIDA;COLISÃO LATERAL SENTIDO OPOSTO;CÉU CLARO;SIMPLES;"DECLIVE;CURVA";NÃO;0
PR;BR-163;MARECHAL CANDIDO RONDON;7;3;DOMINGO;6;1;1;00H-02H;MADRUGADA;PLENA NOITE;DEMAIS FALHAS MECÂNICAS OU ELÉTRICAS;INCÊNDIO;CÉU CLARO;SIMPLES;RETA;NÃO;0
MG;BR-381;SANTO ANTONIO DO AMPARO;7;3;DOMINGO;6;1;7;06H-08H;MANHA;AMANHECER;REAÇÃO TARDIA OU INEFICIENTE DO CONDUTOR;SAÍDA DE LEITO CARROÇÁVEL;CÉU CLARO;DUPLA;CURVA;NÃO;0
RS;BR-386;FREDERICO WESTPHALEN;7;3;DOMINGO;6;1;5;03H-05H;MADRUGADA;AMANHECER;TRANSITAR NA CONTRAMÃO;COLISÃO FRONTAL;CÉU CLARO;SIMPLES;RETA;NÃO;0
CE;BR-222;SOBRAL;7;3;SÁBADO;5;1;20;18H-20H;NOITE;PLENA NOITE;VELOCIDADE INCOMPATÍVEL;TOMBAMENTO;CÉU CLARO;SIMPLES;CURVA;NÃO;0
MT;BR-163;CLAUDIA;7;3;DOMINGO;6;1;5;03H-05H;MADRUGADA;AMANHECER;DEMAIS FALHAS MECÂNICAS OU ELÉTRICAS;INCÊNDIO;CÉU CLARO;SIMPLES;ACLIVE;NÃO;0
SC;BR-280;ARAQUARI;7;3;QUARTA-FEIRA;2;0;14;12H-14H;TARDE;PLENO DIA;AUSÊNCIA DE REAÇÃO DO CONDUTOR;COLISÃO LATERAL MESMO SENTIDO;CÉU CLARO;DUPLA;RETA;NÃO;0
CE;BR-020;PARAMBU;7;3;DOMINGO;6;1;4;03H-05H;MADRUGADA;PLENA NOITE;AUSÊNCIA DE SINALIZAÇÃO;COLISÃO LATERAL SENTIDO OPOSTO;CÉU CLARO;SIMPLES;"CURVA;EM OBRAS";NÃO;0
SP;BR-116;GUARATINGUETA;7;3;DOMINGO;6;1;8;06H-08H;MANHA;PLENO DIA;MANOBRA DE MUDANÇA DE FAIXA;COLISÃO LATERAL MESMO SENTIDO;CÉU CLARO;DUPLA;RETA;NÃO;0
MT;BR-163;SORRISO;7;3;DOMINGO;6;1;7;06H-08H;MANHA;AMANHECER;MANOBRA DE MUDANÇA DE FAIXA;COLISÃO LATERAL MESMO SENTIDO;CÉU CLARO;DUPLA;RETA;SIM;0
PA;BR-155;MARABA;7;3;DOMINGO;6;1;8;06H-08H;MANHA;PLENO DIA;REAÇÃO TARDIA OU INEFICIENTE DO CONDUTOR;SAÍDA DE LEITO CARROÇÁVEL;CÉU CLARO;SIMPLES;RETA;NÃO;0
GO;BR-153;MORRINHOS;7;3;DOMINGO;6;1;9;09H-11H;MANHA;PLENO DIA;MANOBRA DE MUDANÇA DE FAIXA;TOMBAMENTO;SOL;DUPLA;"RETA;ACLIVE";NÃO;0
PI;BR-316;VALENCA DO PIAUI;7;3;DOMINGO;6;1;9;09H-11H;MANHA;PLENO DIA;CONDUTOR DORMINDO;COLISÃO FRONTAL;CÉU CLARO;SIMPLES;RETA;NÃO;0
MS;BR-262;RIBAS DO RIO PARDO;6;2;SEGUNDA-FEIRA;0;0;15;15H-17H;TARDE;PLENO DIA;ULTRAPASSAGEM INDEVIDA;COLISÃO LATERAL SENTIDO OPOSTO;CÉU CLARO;SIMPLES;CURVA;NÃO;0
SC;BR-470;TROMBUDO CENTRAL;7;3;DOMINGO;6;1;12;12H-14H;TARDE;PLENO DIA;SUICÍDIO (PRESUMIDO);COLISÃO TRASEIRA;NUBLADO;SIMPLES;"DECLIVE;CURVA";NÃO;0
DF;BR-060;BRASILIA;7;3;DOMINGO;6;1;13;12H-14H;TARDE;PLENO DIA;MANOBRA DE MUDANÇA DE FAIXA;TOMBAMENTO;CÉU CLARO;DUPLA;"DECLIVE;RETORNO REGULAMENTADO";NÃO;0
ES;BR-101;GUARAPARI;7;3;DOMINGO;6;1;9;09H-11H;MANHA;PLENO DIA;CONDUTOR DORMINDO;TOMBAMENTO;SOL;DUPLA;"CURVA;ACLIVE";NÃO;0
MG;BR-381;PERDOES;7;3;DOMINGO;6;1;12;12H-14H;TARDE;PLENO DIA;AVARIAS E/OU DESGASTE EXCESSIVO NO PNEU;COLISÃO LATERAL MESMO SENTIDO;SOL;DUPLA;"CURVA;DECLIVE";NÃO;0
SC;BR-101;PALHOCA;7;3;DOMINGO;6;1;14;12H-14H;TARDE;PLENO DIA;ESTACIONAR OU PARAR EM LOCAL PROIBIDO;COLISÃO LATERAL MESMO SENTIDO;CÉU CLARO;SIMPLES;RETA;NÃO;0
MT;BR-158;RIBEIRAO CASCALHEIRA;7;3;DOMINGO;6;1;15;15H-17H;TARDE;PLENO DIA;REAÇÃO TARDIA OU INEFICIENTE DO CONDUTOR;COLISÃO FRONTAL;SOL;SIMPLES;CURVA;NÃO;1
BA;BR-116;BOA NOVA;7;3;DOMINGO;6;1;13;12H-14H;TARDE;PLENO DIA;ACESSO IRREGULAR;COLISÃO TRANSVERSAL;CÉU CLARO;SIMPLES;RETA;NÃO;1
PR;BR-116;MANDIRITUBA;7;3;DOMINGO;6;1;17;15H-17H;TARDE;PLENO DIA;ACESSAR A VIA SEM OBSERVAR A PRESENÇA DOS OUTROS VEÍCULOS;COLISÃO TRANSVERSAL;SOL;DUPLA;ROTATÓRIA;SIM;0
PR;BR-476;ADRIANOPOLIS;7;3;DOMINGO;6;1;16;15H-17H;TARDE;PLENO DIA;AUSÊNCIA DE REAÇÃO DO CONDUTOR;TOMBAMENTO;CÉU CLARO;SIMPLES;CURVA;NÃO;1
MG;BR-040;PARAOPEBA;7;3;DOMINGO;6;1;16;15H-17H;TARDE;PLENO DIA;CONDUTOR DORMINDO;COLISÃO TRASEIRA;CÉU CLARO;DUPLA;RETA;NÃO;0
PB;BR-230;BOM JESUS;7;3;DOMINGO;6;1;17;15H-17H;TARDE;ANOITECER;INGESTÃO DE ÁLCOOL PELO CONDUTOR;COLISÃO LATERAL MESMO SENTIDO;CÉU CLARO;SIMPLES;ACLIVE;SIM;0
SP;BR-262;CASTILHO;7;3;DOMINGO;6;1;17;15H-17H;TARDE;ANOITECER;AUSÊNCIA DE REAÇÃO DO CONDUTOR;COLISÃO COM OBJETO;CÉU CLARO;SIMPLES;RETA;NÃO;1
MG;BR-381;ANTONIO DIAS;7;3;DOMINGO;6;1;16;15H-17H;TARDE;PLENO DIA;TRANSITAR NA CONTRAMÃO;COLISÃO LATERAL SENTIDO OPOSTO;CÉU CLARO;SIMPLES;DECLIVE;NÃO;0
RN;BR-304;MOSSORO;7;3;DOMINGO;6;1;18;18H-20H;NOITE;PLENA NOITE;INGESTÃO DE ÁLCOOL PELO CONDUTOR;SAÍDA DE LEITO CARROÇÁVEL;NUBLADO;SIMPLES;INTERSEÇÃO DE VIAS;NÃO;0
MS;BR-262;RIBAS DO RIO PARDO;7;3;DOMINGO;6;1;19;18H-20H;NOITE;PLENA NOITE;ACESSO IRREGULAR;COLISÃO COM OBJETO;CÉU CLARO;SIMPLES;RETA;NÃO;0
SC;BR-470;BLUMENAU;7;3;DOMINGO;6;1;19;18H-20H;NOITE;PLENA NOITE;INGESTÃO DE ÁLCOOL PELO CONDUTOR;COLISÃO FRONTAL;CÉU CLARO;SIMPLES;RETA;NÃO;0
SC;BR-101;PESCARIA BRAVA;7;3;DOMINGO;6;1;20;18H-20H;NOITE;PLENA NOITE;AUSÊNCIA DE REAÇÃO DO CONDUTOR;COLISÃO LATERAL MESMO SENTIDO;CÉU CLARO;MÚLTIPLA;RETA;SIM;0
RJ;BR-393;VASSOURAS;7;3;DOMINGO;6;1;17;15H-17H;TARDE;ANOITECER;ACESSAR A VIA SEM OBSERVAR A PRESENÇA DOS OUTROS VEÍCULOS;COLISÃO TRANSVERSAL;CÉU CLARO;SIMPLES;INTERSEÇÃO DE VIAS;NÃO;0
PA;BR-316;CASTANHAL;7;3;DOMINGO;6;1;22;21H-23H;NOITE;PLENA NOITE;MANOBRA DE MUDANÇA DE FAIXA;COLISÃO LATERAL MESMO SENTIDO;CÉU CLARO;DUPLA;RETA;NÃO;0
MG;BR-381;CONTAGEM;7;3;DOMINGO;6;1;22;21H-23H;NOITE;PLENA NOITE;TRAFEGAR COM MOTOCICLETA (OU SIMILAR) ENTRE AS FAIXAS;COLISÃO TRASEIRA;CÉU CLARO;DUPLA;RETA;SIM;0
MT;BR-174;MIRASSOL DOESTE;7;3;DOMINGO;6;1;13;12H-14H;TARDE;PLENO DIA;REAÇÃO TARDIA OU INEFICIENTE DO CONDUTOR;TOMBAMENTO;CÉU CLARO;SIMPLES;"RETA;DECLIVE";NÃO;0
SC;BR-470;CAMPOS NOVOS;7;3;DOMINGO;6;1;21;21H-23H;NOITE;PLENA NOITE;ACESSAR A VIA SEM OBSERVAR A PRESENÇA DOS OUTROS VEÍCULOS;COLISÃO TRANSVERSAL;CÉU CLARO;SIMPLES;"RETA;ROTATÓRIA";NÃO;0
RO;BR-319;PORTO VELHO;7;3;DOMINGO;6;1;18;18H-20H;NOITE;PLENA NOITE;DEMAIS FALHAS MECÂNICAS OU ELÉTRICAS;INCÊNDIO;CÉU CLARO;SIMPLES;RETA;NÃO;0
RS;BR-470;BENTO GONCALVES;7;3;DOMINGO;6;1;22;21H-23H;NOITE;PLENA NOITE;VELOCIDADE INCOMPATÍVEL;ENGAVETAMENTO;CÉU CLARO;SIMPLES;"RETA;DECLIVE;EM OBRAS";NÃO;0