uf;br_formatada;municipio;mes;trimestre;dia_semana;dia_semana_num;fim_de_semana;hora;faixa_horaria;turno;fase_dia;causa_acidente;tipo_acidente;condicao_metereologica;tipo_pista;tracado_via;uso_solo;acidente_fatal
PR;BR-376;ORTIGUEIRA;7;3;DOMINGO;6;1;23;21H-23H;NOITE;PLENA NOITE;REAÇÃO TARDIA OU INEFICIENTE DO CONDUTOR;COLISÃO FRONTAL;NEVOEIRO/NEBLINA;SIMPLES;DECLIVE;NÃO;1
BA;BR-101;CONCEICAO DO ALMEIDA;7;3;DOMINGO;6;1;21;21H-23H;NOITE;PLENA NOITE;REAÇÃO TARDIA OU INEFICIENTE DO CONDUTOR;COLISÃO TRASEIRA;NUBLADO;SIMPLES;"RETA;ACLIVE";NÃO;0
RS;BR-386;IRAI;7;3;DOMINGO;6;1;20;18H-20H;NOITE;PLENA NOITE;CONDUTOR DORMINDO;COLISÃO FRONTAL;NUBLADO;SIMPLES;RETA;NÃO;0
RJ;BR-040;DUQUE DE CAXIAS;7;3;DOMINGO;6;1;21;21H-23H;NOITE;PLENA NOITE;INGESTÃO DE ÁLCOOL PELO CONDUTOR;COLISÃO TRASEIRA;CÉU CLARO;DUPLA;RETA;NÃO;0
AL;BR-104;SAO JOSE DA LAJE;7;3;DOMINGO;6;1;22;21H-23H;NOITE;PLENA NOITE;DEMAIS FALHAS MECÂNICAS OU ELÉTRICAS;SAÍDA DE LEITO CARROÇÁVEL;CHUVA;SIMPLES;"DECLIVE;RETA";NÃO;0
PI;BR-343;AGUA BRANCA;7;3;SEGUNDA-FEIRA;0;0;1;00H-02H;MADRUGADA;PLENA NOITE;INGESTÃO DE ÁLCOOL PELO CONDUTOR;COLISÃO FRONTAL;CÉU CLARO;SIMPLES;RETA;NÃO;1
MG;BR-251;SALINAS;7;3;DOMINGO;6;1;19;18H-20H;NOITE;PLENA NOITE;AUSÊNCIA DE REAÇÃO DO CONDUTOR;COLISÃO LATERAL SENTIDO OPOSTO;CÉU CLARO;SIMPLES;RETA;NÃO;1
PR;BR-116;CAMPINA GRANDE DO SUL;7;3;SEGUNDA-FEIRA;0;0;2;00H-02H;MADRUGADA;PLENA NOITE;VELOCIDADE INCOMPATÍVEL;TOMBAMENTO;CÉU CLARO;SIMPLES;CURVA;NÃO;0
BA;BR-101;GOVERNADOR MANGABEIRA;7;3;SEGUNDA-FEIRA;0;0;2;00H-02H;MADRUGADA;PLENA NOITE;REAÇÃO TARDIA OU INEFICIENTE DO CONDUTOR;COLISÃO TRASEIRA;GAROA/CHUVISCO;MÚLTIPLA;"ACLIVE;CURVA";NÃO;1
MG;BR-365;BURITIZEIRO;7;3;SEGUNDA-FEIRA;0;0;2;00H-02H;MADRUGADA;PLENA NOITE;CONDUTOR DORMINDO;SAÍDA DE LEITO CARROÇÁVEL;CÉU CLARO;SIMPLES;RETA;NÃO;0
SP;BR-381;MAIRIPORA;7;3;SEGUNDA-FEIRA;0;0;5;03H-05H;MADRUGADA;PLENA NOITE;REAÇÃO TARDIA OU INEFICIENTE DO CONDUTOR;COLISÃO TRASEIRA;NEVOEIRO/NEBLINA;DUPLA;"RETA;ACLIVE";NÃO;0
PB;BR-230;SANTA RITA;7;3;SEGUNDA-FEIRA;0;0;6;06H-08H;MANHA;AMANHECER;REAÇÃO TARDIA OU INEFICIENTE DO CONDUTOR;CAPOTAMENTO;CÉU CLARO;DUPLA;CURVA;NÃO;0
MG;BR-116;TEOFILO OTONI;7;3;DOMINGO;6;1;23;21H-23H;NOITE;PLENA NOITE;DEMAIS FALHAS MECÂNICAS OU ELÉTRICAS;INCÊNDIO;CÉU CLARO;SIMPLES;RETA;NÃO;0
PA;BR-163;TRAIRAO;7;3;DOMINGO;6;1;14;12H-14H;TARDE;PLENO DIA;INGESTÃO DE ÁLCOOL PELO CONDUTOR;TOMBAMENTO;CÉU CLARO;SIMPLES;CURVA;NÃO;0
SP;BR-381;BRAGANCA PAULISTA;7;3;SEGUNDA-FEIRA;0;0;5;03H-05H;MADRUGADA;PLENA NOITE;AUSÊNCIA DE REAÇÃO DO CONDUTOR;TOMBAMENTO;NEVOEIRO/NEBLINA;DUPLA;"RETA;ACLIVE";NÃO;0
ES;BR-101;JOAO NEIVA;7;3;SEGUNDA-FEIRA;0;0;7;06H-08H;MANHA;PLENO DIA;VELOCIDADE INCOMPATÍVEL;SAÍDA DE LEITO CARROÇÁVEL;CÉU CLARO;SIMPLES;CURVA;NÃO;0
MG;BR-040;CONSELHEIRO LAFAIETE;7;3;SEGUNDA-FEIRA;0;0;6;06H-08H;MANHA;AMANHECER;ACESSAR A VIA SEM OBSERVAR A PRESENÇA DOS OUTROS VEÍCULOS;COLISÃO TRASEIRA;NUBLADO;SIMPLES;RETA;NÃO;0
GO;BR-060;RIO VERDE;7;3;DOMINGO;6;1;23;21H-23H;NOITE;PLENA NOITE;DEMAIS FALHAS MECÂNICAS OU ELÉTRICAS;INCÊNDIO;CÉU CLARO;DUPLA;RETA;NÃO;0
PR;BR-487;ICARAIMA;7;3;DOMINGO;6;1;16;15H-17H;TARDE;PLENO DIA;AUSÊNCIA DE REAÇÃO DO CONDUTOR;COLISÃO TRANSVERSAL;CÉU CLARO;SIMPLES;CURVA;NÃO;0
PE;BR-116;CABROBO;7;3;SEGUNDA-FEIRA;0;0;7;06H-08H;MANHA;PLENO DIA;DEMAIS FALHAS MECÂNICAS OU ELÉTRICAS;INCÊNDIO;CÉU CLARO;SIMPLES;"ACLIVE;RETA";NÃO;0
SC;BR-282;PALHOCA;7;3;SEGUNDA-FEIRA;0;0;8;06H-08H;MANHA;PLENO DIA;ACESSAR A VIA SEM OBSERVAR A PRESENÇA DOS OUTROS VEÍCULOS;COLISÃO FRONTAL;CÉU CLARO;SIMPLES;RETA;SIM;0
BA;BR-101;IBIRAPITANGA;7;3;SEGUNDA-FEIRA;0;0;7;06H-08H;MANHA;AMANHECER;CURVA ACENTUADA;TOMBAMENTO;CÉU CLARO;SIMPLES;CURVA;NÃO;0
PA;BR-308;TRACUATEUA;7;3;SEGUNDA-FEIRA;0;0;5;03H-05H;MADRUGADA;AMANHECER;AUSÊNCIA DE REAÇÃO DO CONDUTOR;COLISÃO TRASEIRA;CÉU CLARO;SIMPLES;RETA;NÃO;1
PI;BR-343;ALTOS;7;3;SEGUNDA-FEIRA;0;0;8;06H-08H;MANHA;PLENO DIA;REAÇÃO TARDIA OU INEFICIENTE DO CONDUTOR;ENGAVETAMENTO;CÉU CLARO;SIMPLES;"DECLIVE;RETA";NÃO;0
CE;BR-116;PALHANO;7;3;SÁBADO;5;1;3;03H-05H;MADRUGADA;PLENO DIA;ULTRAPASSAGEM INDEVIDA;SAÍDA DE LEITO CARROÇÁVEL;CÉU CLARO;SIMPLES;"DECLIVE;RETA";NÃO;0
PA;BR-163;NOVO PROGRESSO;7;3;DOMINGO;6;1;21;21H-23H;NOITE;ANOITECER;TRANSITAR NA CONTRAMÃO;COLISÃO LATERAL SENTIDO OPOSTO;CÉU CLARO;SIMPLES;RETA;NÃO;0
MG;BR-262;LUZ;7;3;SEGUNDA-FEIRA;0;0;7;06H-08H;MANHA;PLENO DIA;TRANSITAR NA CONTRAMÃO;COLISÃO FRONTAL;SOL;SIMPLES;RETA;NÃO;1
BA;BR-135;FORMOSA DO RIO PRETO;7;3;SEGUNDA-FEIRA;0;0;9;09H-11H;MANHA;PLENO DIA;REAÇÃO TARDIA OU INEFICIENTE DO CONDUTOR;COLISÃO TRASEIRA;CÉU CLARO;SIMPLES;"DECLIVE;RETA";NÃO;0
MG;BR-381;CONTAGEM;7;3;SEGUNDA-FEIRA;0;0;10;09H-11H;MANHA;PLENO DIA;MANOBRA DE MUDANÇA DE FAIXA;COLISÃO LATERAL MESMO SENTIDO;CÉU CLARO;MÚLTIPLA;"DECLIVE;CURVA";SIM;0
RO;BR-435;VILHENA;7;3;SEGUNDA-FEIRA;0;0;9;09H-11H;MANHA;PLENO DIA;CURVA ACENTUADA;SAÍDA DE LEITO CARROÇÁVEL;CÉU CLARO;SIMPLES;"DECLIVE;CURVA";NÃO;1
PE;BR-116;SALGUEIRO;6;2;SEXTA-FEIRA;4;0;9;09H-11H;MANHA;PLENO DIA;CONDUTOR DEIXOU DE MANTER DISTÂNCIA DO VEÍCULO DA FRENTE;COLISÃO TRASEIRA;SOL;SIMPLES;"RETA;DECLIVE;PONTE";NÃO;0
SP;BR-381;ATIBAIA;7;3;SEGUNDA-FEIRA;0;0;12;12H-14H;TARDE;PLENO DIA;TRAFEGAR COM MOTOCICLETA (OU SIMILAR) ENTRE AS FAIXAS;COLISÃO LATERAL MESMO SENTIDO;CÉU CLARO;DUPLA;RETA;SIM;0
MT;BR-158;AGUA BOA;7;3;SEGUNDA-FEIRA;0;0;11;09H-11H;MANHA;PLENO DIA;ACOSTAMENTO EM DESNÍVEL;TOMBAMENTO;CÉU CLARO;SIMPLES;RETA;NÃO;0
RS;BR-471;RIO PARDO;7;3;DOMINGO;6;1;12;12H-14H;TARDE;PLENO DIA;VELOCIDADE INCOMPATÍVEL;SAÍDA DE LEITO CARROÇÁVEL;CÉU CLARO;SIMPLES;ROTATÓRIA;NÃO;0
TO;BR-153;ARAGUAINA;7;3;QUINTA-FEIRA;3;0;10;09H-11H;MANHA;PLENO DIA;CONDUTOR DORMINDO;TOMBAMENTO;CÉU CLARO;SIMPLES;RETA;NÃO;0
RO;BR-364;ITAPUA DO OESTE;7;3;SEGUNDA-FEIRA;0;0;12;12H-14H;TARDE;PLENO DIA;RETORNO PROIBIDO;COLISÃO TRANSVERSAL;CÉU CLARO;DUPLA;"RETA;RETORNO REGULAMENTADO";SIM;0
BA;BR-101;ITABELA;7;3;SEGUNDA-FEIRA;0;0;14;12H-14H;TARDE;PLENO DIA;VELOCIDADE INCOMPATÍVEL;SAÍDA DE LEITO CARROÇÁVEL;CÉU CLARO;SIMPLES;CURVA;NÃO;1
CE;BR-116;AQUIRAZ;7;3;SEGUNDA-FEIRA;0;0;15;15H-17H;TARDE;PLENO DIA;MANOBRA DE MUDANÇA DE FAIXA;ENGAVETAMENTO;CÉU CLARO;DUPLA;ACLIVE;NÃO;0
SC;BR-282;XANXERE;7;3;SEGUNDA-FEIRA;0;0;11;09H-11H;MANHA;PLENO DIA;CONDUTOR USANDO CELULAR;COLISÃO LATERAL SENTIDO OPOSTO;CÉU CLARO;SIMPLES;"DECLIVE;RETA";NÃO;0
MG;BR-459;CONGONHAL;7;3;SEGUNDA-FEIRA;0;0;13;12H-14H;TARDE;PLENO DIA;REAÇÃO TARDIA OU INEFICIENTE DO CONDUTOR;COLISÃO COM OBJETO;CÉU CLARO;SIMPLES;RETA;NÃO;0
RN;BR-304;MOSSORO;7;3;SEGUNDA-FEIRA;0;0;16;15H-17H;TARDE;PLENO DIA;REAÇÃO TARDIA OU INEFICIENTE DO CONDUTOR;COLISÃO TRASEIRA;CÉU CLARO;DUPLA;RETA;SIM;0
SC;BR-101;IMBITUBA;7;3;SEGUNDA-FEIRA;0;0;14;12H-14H;TARDE;PLENO DIA;AUSÊNCIA DE REAÇÃO DO CONDUTOR;COLISÃO LATERAL MESMO SENTIDO;SOL;DUPLA;RETA;NÃO;0
RS;BR-285;PASSO FUNDO;7;3;SEGUNDA-FEIRA;0;0;17;15H-17H;TARDE;PLENO DIA;DESRESPEITAR A PREFERÊNCIA NO CRUZAMENTO;COLISÃO TRANSVERSAL;CÉU CLARO;SIMPLES;"RETA;INTERSEÇÃO DE VIAS";SIM;0
MT;BR-163;PEIXOTO DE AZEVEDO;6;2;SÁBADO;5;1;8;06H-08H;MANHA;AMANHECER;CONDUTOR DEIXOU DE MANTER DISTÂNCIA DO VEÍCULO DA FRENTE;COLISÃO TRASEIRA;CÉU CLARO;SIMPLES;RETA;NÃO;0
MG;BR-365;MONTE ALEGRE DE MINAS;7;3;SEGUNDA-FEIRA;0;0;14;12H-14H;TARDE;PLENO DIA;DEMAIS FALHAS MECÂNICAS OU ELÉTRICAS;INCÊNDIO;CÉU CLARO;DUPLA;RETA;NÃO;0
SC;BR-101;ITAJAI;7;3;SEGUNDA-FEIRA;0;0;17;15H-17H;TARDE;ANOITECER;REAÇÃO TARDIA OU INEFICIENTE DO CONDUTOR;ENGAVETAMENTO;CÉU CLARO;DUPLA;RETA;SIM;0
RS;BR-101;OSORIO;7;3;SEGUNDA-FEIRA;0;0;17;15H-17H;TARDE;ANOITECER;REAÇÃO TARDIA OU INEFICIENTE DO CONDUTOR;COLISÃO TRASEIRA;CÉU CLARO;DUPLA;RETA;NÃO;0
MG;BR-262;JUATUBA;7;3;SEGUNDA-FEIRA;0;0;18;18H-20H;NOITE;PLENA NOITE;MANOBRA DE MUDANÇA DE FAIXA;COLISÃO LATERAL MESMO SENTIDO;CÉU CLARO;DUPLA;"DECLIVE;CURVA";SIM;0
CE;BR-116;ITAITINGA;7;3;SEGUNDA-FEIRA;0;0;18;18H-20H;NOITE;PLENA NOITE;AUSÊNCIA DE REAÇÃO DO CONDUTOR;COLISÃO LATERAL MESMO SENTIDO;CÉU CLARO;DUPLA;RETA;NÃO;0
TO;BR-153;FATIMA;7;3;SEGUNDA-FEIRA;0;0;14;12H-14H;TARDE;PLENO DIA;TRANSITAR NA CONTRAMÃO;COLISÃO FRONTAL;CÉU CLARO;SIMPLES;RETA;NÃO;1
MA;BR-316;NOVA OLINDA DO MARANHAO;7;3;SEGUNDA-FEIRA;0;0;17;15H-17H;TARDE;PLENO DIA;ACESSAR A VIA SEM OBSERVAR A PRESENÇA DOS OUTROS VEÍCULOS;COLISÃO FRONTAL;CÉU CLARO;SIMPLES;RETA;NÃO;1
BA;BR-349;CORRENTINA;7;3;SEGUNDA-FEIRA;0;0;19;18H-20H;NOITE;PLENA NOITE;REAÇÃO TARDIA OU INEFICIENTE DO CONDUTOR;COLISÃO TRASEIRA;CÉU CLARO;SIMPLES;RETA;SIM;0
RJ;BR-116;SAO JOAO DE MERITI;7;3;SEGUNDA-FEIRA;0;0;17;15H-17H;TARDE;ANOITECER;MANOBRA DE MUDANÇA DE FAIXA;COLISÃO LATERAL MESMO SENTIDO;CÉU CLARO;DUPLA;RETA;SIM;0
SC;BR-101;GOVERNADOR CELSO RAMOS;7;3;SEGUNDA-FEIRA;0;0;20;18H-20H;NOITE;PLENA NOITE;ACESSAR A VIA SEM OBSERVAR A PRESENÇA DOS OUTROS VEÍCULOS;COLISÃO LATERAL MESMO SENTIDO;IGNORADO;DUPLA;RETA;NÃO;0
BA;BR-324;RIACHAO DO JACUIPE;7;3;DOMINGO;6;1;19;18H-20H;NOITE;PLENA NOITE;REAÇÃO TARDIA OU INEFICIENTE DO CONDUTOR;SAÍDA DE LEITO CARROÇÁVEL;CÉU CLARO;SIMPLES;RETA;NÃO;0
MA;BR-316;MARACACUME;7;3;SEGUNDA-FEIRA;0;0;17;15H-17H;TARDE;PLENO DIA;REAÇÃO TARDIA OU INEFICIENTE DO CONDUTOR;COLISÃO FRONTAL;CÉU CLARO;SIMPLES;ACLIVE;NÃO;1
SC;BR-101;JOINVILLE;7;3;SEGUNDA-FEIRA;0;0;21;21H-23H;NOITE;PLENA NOITE;INGESTÃO DE ÁLCOOL PELO CONDUTOR;COLISÃO LATERAL MESMO SENTIDO;NUBLADO;DUPLA;RETA;NÃO;0
PI;BR-343;SAO PEDRO DO PIAUI;7;3;SEGUNDA-FEIRA;0;0;19;18H-20H;NOITE;PLENA NOITE;ACESSAR A VIA SEM OBSERVAR A PRESENÇA DOS OUTROS VEÍCULOS;COLISÃO TRANSVERSAL;IGNORADO;SIMPLES;RETA;NÃO;0
MT;BR-174;PONTES E LACERDA;7;3;SEGUNDA-FEIRA;0;0;20;18H-20H;NOITE;PLENA NOITE;ANIMAIS NA PISTA;ATROPELAMENTO DE ANIMAL;CÉU CLARO;SIMPLES;RETA;NÃO;0
GO;BR-060;JATAI;7;3;SEGUNDA-FEIRA;0;0;21;21H-23H;NOITE;PLENA NOITE;OBJETO ESTÁTICO SOBRE O LEITO CARROÇÁVEL;TOMBAMENTO;CÉU CLARO;DUPLA;CURVA;NÃO;0
SP;BR-116;MIRACATU;7;3;SEGUNDA-FEIRA;0;0;23;21H-23H;NOITE;PLENA NOITE;CONDUTOR DEIXOU DE MANTER DISTÂNCIA DO VEÍCULO DA FRENTE;SAÍDA DE LEITO CARROÇÁVEL;NUBLADO;DUPLA;RETA;NÃO;0
MG;BR-153;MONTE ALEGRE DE MINAS;7;3;TERÇA-FEIRA;1;0;1;00H-02H;MADRUGADA;PLENA NOITE;ULTRAPASSAGEM INDEVIDA;COLISÃO LATERAL SENTIDO OPOSTO;CÉU CLARO;SIMPLES;RETA;NÃO;0
SC;BR-101;PALHOCA;7;3;TERÇA-FEIRA;1;0;3;03H-05H;MADRUGADA;PLENA NOITE;PEDESTRE - INGESTÃO DE ÁLCOOL/ SUBSTÂNCIAS PSICOATIVAS;ATROPELAMENTO DE PEDESTRE;CÉU CLARO;DUPLA;"DECLIVE;CURVA";NÃO;0
MG;BR-262;COMENDADOR GOMES;7;3;TERÇA-FEIRA;1;0;1;00H-02H;MADRUGADA;PLENA NOITE;CONDUTOR DORMINDO;SAÍDA DE LEITO CARROÇÁVEL;CÉU CLARO;SIMPLES;"INTERSEÇÃO DE VIAS;RETA";NÃO;0
SE;BR-101;ESTANCIA;7;3;TERÇA-FEIRA;1;0;4;03H-05H;MADRUGADA;PLENA NOITE;CONDUTOR DORMINDO;COLISÃO LATERAL SENTIDO OPOSTO;CÉU CLARO;SIMPLES;"ACLIVE;RETA";NÃO;0
SP;BR-116;GUARULHOS;7;3;TERÇA-FEIRA;1;0;6;06H-08H;MANHA;AMANHECER;OBJETO ESTÁTICO SOBRE O LEITO CARROÇÁVEL;COLISÃO COM OBJETO;NEVOEIRO/NEBLINA;MÚLTIPLA;RETA;SIM;0
RS;BR-293;CAPAO DO LEAO;7;3;TERÇA-FEIRA;1;0;6;06H-08H;MANHA;AMANHECER;ACESSAR A VIA SEM OBSERVAR A PRESENÇA DOS OUTROS VEÍCULOS;COLISÃO TRANSVERSAL;CÉU CLARO;SIMPLES;RETA;SIM;0
TO;BR-153;MIRACEMA DO TOCANTINS;7;3;TERÇA-FEIRA;1;0;4;03H-05H;MADRUGADA;PLENA NOITE;TRANSITAR NA CONTRAMÃO;COLISÃO LATERAL SENTIDO OPOSTO;CÉU CLARO;SIMPLES;RETA;NÃO;0
MG;BR-251;FRANCISCO SA;7;3;TERÇA-FEIRA;1;0;6;06H-08H;MANHA;PLENO DIA;ULTRAPASSAGEM INDEVIDA;TOMBAMENTO;CÉU CLARO;SIMPLES;"DECLIVE;RETA";NÃO;0
RO;BR-364;PRESIDENTE MEDICI;7;3;DOMINGO;6;1;3;03H-05H;MADRUGADA;PLENA NOITE;INGESTÃO DE ÁLCOOL PELO CONDUTOR;COLISÃO LATERAL SENTIDO OPOSTO;IGNORADO;SIMPLES;RETA;NÃO;0
RJ;BR-116;QUEIMADOS;7;3;TERÇA-FEIRA;1;0;7;06H-08H;MANHA;PLENO DIA;AUSÊNCIA DE REAÇÃO DO CONDUTOR;COLISÃO TRASEIRA;SOL;DUPLA;CURVA;SIM;0
TO;BR-153;ALIANCA DO TOCANTINS;7;3;TERÇA-FEIRA;1;0;8;06H-08H;MANHA;PLENO DIA;REAÇÃO TARDIA OU INEFICIENTE DO CONDUTOR;COLISÃO LATERAL SENTIDO OPOSTO;SOL;SIMPLES;RETA;NÃO;0
CE;BR-020;BOA VIAGEM;7;3;TERÇA-FEIRA;1;0;3;03H-05H;MADRUGADA;PLENA NOITE;PISTA ESBURACADA;SAÍDA DE LEITO CARROÇÁVEL;IGNORADO;SIMPLES;"RETA;ACLIVE";NÃO;0
PR;BR-476;LAPA;7;3;TERÇA-FEIRA;1;0;7;06H-08H;MANHA;PLENO DIA;VELOCIDADE INCOMPATÍVEL;TOMBAMENTO;SOL;SIMPLES;CURVA;NÃO;0
MA;BR-230;BARAO DE GRAJAU;7;3;TERÇA-FEIRA;1;0;7;06H-08H;MANHA;PLENO DIA;ESTACIONAR OU PARAR EM LOCAL PROIBIDO;COLISÃO TRASEIRA;SOL;SIMPLES;RETA;NÃO;0
PE;BR-101;IPOJUCA;7;3;SÁBADO;5;1;0;00H-02H;MADRUGADA;PLENA NOITE;REAÇÃO TARDIA OU INEFICIENTE DO CONDUTOR;TOMBAMENTO;CHUVA;DUPLA;RETA;NÃO;0
ES;BR-101;SOORETAMA;7;3;TERÇA-FEIRA;1;0;9;09H-11H;MANHA;PLENO DIA;PEDESTRE CRUZAVA A PISTA FORA DA FAIXA;ATROPELAMENTO DE PEDESTRE;CÉU CLARO;SIMPLES;RETA;SIM;0
SP;BR-381;MAIRIPORA;7;3;TERÇA-FEIRA;1;0;8;06H-08H;MANHA;PLENO DIA;DEMAIS FALHAS MECÂNICAS OU ELÉTRICAS;COLISÃO TRASEIRA;CÉU CLARO;MÚLTIPLA;RETA;SIM;0
MG;BR-381;BRUMADINHO;7;3;TERÇA-FEIRA;1;0;7;06H-08H;MANHA;PLENO DIA;MANOBRA DE MUDANÇA DE FAIXA;COLISÃO LATERAL MESMO SENTIDO;CÉU CLARO;DUPLA;"EM OBRAS;DECLIVE;RETA";NÃO;0
RJ;BR-116;RESENDE;7;3;TERÇA-FEIRA;1;0;10;09H-11H;MANHA;PLENO DIA;CONDUTOR DORMINDO;COLISÃO TRASEIRA;CÉU CLARO;DUPLA;RETA;SIM;0
ES;BR-101;ATILIO VIVACQUA;7;3;TERÇA-FEIRA;1;0;9;09H-11H;MANHA;PLENO DIA;ACUMULO DE AREIA OU DETRITOS SOBRE O PAVIMENTO;EVENTOS ATÍPICOS;CÉU CLARO;SIMPLES;RETA;NÃO;0
MG;BR-381;SAO GONCALO DO SAPUCAI;7;3;TERÇA-FEIRA;1;0;10;09H-11H;MANHA;PLENO DIA;REAÇÃO TARDIA OU INEFICIENTE DO CONDUTOR;COLISÃO LATERAL MESMO SENTIDO;CÉU CLARO;DUPLA;RETA;NÃO;0
MG;BR-040;BELO HORIZONTE;7;3;TERÇA-FEIRA;1;0;10;09H-11H;MANHA;PLENO DIA;MANOBRA DE MUDANÇA DE FAIXA;COLISÃO TRASEIRA;SOL;DUPLA;"RETA;ACLIVE;INTERSEÇÃO DE VIAS";SIM;0
PA;BR-010;DOM ELISEU;7;3;SEGUNDA-FEIRA;0;0;22;21H-23H;NOITE;PLENA NOITE;AUSÊNCIA DE REAÇÃO DO CONDUTOR;COLISÃO TRASEIRA;CÉU CLARO;SIMPLES;RETA;NÃO;1
DF;BR-020;BRASILIA;7;3;TERÇA-FEIRA;1;0;11;09H-11H;MANHA;PLENO DIA;ACESSAR A VIA SEM OBSERVAR A PRESENÇA DOS OUTROS VEÍCULOS;COLISÃO TRASEIRA;CÉU CLARO;DUPLA;"RETA;DECLIVE;EM OBRAS";SIM;0
PB;BR-116;CACHOEIRA DOS INDIOS;7;3;TERÇA-FEIRA;1;0;6;06H-08H;MANHA;AMANHECER;VELOCIDADE INCOMPATÍVEL;SAÍDA DE LEITO CARROÇÁVEL;CÉU CLARO;SIMPLES;"DECLIVE;CURVA";NÃO;0
RJ;BR-101;CASIMIRO DE ABREU;7;3;TERÇA-FEIRA;1;0;10;09H-11H;MANHA;PLENO DIA;VELOCIDADE INCOMPATÍVEL;SAÍDA DE LEITO CARROÇÁVEL;CÉU CLARO;SIMPLES;CURVA;NÃO;0
RS;BR-290;PORTO ALEGRE;7;3;TERÇA-FEIRA;1;0;10;09H-11H;MANHA;PLENO DIA;VELOCIDADE INCOMPATÍVEL;COLISÃO COM OBJETO;CÉU CLARO;DUPLA;"CURVA;DECLIVE";SIM;0
SP;BR-116;SANTA ISABEL;7;3;TERÇA-FEIRA;1;0;10;09H-11H;MANHA;PLENO DIA;AUSÊNCIA DE REAÇÃO DO CONDUTOR;COLISÃO TRASEIRA;CÉU CLARO;DUPLA;RETA;NÃO;0
SC;BR-101;LAGUNA;7;3;TERÇA-FEIRA;1;0;10;09H-11H;MANHA;PLENO DIA;ANIMAIS NA PISTA;COLISÃO LATERAL MESMO SENTIDO;CÉU CLARO;MÚLTIPLA;RETA;SIM;0
AL;BR-101;SAO MIGUEL DOS CAMPOS;7;3;TERÇA-FEIRA;1;0;10;09H-11H;MANHA;PLENO DIA;PROBLEMA COM O FREIO;ENGAVETAMENTO;CHUVA;SIMPLES;"DECLIVE;CURVA";NÃO;0
MG;BR-050;UBERLANDIA;7;3;SEGUNDA-FEIRA;0;0;12;12H-14H;TARDE;PLENO DIA;AUSÊNCIA DE REAÇÃO DO CONDUTOR;ENGAVETAMENTO;SOL;DUPLA;"RETA;DECLIVE";SIM;0
RJ;BR-493;NOVA IGUACU;7;3;TERÇA-FEIRA;1;0;12;12H-14H;TARDE;PLENO DIA;DEMAIS FALHAS MECÂNICAS OU ELÉTRICAS;SAÍDA DE LEITO CARROÇÁVEL;CÉU CLARO;DUPLA;RETA;NÃO;0
MG;BR-116;TEOFILO OTONI;7;3;TERÇA-FEIRA;1;0;10;09H-11H;MANHA;PLENO DIA;AUSÊNCIA DE REAÇÃO DO CONDUTOR;COLISÃO TRANSVERSAL;CÉU CLARO;DUPLA;RETA;SIM;0
SC;BR-470;LONTRAS;7;3;TERÇA-FEIRA;1;0;13;12H-14H;TARDE;PLENO DIA;ACESSAR A VIA SEM OBSERVAR A PRESENÇA DOS OUTROS VEÍCULOS;COLISÃO TRANSVERSAL;CÉU CLARO;SIMPLES;"RETORNO REGULAMENTADO;RETA;INTERSEÇÃO DE VIAS";NÃO;0
PB;BR-101;BAYEUX;7;3;TERÇA-FEIRA;1;0;12;12H-14H;TARDE;PLENO DIA;CONDUTOR DEIXOU DE MANTER DISTÂNCIA DO VEÍCULO DA FRENTE;COLISÃO TRASEIRA;CÉU CLARO;SIMPLES;RETA;SIM;0
PR;BR-277;MEDIANEIRA;7;3;TERÇA-FEIRA;1;0;12;12H-14H;TARDE;PLENO DIA;REAÇÃO TARDIA OU INEFICIENTE DO CONDUTOR;COLISÃO TRASEIRA;CÉU CLARO;DUPLA;"RETA;RETORNO REGULAMENTADO";SIM;0
GO;BR-050;CATALAO;7;3;TERÇA-FEIRA;1;0;11;09H-11H;MANHA;PLENO DIA;VELOCIDADE INCOMPATÍVEL;TOMBAMENTO;CÉU CLARO;DUPLA;"CURVA;ROTATÓRIA;EM OBRAS";NÃO;0
MG;BR-040;CONGONHAS;7;3;TERÇA-FEIRA;1;0;14;12H-14H;TARDE;PLENO DIA;VELOCIDADE INCOMPATÍVEL;TOMBAMENTO;CÉU CLARO;SIMPLES;"DECLIVE;CURVA";NÃO;0
MS;BR-163;COXIM;7;3;TERÇA-FEIRA;1;0;13;12H-14H;TARDE;PLENO DIA;ACESSAR A VIA SEM OBSERVAR A PRESENÇA DOS OUTROS VEÍCULOS;COLISÃO TRANSVERSAL;CÉU CLARO;SIMPLES;"RETA;INTERSEÇÃO DE VIAS";SIM;0
PR;BR-116;QUATRO BARRAS;7;3;TERÇA-FEIRA;1;0;14;12H-14H;TARDE;PLENO DIA;CARGA EXCESSIVA E/OU MAL ACONDICIONADA;SAÍDA DE LEITO CARROÇÁVEL;SOL;DUPLA;"INTERSEÇÃO DE VIAS;DECLIVE;CURVA";NÃO;0
PR;BR-376;TIJUCAS DO SUL;7;3;TERÇA-FEIRA;1;0;14;12H-14H;TARDE;PLENO DIA;CONDUTOR DORMINDO;SAÍDA DE LEITO CARROÇÁVEL;CÉU CLARO;DUPLA;RETA;NÃO;1
PA;BR-230;ITAITUBA;6;2;QUARTA-FEIRA;2;0;14;12H-14H;TARDE;PLENO DIA;REAÇÃO TARDIA OU INEFICIENTE DO CONDUTOR;COLISÃO LATERAL SENTIDO OPOSTO;CHUVA;SIMPLES;"DECLIVE;RETA";NÃO;0
SE;BR-101;CRISTINAPOLIS;7;3;TERÇA-FEIRA;1;0;14;12H-14H;TARDE;PLENO DIA;AUSÊNCIA DE REAÇÃO DO CONDUTOR;COLISÃO LATERAL SENTIDO OPOSTO;SOL;SIMPLES;RETA;SIM;0