uf;br_formatada;municipio;mes;trimestre;dia_semana;dia_semana_num;fim_de_semana;hora;faixa_horaria;turno;fase_dia;causa_acidente;tipo_acidente;condicao_metereologica;tipo_pista;tracado_via;uso_solo;acidente_fatal
PE;BR-104;TORITAMA;8;3;QUARTA-FEIRA;2;0;20;18H-20H;NOITE;PLENA NOITE;ACESSAR A VIA SEM OBSERVAR A PRESENÇA DOS OUTROS VEÍCULOS;COLISÃO TRANSVERSAL;CÉU CLARO;SIMPLES;ROTATÓRIA;SIM;0
PA;BR-163;ITAITUBA;8;3;TERÇA-FEIRA;1;0;19;18H-20H;NOITE;PLENA NOITE;REAÇÃO TARDIA OU INEFICIENTE DO CONDUTOR;TOMBAMENTO;NUBLADO;SIMPLES;CURVA;NÃO;0
MG;BR-040;LAGOA GRANDE;8;3;QUARTA-FEIRA;2;0;9;09H-11H;MANHA;PLENO DIA;REAÇÃO TARDIA OU INEFICIENTE DO CONDUTOR;COLISÃO TRASEIRA;CÉU CLARO;SIMPLES;"RETA;PONTE";NÃO;0
RJ;BR-101;MACAE;8;3;QUARTA-FEIRA;2;0;19;18H-20H;NOITE;PLENA NOITE;CONDUTOR DEIXOU DE MANTER DISTÂNCIA DO VEÍCULO DA FRENTE;ENGAVETAMENTO;CÉU CLARO;SIMPLES;CURVA;NÃO;0
RO;BR-421;MONTE NEGRO;8;3;QUARTA-FEIRA;2;0;8;06H-08H;MANHA;PLENO DIA;REAÇÃO TARDIA OU INEFICIENTE DO CONDUTOR;COLISÃO LATERAL SENTIDO OPOSTO;CÉU CLARO;SIMPLES;RETA;NÃO;0
MG;BR-116;GOVERNADOR VALADARES;8;3;QUARTA-FEIRA;2;0;14;12H-14H;TARDE;PLENO DIA;CONDUTOR DORMINDO;COLISÃO LATERAL SENTIDO OPOSTO;CÉU CLARO;SIMPLES;RETA;NÃO;0
MA;BR-222;SANTA LUZIA;8;3;QUARTA-FEIRA;2;0;18;18H-20H;NOITE;PLENA NOITE;DEMAIS FALHAS MECÂNICAS OU ELÉTRICAS;SAÍDA DE LEITO CARROÇÁVEL;CÉU CLARO;SIMPLES;"DECLIVE;CURVA";NÃO;0
RJ;BR-101;ITABORAI;8;3;QUARTA-FEIRA;2;0;23;21H-23H;NOITE;PLENA NOITE;MANOBRA DE MUDANÇA DE FAIXA;COLISÃO LATERAL MESMO SENTIDO;CÉU CLARO;DUPLA;RETA;SIM;0
PE;BR-101;IGARASSU;8;3;QUINTA-FEIRA;3;0;0;00H-02H;MADRUGADA;PLENA NOITE;AUSÊNCIA DE REAÇÃO DO CONDUTOR;SAÍDA DE LEITO CARROÇÁVEL;CÉU CLARO;MÚLTIPLA;RETA;SIM;0
MG;BR-381;CAREACU;8;3;QUINTA-FEIRA;3;0;1;00H-02H;MADRUGADA;PLENA NOITE;REAÇÃO TARDIA OU INEFICIENTE DO CONDUTOR;COLISÃO COM OBJETO;CHUVA;DUPLA;"RETA;DECLIVE";NÃO;0
SP;BR-116;ITAPECERICA DA SERRA;8;3;QUINTA-FEIRA;3;0;0;00H-02H;MADRUGADA;PLENA NOITE;MANOBRA DE MUDANÇA DE FAIXA;COLISÃO LATERAL MESMO SENTIDO;GAROA/CHUVISCO;DUPLA;RETA;NÃO;0
TO;BR-153;FATIMA;8;3;QUINTA-FEIRA;3;0;2;00H-02H;MADRUGADA;PLENA NOITE;DEMAIS FALHAS MECÂNICAS OU ELÉTRICAS;INCÊNDIO;CÉU CLARO;DUPLA;RETA;SIM;0
MG;BR-381;BRUMADINHO;8;3;QUINTA-FEIRA;3;0;2;00H-02H;MADRUGADA;PLENA NOITE;VELOCIDADE INCOMPATÍVEL;TOMBAMENTO;CÉU CLARO;DUPLA;"DECLIVE;CURVA";NÃO;0
PE;BR-423;JUPI;8;3;QUINTA-FEIRA;3;0;2;00H-02H;MADRUGADA;PLENA NOITE;REAÇÃO TARDIA OU INEFICIENTE DO CONDUTOR;COLISÃO TRASEIRA;CÉU CLARO;SIMPLES;"ACLIVE;RETA";NÃO;0
RJ;BR-040;DUQUE DE CAXIAS;8;3;QUINTA-FEIRA;3;0;5;03H-05H;MADRUGADA;AMANHECER;DEMAIS FALHAS MECÂNICAS OU ELÉTRICAS;INCÊNDIO;NUBLADO;SIMPLES;RETA;NÃO;0
PE;BR-408;ALIANCA;8;3;QUINTA-FEIRA;3;0;3;03H-05H;MADRUGADA;PLENA NOITE;AUSÊNCIA DE REAÇÃO DO CONDUTOR;TOMBAMENTO;CÉU CLARO;SIMPLES;"DECLIVE;CURVA;PONTE";NÃO;1
MG;BR-262;ARAUJOS;8;3;QUINTA-FEIRA;3;0;5;03H-05H;MADRUGADA;AMANHECER;CONDUTOR DEIXOU DE MANTER DISTÂNCIA DO VEÍCULO DA FRENTE;COLISÃO TRASEIRA;CÉU CLARO;SIMPLES;RETA;NÃO;1
PE;BR-101;RECIFE;8;3;QUINTA-FEIRA;3;0;5;03H-05H;MADRUGADA;AMANHECER;MANOBRA DE MUDANÇA DE FAIXA;COLISÃO LATERAL MESMO SENTIDO;CÉU CLARO;DUPLA;RETA;SIM;0
GO;BR-060;ALEXANIA;8;3;QUINTA-FEIRA;3;0;5;03H-05H;MADRUGADA;AMANHECER;DEMAIS FALHAS MECÂNICAS OU ELÉTRICAS;TOMBAMENTO;CÉU CLARO;DUPLA;"DECLIVE;CURVA";NÃO;0
MG;BR-381;EXTREMA;8;3;QUINTA-FEIRA;3;0;5;03H-05H;MADRUGADA;AMANHECER;AUSÊNCIA DE REAÇÃO DO CONDUTOR;COLISÃO LATERAL MESMO SENTIDO;CÉU CLARO;DUPLA;"ACLIVE;CURVA";NÃO;0
CE;BR-222;COREAU;8;3;QUINTA-FEIRA;3;0;4;03H-05H;MADRUGADA;AMANHECER;DEMAIS FALHAS MECÂNICAS OU ELÉTRICAS;TOMBAMENTO;CÉU CLARO;SIMPLES;RETA;NÃO;0
PR;BR-369;LONDRINA;8;3;QUINTA-FEIRA;3;0;6;06H-08H;MANHA;PLENO DIA;MANOBRA DE MUDANÇA DE FAIXA;COLISÃO TRANSVERSAL;NUBLADO;DUPLA;"RETA;INTERSEÇÃO DE VIAS";SIM;0
RS;BR-386;ESTRELA;8;3;QUINTA-FEIRA;3;0;7;06H-08H;MANHA;PLENO DIA;ACESSAR A VIA SEM OBSERVAR A PRESENÇA DOS OUTROS VEÍCULOS;COLISÃO TRANSVERSAL;NUBLADO;DUPLA;RETA;NÃO;0
BA;BR-242;ITABERABA;8;3;QUINTA-FEIRA;3;0;3;03H-05H;MADRUGADA;PLENA NOITE;VELOCIDADE INCOMPATÍVEL;TOMBAMENTO;NUBLADO;SIMPLES;"CURVA;ACLIVE";NÃO;0
MG;BR-365;PATROCINIO;8;3;QUINTA-FEIRA;3;0;7;06H-08H;MANHA;PLENO DIA;ULTRAPASSAGEM INDEVIDA;COLISÃO FRONTAL;CÉU CLARO;SIMPLES;RETA;NÃO;1
CE;BR-116;JAGUARIBARA;8;3;TERÇA-FEIRA;1;0;10;09H-11H;MANHA;PLENO DIA;VELOCIDADE INCOMPATÍVEL;ATROPELAMENTO DE PEDESTRE;SOL;SIMPLES;"RETA;EM OBRAS;DECLIVE";NÃO;0
RS;BR-472;SANTO CRISTO;8;3;QUINTA-FEIRA;3;0;9;09H-11H;MANHA;PLENO DIA;TRANSITAR NA CONTRAMÃO;COLISÃO FRONTAL;CÉU CLARO;SIMPLES;"CURVA;INTERSEÇÃO DE VIAS";SIM;1
PA;BR-163;TRAIRAO;8;3;QUINTA-FEIRA;3;0;6;06H-08H;MANHA;PLENO DIA;PEDESTRE ANDAVA NA PISTA;ATROPELAMENTO DE PEDESTRE;CÉU CLARO;SIMPLES;RETA;NÃO;0
RJ;BR-101;RIO DE JANEIRO;8;3;QUINTA-FEIRA;3;0;9;09H-11H;MANHA;PLENO DIA;CONDUTOR DEIXOU DE MANTER DISTÂNCIA DO VEÍCULO DA FRENTE;COLISÃO TRASEIRA;CÉU CLARO;DUPLA;INTERSEÇÃO DE VIAS;NÃO;0
RR;BR-174;RORAINOPOLIS;8;3;QUINTA-FEIRA;3;0;0;00H-02H;MADRUGADA;PLENA NOITE;VELOCIDADE INCOMPATÍVEL;COLISÃO LATERAL SENTIDO OPOSTO;CÉU CLARO;SIMPLES;PONTE;NÃO;0
GO;BR-040;LUZIANIA;8;3;QUINTA-FEIRA;3;0;11;09H-11H;MANHA;PLENO DIA;PEDESTRE - INGESTÃO DE ÁLCOOL/ SUBSTÂNCIAS PSICOATIVAS;ATROPELAMENTO DE PEDESTRE;CÉU CLARO;DUPLA;RETA;NÃO;0
GO;BR-050;CUMARI;8;3;QUINTA-FEIRA;3;0;11;09H-11H;MANHA;PLENO DIA;DEMAIS FALHAS MECÂNICAS OU ELÉTRICAS;SAÍDA DE LEITO CARROÇÁVEL;CÉU CLARO;DUPLA;CURVA;NÃO;0
PB;BR-427;POMBAL;8;3;QUINTA-FEIRA;3;0;11;09H-11H;MANHA;PLENO DIA;CONVERSÃO PROIBIDA;COLISÃO TRANSVERSAL;CÉU CLARO;SIMPLES;"RETA;INTERSEÇÃO DE VIAS";SIM;0
SP;BR-116;GUARULHOS;8;3;QUINTA-FEIRA;3;0;11;09H-11H;MANHA;PLENO DIA;AUSÊNCIA DE REAÇÃO DO CONDUTOR;ENGAVETAMENTO;CÉU CLARO;MÚLTIPLA;"RETA;EM OBRAS";SIM;0
MG;BR-040;MATOZINHOS;8;3;QUINTA-FEIRA;3;0;10;09H-11H;MANHA;PLENO DIA;MANOBRA DE MUDANÇA DE FAIXA;COLISÃO LATERAL MESMO SENTIDO;CÉU CLARO;DUPLA;RETA;NÃO;0
PR;BR-376;CURITIBA;8;3;QUINTA-FEIRA;3;0;12;12H-14H;TARDE;PLENO DIA;AUSÊNCIA DE REAÇÃO DO CONDUTOR;COLISÃO TRASEIRA;NUBLADO;DUPLA;RETA;SIM;0
RO;BR-319;PORTO VELHO;8;3;QUINTA-FEIRA;3;0;12;12H-14H;TARDE;PLENO DIA;CONDUTOR DEIXOU DE MANTER DISTÂNCIA DO VEÍCULO DA FRENTE;COLISÃO TRASEIRA;NUBLADO;DUPLA;RETA;SIM;0
RS;BR-116;CAPAO DO LEAO;8;3;QUINTA-FEIRA;3;0;13;12H-14H;TARDE;PLENO DIA;AUSÊNCIA DE REAÇÃO DO CONDUTOR;COLISÃO TRASEIRA;CÉU CLARO;SIMPLES;"RETA;EM OBRAS";NÃO;0
PR;BR-277;BALSA NOVA;8;3;QUINTA-FEIRA;3;0;13;12H-14H;TARDE;PLENO DIA;ACESSAR A VIA SEM OBSERVAR A PRESENÇA DOS OUTROS VEÍCULOS;COLISÃO TRANSVERSAL;CÉU CLARO;DUPLA;RETA;NÃO;0
PA;BR-316;SAO FRANCISCO DO PARA;8;3;QUINTA-FEIRA;3;0;14;12H-14H;TARDE;PLENO DIA;REAÇÃO TARDIA OU INEFICIENTE DO CONDUTOR;ENGAVETAMENTO;CÉU CLARO;SIMPLES;"RETA;EM OBRAS;DECLIVE";NÃO;0
ES;BR-262;IBATIBA;8;3;TERÇA-FEIRA;1;0;18;18H-20H;NOITE;PLENA NOITE;REAÇÃO TARDIA OU INEFICIENTE DO CONDUTOR;COLISÃO FRONTAL;CÉU CLARO;SIMPLES;"ACLIVE;RETA";NÃO;0
PR;BR-277;CANTAGALO;8;3;QUINTA-FEIRA;3;0;13;12H-14H;TARDE;PLENO DIA;DESRESPEITAR A PREFERÊNCIA NO CRUZAMENTO;COLISÃO TRANSVERSAL;CÉU CLARO;SIMPLES;"CURVA;INTERSEÇÃO DE VIAS";SIM;0
RJ;BR-101;CAMPOS DOS GOYTACAZES;8;3;SÁBADO;5;1;10;09H-11H;MANHA;PLENO DIA;REAÇÃO TARDIA OU INEFICIENTE DO CONDUTOR;COLISÃO LATERAL MESMO SENTIDO;CÉU CLARO;DUPLA;RETA;NÃO;0
MG;BR-365;JOAO PINHEIRO;8;3;QUINTA-FEIRA;3;0;10;09H-11H;MANHA;PLENO DIA;REAÇÃO TARDIA OU INEFICIENTE DO CONDUTOR;COLISÃO COM OBJETO;CÉU CLARO;SIMPLES;CURVA;NÃO;0
DF;BR-070;BRASILIA;8;3;QUINTA-FEIRA;3;0;15;15H-17H;TARDE;PLENO DIA;MANOBRA DE MUDANÇA DE FAIXA;COLISÃO TRANSVERSAL;CÉU CLARO;DUPLA;RETA;SIM;0
MS;BR-163;SIDROLANDIA;8;3;QUINTA-FEIRA;3;0;13;12H-14H;TARDE;PLENO DIA;CONDUTOR DEIXOU DE MANTER DISTÂNCIA DO VEÍCULO DA FRENTE;COLISÃO TRASEIRA;CÉU CLARO;SIMPLES;ACLIVE;NÃO;0
BA;BR-116;ENCRUZILHADA;8;3;QUINTA-FEIRA;3;0;14;12H-14H;TARDE;PLENO DIA;CONDUTOR DEIXOU DE MANTER DISTÂNCIA DO VEÍCULO DA FRENTE;COLISÃO TRASEIRA;SOL;SIMPLES;CURVA;NÃO;1
MG;BR-381;CARMO DA CACHOEIRA;8;3;QUINTA-FEIRA;3;0;12;12H-14H;TARDE;PLENO DIA;REAÇÃO TARDIA OU INEFICIENTE DO CONDUTOR;COLISÃO TRASEIRA;SOL;DUPLA;RETA;NÃO;0
MG;BR-251;SANTA CRUZ DE SALINAS;8;3;QUINTA-FEIRA;3;0;10;09H-11H;MANHA;PLENO DIA;TRANSITAR NA CONTRAMÃO;COLISÃO FRONTAL;SOL;SIMPLES;CURVA;NÃO;0
PR;BR-476;ARAUCARIA;8;3;QUARTA-FEIRA;2;0;8;06H-08H;MANHA;PLENO DIA;AUSÊNCIA DE REAÇÃO DO CONDUTOR;COLISÃO LATERAL MESMO SENTIDO;NUBLADO;DUPLA;RETA;NÃO;0
MG;BR-381;BETIM;8;3;QUINTA-FEIRA;3;0;14;12H-14H;TARDE;PLENO DIA;MANOBRA DE MUDANÇA DE FAIXA;COLISÃO LATERAL MESMO SENTIDO;CÉU CLARO;MÚLTIPLA;CURVA;NÃO;0
RS;BR-386;CARAZINHO;8;3;QUINTA-FEIRA;3;0;16;15H-17H;TARDE;PLENO DIA;ACESSAR A VIA SEM OBSERVAR A PRESENÇA DOS OUTROS VEÍCULOS;COLISÃO TRANSVERSAL;SOL;DUPLA;INTERSEÇÃO DE VIAS;SIM;0
CE;BR-116;RUSSAS;8;3;QUINTA-FEIRA;3;0;15;15H-17H;TARDE;PLENO DIA;DEMAIS FALHAS MECÂNICAS OU ELÉTRICAS;INCÊNDIO;CÉU CLARO;SIMPLES;RETA;NÃO;0
SC;BR-282;SAUDADES;8;3;QUINTA-FEIRA;3;0;11;09H-11H;MANHA;PLENO DIA;REAÇÃO TARDIA OU INEFICIENTE DO CONDUTOR;TOMBAMENTO;SOL;SIMPLES;"DECLIVE;CURVA";NÃO;0
TO;BR-010;PALMAS;7;3;SEGUNDA-FEIRA;0;0;22;21H-23H;NOITE;PLENA NOITE;REAÇÃO TARDIA OU INEFICIENTE DO CONDUTOR;COLISÃO FRONTAL;CÉU CLARO;SIMPLES;"CURVA;DECLIVE";NÃO;0
CE;BR-116;ICO;8;3;QUINTA-FEIRA;3;0;14;12H-14H;TARDE;PLENO DIA;DEMAIS FALHAS MECÂNICAS OU ELÉTRICAS;INCÊNDIO;CÉU CLARO;SIMPLES;ACLIVE;NÃO;0
PI;BR-316;TERESINA;8;3;QUINTA-FEIRA;3;0;17;15H-17H;TARDE;PLENO DIA;CONDUTOR DEIXOU DE MANTER DISTÂNCIA DO VEÍCULO DA FRENTE;COLISÃO TRASEIRA;CÉU CLARO;MÚLTIPLA;RETA;SIM;0
BA;BR-324;SALVADOR;8;3;QUINTA-FEIRA;3;0;18;18H-20H;NOITE;PLENA NOITE;REAÇÃO TARDIA OU INEFICIENTE DO CONDUTOR;COLISÃO TRASEIRA;CÉU CLARO;DUPLA;RETA;SIM;0
SC;BR-101;SANGAO;7;3;TERÇA-FEIRA;1;0;7;06H-08H;MANHA;AMANHECER;NEBLINA;ENGAVETAMENTO;NEVOEIRO/NEBLINA;MÚLTIPLA;RETA;NÃO;0
PA;BR-222;RONDON DO PARA;8;3;QUINTA-FEIRA;3;0;9;09H-11H;MANHA;PLENO DIA;CONDUTOR DEIXOU DE MANTER DISTÂNCIA DO VEÍCULO DA FRENTE;COLISÃO TRASEIRA;SOL;SIMPLES;"ACLIVE;RETA";NÃO;1
RJ;BR-356;ITALVA;8;3;QUINTA-FEIRA;3;0;18;18H-20H;NOITE;PLENA NOITE;VELOCIDADE INCOMPATÍVEL;COLISÃO TRASEIRA;CÉU CLARO;SIMPLES;CURVA;SIM;0
RS;BR-153;TRES ARROIOS;8;3;QUINTA-FEIRA;3;0;18;18H-20H;NOITE;PLENA NOITE;ACESSAR A VIA SEM OBSERVAR A PRESENÇA DOS OUTROS VEÍCULOS;COLISÃO TRANSVERSAL;CÉU CLARO;SIMPLES;RETA;NÃO;0
RJ;BR-101;ITABORAI;8;3;QUINTA-FEIRA;3;0;17;15H-17H;TARDE;ANOITECER;AUSÊNCIA DE REAÇÃO DO CONDUTOR;COLISÃO TRASEIRA;CÉU CLARO;DUPLA;RETA;SIM;1
MT;BR-163;SINOP;8;3;QUINTA-FEIRA;3;0;15;15H-17H;TARDE;PLENO DIA;REAÇÃO TARDIA OU INEFICIENTE DO CONDUTOR;COLISÃO LATERAL MESMO SENTIDO;CÉU CLARO;DUPLA;"RETA;RETORNO REGULAMENTADO";SIM;0
MS;BR-060;CAMPO GRANDE;8;3;QUINTA-FEIRA;3;0;19;18H-20H;NOITE;PLENA NOITE;AUSÊNCIA DE REAÇÃO DO CONDUTOR;COLISÃO COM OBJETO;CÉU CLARO;DUPLA;"ROTATÓRIA;DECLIVE";NÃO;0
CE;BR-116;MILAGRES;8;3;QUINTA-FEIRA;3;0;19;18H-20H;NOITE;PLENA NOITE;REAÇÃO TARDIA OU INEFICIENTE DO CONDUTOR;COLISÃO FRONTAL;CÉU CLARO;SIMPLES;RETA;NÃO;1
PB;BR-230;JOAO PESSOA;8;3;QUINTA-FEIRA;3;0;20;18H-20H;NOITE;PLENA NOITE;ESTACIONAR OU PARAR EM LOCAL PROIBIDO;COLISÃO TRASEIRA;CÉU CLARO;DUPLA;"RETA;INTERSEÇÃO DE VIAS";SIM;0
BA;BR-324;AMELIA RODRIGUES;8;3;QUINTA-FEIRA;3;0;17;15H-17H;TARDE;PLENO DIA;CONDUTOR DEIXOU DE MANTER DISTÂNCIA DO VEÍCULO DA FRENTE;COLISÃO TRASEIRA;CÉU CLARO;DUPLA;RETA;NÃO;1
PB;BR-230;JOAO PESSOA;8;3;QUINTA-FEIRA;3;0;20;18H-20H;NOITE;PLENA NOITE;REAÇÃO TARDIA OU INEFICIENTE DO CONDUTOR;TOMBAMENTO;CHUVA;DUPLA;RETA;NÃO;0
RO;BR-364;VILHENA;5;2;SEGUNDA-FEIRA;0;0;15;15H-17H;TARDE;ANOITECER;ESTACIONAR OU PARAR EM LOCAL PROIBIDO;COLISÃO LATERAL MESMO SENTIDO;CÉU CLARO;SIMPLES;RETA;NÃO;0
SC;BR-101;GOVERNADOR CELSO RAMOS;8;3;QUINTA-FEIRA;3;0;20;18H-20H;NOITE;PLENA NOITE;INGESTÃO DE ÁLCOOL PELO CONDUTOR;COLISÃO LATERAL MESMO SENTIDO;NUBLADO;DUPLA;RETA;NÃO;0
MS;BR-163;CAARAPO;8;3;QUINTA-FEIRA;3;0;14;12H-14H;TARDE;PLENO DIA;REAÇÃO TARDIA OU INEFICIENTE DO CONDUTOR;COLISÃO COM OBJETO;NUBLADO;SIMPLES;RETA;SIM;0
PR;BR-373;CANDOI;8;3;QUINTA-FEIRA;3;0;20;18H-20H;NOITE;PLENA NOITE;REAÇÃO TARDIA OU INEFICIENTE DO CONDUTOR;TOMBAMENTO;CÉU CLARO;SIMPLES;CURVA;NÃO;1
RS;BR-472;SAO BORJA;8;3;QUINTA-FEIRA;3;0;20;18H-20H;NOITE;PLENA NOITE;MANOBRA DE MUDANÇA DE FAIXA;COLISÃO FRONTAL;CÉU CLARO;SIMPLES;RETA;NÃO;1
PE;BR-232;CARUARU;8;3;QUINTA-FEIRA;3;0;23;21H-23H;NOITE;PLENA NOITE;CHUVA;SAÍDA DE LEITO CARROÇÁVEL;CHUVA;DUPLA;"RETA;DECLIVE";NÃO;0
MG;BR-116;INHAPIM;8;3;QUINTA-FEIRA;3;0;22;21H-23H;NOITE;PLENA NOITE;DEMAIS FALHAS MECÂNICAS OU ELÉTRICAS;COLISÃO FRONTAL;CÉU CLARO;SIMPLES;RETA;NÃO;0
GO;BR-153;PORANGATU;8;3;QUINTA-FEIRA;3;0;21;21H-23H;NOITE;PLENA NOITE;REAÇÃO TARDIA OU INEFICIENTE DO CONDUTOR;COLISÃO TRASEIRA;CÉU CLARO;SIMPLES;RETA;NÃO;0
MG;BR-040;SANTOS DUMONT;8;3;QUINTA-FEIRA;3;0;23;21H-23H;NOITE;PLENA NOITE;CONDUTOR DORMINDO;SAÍDA DE LEITO CARROÇÁVEL;CÉU CLARO;SIMPLES;CURVA;NÃO;1
PB;BR-101;SANTA RITA;8;3;QUINTA-FEIRA;3;0;23;21H-23H;NOITE;PLENA NOITE;AUSÊNCIA DE REAÇÃO DO CONDUTOR;COLISÃO TRASEIRA;CHUVA;DUPLA;RETA;NÃO;0
MG;BR-381;BOM JESUS DO AMPARO;8;3;SEXTA-FEIRA;4;0;0;00H-02H;MADRUGADA;PLENA NOITE;CONDUTOR DORMINDO;COLISÃO TRASEIRA;CÉU CLARO;DUPLA;RETA;NÃO;0
SC;BR-101;ITAPEMA;8;3;SEXTA-FEIRA;4;0;0;00H-02H;MADRUGADA;PLENA NOITE;AUSÊNCIA DE REAÇÃO DO CONDUTOR;COLISÃO TRASEIRA;NUBLADO;DUPLA;RETA;SIM;0
BA;BR-101;RIO REAL;8;3;SEXTA-FEIRA;4;0;4;03H-05H;MADRUGADA;AMANHECER;TRANSITAR NA CONTRAMÃO;COLISÃO FRONTAL;NEVOEIRO/NEBLINA;SIMPLES;RETA;NÃO;0
MG;BR-153;MONTE ALEGRE DE MINAS;8;3;SEXTA-FEIRA;4;0;6;06H-08H;MANHA;PLENO DIA;VELOCIDADE INCOMPATÍVEL;SAÍDA DE LEITO CARROÇÁVEL;CHUVA;DUPLA;"RETA;ACLIVE";NÃO;0
PR;BR-277;GUARANIACU;8;3;SEXTA-FEIRA;4;0;5;03H-05H;MADRUGADA;AMANHECER;CONDUTOR DORMINDO;COLISÃO FRONTAL;CÉU CLARO;SIMPLES;CURVA;NÃO;0
MS;BR-158;APARECIDA DO TABOADO;8;3;SEXTA-FEIRA;4;0;4;03H-05H;MADRUGADA;AMANHECER;MANOBRA DE MUDANÇA DE FAIXA;COLISÃO LATERAL MESMO SENTIDO;NUBLADO;SIMPLES;"RETA;ACLIVE";NÃO;0
MG;BR-153;CANAPOLIS;8;3;SEXTA-FEIRA;4;0;5;03H-05H;MADRUGADA;PLENA NOITE;OBJETO ESTÁTICO SOBRE O LEITO CARROÇÁVEL;DERRAMAMENTO DE CARGA;CHUVA;DUPLA;"DECLIVE;RETA";NÃO;0
PB;BR-230;CABEDELO;8;3;SEXTA-FEIRA;4;0;6;06H-08H;MANHA;PLENO DIA;AUSÊNCIA DE REAÇÃO DO CONDUTOR;COLISÃO TRANSVERSAL;CHUVA;DUPLA;RETA;NÃO;0
MG;BR-040;CONTAGEM;8;3;SEXTA-FEIRA;4;0;7;06H-08H;MANHA;PLENO DIA;AUSÊNCIA DE REAÇÃO DO CONDUTOR;COLISÃO LATERAL MESMO SENTIDO;CÉU CLARO;DUPLA;"RETA;ACLIVE";SIM;0
MT;BR-070;BARRA DO GARCAS;8;3;SEXTA-FEIRA;4;0;7;06H-08H;MANHA;PLENO DIA;AUSÊNCIA DE REAÇÃO DO CONDUTOR;COLISÃO TRASEIRA;CÉU CLARO;SIMPLES;RETA;NÃO;0
PR;BR-116;CAMPINA GRANDE DO SUL;8;3;SEXTA-FEIRA;4;0;7;06H-08H;MANHA;PLENO DIA;REAÇÃO TARDIA OU INEFICIENTE DO CONDUTOR;COLISÃO TRASEIRA;GAROA/CHUVISCO;SIMPLES;"RETA;DECLIVE";NÃO;1
RJ;BR-040;DUQUE DE CAXIAS;8;3;SEXTA-FEIRA;4;0;8;06H-08H;MANHA;PLENO DIA;REAÇÃO TARDIA OU INEFICIENTE DO CONDUTOR;COLISÃO LATERAL MESMO SENTIDO;CÉU CLARO;DUPLA;RETA;SIM;0
ES;BR-101;JAGUARE;8;3;SEXTA-FEIRA;4;0;9;09H-11H;MANHA;PLENO DIA;ACESSAR A VIA SEM OBSERVAR A PRESENÇA DOS OUTROS VEÍCULOS;COLISÃO TRANSVERSAL;CÉU CLARO;SIMPLES;RETA;NÃO;0
MT;BR-364;PEDRA PRETA;8;3;SEXTA-FEIRA;4;0;9;09H-11H;MANHA;PLENO DIA;CONDUTOR DORMINDO;COLISÃO LATERAL SENTIDO OPOSTO;CÉU CLARO;SIMPLES;RETA;NÃO;0
RJ;BR-116;NOVA IGUACU;8;3;SEXTA-FEIRA;4;0;0;00H-02H;MADRUGADA;AMANHECER;DEMAIS FALHAS MECÂNICAS OU ELÉTRICAS;INCÊNDIO;CÉU CLARO;MÚLTIPLA;RETA;SIM;0
SP;BR-153;SAO JOSE DO RIO PRETO;8;3;SEXTA-FEIRA;4;0;12;12H-14H;TARDE;PLENO DIA;CONDUTOR DEIXOU DE MANTER DISTÂNCIA DO VEÍCULO DA FRENTE;COLISÃO TRASEIRA;CÉU CLARO;DUPLA;RETA;SIM;1
SC;BR-480;CHAPECO;8;3;SEXTA-FEIRA;4;0;12;12H-14H;TARDE;PLENO DIA;MANOBRA DE MUDANÇA DE FAIXA;COLISÃO LATERAL MESMO SENTIDO;CÉU CLARO;MÚLTIPLA;"RETA;ACLIVE;VIADUTO";SIM;0
MS;BR-163;DOURADOS;8;3;SEXTA-FEIRA;4;0;6;06H-08H;MANHA;PLENO DIA;AUSÊNCIA DE REAÇÃO DO CONDUTOR;COLISÃO TRASEIRA;CÉU CLARO;DUPLA;RETA;NÃO;0
MG;BR-381;ITAGUARA;8;3;SEXTA-FEIRA;4;0;12;12H-14H;TARDE;PLENO DIA;ACESSAR A VIA SEM OBSERVAR A PRESENÇA DOS OUTROS VEÍCULOS;COLISÃO TRANSVERSAL;CHUVA;DUPLA;"RETA;ACLIVE";NÃO;0
BA;BR-101;ITABELA;8;3;SEXTA-FEIRA;4;0;13;12H-14H;TARDE;PLENO DIA;REAÇÃO TARDIA OU INEFICIENTE DO CONDUTOR;COLISÃO FRONTAL;CÉU CLARO;SIMPLES;"DECLIVE;CURVA";NÃO;1
TO;BR-153;SANTA RITA DO TOCANTINS;3;1;QUARTA-FEIRA;2;0;13;12H-14H;TARDE;PLENO DIA;ULTRAPASSAGEM INDEVIDA;COLISÃO LATERAL SENTIDO OPOSTO;NUBLADO;SIMPLES;RETA;NÃO;1
RJ;BR-116;SEROPEDICA;8;3;SEXTA-FEIRA;4;0;14;12H-14H;TARDE;PLENO DIA;REAÇÃO TARDIA OU INEFICIENTE DO CONDUTOR;COLISÃO TRASEIRA;CÉU CLARO;DUPLA;"ACLIVE;RETA;EM OBRAS";SIM;0
ES;BR-101;VIANA;8;3;SEXTA-FEIRA;4;0;14;12H-14H;TARDE;PLENO DIA;MANOBRA DE MUDANÇA DE FAIXA;COLISÃO LATERAL MESMO SENTIDO;CÉU CLARO;DUPLA;"RETA;RETORNO REGULAMENTADO";SIM;0
SP;BR-153;ICEM;8;3;QUINTA-FEIRA;3;0;15;15H-17H;TARDE;PLENO DIA;AUSÊNCIA DE REAÇÃO DO CONDUTOR;COLISÃO TRASEIRA;CÉU CLARO;SIMPLES;RETA;NÃO;0