uf;br_formatada;municipio;mes;trimestre;dia_semana;dia_semana_num;fim_de_semana;hora;faixa_horaria;turno;fase_dia;causa_acidente;tipo_acidente;condicao_metereologica;tipo_pista;tracado_via;uso_solo;acidente_fatal
PR;BR-376;PALMEIRA;9;3;SÁBADO;5;1;17;15H-17H;TARDE;PLENO DIA;DEMAIS FALHAS MECÂNICAS OU ELÉTRICAS;COLISÃO COM OBJETO;CÉU CLARO;DUPLA;RETA;NÃO;0
ES;BR-262;VENDA NOVA DO IMIGRANTE;9;3;DOMINGO;6;1;22;21H-23H;NOITE;PLENA NOITE;DEMAIS FALHAS MECÂNICAS OU ELÉTRICAS;INCÊNDIO;NUBLADO;SIMPLES;RETA;SIM;0
BA;BR-116;FEIRA DE SANTANA;9;3;DOMINGO;6;1;23;21H-23H;NOITE;PLENA NOITE;INGESTÃO DE SUBSTÂNCIAS PSICOATIVAS PELO CONDUTOR;COLISÃO COM OBJETO;NUBLADO;DUPLA;RETA;SIM;0
SP;BR-116;QUELUZ;9;3;SEGUNDA-FEIRA;0;0;1;00H-02H;MADRUGADA;PLENA NOITE;AUSÊNCIA DE REAÇÃO DO CONDUTOR;COLISÃO TRASEIRA;CÉU CLARO;DUPLA;RETA;NÃO;0
MT;BR-163;RONDONOPOLIS;9;3;SEGUNDA-FEIRA;0;0;2;00H-02H;MADRUGADA;PLENA NOITE;AUSÊNCIA DE REAÇÃO DO CONDUTOR;COLISÃO TRASEIRA;CÉU CLARO;DUPLA;RETA;SIM;0
MA;BR-135;SAO LUIS;9;3;DOMINGO;6;1;17;15H-17H;TARDE;ANOITECER;VELOCIDADE INCOMPATÍVEL;COLISÃO TRASEIRA;CÉU CLARO;SIMPLES;RETA;SIM;0
PE;BR-232;CUSTODIA;9;3;SEGUNDA-FEIRA;0;0;2;00H-02H;MADRUGADA;PLENA NOITE;REAÇÃO TARDIA OU INEFICIENTE DO CONDUTOR;COLISÃO LATERAL MESMO SENTIDO;CÉU CLARO;SIMPLES;RETA;NÃO;1
MG;BR-381;PERDOES;9;3;SEGUNDA-FEIRA;0;0;4;03H-05H;MADRUGADA;AMANHECER;REAÇÃO TARDIA OU INEFICIENTE DO CONDUTOR;COLISÃO TRASEIRA;NUBLADO;DUPLA;"RETA;ACLIVE";NÃO;0
CE;BR-222;SOBRAL;9;3;SEGUNDA-FEIRA;0;0;4;03H-05H;MADRUGADA;PLENA NOITE;ACESSO IRREGULAR;COLISÃO TRASEIRA;CÉU CLARO;SIMPLES;RETA;NÃO;0
MG;BR-040;RIBEIRAO DAS NEVES;9;3;SEGUNDA-FEIRA;0;0;4;03H-05H;MADRUGADA;AMANHECER;VELOCIDADE INCOMPATÍVEL;SAÍDA DE LEITO CARROÇÁVEL;CÉU CLARO;SIMPLES;"RETORNO REGULAMENTADO;INTERSEÇÃO DE VIAS;ACLIVE;CURVA";SIM;0
PI;BR-316;MONSENHOR GIL;9;3;SEGUNDA-FEIRA;0;0;4;03H-05H;MADRUGADA;PLENA NOITE;TRANSITAR NA CONTRAMÃO;COLISÃO LATERAL SENTIDO OPOSTO;CÉU CLARO;SIMPLES;RETA;NÃO;1
MT;BR-174;MIRASSOL DOESTE;9;3;SEGUNDA-FEIRA;0;0;3;03H-05H;MADRUGADA;PLENA NOITE;ANIMAIS NA PISTA;ATROPELAMENTO DE ANIMAL;CÉU CLARO;SIMPLES;RETA;NÃO;0
SP;BR-116;ITAPECERICA DA SERRA;9;3;SEGUNDA-FEIRA;0;0;6;06H-08H;MANHA;PLENO DIA;TRAFEGAR COM MOTOCICLETA (OU SIMILAR) ENTRE AS FAIXAS;COLISÃO LATERAL MESMO SENTIDO;NUBLADO;DUPLA;RETA;SIM;0
MG;BR-153;MONTE ALEGRE DE MINAS;9;3;SEGUNDA-FEIRA;0;0;4;03H-05H;MADRUGADA;PLENA NOITE;AUSÊNCIA DE REAÇÃO DO CONDUTOR;SAÍDA DE LEITO CARROÇÁVEL;CÉU CLARO;DUPLA;RETA;NÃO;1
SC;BR-153;CONCORDIA;9;3;SEGUNDA-FEIRA;0;0;2;00H-02H;MADRUGADA;PLENA NOITE;TRANSITAR NA CONTRAMÃO;COLISÃO LATERAL SENTIDO OPOSTO;CÉU CLARO;SIMPLES;CURVA;NÃO;0
MG;BR-251;FRANCISCO SA;8;3;SÁBADO;5;1;4;03H-05H;MADRUGADA;AMANHECER;VELOCIDADE INCOMPATÍVEL;TOMBAMENTO;CÉU CLARO;SIMPLES;RETA;NÃO;0
RS;BR-116;PELOTAS;9;3;SEGUNDA-FEIRA;0;0;7;06H-08H;MANHA;PLENO DIA;AUSÊNCIA DE REAÇÃO DO CONDUTOR;COLISÃO TRASEIRA;NUBLADO;MÚLTIPLA;RETA;SIM;1
PA;BR-163;TRAIRAO;9;3;SEGUNDA-FEIRA;0;0;2;00H-02H;MADRUGADA;PLENA NOITE;CONDUTOR DORMINDO;SAÍDA DE LEITO CARROÇÁVEL;CÉU CLARO;SIMPLES;"RETA;DECLIVE";NÃO;0
BA;BR-324;CANDEIAS;9;3;SEGUNDA-FEIRA;0;0;7;06H-08H;MANHA;PLENO DIA;CARGA EXCESSIVA E/OU MAL ACONDICIONADA;TOMBAMENTO;NUBLADO;DUPLA;RETA;NÃO;0
BA;BR-101;CONCEICAO DA FEIRA;9;3;SEGUNDA-FEIRA;0;0;8;06H-08H;MANHA;PLENO DIA;CONDUTOR DORMINDO;COLISÃO LATERAL SENTIDO OPOSTO;CÉU CLARO;SIMPLES;"ACLIVE;RETA";NÃO;0
MS;BR-163;MUNDO NOVO;9;3;SEGUNDA-FEIRA;0;0;8;06H-08H;MANHA;PLENO DIA;DESRESPEITAR A PREFERÊNCIA NO CRUZAMENTO;COLISÃO TRANSVERSAL;CÉU CLARO;SIMPLES;"RETA;INTERSEÇÃO DE VIAS";NÃO;0
SP;BR-116;GUARULHOS;9;3;SEGUNDA-FEIRA;0;0;8;06H-08H;MANHA;PLENO DIA;AUSÊNCIA DE REAÇÃO DO CONDUTOR;COLISÃO TRASEIRA;CÉU CLARO;DUPLA;RETA;NÃO;1
RJ;BR-116;NOVA IGUACU;9;3;SEGUNDA-FEIRA;0;0;8;06H-08H;MANHA;PLENO DIA;CONDUTOR DEIXOU DE MANTER DISTÂNCIA DO VEÍCULO DA FRENTE;COLISÃO TRASEIRA;CÉU CLARO;MÚLTIPLA;RETA;SIM;0
GO;BR-153;JARAGUA;9;3;SEGUNDA-FEIRA;0;0;9;09H-11H;MANHA;PLENO DIA;FREAR BRUSCAMENTE;COLISÃO TRASEIRA;CÉU CLARO;SIMPLES;CURVA;NÃO;0
RS;BR-116;VACARIA;9;3;SEGUNDA-FEIRA;0;0;6;06H-08H;MANHA;AMANHECER;CARGA EXCESSIVA E/OU MAL ACONDICIONADA;COLISÃO COM OBJETO;NUBLADO;SIMPLES;CURVA;NÃO;0
SC;BR-282;MARAVILHA;9;3;SEGUNDA-FEIRA;0;0;9;09H-11H;MANHA;PLENO DIA;ACESSO IRREGULAR;COLISÃO TRANSVERSAL;CÉU CLARO;SIMPLES;ROTATÓRIA;SIM;0
GO;BR-414;COCALZINHO DE GOIAS;9;3;SEGUNDA-FEIRA;0;0;10;09H-11H;MANHA;PLENO DIA;TRANSITAR NA CONTRAMÃO;COLISÃO FRONTAL;CÉU CLARO;SIMPLES;"ACLIVE;CURVA";NÃO;0
SC;BR-101;PALHOCA;9;3;SEGUNDA-FEIRA;0;0;9;09H-11H;MANHA;PLENO DIA;TRAFEGAR COM MOTOCICLETA (OU SIMILAR) ENTRE AS FAIXAS;TOMBAMENTO;CÉU CLARO;DUPLA;"RETA;ACLIVE";NÃO;0
SP;BR-153;PROMISSAO;9;3;SEGUNDA-FEIRA;0;0;9;09H-11H;MANHA;PLENO DIA;DESRESPEITAR A PREFERÊNCIA NO CRUZAMENTO;COLISÃO TRANSVERSAL;SOL;SIMPLES;ROTATÓRIA;NÃO;0
MG;BR-040;RESSAQUINHA;9;3;SEGUNDA-FEIRA;0;0;8;06H-08H;MANHA;PLENO DIA;CONDUTOR DORMINDO;TOMBAMENTO;CÉU CLARO;SIMPLES;RETA;NÃO;0
CE;BR-020;CAUCAIA;9;3;DOMINGO;6;1;8;06H-08H;MANHA;PLENO DIA;CARGA EXCESSIVA E/OU MAL ACONDICIONADA;DERRAMAMENTO DE CARGA;CÉU CLARO;SIMPLES;RETA;NÃO;0
ES;BR-262;DOMINGOS MARTINS;9;3;SEGUNDA-FEIRA;0;0;11;09H-11H;MANHA;PLENO DIA;PROBLEMA COM O FREIO;SAÍDA DE LEITO CARROÇÁVEL;NUBLADO;SIMPLES;CURVA;NÃO;0
BA;BR-110;SITIO DO QUINTO;9;3;SEGUNDA-FEIRA;0;0;7;06H-08H;MANHA;PLENO DIA;TRANSITAR NA CONTRAMÃO;COLISÃO FRONTAL;NUBLADO;SIMPLES;ACLIVE;NÃO;0
SP;BR-116;GUARULHOS;9;3;SEGUNDA-FEIRA;0;0;12;12H-14H;TARDE;PLENO DIA;AUSÊNCIA DE REAÇÃO DO CONDUTOR;COLISÃO TRASEIRA;CÉU CLARO;DUPLA;RETA;SIM;0
SP;BR-116;GUARAREMA;4;2;QUARTA-FEIRA;2;0;19;18H-20H;NOITE;PLENA NOITE;REAÇÃO TARDIA OU INEFICIENTE DO CONDUTOR;COLISÃO TRASEIRA;CÉU CLARO;DUPLA;"ACLIVE;RETA";NÃO;0
SC;BR-101;CAPIVARI DE BAIXO;9;3;SEGUNDA-FEIRA;0;0;12;12H-14H;TARDE;PLENO DIA;DESRESPEITAR A PREFERÊNCIA NO CRUZAMENTO;COLISÃO TRANSVERSAL;CÉU CLARO;MÚLTIPLA;INTERSEÇÃO DE VIAS;SIM;0
BA;BR-101;ESPLANADA;9;3;SEGUNDA-FEIRA;0;0;11;09H-11H;MANHA;PLENO DIA;ULTRAPASSAGEM INDEVIDA;COLISÃO LATERAL SENTIDO OPOSTO;NUBLADO;SIMPLES;"VIADUTO;ACLIVE;RETA";NÃO;0
PR;BR-476;CONTENDA;9;3;SEGUNDA-FEIRA;0;0;12;12H-14H;TARDE;PLENO DIA;REAÇÃO TARDIA OU INEFICIENTE DO CONDUTOR;TOMBAMENTO;CÉU CLARO;SIMPLES;"CURVA;DECLIVE";NÃO;0
GO;BR-040;CRISTALINA;9;3;SEGUNDA-FEIRA;0;0;12;12H-14H;TARDE;PLENO DIA;ACESSAR A VIA SEM OBSERVAR A PRESENÇA DOS OUTROS VEÍCULOS;COLISÃO TRANSVERSAL;CÉU CLARO;SIMPLES;"RETA;INTERSEÇÃO DE VIAS";SIM;0
PA;BR-163;NOVO PROGRESSO;7;3;QUINTA-FEIRA;3;0;19;18H-20H;NOITE;PLENA NOITE;ACESSAR A VIA SEM OBSERVAR A PRESENÇA DOS OUTROS VEÍCULOS;COLISÃO TRANSVERSAL;CÉU CLARO;SIMPLES;"DECLIVE;RETA";NÃO;0
SC;BR-282;ALFREDO WAGNER;9;3;SEGUNDA-FEIRA;0;0;12;12H-14H;TARDE;PLENO DIA;CONDUTOR DORMINDO;COLISÃO LATERAL MESMO SENTIDO;NUBLADO;SIMPLES;"RETA;DECLIVE";NÃO;0
PR;BR-277;CANDOI;9;3;SEGUNDA-FEIRA;0;0;6;06H-08H;MANHA;PLENO DIA;AUSÊNCIA DE REAÇÃO DO CONDUTOR;COLISÃO FRONTAL;CÉU CLARO;SIMPLES;CURVA;NÃO;1
MG;BR-365;JOAO PINHEIRO;9;3;SEGUNDA-FEIRA;0;0;13;12H-14H;TARDE;PLENO DIA;REAÇÃO TARDIA OU INEFICIENTE DO CONDUTOR;COLISÃO LATERAL SENTIDO OPOSTO;CÉU CLARO;SIMPLES;"ACLIVE;RETA";NÃO;0
BA;BR-101;ITABELA;9;3;SEGUNDA-FEIRA;0;0;13;12H-14H;TARDE;PLENO DIA;DEMAIS FALHAS MECÂNICAS OU ELÉTRICAS;INCÊNDIO;CÉU CLARO;SIMPLES;CURVA;NÃO;0
SP;BR-116;GUARULHOS;9;3;SEGUNDA-FEIRA;0;0;15;15H-17H;TARDE;PLENO DIA;AUSÊNCIA DE REAÇÃO DO CONDUTOR;COLISÃO TRASEIRA;CÉU CLARO;MÚLTIPLA;RETA;SIM;0
RJ;BR-493;ITABORAI;9;3;SEGUNDA-FEIRA;0;0;13;12H-14H;TARDE;PLENO DIA;CONDUTOR DEIXOU DE MANTER DISTÂNCIA DO VEÍCULO DA FRENTE;COLISÃO LATERAL MESMO SENTIDO;CÉU CLARO;SIMPLES;RETA;SIM;0
RO;BR-364;CACOAL;9;3;SEGUNDA-FEIRA;0;0;14;12H-14H;TARDE;PLENO DIA;DESRESPEITAR A PREFERÊNCIA NO CRUZAMENTO;COLISÃO TRANSVERSAL;GAROA/CHUVISCO;SIMPLES;"DECLIVE;INTERSEÇÃO DE VIAS;RETA";SIM;0
MG;BR-153;PRATA;9;3;SEGUNDA-FEIRA;0;0;16;15H-17H;TARDE;PLENO DIA;DEMAIS FALHAS MECÂNICAS OU ELÉTRICAS;DERRAMAMENTO DE CARGA;CÉU CLARO;SIMPLES;CURVA;NÃO;0
PE;BR-101;IGARASSU;9;3;SEGUNDA-FEIRA;0;0;16;15H-17H;TARDE;PLENO DIA;DEMAIS FALHAS MECÂNICAS OU ELÉTRICAS;INCÊNDIO;CÉU CLARO;DUPLA;"RETA;ACLIVE";SIM;0
PI;BR-230;OEIRAS;9;3;SEGUNDA-FEIRA;0;0;13;12H-14H;TARDE;PLENO DIA;AUSÊNCIA DE REAÇÃO DO CONDUTOR;TOMBAMENTO;CÉU CLARO;SIMPLES;"RETA;DECLIVE";NÃO;0
RS;BR-116;CRISTAL;9;3;SEGUNDA-FEIRA;0;0;17;15H-17H;TARDE;PLENO DIA;ACESSAR A VIA SEM OBSERVAR A PRESENÇA DOS OUTROS VEÍCULOS;COLISÃO TRANSVERSAL;CÉU CLARO;SIMPLES;CURVA;SIM;0
MA;BR-222;ARARI;9;3;SEGUNDA-FEIRA;0;0;14;12H-14H;TARDE;PLENO DIA;DEMAIS FALHAS MECÂNICAS OU ELÉTRICAS;SAÍDA DE LEITO CARROÇÁVEL;CÉU CLARO;SIMPLES;RETA;NÃO;0
SC;BR-282;IRACEMINHA;9;3;SEGUNDA-FEIRA;0;0;17;15H-17H;TARDE;PLENO DIA;ESTACIONAR OU PARAR EM LOCAL PROIBIDO;COLISÃO LATERAL MESMO SENTIDO;CHUVA;SIMPLES;INTERSEÇÃO DE VIAS;SIM;0
MT;BR-364;SANTO ANTONIO DO LEVERGER;9;3;SEGUNDA-FEIRA;0;0;16;15H-17H;TARDE;PLENO DIA;DEMAIS FALHAS MECÂNICAS OU ELÉTRICAS;INCÊNDIO;CÉU CLARO;DUPLA;RETA;NÃO;0
BA;BR-101;CONCEICAO DO ALMEIDA;9;3;SEGUNDA-FEIRA;0;0;6;06H-08H;MANHA;PLENO DIA;INGESTÃO DE ÁLCOOL PELO CONDUTOR;COLISÃO FRONTAL;CÉU CLARO;SIMPLES;RETA;SIM;0
MG;BR-040;ITABIRITO;9;3;SEGUNDA-FEIRA;0;0;18;18H-20H;NOITE;PLENA NOITE;ACESSAR A VIA SEM OBSERVAR A PRESENÇA DOS OUTROS VEÍCULOS;COLISÃO TRANSVERSAL;CÉU CLARO;SIMPLES;"RETA;RETORNO REGULAMENTADO";NÃO;0
SC;BR-282;XANXERE;9;3;SEGUNDA-FEIRA;0;0;19;18H-20H;NOITE;PLENA NOITE;AUSÊNCIA DE REAÇÃO DO CONDUTOR;SAÍDA DE LEITO CARROÇÁVEL;CHUVA;SIMPLES;"RETA;ACLIVE";NÃO;0
ES;BR-101;CONCEICAO DA BARRA;7;3;DOMINGO;6;1;3;03H-05H;MADRUGADA;AMANHECER;AUSÊNCIA DE REAÇÃO DO CONDUTOR;COLISÃO FRONTAL;CÉU CLARO;SIMPLES;RETA;NÃO;1
RS;BR-116;CANOAS;9;3;SEGUNDA-FEIRA;0;0;19;18H-20H;NOITE;PLENA NOITE;AUSÊNCIA DE REAÇÃO DO CONDUTOR;COLISÃO COM OBJETO;GAROA/CHUVISCO;MÚLTIPLA;"RETA;VIADUTO";SIM;0
PA;BR-163;TRAIRAO;8;3;DOMINGO;6;1;9;09H-11H;MANHA;PLENO DIA;REAÇÃO TARDIA OU INEFICIENTE DO CONDUTOR;COLISÃO COM OBJETO;SOL;SIMPLES;"ACLIVE;CURVA";NÃO;1
MT;BR-364;SANTO ANTONIO DO LEVERGER;9;3;SEGUNDA-FEIRA;0;0;23;21H-23H;NOITE;PLENA NOITE;REAÇÃO TARDIA OU INEFICIENTE DO CONDUTOR;SAÍDA DE LEITO CARROÇÁVEL;CHUVA;DUPLA;CURVA;NÃO;1
BA;BR-101;ITAMARAJU;9;3;SEGUNDA-FEIRA;0;0;21;21H-23H;NOITE;PLENA NOITE;AUSÊNCIA DE SINALIZAÇÃO;COLISÃO LATERAL SENTIDO OPOSTO;CÉU CLARO;SIMPLES;RETA;SIM;0
BA;BR-116;MILAGRES;9;3;TERÇA-FEIRA;1;0;4;03H-05H;MADRUGADA;AMANHECER;ACESSAR A VIA SEM OBSERVAR A PRESENÇA DOS OUTROS VEÍCULOS;COLISÃO TRANSVERSAL;CÉU CLARO;SIMPLES;INTERSEÇÃO DE VIAS;NÃO;0
GO;BR-040;CRISTALINA;9;3;TERÇA-FEIRA;1;0;6;06H-08H;MANHA;PLENO DIA;CONDUTOR DORMINDO;COLISÃO TRASEIRA;CÉU CLARO;DUPLA;RETA;NÃO;0
MA;BR-010;CIDELANDIA;9;3;SEGUNDA-FEIRA;0;0;20;18H-20H;NOITE;PLENA NOITE;ACESSAR A VIA SEM OBSERVAR A PRESENÇA DOS OUTROS VEÍCULOS;COLISÃO TRANSVERSAL;CÉU CLARO;SIMPLES;RETA;NÃO;0
MG;BR-262;CONCEICAO DAS ALAGOAS;8;3;SÁBADO;5;1;2;00H-02H;MADRUGADA;PLENA NOITE;DEMAIS FALHAS MECÂNICAS OU ELÉTRICAS;INCÊNDIO;CÉU CLARO;DUPLA;RETA;NÃO;0
RS;BR-101;TORRES;9;3;TERÇA-FEIRA;1;0;5;03H-05H;MADRUGADA;PLENA NOITE;PEDESTRE ANDAVA NA PISTA;ATROPELAMENTO DE PEDESTRE;NUBLADO;MÚLTIPLA;RETA;SIM;1
MT;BR-364;NOBRES;9;3;SEGUNDA-FEIRA;0;0;7;06H-08H;MANHA;PLENO DIA;CONDUTOR DEIXOU DE MANTER DISTÂNCIA DO VEÍCULO DA FRENTE;SAÍDA DE LEITO CARROÇÁVEL;CÉU CLARO;DUPLA;RETA;NÃO;0
MT;BR-163;CLAUDIA;9;3;SEGUNDA-FEIRA;0;0;21;21H-23H;NOITE;PLENO DIA;ACOSTAMENTO EM DESNÍVEL;TOMBAMENTO;CHUVA;SIMPLES;RETA;NÃO;0
PR;BR-476;LAPA;8;3;QUARTA-FEIRA;2;0;6;06H-08H;MANHA;AMANHECER;AUSÊNCIA DE REAÇÃO DO CONDUTOR;SAÍDA DE LEITO CARROÇÁVEL;NEVOEIRO/NEBLINA;SIMPLES;"DECLIVE;CURVA";NÃO;0
RJ;BR-116;RIO DE JANEIRO;9;3;TERÇA-FEIRA;1;0;8;06H-08H;MANHA;PLENO DIA;AUSÊNCIA DE REAÇÃO DO CONDUTOR;ENGAVETAMENTO;CÉU CLARO;DUPLA;RETA;SIM;0
MG;BR-040;CURVELO;9;3;TERÇA-FEIRA;1;0;6;06H-08H;MANHA;AMANHECER;CARGA EXCESSIVA E/OU MAL ACONDICIONADA;TOMBAMENTO;CÉU CLARO;DUPLA;"INTERSEÇÃO DE VIAS;CURVA";SIM;0
BA;BR-116;JEQUIE;9;3;TERÇA-FEIRA;1;0;9;09H-11H;MANHA;PLENO DIA;ULTRAPASSAGEM INDEVIDA;COLISÃO FRONTAL;CÉU CLARO;SIMPLES;RETA;NÃO;1
RO;BR-319;PORTO VELHO;9;3;TERÇA-FEIRA;1;0;7;06H-08H;MANHA;PLENO DIA;MANOBRA DE MUDANÇA DE FAIXA;COLISÃO LATERAL MESMO SENTIDO;CÉU CLARO;DUPLA;RETA;SIM;0
MG;BR-381;BETIM;7;3;SEGUNDA-FEIRA;0;0;23;21H-23H;NOITE;PLENA NOITE;CONDUTOR DEIXOU DE MANTER DISTÂNCIA DO VEÍCULO DA FRENTE;COLISÃO TRASEIRA;CÉU CLARO;DUPLA;RETA;SIM;0
MT;BR-158;AGUA BOA;9;3;TERÇA-FEIRA;1;0;9;09H-11H;MANHA;PLENO DIA;REAÇÃO TARDIA OU INEFICIENTE DO CONDUTOR;COLISÃO LATERAL SENTIDO OPOSTO;CÉU CLARO;SIMPLES;RETA;NÃO;0
SP;BR-116;LORENA;9;3;TERÇA-FEIRA;1;0;10;09H-11H;MANHA;PLENO DIA;MANOBRA DE MUDANÇA DE FAIXA;COLISÃO TRANSVERSAL;NUBLADO;DUPLA;RETA;NÃO;0
RS;BR-285;SANTA BARBARA DO SUL;9;3;TERÇA-FEIRA;1;0;10;09H-11H;MANHA;PLENO DIA;MAL SÚBITO DO CONDUTOR;COLISÃO LATERAL SENTIDO OPOSTO;CÉU CLARO;SIMPLES;RETA;NÃO;0
RS;BR-101;TRES CACHOEIRAS;9;3;TERÇA-FEIRA;1;0;11;09H-11H;MANHA;PLENO DIA;REAÇÃO TARDIA OU INEFICIENTE DO CONDUTOR;COLISÃO TRASEIRA;CÉU CLARO;DUPLA;CURVA;SIM;0
PE;BR-232;BEZERROS;9;3;TERÇA-FEIRA;1;0;11;09H-11H;MANHA;PLENO DIA;ULTRAPASSAGEM INDEVIDA;COLISÃO FRONTAL;CÉU CLARO;SIMPLES;RETA;SIM;0
MG;BR-251;SALINAS;8;3;SEXTA-FEIRA;4;0;3;03H-05H;MADRUGADA;PLENA NOITE;TRANSITAR NA CONTRAMÃO;COLISÃO FRONTAL;CÉU CLARO;SIMPLES;RETA;NÃO;1
RS;BR-287;SAO VICENTE DO SUL;9;3;TERÇA-FEIRA;1;0;10;09H-11H;MANHA;PLENO DIA;ACESSAR A VIA SEM OBSERVAR A PRESENÇA DOS OUTROS VEÍCULOS;COLISÃO TRANSVERSAL;NUBLADO;SIMPLES;"ROTATÓRIA;INTERSEÇÃO DE VIAS;CURVA";NÃO;0
MG;BR-116;MURIAE;9;3;TERÇA-FEIRA;1;0;12;12H-14H;TARDE;PLENO DIA;FAIXAS DE TRÂNSITO COM LARGURA INSUFICIENTE;COLISÃO LATERAL SENTIDO OPOSTO;SOL;SIMPLES;CURVA;NÃO;0
SC;BR-280;TRES BARRAS;8;3;SEGUNDA-FEIRA;0;0;18;18H-20H;NOITE;ANOITECER;REAÇÃO TARDIA OU INEFICIENTE DO CONDUTOR;TOMBAMENTO;CÉU CLARO;SIMPLES;"PONTE;RETA";NÃO;0
ES;BR-262;IBATIBA;7;3;TERÇA-FEIRA;1;0;5;03H-05H;MADRUGADA;AMANHECER;AUSÊNCIA DE REAÇÃO DO CONDUTOR;COLISÃO COM OBJETO;CÉU CLARO;SIMPLES;RETA;NÃO;0
GO;BR-414;CORUMBA DE GOIAS;1;1;SEXTA-FEIRA;4;0;18;18H-20H;NOITE;PLENO DIA;AVARIAS E/OU DESGASTE EXCESSIVO NO PNEU;COLISÃO FRONTAL;CHUVA;SIMPLES;"CURVA;DECLIVE";NÃO;0
PI;BR-135;CORRENTE;9;3;TERÇA-FEIRA;1;0;14;12H-14H;TARDE;PLENO DIA;INGESTÃO DE ÁLCOOL PELO CONDUTOR;TOMBAMENTO;CÉU CLARO;SIMPLES;CURVA;NÃO;0
BA;BR-101;ESPLANADA;9;3;TERÇA-FEIRA;1;0;13;12H-14H;TARDE;PLENO DIA;AUSÊNCIA DE REAÇÃO DO CONDUTOR;COLISÃO TRASEIRA;SOL;DUPLA;RETA;NÃO;1
PA;BR-010;ULIANOPOLIS;9;3;TERÇA-FEIRA;1;0;9;09H-11H;MANHA;PLENO DIA;ULTRAPASSAGEM INDEVIDA;TOMBAMENTO;SOL;SIMPLES;"DECLIVE;RETA";NÃO;0
BA;BR-324;FEIRA DE SANTANA;8;3;SÁBADO;5;1;20;18H-20H;NOITE;PLENA NOITE;REAÇÃO TARDIA OU INEFICIENTE DO CONDUTOR;COLISÃO LATERAL SENTIDO OPOSTO;GAROA/CHUVISCO;SIMPLES;RETA;NÃO;0
RJ;BR-356;CAMPOS DOS GOYTACAZES;9;3;TERÇA-FEIRA;1;0;16;15H-17H;TARDE;PLENO DIA;AFUNDAMENTO OU ONDULAÇÃO NO PAVIMENTO;DERRAMAMENTO DE CARGA;CÉU CLARO;SIMPLES;RETA;SIM;0
PR;BR-376;PONTA GROSSA;9;3;TERÇA-FEIRA;1;0;16;15H-17H;TARDE;PLENO DIA;OBJETO ESTÁTICO SOBRE O LEITO CARROÇÁVEL;COLISÃO TRASEIRA;CÉU CLARO;DUPLA;RETA;SIM;0
SC;BR-470;RODEIO;9;3;TERÇA-FEIRA;1;0;15;15H-17H;TARDE;PLENO DIA;MANOBRA DE MUDANÇA DE FAIXA;COLISÃO LATERAL SENTIDO OPOSTO;CÉU CLARO;SIMPLES;"DECLIVE;CURVA";SIM;0
BA;BR-324;SAO SEBASTIAO DO PASSE;9;3;TERÇA-FEIRA;1;0;10;09H-11H;MANHA;PLENO DIA;DEMAIS FALHAS MECÂNICAS OU ELÉTRICAS;INCÊNDIO;NUBLADO;DUPLA;RETA;NÃO;0
ES;BR-101;CARIACICA;9;3;TERÇA-FEIRA;1;0;18;18H-20H;NOITE;PLENA NOITE;ACESSAR A VIA SEM OBSERVAR A PRESENÇA DOS OUTROS VEÍCULOS;COLISÃO TRANSVERSAL;CÉU CLARO;DUPLA;INTERSEÇÃO DE VIAS;SIM;0
AL;BR-101;TEOTONIO VILELA;8;3;DOMINGO;6;1;22;21H-23H;NOITE;PLENA NOITE;ACESSO IRREGULAR;COLISÃO FRONTAL;CÉU CLARO;DUPLA;RETA;NÃO;0
BA;BR-116;LAMARAO;9;3;TERÇA-FEIRA;1;0;18;18H-20H;NOITE;PLENA NOITE;REAÇÃO TARDIA OU INEFICIENTE DO CONDUTOR;COLISÃO TRASEIRA;CÉU CLARO;SIMPLES;RETA;NÃO;0
RS;BR-290;RIO PARDO;9;3;TERÇA-FEIRA;1;0;19;18H-20H;NOITE;PLENA NOITE;CONDUTOR DEIXOU DE MANTER DISTÂNCIA DO VEÍCULO DA FRENTE;COLISÃO TRASEIRA;CÉU CLARO;SIMPLES;RETA;NÃO;0
RS;BR-285;SAO BORJA;9;3;TERÇA-FEIRA;1;0;19;18H-20H;NOITE;PLENA NOITE;INGESTÃO DE ÁLCOOL PELO CONDUTOR;COLISÃO FRONTAL;CÉU CLARO;SIMPLES;CURVA;NÃO;0
MG;BR-381;CAETE;9;3;TERÇA-FEIRA;1;0;19;18H-20H;NOITE;PLENO DIA;VELOCIDADE INCOMPATÍVEL;COLISÃO TRASEIRA;CÉU CLARO;DUPLA;RETA;NÃO;0
BA;BR-407;FILADELFIA;9;3;TERÇA-FEIRA;1;0;18;18H-20H;NOITE;PLENA NOITE;REAÇÃO TARDIA OU INEFICIENTE DO CONDUTOR;COLISÃO TRASEIRA;CÉU CLARO;SIMPLES;ACLIVE;NÃO;0
PR;BR-272;JANIOPOLIS;9;3;TERÇA-FEIRA;1;0;20;18H-20H;NOITE;PLENA NOITE;AUSÊNCIA DE REAÇÃO DO CONDUTOR;COLISÃO LATERAL SENTIDO OPOSTO;CÉU CLARO;SIMPLES;"DECLIVE;RETA";NÃO;0
SP;BR-116;MIRACATU;9;3;TERÇA-FEIRA;1;0;21;21H-23H;NOITE;PLENA NOITE;VELOCIDADE INCOMPATÍVEL;COLISÃO TRASEIRA;IGNORADO;DUPLA;RETA;SIM;0