uf;br_formatada;municipio;mes;trimestre;dia_semana;dia_semana_num;fim_de_semana;hora;faixa_horaria;turno;fase_dia;causa_acidente;tipo_acidente;condicao_metereologica;tipo_pista;tracado_via;uso_solo;acidente_fatal
MG;BR-116;LEOPOLDINA;9;3;SEGUNDA-FEIRA;0;0;11;09H-11H;MANHA;PLENO DIA;VELOCIDADE INCOMPATÍVEL;COLISÃO FRONTAL;SOL;SIMPLES;CURVA;NÃO;1
RS;BR-116;VACARIA;9;3;SEGUNDA-FEIRA;0;0;10;09H-11H;MANHA;PLENO DIA;REAÇÃO TARDIA OU INEFICIENTE DO CONDUTOR;COLISÃO FRONTAL;CHUVA;DUPLA;"ACLIVE;CURVA";NÃO;0
SC;BR-101;JOINVILLE;9;3;SEGUNDA-FEIRA;0;0;11;09H-11H;MANHA;PLENO DIA;CONDUTOR DEIXOU DE MANTER DISTÂNCIA DO VEÍCULO DA FRENTE;ENGAVETAMENTO;CHUVA;MÚLTIPLA;RETA;NÃO;0
SC;BR-282;CAMPOS NOVOS;9;3;SEGUNDA-FEIRA;0;0;12;12H-14H;TARDE;PLENO DIA;DESRESPEITAR A PREFERÊNCIA NO CRUZAMENTO;COLISÃO TRANSVERSAL;CÉU CLARO;SIMPLES;INTERSEÇÃO DE VIAS;NÃO;0
SC;BR-101;PALHOCA;9;3;SEGUNDA-FEIRA;0;0;13;12H-14H;TARDE;PLENO DIA;CONDUTOR DORMINDO;COLISÃO TRASEIRA;NUBLADO;DUPLA;"RETA;ACLIVE";NÃO;0
PR;BR-277;LARANJEIRAS DO SUL;9;3;SEGUNDA-FEIRA;0;0;13;12H-14H;TARDE;PLENO DIA;ACESSAR A VIA SEM OBSERVAR A PRESENÇA DOS OUTROS VEÍCULOS;COLISÃO TRANSVERSAL;CÉU CLARO;SIMPLES;"ROTATÓRIA;RETA;INTERSEÇÃO DE VIAS";SIM;0
MG;BR-381;CONTAGEM;9;3;SEGUNDA-FEIRA;0;0;14;12H-14H;TARDE;PLENO DIA;REAÇÃO TARDIA OU INEFICIENTE DO CONDUTOR;COLISÃO LATERAL MESMO SENTIDO;CÉU CLARO;DUPLA;"RETA;ACLIVE";SIM;0
MT;BR-364;JANGADA;9;3;QUINTA-FEIRA;3;0;18;18H-20H;NOITE;PLENA NOITE;REAÇÃO TARDIA OU INEFICIENTE DO CONDUTOR;COLISÃO TRASEIRA;CÉU CLARO;SIMPLES;RETA;NÃO;0
MS;BR-163;NAVIRAI;9;3;DOMINGO;6;1;6;06H-08H;MANHA;PLENO DIA;AUSÊNCIA DE REAÇÃO DO CONDUTOR;TOMBAMENTO;CÉU CLARO;SIMPLES;"ROTATÓRIA;INTERSEÇÃO DE VIAS";NÃO;0
BA;BR-101;SAPEACU;9;3;SEGUNDA-FEIRA;0;0;14;12H-14H;TARDE;PLENO DIA;DESRESPEITAR A PREFERÊNCIA NO CRUZAMENTO;COLISÃO TRANSVERSAL;CÉU CLARO;SIMPLES;"DECLIVE;RETA";SIM;0
MG;BR-050;UBERABA;9;3;SEGUNDA-FEIRA;0;0;13;12H-14H;TARDE;PLENO DIA;AUSÊNCIA DE REAÇÃO DO CONDUTOR;SAÍDA DE LEITO CARROÇÁVEL;CHUVA;DUPLA;RETA;NÃO;0
MG;BR-459;IPUIUNA;9;3;SEGUNDA-FEIRA;0;0;14;12H-14H;TARDE;PLENO DIA;CHUVA;COLISÃO LATERAL SENTIDO OPOSTO;CHUVA;SIMPLES;CURVA;SIM;0
MG;BR-381;CAMPANHA;9;3;SEGUNDA-FEIRA;0;0;15;15H-17H;TARDE;PLENO DIA;ACUMULO DE ÁGUA SOBRE O PAVIMENTO;ATROPELAMENTO DE PEDESTRE;CHUVA;DUPLA;RETA;NÃO;0
MA;BR-316;BACABAL;9;3;SEGUNDA-FEIRA;0;0;1;00H-02H;MADRUGADA;PLENA NOITE;TRANSITAR NA CONTRAMÃO;COLISÃO FRONTAL;CÉU CLARO;SIMPLES;RETA;NÃO;0
MG;BR-381;ITAGUARA;7;3;SEXTA-FEIRA;4;0;6;06H-08H;MANHA;AMANHECER;AUSÊNCIA DE REAÇÃO DO CONDUTOR;COLISÃO TRASEIRA;CÉU CLARO;DUPLA;RETA;NÃO;0
RO;BR-364;ARIQUEMES;2;1;SÁBADO;5;1;20;18H-20H;NOITE;PLENA NOITE;ACOSTAMENTO EM DESNÍVEL;TOMBAMENTO;CÉU CLARO;SIMPLES;RETA;NÃO;0
MG;BR-381;JOAO MONLEVADE;9;3;SEGUNDA-FEIRA;0;0;15;15H-17H;TARDE;PLENO DIA;TRANSITAR NA CONTRAMÃO;COLISÃO FRONTAL;CÉU CLARO;SIMPLES;CURVA;SIM;0
SC;BR-470;IBIRAMA;9;3;SEGUNDA-FEIRA;0;0;15;15H-17H;TARDE;PLENO DIA;ULTRAPASSAGEM INDEVIDA;COLISÃO LATERAL MESMO SENTIDO;NUBLADO;SIMPLES;CURVA;NÃO;0
RS;BR-290;SANTO ANTONIO DA PATRULHA;8;3;QUINTA-FEIRA;3;0;0;00H-02H;MADRUGADA;PLENA NOITE;CONDUTOR DEIXOU DE MANTER DISTÂNCIA DO VEÍCULO DA FRENTE;COLISÃO TRASEIRA;CÉU CLARO;MÚLTIPLA;RETA;NÃO;0
SC;BR-116;SAO CRISTOVAO DO SUL;9;3;SEGUNDA-FEIRA;0;0;12;12H-14H;TARDE;PLENO DIA;AUSÊNCIA DE REAÇÃO DO CONDUTOR;SAÍDA DE LEITO CARROÇÁVEL;GAROA/CHUVISCO;SIMPLES;"RETA;ACLIVE";NÃO;0
MG;BR-381;LAVRAS;9;3;SEGUNDA-FEIRA;0;0;14;12H-14H;TARDE;PLENO DIA;CHUVA;COLISÃO COM OBJETO;CHUVA;DUPLA;CURVA;NÃO;0
MT;BR-163;GUARANTA DO NORTE;9;3;SEGUNDA-FEIRA;0;0;15;15H-17H;TARDE;PLENO DIA;CURVA ACENTUADA;TOMBAMENTO;CÉU CLARO;SIMPLES;CURVA;NÃO;0
PR;BR-277;GUARANIACU;9;3;SEGUNDA-FEIRA;0;0;15;15H-17H;TARDE;PLENO DIA;ACOSTAMENTO EM DESNÍVEL;CAPOTAMENTO;CÉU CLARO;SIMPLES;"DECLIVE;RETA";NÃO;0
MG;BR-040;RIBEIRAO DAS NEVES;9;3;SEGUNDA-FEIRA;0;0;16;15H-17H;TARDE;PLENO DIA;CONDUTOR DEIXOU DE MANTER DISTÂNCIA DO VEÍCULO DA FRENTE;COLISÃO LATERAL MESMO SENTIDO;NUBLADO;DUPLA;RETA;NÃO;0
ES;BR-262;MARECHAL FLORIANO;9;3;SEGUNDA-FEIRA;0;0;17;15H-17H;TARDE;PLENO DIA;ULTRAPASSAGEM INDEVIDA;COLISÃO LATERAL MESMO SENTIDO;CÉU CLARO;SIMPLES;RETA;SIM;0
AL;BR-101;JUNQUEIRO;9;3;SEGUNDA-FEIRA;0;0;17;15H-17H;TARDE;ANOITECER;VELOCIDADE INCOMPATÍVEL;TOMBAMENTO;CÉU CLARO;SIMPLES;"DECLIVE;CURVA";SIM;0
PR;BR-116;SAO JOSE DOS PINHAIS;9;3;SEGUNDA-FEIRA;0;0;17;15H-17H;TARDE;PLENO DIA;AUSÊNCIA DE REAÇÃO DO CONDUTOR;COLISÃO LATERAL MESMO SENTIDO;NUBLADO;DUPLA;RETA;NÃO;0
RS;BR-293;HULHA NEGRA;9;3;SEGUNDA-FEIRA;0;0;17;15H-17H;TARDE;PLENO DIA;PISTA ESBURACADA;TOMBAMENTO;CÉU CLARO;DUPLA;RETA;NÃO;0
RR;BR-174;BOA VISTA;9;3;SEGUNDA-FEIRA;0;0;16;15H-17H;TARDE;PLENO DIA;REAÇÃO TARDIA OU INEFICIENTE DO CONDUTOR;SAÍDA DE LEITO CARROÇÁVEL;CÉU CLARO;SIMPLES;RETA;NÃO;0
GO;BR-153;MORRINHOS;9;3;SÁBADO;5;1;21;21H-23H;NOITE;PLENA NOITE;DESRESPEITAR A PREFERÊNCIA NO CRUZAMENTO;COLISÃO LATERAL MESMO SENTIDO;CÉU CLARO;DUPLA;RETORNO REGULAMENTADO;NÃO;0
RS;BR-392;PELOTAS;9;3;SEGUNDA-FEIRA;0;0;17;15H-17H;TARDE;PLENO DIA;AUSÊNCIA DE REAÇÃO DO CONDUTOR;SAÍDA DE LEITO CARROÇÁVEL;CÉU CLARO;DUPLA;RETA;SIM;0
AM;BR-174;PRESIDENTE FIGUEIREDO;9;3;SEGUNDA-FEIRA;0;0;15;15H-17H;TARDE;PLENO DIA;ULTRAPASSAGEM INDEVIDA;COLISÃO LATERAL MESMO SENTIDO;SOL;SIMPLES;RETA;SIM;0
RJ;BR-101;ITAGUAI;9;3;SEGUNDA-FEIRA;0;0;18;18H-20H;NOITE;PLENA NOITE;ACESSAR A VIA SEM OBSERVAR A PRESENÇA DOS OUTROS VEÍCULOS;COLISÃO TRASEIRA;CHUVA;DUPLA;"RETA;VIADUTO";SIM;0
MG;BR-040;ITABIRITO;9;3;SEGUNDA-FEIRA;0;0;19;18H-20H;NOITE;PLENA NOITE;CHUVA;TOMBAMENTO;CHUVA;SIMPLES;"ACLIVE;CURVA";NÃO;0
MG;BR-251;FRANCISCO SA;9;3;SEGUNDA-FEIRA;0;0;20;18H-20H;NOITE;PLENA NOITE;PISTA ESCORREGADIA;SAÍDA DE LEITO CARROÇÁVEL;CHUVA;SIMPLES;RETA;NÃO;0
MA;BR-222;IGARAPE DO MEIO;9;3;SEGUNDA-FEIRA;0;0;18;18H-20H;NOITE;ANOITECER;AUSÊNCIA DE REAÇÃO DO CONDUTOR;COLISÃO FRONTAL;CÉU CLARO;SIMPLES;RETA;SIM;1
MT;BR-163;DIAMANTINO;9;3;SEGUNDA-FEIRA;0;0;22;21H-23H;NOITE;PLENA NOITE;PISTA ESCORREGADIA;SAÍDA DE LEITO CARROÇÁVEL;CHUVA;DUPLA;"RETA;ACLIVE";NÃO;0
MG;BR-381;BETIM;9;3;TERÇA-FEIRA;1;0;0;00H-02H;MADRUGADA;PLENA NOITE;ACESSAR A VIA SEM OBSERVAR A PRESENÇA DOS OUTROS VEÍCULOS;ATROPELAMENTO DE PEDESTRE;CHUVA;DUPLA;RETA;SIM;1
RJ;BR-356;ITAPERUNA;9;3;SEGUNDA-FEIRA;0;0;23;21H-23H;NOITE;PLENA NOITE;AUSÊNCIA DE REAÇÃO DO CONDUTOR;SAÍDA DE LEITO CARROÇÁVEL;NUBLADO;SIMPLES;CURVA;NÃO;0
MT;BR-070;VARZEA GRANDE;9;3;SEGUNDA-FEIRA;0;0;22;21H-23H;NOITE;PLENA NOITE;ACESSAR A VIA SEM OBSERVAR A PRESENÇA DOS OUTROS VEÍCULOS;COLISÃO TRANSVERSAL;CÉU CLARO;SIMPLES;RETA;SIM;1
PR;BR-376;ORTIGUEIRA;9;3;TERÇA-FEIRA;1;0;0;00H-02H;MADRUGADA;PLENA NOITE;PEDESTRE ANDAVA NA PISTA;ATROPELAMENTO DE PEDESTRE;NUBLADO;DUPLA;RETA;SIM;1
SP;BR-116;PINDAMONHANGABA;9;3;TERÇA-FEIRA;1;0;1;00H-02H;MADRUGADA;PLENA NOITE;AUSÊNCIA DE REAÇÃO DO CONDUTOR;COLISÃO TRASEIRA;GAROA/CHUVISCO;DUPLA;RETA;NÃO;0
SC;BR-116;PONTE ALTA;9;3;TERÇA-FEIRA;1;0;1;00H-02H;MADRUGADA;PLENA NOITE;CONDUTOR DORMINDO;SAÍDA DE LEITO CARROÇÁVEL;NUBLADO;SIMPLES;"RETA;ACLIVE";NÃO;0
ES;BR-101;VIANA;9;3;TERÇA-FEIRA;1;0;1;00H-02H;MADRUGADA;PLENA NOITE;ACESSAR A VIA SEM OBSERVAR A PRESENÇA DOS OUTROS VEÍCULOS;COLISÃO TRANSVERSAL;CHUVA;DUPLA;"VIADUTO;RETA";SIM;0
ES;BR-101;RIO NOVO DO SUL;9;3;TERÇA-FEIRA;1;0;4;03H-05H;MADRUGADA;PLENA NOITE;CHUVA;SAÍDA DE LEITO CARROÇÁVEL;CHUVA;SIMPLES;CURVA;NÃO;0
SP;BR-116;QUELUZ;9;3;TERÇA-FEIRA;1;0;2;00H-02H;MADRUGADA;PLENO DIA;AUSÊNCIA DE REAÇÃO DO CONDUTOR;COLISÃO COM OBJETO;CÉU CLARO;DUPLA;RETA;NÃO;0
PI;BR-235;SANTA FILOMENA;9;3;SEGUNDA-FEIRA;0;0;19;18H-20H;NOITE;PLENA NOITE;AUSÊNCIA DE REAÇÃO DO CONDUTOR;TOMBAMENTO;CÉU CLARO;SIMPLES;"DECLIVE;CURVA";NÃO;0
SC;BR-282;ERVAL VELHO;9;3;SEGUNDA-FEIRA;0;0;17;15H-17H;TARDE;PLENO DIA;AUSÊNCIA DE REAÇÃO DO CONDUTOR;TOMBAMENTO;CÉU CLARO;SIMPLES;RETA;NÃO;0
RN;BR-304;MOSSORO;9;3;TERÇA-FEIRA;1;0;6;06H-08H;MANHA;PLENO DIA;AUSÊNCIA DE REAÇÃO DO CONDUTOR;COLISÃO TRASEIRA;CÉU CLARO;DUPLA;RETORNO REGULAMENTADO;NÃO;0
MG;BR-381;SAO GONCALO DO RIO ABAIXO;9;3;SEGUNDA-FEIRA;0;0;16;15H-17H;TARDE;PLENO DIA;AVARIAS E/OU DESGASTE EXCESSIVO NO PNEU;TOMBAMENTO;CÉU CLARO;SIMPLES;CURVA;NÃO;0
MG;BR-381;CAMBUI;9;3;TERÇA-FEIRA;1;0;7;06H-08H;MANHA;AMANHECER;VELOCIDADE INCOMPATÍVEL;CAPOTAMENTO;CÉU CLARO;DUPLA;"DECLIVE;CURVA";NÃO;0
MT;BR-364;SANTO ANTONIO DO LEVERGER;9;3;SEXTA-FEIRA;4;0;7;06H-08H;MANHA;PLENO DIA;CARGA EXCESSIVA E/OU MAL ACONDICIONADA;COLISÃO COM OBJETO;CÉU CLARO;DUPLA;RETA;NÃO;0
PR;BR-369;APUCARANA;8;3;QUARTA-FEIRA;2;0;7;06H-08H;MANHA;PLENO DIA;CONVERSÃO PROIBIDA;COLISÃO TRASEIRA;CÉU CLARO;SIMPLES;"DECLIVE;CURVA";SIM;0
SP;BR-381;VARGEM;9;3;TERÇA-FEIRA;1;0;9;09H-11H;MANHA;PLENO DIA;ACESSAR A VIA SEM OBSERVAR A PRESENÇA DOS OUTROS VEÍCULOS;COLISÃO TRASEIRA;CÉU CLARO;DUPLA;RETA;SIM;0
PA;BR-230;MARABA;9;3;TERÇA-FEIRA;1;0;9;09H-11H;MANHA;PLENO DIA;AUSÊNCIA DE REAÇÃO DO CONDUTOR;COLISÃO TRANSVERSAL;CÉU CLARO;SIMPLES;RETA;NÃO;0
SC;BR-101;NAVEGANTES;9;3;TERÇA-FEIRA;1;0;10;09H-11H;MANHA;PLENO DIA;REAÇÃO TARDIA OU INEFICIENTE DO CONDUTOR;COLISÃO TRASEIRA;CÉU CLARO;DUPLA;RETA;SIM;0
SC;BR-163;GUARUJA DO SUL;9;3;TERÇA-FEIRA;1;0;9;09H-11H;MANHA;PLENO DIA;ACESSAR A VIA SEM OBSERVAR A PRESENÇA DOS OUTROS VEÍCULOS;COLISÃO TRANSVERSAL;CÉU CLARO;SIMPLES;"RETA;INTERSEÇÃO DE VIAS;DECLIVE";NÃO;0
RJ;BR-101;ANGRA DOS REIS;9;3;TERÇA-FEIRA;1;0;10;09H-11H;MANHA;PLENO DIA;AVARIAS E/OU DESGASTE EXCESSIVO NO PNEU;COLISÃO LATERAL SENTIDO OPOSTO;CHUVA;SIMPLES;RETA;NÃO;0
RJ;BR-116;RIO DE JANEIRO;9;3;TERÇA-FEIRA;1;0;12;12H-14H;TARDE;PLENO DIA;AUSÊNCIA DE REAÇÃO DO CONDUTOR;COLISÃO LATERAL MESMO SENTIDO;NUBLADO;DUPLA;RETA;SIM;0
SE;BR-101;CRISTINAPOLIS;9;3;QUARTA-FEIRA;2;0;11;09H-11H;MANHA;PLENO DIA;PISTA ESBURACADA;COLISÃO LATERAL MESMO SENTIDO;NUBLADO;SIMPLES;DECLIVE;NÃO;0
CE;BR-116;RUSSAS;9;3;TERÇA-FEIRA;1;0;12;12H-14H;TARDE;PLENO DIA;MAL SÚBITO DO CONDUTOR;COLISÃO FRONTAL;CÉU CLARO;SIMPLES;RETA;NÃO;0
MG;BR-153;MONTE ALEGRE DE MINAS;9;3;TERÇA-FEIRA;1;0;13;12H-14H;TARDE;PLENO DIA;AUSÊNCIA DE REAÇÃO DO CONDUTOR;SAÍDA DE LEITO CARROÇÁVEL;CÉU CLARO;DUPLA;RETA;NÃO;0
DF;BR-251;BRASILIA;9;3;TERÇA-FEIRA;1;0;14;12H-14H;TARDE;PLENO DIA;MANOBRA DE MUDANÇA DE FAIXA;COLISÃO LATERAL MESMO SENTIDO;CÉU CLARO;SIMPLES;RETA;NÃO;0
PI;BR-343;PARNAIBA;9;3;TERÇA-FEIRA;1;0;13;12H-14H;TARDE;PLENO DIA;TRANSITAR NA CONTRAMÃO;COLISÃO TRANSVERSAL;SOL;DUPLA;RETA;SIM;0
MG;BR-050;UBERLANDIA;9;3;TERÇA-FEIRA;1;0;14;12H-14H;TARDE;PLENO DIA;MAL SÚBITO DO CONDUTOR;COLISÃO LATERAL MESMO SENTIDO;NUBLADO;DUPLA;RETA;SIM;0
SC;BR-470;INDAIAL;9;3;TERÇA-FEIRA;1;0;12;12H-14H;TARDE;PLENO DIA;TRAFEGAR COM MOTOCICLETA (OU SIMILAR) ENTRE AS FAIXAS;QUEDA DE OCUPANTE DE VEÍCULO;CÉU CLARO;SIMPLES;"RETA;DESVIO TEMPORÁRIO;EM OBRAS";NÃO;0
DF;BR-020;BRASILIA;9;3;QUINTA-FEIRA;3;0;15;15H-17H;TARDE;PLENO DIA;AUSÊNCIA DE REAÇÃO DO CONDUTOR;COLISÃO LATERAL MESMO SENTIDO;CÉU CLARO;DUPLA;RETA;NÃO;0
SP;BR-116;JACAREI;9;3;TERÇA-FEIRA;1;0;15;15H-17H;TARDE;PLENO DIA;CONDUTOR DEIXOU DE MANTER DISTÂNCIA DO VEÍCULO DA FRENTE;COLISÃO TRASEIRA;CÉU CLARO;DUPLA;RETA;NÃO;0
GO;BR-060;GOIANIA;9;3;TERÇA-FEIRA;1;0;16;15H-17H;TARDE;PLENO DIA;CONDUTOR DEIXOU DE MANTER DISTÂNCIA DO VEÍCULO DA FRENTE;COLISÃO TRASEIRA;CHUVA;DUPLA;RETA;NÃO;0
TO;BR-153;MIRACEMA DO TOCANTINS;9;3;TERÇA-FEIRA;1;0;15;15H-17H;TARDE;PLENO DIA;DEMAIS FALHAS MECÂNICAS OU ELÉTRICAS;INCÊNDIO;CÉU CLARO;SIMPLES;RETA;NÃO;0
ES;BR-262;VENDA NOVA DO IMIGRANTE;9;3;TERÇA-FEIRA;1;0;17;15H-17H;TARDE;ANOITECER;ENTRADA INOPINADA DO PEDESTRE;ATROPELAMENTO DE PEDESTRE;GAROA/CHUVISCO;SIMPLES;RETA;SIM;0
RS;BR-153;CACAPAVA DO SUL;9;3;TERÇA-FEIRA;1;0;16;15H-17H;TARDE;PLENO DIA;MAL SÚBITO DO CONDUTOR;SAÍDA DE LEITO CARROÇÁVEL;CÉU CLARO;SIMPLES;RETA;NÃO;0
RS;BR-468;TRES PASSOS;9;3;TERÇA-FEIRA;1;0;15;15H-17H;TARDE;PLENO DIA;CONVERSÃO PROIBIDA;COLISÃO TRANSVERSAL;CÉU CLARO;SIMPLES;"RETA;INTERSEÇÃO DE VIAS";SIM;0
MG;BR-381;BETIM;9;3;TERÇA-FEIRA;1;0;16;15H-17H;TARDE;PLENO DIA;TRAFEGAR COM MOTOCICLETA (OU SIMILAR) ENTRE AS FAIXAS;COLISÃO LATERAL MESMO SENTIDO;CÉU CLARO;MÚLTIPLA;"RETA;DECLIVE";SIM;0
SC;BR-280;CANOINHAS;9;3;TERÇA-FEIRA;1;0;16;15H-17H;TARDE;PLENO DIA;DESRESPEITAR A PREFERÊNCIA NO CRUZAMENTO;COLISÃO TRANSVERSAL;CÉU CLARO;SIMPLES;ROTATÓRIA;SIM;0
MA;BR-222;ITAPECURU MIRIM;9;3;TERÇA-FEIRA;1;0;13;12H-14H;TARDE;PLENO DIA;VELOCIDADE INCOMPATÍVEL;COLISÃO FRONTAL;CÉU CLARO;SIMPLES;CURVA;NÃO;0
MG;BR-251;GRAO MOGOL;9;3;TERÇA-FEIRA;1;0;11;09H-11H;MANHA;PLENO DIA;ULTRAPASSAGEM INDEVIDA;COLISÃO FRONTAL;NUBLADO;SIMPLES;"RETA;ACLIVE";NÃO;0
GO;BR-060;GOIANIA;9;3;TERÇA-FEIRA;1;0;16;15H-17H;TARDE;PLENO DIA;TRANSITAR NO ACOSTAMENTO;COLISÃO TRASEIRA;SOL;DUPLA;RETA;SIM;0
SP;BR-116;SAO LOURENCO DA SERRA;9;3;TERÇA-FEIRA;1;0;19;18H-20H;NOITE;PLENA NOITE;MANOBRA DE MUDANÇA DE FAIXA;COLISÃO LATERAL MESMO SENTIDO;NUBLADO;DUPLA;RETA;NÃO;0
SC;BR-280;GUARAMIRIM;9;3;TERÇA-FEIRA;1;0;19;18H-20H;NOITE;PLENA NOITE;DESRESPEITAR A PREFERÊNCIA NO CRUZAMENTO;COLISÃO TRANSVERSAL;NUBLADO;SIMPLES;ROTATÓRIA;NÃO;0
MG;BR-381;BELO ORIENTE;9;3;TERÇA-FEIRA;1;0;15;15H-17H;TARDE;PLENO DIA;REAÇÃO TARDIA OU INEFICIENTE DO CONDUTOR;COLISÃO TRASEIRA;CÉU CLARO;SIMPLES;"ACLIVE;EM OBRAS;RETA";NÃO;0
PR;BR-467;CASCAVEL;9;3;TERÇA-FEIRA;1;0;19;18H-20H;NOITE;PLENA NOITE;AUSÊNCIA DE REAÇÃO DO CONDUTOR;COLISÃO TRASEIRA;CÉU CLARO;DUPLA;"RETA;ACLIVE";NÃO;1
MG;BR-262;FLORESTAL;9;3;TERÇA-FEIRA;1;0;21;21H-23H;NOITE;PLENA NOITE;OBJETO ESTÁTICO SOBRE O LEITO CARROÇÁVEL;COLISÃO COM OBJETO;CÉU CLARO;DUPLA;"CURVA;ACLIVE";NÃO;0
BA;BR-415;ILHEUS;9;3;TERÇA-FEIRA;1;0;16;15H-17H;TARDE;PLENO DIA;REAÇÃO TARDIA OU INEFICIENTE DO CONDUTOR;COLISÃO LATERAL SENTIDO OPOSTO;CÉU CLARO;DUPLA;RETA;NÃO;0
PI;BR-135;SAO GONCALO DO GURGUEIA;9;3;TERÇA-FEIRA;1;0;17;15H-17H;TARDE;ANOITECER;REAÇÃO TARDIA OU INEFICIENTE DO CONDUTOR;TOMBAMENTO;CÉU CLARO;SIMPLES;"DECLIVE;CURVA";NÃO;0
PB;BR-230;CAMPINA GRANDE;9;3;TERÇA-FEIRA;1;0;23;21H-23H;NOITE;PLENA NOITE;INGESTÃO DE ÁLCOOL PELO CONDUTOR;COLISÃO LATERAL SENTIDO OPOSTO;CÉU CLARO;SIMPLES;"EM OBRAS;RETA";SIM;0
SP;BR-381;ATIBAIA;9;3;TERÇA-FEIRA;1;0;22;21H-23H;NOITE;PLENA NOITE;AUSÊNCIA DE REAÇÃO DO CONDUTOR;SAÍDA DE LEITO CARROÇÁVEL;CÉU CLARO;SIMPLES;RETA;SIM;0
PI;BR-135;ELISEU MARTINS;9;3;QUARTA-FEIRA;2;0;0;00H-02H;MADRUGADA;PLENA NOITE;AUSÊNCIA DE REAÇÃO DO CONDUTOR;SAÍDA DE LEITO CARROÇÁVEL;CÉU CLARO;SIMPLES;INTERSEÇÃO DE VIAS;SIM;0
MG;BR-381;POUSO ALEGRE;9;3;QUARTA-FEIRA;2;0;2;00H-02H;MADRUGADA;PLENA NOITE;CONDUTOR DORMINDO;COLISÃO TRASEIRA;CÉU CLARO;DUPLA;RETA;NÃO;0
SP;BR-116;REGISTRO;9;3;QUARTA-FEIRA;2;0;3;03H-05H;MADRUGADA;PLENA NOITE;CONDUTOR DORMINDO;SAÍDA DE LEITO CARROÇÁVEL;NUBLADO;DUPLA;RETA;SIM;0
MG;BR-050;UBERABA;9;3;QUARTA-FEIRA;2;0;5;03H-05H;MADRUGADA;AMANHECER;REAÇÃO TARDIA OU INEFICIENTE DO CONDUTOR;COLISÃO TRASEIRA;CÉU CLARO;DUPLA;"DECLIVE;RETA";SIM;0
MT;BR-163;NOVA MUTUM;9;3;TERÇA-FEIRA;1;0;22;21H-23H;NOITE;PLENA NOITE;CONDUTOR DORMINDO;COLISÃO TRASEIRA;CÉU CLARO;DUPLA;RETA;NÃO;0
RR;BR-174;IRACEMA;9;3;QUARTA-FEIRA;2;0;4;03H-05H;MADRUGADA;AMANHECER;CONDUTOR DORMINDO;TOMBAMENTO;GAROA/CHUVISCO;SIMPLES;CURVA;NÃO;0
PR;BR-116;CURITIBA;9;3;QUARTA-FEIRA;2;0;8;06H-08H;MANHA;PLENO DIA;MANOBRA DE MUDANÇA DE FAIXA;COLISÃO LATERAL MESMO SENTIDO;NUBLADO;DUPLA;RETA;SIM;0
PR;BR-277;MATELANDIA;9;3;QUARTA-FEIRA;2;0;7;06H-08H;MANHA;PLENO DIA;DESRESPEITAR A PREFERÊNCIA NO CRUZAMENTO;COLISÃO TRANSVERSAL;CÉU CLARO;SIMPLES;"ROTATÓRIA;RETA;INTERSEÇÃO DE VIAS";SIM;0
SP;BR-116;ROSEIRA;9;3;QUARTA-FEIRA;2;0;8;06H-08H;MANHA;PLENO DIA;TRAFEGAR COM MOTOCICLETA (OU SIMILAR) ENTRE AS FAIXAS;COLISÃO LATERAL MESMO SENTIDO;NUBLADO;DUPLA;RETA;NÃO;0
BA;BR-101;TEIXEIRA DE FREITAS;9;3;QUARTA-FEIRA;2;0;8;06H-08H;MANHA;PLENO DIA;ACESSO IRREGULAR;COLISÃO FRONTAL;NUBLADO;SIMPLES;RETA;SIM;0
PA;BR-163;TRAIRAO;9;3;TERÇA-FEIRA;1;0;21;21H-23H;NOITE;PLENA NOITE;REAÇÃO TARDIA OU INEFICIENTE DO CONDUTOR;COLISÃO LATERAL MESMO SENTIDO;GAROA/CHUVISCO;SIMPLES;RETA;NÃO;0
MG;BR-153;PRATA;9;3;QUARTA-FEIRA;2;0;6;06H-08H;MANHA;PLENO DIA;MANOBRA DE MUDANÇA DE FAIXA;COLISÃO TRANSVERSAL;CÉU CLARO;DUPLA;RETA;NÃO;0
CE;BR-116;EUSEBIO;9;3;QUARTA-FEIRA;2;0;9;09H-11H;MANHA;PLENO DIA;TRAFEGAR COM MOTOCICLETA (OU SIMILAR) ENTRE AS FAIXAS;COLISÃO LATERAL MESMO SENTIDO;CÉU CLARO;DUPLA;"DECLIVE;RETA";SIM;0
SC;BR-101;JOINVILLE;9;3;QUARTA-FEIRA;2;0;7;06H-08H;MANHA;PLENO DIA;ACESSAR A VIA SEM OBSERVAR A PRESENÇA DOS OUTROS VEÍCULOS;COLISÃO LATERAL MESMO SENTIDO;CÉU CLARO;MÚLTIPLA;"ACLIVE;RETA";NÃO;1
PE;BR-232;CARUARU;9;3;QUARTA-FEIRA;2;0;8;06H-08H;MANHA;PLENO DIA;CONDUTOR DEIXOU DE MANTER DISTÂNCIA DO VEÍCULO DA FRENTE;COLISÃO TRASEIRA;CÉU CLARO;DUPLA;"RETA;ACLIVE";NÃO;0
ES;BR-101;LINHARES;9;3;QUARTA-FEIRA;2;0;10;09H-11H;MANHA;PLENO DIA;ACESSAR A VIA SEM OBSERVAR A PRESENÇA DOS OUTROS VEÍCULOS;COLISÃO TRASEIRA;CÉU CLARO;SIMPLES;RETA;SIM;1
MG;BR-381;CARMOPOLIS DE MINAS;9;3;QUARTA-FEIRA;2;0;10;09H-11H;MANHA;PLENO DIA;REAÇÃO TARDIA OU INEFICIENTE DO CONDUTOR;ENGAVETAMENTO;NUBLADO;DUPLA;RETA;NÃO;1