uf;br_formatada;municipio;mes;trimestre;dia_semana;dia_semana_num;fim_de_semana;hora;faixa_horaria;turno;fase_dia;causa_acidente;tipo_acidente;condicao_metereologica;tipo_pista;tracado_via;uso_solo;acidente_fatal
MA;BR-222;ACAILANDIA;9;3;TERÇA-FEIRA;1;0;9;09H-11H;MANHA;PLENO DIA;REAÇÃO TARDIA OU INEFICIENTE DO CONDUTOR;COLISÃO TRANSVERSAL;CÉU CLARO;SIMPLES;"ACLIVE;RETA";NÃO;0
MG;BR-040;RIBEIRAO DAS NEVES;9;3;TERÇA-FEIRA;1;0;12;12H-14H;TARDE;PLENO DIA;DEMAIS FALHAS MECÂNICAS OU ELÉTRICAS;INCÊNDIO;CÉU CLARO;DUPLA;RETA;SIM;0
PR;BR-277;CAMPO LARGO;9;3;TERÇA-FEIRA;1;0;12;12H-14H;TARDE;PLENO DIA;REAÇÃO TARDIA OU INEFICIENTE DO CONDUTOR;COLISÃO TRASEIRA;CÉU CLARO;DUPLA;RETA;NÃO;0
MG;BR-381;CAMBUI;9;3;TERÇA-FEIRA;1;0;13;12H-14H;TARDE;PLENO DIA;REAÇÃO TARDIA OU INEFICIENTE DO CONDUTOR;COLISÃO TRASEIRA;CÉU CLARO;DUPLA;RETA;SIM;1
MG;BR-262;BETIM;9;3;TERÇA-FEIRA;1;0;15;15H-17H;TARDE;PLENO DIA;AUSÊNCIA DE REAÇÃO DO CONDUTOR;COLISÃO TRASEIRA;CÉU CLARO;DUPLA;RETA;NÃO;0
MG;BR-262;BOM DESPACHO;9;3;TERÇA-FEIRA;1;0;14;12H-14H;TARDE;PLENO DIA;AVARIAS E/OU DESGASTE EXCESSIVO NO PNEU;COLISÃO LATERAL SENTIDO OPOSTO;CÉU CLARO;SIMPLES;RETA;NÃO;0
PR;BR-163;SANTO ANTONIO DO SUDOESTE;9;3;TERÇA-FEIRA;1;0;13;12H-14H;TARDE;PLENO DIA;VELOCIDADE INCOMPATÍVEL;SAÍDA DE LEITO CARROÇÁVEL;CHUVA;SIMPLES;"DECLIVE;CURVA";NÃO;0
SC;BR-101;PENHA;9;3;TERÇA-FEIRA;1;0;13;12H-14H;TARDE;PLENO DIA;AUSÊNCIA DE REAÇÃO DO CONDUTOR;COLISÃO TRASEIRA;CÉU CLARO;MÚLTIPLA;RETA;NÃO;0
MT;BR-158;BARRA DO GARCAS;9;3;TERÇA-FEIRA;1;0;13;12H-14H;TARDE;PLENO DIA;AUSÊNCIA DE REAÇÃO DO CONDUTOR;COLISÃO LATERAL MESMO SENTIDO;CÉU CLARO;SIMPLES;RETA;NÃO;0
ES;BR-101;SERRA;9;3;TERÇA-FEIRA;1;0;17;15H-17H;TARDE;ANOITECER;REAÇÃO TARDIA OU INEFICIENTE DO CONDUTOR;COLISÃO TRASEIRA;NUBLADO;MÚLTIPLA;RETA;SIM;0
RS;BR-285;VACARIA;9;3;TERÇA-FEIRA;1;0;15;15H-17H;TARDE;PLENO DIA;CHUVA;SAÍDA DE LEITO CARROÇÁVEL;CHUVA;SIMPLES;RETA;NÃO;0
RS;BR-392;MORRO REDONDO;9;3;TERÇA-FEIRA;1;0;18;18H-20H;NOITE;ANOITECER;DEMAIS FALHAS MECÂNICAS OU ELÉTRICAS;INCÊNDIO;GAROA/CHUVISCO;SIMPLES;"DECLIVE;ROTATÓRIA";NÃO;0
GO;BR-050;CATALAO;9;3;TERÇA-FEIRA;1;0;18;18H-20H;NOITE;PLENA NOITE;VELOCIDADE INCOMPATÍVEL;COLISÃO TRASEIRA;CÉU CLARO;DUPLA;"RETA;ACLIVE";NÃO;0
SE;BR-101;UMBAUBA;9;3;TERÇA-FEIRA;1;0;18;18H-20H;NOITE;PLENA NOITE;ENTRADA INOPINADA DO PEDESTRE;ATROPELAMENTO DE PEDESTRE;NUBLADO;SIMPLES;"RETA;DECLIVE";NÃO;1
PA;BR-230;ALTAMIRA;9;3;TERÇA-FEIRA;1;0;15;15H-17H;TARDE;PLENO DIA;ULTRAPASSAGEM INDEVIDA;COLISÃO LATERAL SENTIDO OPOSTO;CÉU CLARO;SIMPLES;CURVA;SIM;1
RJ;BR-101;CAMPOS DOS GOYTACAZES;9;3;TERÇA-FEIRA;1;0;17;15H-17H;TARDE;PLENO DIA;AUSÊNCIA DE REAÇÃO DO CONDUTOR;SAÍDA DE LEITO CARROÇÁVEL;CÉU CLARO;DUPLA;CURVA;NÃO;0
MA;BR-135;SAO LUIS;9;3;TERÇA-FEIRA;1;0;19;18H-20H;NOITE;PLENA NOITE;PEDESTRE CRUZAVA A PISTA FORA DA FAIXA;ATROPELAMENTO DE PEDESTRE;CÉU CLARO;DUPLA;"RETA;RETORNO REGULAMENTADO";SIM;0
SC;BR-470;LONTRAS;9;3;TERÇA-FEIRA;1;0;19;18H-20H;NOITE;PLENA NOITE;TRANSITAR NA CONTRAMÃO;COLISÃO LATERAL SENTIDO OPOSTO;CHUVA;SIMPLES;CURVA;NÃO;0
RS;BR-116;CAMAQUA;9;3;TERÇA-FEIRA;1;0;18;18H-20H;NOITE;ANOITECER;CONDUTOR DORMINDO;SAÍDA DE LEITO CARROÇÁVEL;CHUVA;DUPLA;RETA;NÃO;0
GO;BR-452;ITUMBIARA;9;3;TERÇA-FEIRA;1;0;18;18H-20H;NOITE;ANOITECER;AUSÊNCIA DE REAÇÃO DO CONDUTOR;COLISÃO TRASEIRA;CÉU CLARO;SIMPLES;"RETA;ACLIVE";NÃO;0
MA;BR-010;ACAILANDIA;9;3;TERÇA-FEIRA;1;0;19;18H-20H;NOITE;PLENA NOITE;ULTRAPASSAGEM INDEVIDA;COLISÃO FRONTAL;CÉU CLARO;SIMPLES;RETA;NÃO;1
BA;BR-349;CORRENTINA;9;3;TERÇA-FEIRA;1;0;19;18H-20H;NOITE;PLENA NOITE;TRANSITAR NA CONTRAMÃO;COLISÃO LATERAL SENTIDO OPOSTO;NUBLADO;SIMPLES;CURVA;NÃO;1
SP;BR-116;SAO JOSE DOS CAMPOS;9;3;TERÇA-FEIRA;1;0;22;21H-23H;NOITE;PLENA NOITE;SUICÍDIO (PRESUMIDO);ATROPELAMENTO DE PEDESTRE;CÉU CLARO;DUPLA;RETA;SIM;1
PA;BR-163;ALTAMIRA;9;3;SEGUNDA-FEIRA;0;0;16;15H-17H;TARDE;PLENA NOITE;MANOBRA DE MUDANÇA DE FAIXA;COLISÃO LATERAL SENTIDO OPOSTO;CÉU CLARO;SIMPLES;"RETA;DECLIVE";NÃO;0
BA;BR-407;JUAZEIRO;9;3;TERÇA-FEIRA;1;0;21;21H-23H;NOITE;PLENA NOITE;VELOCIDADE INCOMPATÍVEL;COLISÃO TRASEIRA;CÉU CLARO;SIMPLES;RETA;NÃO;0
PA;BR-230;ITAITUBA;9;3;TERÇA-FEIRA;1;0;19;18H-20H;NOITE;PLENA NOITE;ESTACIONAR OU PARAR EM LOCAL PROIBIDO;COLISÃO TRASEIRA;CÉU CLARO;DUPLA;RETA;NÃO;0
SC;BR-163;SAO JOSE DO CEDRO;9;3;TERÇA-FEIRA;1;0;19;18H-20H;NOITE;PLENA NOITE;TRANSITAR NA CONTRAMÃO;COLISÃO FRONTAL;NUBLADO;SIMPLES;"RETA;ACLIVE";SIM;0
RS;BR-285;SAO LUIZ GONZAGA;10;4;QUARTA-FEIRA;2;0;0;00H-02H;MADRUGADA;PLENA NOITE;VELOCIDADE INCOMPATÍVEL;SAÍDA DE LEITO CARROÇÁVEL;NUBLADO;SIMPLES;"PONTE;CURVA";NÃO;0
CE;BR-116;UMARI;9;3;TERÇA-FEIRA;1;0;23;21H-23H;NOITE;PLENA NOITE;AUSÊNCIA DE REAÇÃO DO CONDUTOR;SAÍDA DE LEITO CARROÇÁVEL;CÉU CLARO;SIMPLES;"DECLIVE;RETA";NÃO;0
BA;BR-110;JEREMOABO;10;4;QUARTA-FEIRA;2;0;0;00H-02H;MADRUGADA;PLENA NOITE;TRANSITAR NA CONTRAMÃO;COLISÃO TRANSVERSAL;CÉU CLARO;SIMPLES;RETA;NÃO;1
ES;BR-259;JOAO NEIVA;10;4;QUARTA-FEIRA;2;0;3;03H-05H;MADRUGADA;PLENA NOITE;VELOCIDADE INCOMPATÍVEL;TOMBAMENTO;NUBLADO;SIMPLES;"CURVA;ACLIVE";NÃO;0
GO;BR-414;CORUMBA DE GOIAS;10;4;QUARTA-FEIRA;2;0;3;03H-05H;MADRUGADA;PLENA NOITE;VELOCIDADE INCOMPATÍVEL;SAÍDA DE LEITO CARROÇÁVEL;CÉU CLARO;DUPLA;"DECLIVE;CURVA";NÃO;1
SP;BR-116;LAVRINHAS;10;4;QUARTA-FEIRA;2;0;2;00H-02H;MADRUGADA;PLENA NOITE;CONDUTOR DORMINDO;COLISÃO TRASEIRA;CÉU CLARO;MÚLTIPLA;RETA;NÃO;0
BA;BR-324;SAO SEBASTIAO DO PASSE;10;4;QUARTA-FEIRA;2;0;6;06H-08H;MANHA;PLENO DIA;TRANSITAR NO ACOSTAMENTO;ATROPELAMENTO DE PEDESTRE;NUBLADO;DUPLA;RETA;NÃO;1
BA;BR-101;ITAPEBI;10;4;QUARTA-FEIRA;2;0;3;03H-05H;MADRUGADA;PLENA NOITE;INGESTÃO DE ÁLCOOL PELO CONDUTOR;EVENTOS ATÍPICOS;NUBLADO;SIMPLES;CURVA;NÃO;0
MG;BR-116;LEOPOLDINA;10;4;QUARTA-FEIRA;2;0;0;00H-02H;MADRUGADA;PLENA NOITE;AUSÊNCIA DE REAÇÃO DO CONDUTOR;TOMBAMENTO;CÉU CLARO;SIMPLES;CURVA;NÃO;0
SP;BR-116;BARRA DO TURVO;10;4;QUARTA-FEIRA;2;0;1;00H-02H;MADRUGADA;PLENA NOITE;REAÇÃO TARDIA OU INEFICIENTE DO CONDUTOR;TOMBAMENTO;NEVOEIRO/NEBLINA;DUPLA;CURVA;NÃO;0
GO;BR-153;GOIANAPOLIS;10;4;QUARTA-FEIRA;2;0;6;06H-08H;MANHA;PLENO DIA;DEMAIS FENÔMENOS DA NATUREZA;COLISÃO TRASEIRA;CÉU CLARO;DUPLA;"RETA;ACLIVE";NÃO;0
PA;BR-153;SAO DOMINGOS DO ARAGUAIA;9;3;TERÇA-FEIRA;1;0;14;12H-14H;TARDE;PLENO DIA;DEMAIS FALHAS MECÂNICAS OU ELÉTRICAS;INCÊNDIO;SOL;SIMPLES;RETA;SIM;0
MG;BR-381;BETIM;10;4;QUARTA-FEIRA;2;0;7;06H-08H;MANHA;PLENO DIA;TRAFEGAR COM MOTOCICLETA (OU SIMILAR) ENTRE AS FAIXAS;COLISÃO LATERAL MESMO SENTIDO;CÉU CLARO;MÚLTIPLA;"ACLIVE;CURVA";SIM;0
MT;BR-163;ITAUBA;9;3;TERÇA-FEIRA;1;0;23;21H-23H;NOITE;PLENA NOITE;CONDUTOR DORMINDO;COLISÃO TRASEIRA;IGNORADO;SIMPLES;"ACLIVE;RETA";NÃO;0
MS;BR-267;NOVA ALVORADA DO SUL;10;4;QUARTA-FEIRA;2;0;8;06H-08H;MANHA;PLENO DIA;PEDESTRE CRUZAVA A PISTA FORA DA FAIXA;ATROPELAMENTO DE PEDESTRE;GAROA/CHUVISCO;DUPLA;RETA;SIM;0
RN;BR-226;NATAL;10;4;QUARTA-FEIRA;2;0;9;09H-11H;MANHA;PLENO DIA;ACESSAR A VIA SEM OBSERVAR A PRESENÇA DOS OUTROS VEÍCULOS;COLISÃO TRANSVERSAL;CÉU CLARO;SIMPLES;"RETA;INTERSEÇÃO DE VIAS";SIM;0
BA;BR-116;SANTA BARBARA;10;4;QUARTA-FEIRA;2;0;10;09H-11H;MANHA;PLENO DIA;VELOCIDADE INCOMPATÍVEL;COLISÃO FRONTAL;CÉU CLARO;SIMPLES;"RETA;ACLIVE";NÃO;0
MA;BR-010;DAVINOPOLIS;10;4;QUARTA-FEIRA;2;0;7;06H-08H;MANHA;PLENO DIA;AVARIAS E/OU DESGASTE EXCESSIVO NO PNEU;TOMBAMENTO;CÉU CLARO;SIMPLES;RETA;NÃO;0
PB;BR-230;JOAO PESSOA;10;4;QUARTA-FEIRA;2;0;9;09H-11H;MANHA;PLENO DIA;REAÇÃO TARDIA OU INEFICIENTE DO CONDUTOR;COLISÃO COM OBJETO;CÉU CLARO;MÚLTIPLA;INTERSEÇÃO DE VIAS;NÃO;0
RS;BR-386;SOLEDADE;10;4;QUARTA-FEIRA;2;0;10;09H-11H;MANHA;PLENO DIA;TRANSITAR NA CONTRAMÃO;COLISÃO FRONTAL;CÉU CLARO;SIMPLES;"RETA;ACLIVE";NÃO;0
RJ;BR-493;GUAPIMIRIM;10;4;QUARTA-FEIRA;2;0;9;09H-11H;MANHA;PLENO DIA;ACESSAR A VIA SEM OBSERVAR A PRESENÇA DOS OUTROS VEÍCULOS;COLISÃO LATERAL MESMO SENTIDO;CÉU CLARO;DUPLA;RETA;NÃO;0
BA;BR-242;BARREIRAS;10;4;QUARTA-FEIRA;2;0;7;06H-08H;MANHA;PLENO DIA;AVARIAS E/OU DESGASTE EXCESSIVO NO PNEU;COLISÃO COM OBJETO;CÉU CLARO;SIMPLES;RETA;NÃO;0
RO;BR-364;PORTO VELHO;10;4;QUARTA-FEIRA;2;0;7;06H-08H;MANHA;PLENO DIA;ULTRAPASSAGEM INDEVIDA;SAÍDA DE LEITO CARROÇÁVEL;CÉU CLARO;SIMPLES;"RETA;DECLIVE";NÃO;0
BA;BR-324;SALVADOR;10;4;QUARTA-FEIRA;2;0;6;06H-08H;MANHA;PLENO DIA;DEMAIS FALHAS MECÂNICAS OU ELÉTRICAS;DERRAMAMENTO DE CARGA;SOL;DUPLA;RETA;SIM;0
GO;BR-153;GOIATUBA;10;4;QUARTA-FEIRA;2;0;10;09H-11H;MANHA;PLENO DIA;AUSÊNCIA DE REAÇÃO DO CONDUTOR;TOMBAMENTO;SOL;DUPLA;DECLIVE;NÃO;0
GO;BR-158;ARAGARCAS;10;4;QUARTA-FEIRA;2;0;7;06H-08H;MANHA;PLENO DIA;REAÇÃO TARDIA OU INEFICIENTE DO CONDUTOR;TOMBAMENTO;CÉU CLARO;SIMPLES;"VIADUTO;CURVA";NÃO;0
GO;BR-153;MORRINHOS;8;3;SEXTA-FEIRA;4;0;16;15H-17H;TARDE;PLENO DIA;REAÇÃO TARDIA OU INEFICIENTE DO CONDUTOR;SAÍDA DE LEITO CARROÇÁVEL;NUBLADO;DUPLA;"DECLIVE;RETA";NÃO;0
SC;BR-470;BLUMENAU;8;3;QUARTA-FEIRA;2;0;6;06H-08H;MANHA;AMANHECER;ACESSAR A VIA SEM OBSERVAR A PRESENÇA DOS OUTROS VEÍCULOS;COLISÃO TRASEIRA;GAROA/CHUVISCO;SIMPLES;"CURVA;EM OBRAS";NÃO;0
MG;BR-040;SETE LAGOAS;10;4;QUARTA-FEIRA;2;0;15;15H-17H;TARDE;PLENO DIA;CONDUTOR USANDO CELULAR;COLISÃO TRASEIRA;CÉU CLARO;DUPLA;"ACLIVE;RETA";NÃO;0
BA;BR-116;JAGUAQUARA;10;4;QUARTA-FEIRA;2;0;9;09H-11H;MANHA;PLENO DIA;CONDUTOR DEIXOU DE MANTER DISTÂNCIA DO VEÍCULO DA FRENTE;ENGAVETAMENTO;CÉU CLARO;SIMPLES;RETA;NÃO;0
PE;BR-407;PETROLINA;7;3;SEXTA-FEIRA;4;0;10;09H-11H;MANHA;PLENO DIA;AUSÊNCIA DE SINALIZAÇÃO;COLISÃO TRASEIRA;IGNORADO;DUPLA;"RETA;VIADUTO";SIM;0
SP;BR-116;SAO JOSE DOS CAMPOS;10;4;QUARTA-FEIRA;2;0;14;12H-14H;TARDE;PLENO DIA;REAÇÃO TARDIA OU INEFICIENTE DO CONDUTOR;COLISÃO TRASEIRA;CÉU CLARO;DUPLA;RETA;SIM;0
ES;BR-101;ANCHIETA;10;4;QUARTA-FEIRA;2;0;15;15H-17H;TARDE;PLENO DIA;VELOCIDADE INCOMPATÍVEL;TOMBAMENTO;SOL;SIMPLES;"ACLIVE;CURVA";NÃO;0
RS;BR-293;PIRATINI;10;4;QUARTA-FEIRA;2;0;15;15H-17H;TARDE;PLENO DIA;AUSÊNCIA DE REAÇÃO DO CONDUTOR;ENGAVETAMENTO;CÉU CLARO;SIMPLES;"EM OBRAS;RETA";NÃO;0
AL;BR-416;UNIAO DOS PALMARES;10;4;QUARTA-FEIRA;2;0;14;12H-14H;TARDE;PLENO DIA;DEMAIS FALHAS MECÂNICAS OU ELÉTRICAS;TOMBAMENTO;CÉU CLARO;SIMPLES;"DECLIVE;CURVA";NÃO;0
MG;BR-251;FRANCISCO SA;10;4;QUARTA-FEIRA;2;0;14;12H-14H;TARDE;PLENO DIA;CURVA ACENTUADA;TOMBAMENTO;CÉU CLARO;SIMPLES;CURVA;NÃO;0
RS;BR-285;PASSO FUNDO;10;4;QUARTA-FEIRA;2;0;16;15H-17H;TARDE;PLENO DIA;AUSÊNCIA DE REAÇÃO DO CONDUTOR;COLISÃO LATERAL MESMO SENTIDO;NUBLADO;DUPLA;"INTERSEÇÃO DE VIAS;ROTATÓRIA";SIM;0
SP;BR-116;MIRACATU;10;4;QUARTA-FEIRA;2;0;15;15H-17H;TARDE;PLENO DIA;MANOBRA DE MUDANÇA DE FAIXA;COLISÃO LATERAL MESMO SENTIDO;NUBLADO;DUPLA;RETA;SIM;0
PR;BR-487;CAMPO MOURAO;10;4;QUARTA-FEIRA;2;0;17;15H-17H;TARDE;PLENO DIA;REAÇÃO TARDIA OU INEFICIENTE DO CONDUTOR;COLISÃO TRANSVERSAL;CÉU CLARO;SIMPLES;ACLIVE;SIM;0
PA;BR-163;ALTAMIRA;9;3;SÁBADO;5;1;7;06H-08H;MANHA;PLENO DIA;ULTRAPASSAGEM INDEVIDA;COLISÃO LATERAL MESMO SENTIDO;CÉU CLARO;SIMPLES;"DECLIVE;RETA";NÃO;0
SC;BR-101;ITAJAI;10;4;QUARTA-FEIRA;2;0;18;18H-20H;NOITE;PLENA NOITE;REAÇÃO TARDIA OU INEFICIENTE DO CONDUTOR;COLISÃO LATERAL MESMO SENTIDO;NUBLADO;DUPLA;PONTE;SIM;0
BA;BR-020;SAO DESIDERIO;10;4;QUARTA-FEIRA;2;0;17;15H-17H;TARDE;PLENO DIA;ACESSAR A VIA SEM OBSERVAR A PRESENÇA DOS OUTROS VEÍCULOS;COLISÃO TRANSVERSAL;CÉU CLARO;SIMPLES;RETA;SIM;0
PE;BR-101;RECIFE;10;4;QUARTA-FEIRA;2;0;18;18H-20H;NOITE;PLENA NOITE;AUSÊNCIA DE REAÇÃO DO CONDUTOR;TOMBAMENTO;CHUVA;DUPLA;RETA;SIM;1
SE;BR-101;ROSARIO DO CATETE;10;4;QUARTA-FEIRA;2;0;19;18H-20H;NOITE;PLENA NOITE;SUICÍDIO (PRESUMIDO);ATROPELAMENTO DE PEDESTRE;NUBLADO;SIMPLES;RETA;NÃO;1
MT;BR-174;CACERES;10;4;QUARTA-FEIRA;2;0;19;18H-20H;NOITE;PLENA NOITE;ANIMAIS NA PISTA;ATROPELAMENTO DE ANIMAL;CÉU CLARO;SIMPLES;RETA;NÃO;1
MS;BR-262;RIBAS DO RIO PARDO;10;4;QUARTA-FEIRA;2;0;17;15H-17H;TARDE;ANOITECER;INGESTÃO DE ÁLCOOL PELO CONDUTOR;COLISÃO LATERAL MESMO SENTIDO;CÉU CLARO;SIMPLES;RETA;NÃO;0
PE;BR-101;RIBEIRAO;10;4;QUARTA-FEIRA;2;0;21;21H-23H;NOITE;PLENA NOITE;PISTA ESBURACADA;SAÍDA DE LEITO CARROÇÁVEL;NUBLADO;DUPLA;CURVA;NÃO;0
SP;BR-116;MIRACATU;10;4;QUARTA-FEIRA;2;0;22;21H-23H;NOITE;PLENA NOITE;VELOCIDADE INCOMPATÍVEL;SAÍDA DE LEITO CARROÇÁVEL;CÉU CLARO;DUPLA;"DECLIVE;CURVA";NÃO;0
GO;BR-153;MORRINHOS;10;4;QUARTA-FEIRA;2;0;22;21H-23H;NOITE;PLENA NOITE;REAÇÃO TARDIA OU INEFICIENTE DO CONDUTOR;COLISÃO TRASEIRA;CÉU CLARO;DUPLA;RETA;NÃO;0
PR;BR-277;PARANAGUA;10;4;QUINTA-FEIRA;3;0;1;00H-02H;MADRUGADA;PLENA NOITE;REAÇÃO TARDIA OU INEFICIENTE DO CONDUTOR;SAÍDA DE LEITO CARROÇÁVEL;NUBLADO;SIMPLES;RETA;NÃO;0
CE;BR-116;SAO GONCALO DO AMARANTE;10;4;QUINTA-FEIRA;3;0;2;00H-02H;MADRUGADA;PLENA NOITE;MANOBRA DE MUDANÇA DE FAIXA;COLISÃO LATERAL SENTIDO OPOSTO;CÉU CLARO;SIMPLES;RETA;NÃO;0
GO;BR-153;NOVA GLORIA;10;4;QUINTA-FEIRA;3;0;3;03H-05H;MADRUGADA;PLENA NOITE;AUSÊNCIA DE REAÇÃO DO CONDUTOR;COLISÃO LATERAL SENTIDO OPOSTO;CÉU CLARO;SIMPLES;RETA;NÃO;1
BA;BR-116;SANTO ESTEVAO;10;4;QUINTA-FEIRA;3;0;4;03H-05H;MADRUGADA;AMANHECER;CONDUTOR DORMINDO;SAÍDA DE LEITO CARROÇÁVEL;CÉU CLARO;DUPLA;RETA;NÃO;1
MG;BR-040;TRES MARIAS;10;4;QUINTA-FEIRA;3;0;1;00H-02H;MADRUGADA;PLENA NOITE;ULTRAPASSAGEM INDEVIDA;COLISÃO FRONTAL;CÉU CLARO;SIMPLES;RETA;NÃO;1
SC;BR-101;GARUVA;10;4;QUARTA-FEIRA;2;0;19;18H-20H;NOITE;PLENA NOITE;REAÇÃO TARDIA OU INEFICIENTE DO CONDUTOR;COLISÃO TRASEIRA;NUBLADO;MÚLTIPLA;"RETA;DECLIVE";NÃO;0
SE;BR-101;ESTANCIA;10;4;QUARTA-FEIRA;2;0;22;21H-23H;NOITE;PLENA NOITE;AUSÊNCIA DE REAÇÃO DO CONDUTOR;SAÍDA DE LEITO CARROÇÁVEL;CÉU CLARO;SIMPLES;"ACLIVE;CURVA";NÃO;0
SE;BR-101;ESTANCIA;10;4;QUINTA-FEIRA;3;0;3;03H-05H;MADRUGADA;PLENA NOITE;DEMAIS FALHAS MECÂNICAS OU ELÉTRICAS;INCÊNDIO;NUBLADO;DUPLA;RETA;NÃO;0
MG;BR-381;SABARA;10;4;QUINTA-FEIRA;3;0;5;03H-05H;MADRUGADA;PLENO DIA;AUSÊNCIA DE REAÇÃO DO CONDUTOR;COLISÃO FRONTAL;CÉU CLARO;SIMPLES;"RETA;DECLIVE";NÃO;0
PR;BR-277;SAO MIGUEL DO IGUACU;10;4;QUINTA-FEIRA;3;0;7;06H-08H;MANHA;PLENO DIA;VELOCIDADE INCOMPATÍVEL;SAÍDA DE LEITO CARROÇÁVEL;NUBLADO;DUPLA;"CURVA;DECLIVE";NÃO;0
RS;BR-392;SANTA MARIA;10;4;QUINTA-FEIRA;3;0;7;06H-08H;MANHA;PLENO DIA;ACESSAR A VIA SEM OBSERVAR A PRESENÇA DOS OUTROS VEÍCULOS;COLISÃO TRANSVERSAL;NUBLADO;SIMPLES;"EM OBRAS;RETA";SIM;0
SC;BR-101;CAPIVARI DE BAIXO;9;3;SÁBADO;5;1;19;18H-20H;NOITE;PLENA NOITE;ESTACIONAR OU PARAR EM LOCAL PROIBIDO;COLISÃO TRASEIRA;NUBLADO;DUPLA;RETA;NÃO;0
RS;BR-285;BOM JESUS;9;3;DOMINGO;6;1;9;09H-11H;MANHA;PLENO DIA;TRANSITAR NA CONTRAMÃO;COLISÃO FRONTAL;CÉU CLARO;SIMPLES;RETA;NÃO;1
ES;BR-262;VIANA;10;4;QUINTA-FEIRA;3;0;6;06H-08H;MANHA;PLENO DIA;DEMAIS FALHAS MECÂNICAS OU ELÉTRICAS;INCÊNDIO;CÉU CLARO;SIMPLES;"CURVA;DECLIVE";NÃO;0
MT;BR-158;AGUA BOA;9;3;TERÇA-FEIRA;1;0;22;21H-23H;NOITE;PLENA NOITE;INGESTÃO DE ÁLCOOL PELO CONDUTOR;COLISÃO FRONTAL;CÉU CLARO;SIMPLES;RETA;NÃO;0
MG;BR-381;BETIM;10;4;QUINTA-FEIRA;3;0;9;09H-11H;MANHA;PLENO DIA;DEMAIS FALHAS MECÂNICAS OU ELÉTRICAS;ENGAVETAMENTO;CÉU CLARO;DUPLA;"CURVA;ACLIVE";SIM;0
DF;BR-020;BRASILIA;10;4;QUINTA-FEIRA;3;0;7;06H-08H;MANHA;PLENO DIA;AUSÊNCIA DE SINALIZAÇÃO;COLISÃO TRASEIRA;CÉU CLARO;DUPLA;"EM OBRAS;ACLIVE;RETA";SIM;0
RJ;BR-116;SEROPEDICA;10;4;QUARTA-FEIRA;2;0;22;21H-23H;NOITE;PLENA NOITE;CONDUTOR DEIXOU DE MANTER DISTÂNCIA DO VEÍCULO DA FRENTE;TOMBAMENTO;CÉU CLARO;MÚLTIPLA;"RETA;EM OBRAS";NÃO;0
MG;BR-116;ITAOBIM;10;4;QUINTA-FEIRA;3;0;6;06H-08H;MANHA;AMANHECER;ACESSAR A VIA SEM OBSERVAR A PRESENÇA DOS OUTROS VEÍCULOS;COLISÃO TRANSVERSAL;CÉU CLARO;MÚLTIPLA;INTERSEÇÃO DE VIAS;NÃO;0
ES;BR-101;SERRA;10;4;QUINTA-FEIRA;3;0;10;09H-11H;MANHA;PLENO DIA;MANOBRA DE MUDANÇA DE FAIXA;COLISÃO LATERAL MESMO SENTIDO;CÉU CLARO;DUPLA;"RETA;EM OBRAS";NÃO;0
SC;BR-470;IBIRAMA;10;4;QUINTA-FEIRA;3;0;8;06H-08H;MANHA;PLENO DIA;PISTA ESCORREGADIA;TOMBAMENTO;CHUVA;SIMPLES;CURVA;NÃO;0
BA;BR-407;JUAZEIRO;10;4;QUINTA-FEIRA;3;0;10;09H-11H;MANHA;PLENO DIA;ACESSAR A VIA SEM OBSERVAR A PRESENÇA DOS OUTROS VEÍCULOS;COLISÃO TRANSVERSAL;CÉU CLARO;SIMPLES;RETA;SIM;0
BA;BR-116;FEIRA DE SANTANA;10;4;QUINTA-FEIRA;3;0;11;09H-11H;MANHA;PLENO DIA;AUSÊNCIA DE REAÇÃO DO CONDUTOR;COLISÃO LATERAL MESMO SENTIDO;CÉU CLARO;DUPLA;ACLIVE;SIM;0
RS;BR-386;NOVA SANTA RITA;10;4;QUINTA-FEIRA;3;0;11;09H-11H;MANHA;PLENO DIA;ACESSAR A VIA SEM OBSERVAR A PRESENÇA DOS OUTROS VEÍCULOS;COLISÃO TRANSVERSAL;CÉU CLARO;SIMPLES;RETA;NÃO;0
MA;BR-222;SANTA LUZIA;10;4;QUINTA-FEIRA;3;0;10;09H-11H;MANHA;PLENO DIA;ULTRAPASSAGEM INDEVIDA;COLISÃO FRONTAL;CÉU CLARO;SIMPLES;CURVA;NÃO;0
MT;BR-070;BARRA DO GARCAS;10;4;QUINTA-FEIRA;3;0;12;12H-14H;TARDE;PLENO DIA;AUSÊNCIA DE REAÇÃO DO CONDUTOR;TOMBAMENTO;CÉU CLARO;SIMPLES;RETA;NÃO;0
PR;BR-116;CAMPINA GRANDE DO SUL;10;4;QUINTA-FEIRA;3;0;12;12H-14H;TARDE;PLENO DIA;AUSÊNCIA DE REAÇÃO DO CONDUTOR;TOMBAMENTO;NUBLADO;DUPLA;CURVA;NÃO;0
MA;BR-010;IMPERATRIZ;10;4;QUINTA-FEIRA;3;0;11;09H-11H;MANHA;PLENO DIA;AUSÊNCIA DE REAÇÃO DO CONDUTOR;COLISÃO LATERAL MESMO SENTIDO;CÉU CLARO;DUPLA;"RETA;INTERSEÇÃO DE VIAS";SIM;0