uf;br_formatada;municipio;mes;trimestre;dia_semana;dia_semana_num;fim_de_semana;hora;faixa_horaria;turno;fase_dia;causa_acidente;tipo_acidente;condicao_metereologica;tipo_pista;tracado_via;uso_solo;acidente_fatal
RJ;BR-393;VASSOURAS;10;4;SEXTA-FEIRA;4;0;10;09H-11H;MANHA;PLENO DIA;PISTA ESCORREGADIA;COLISÃO LATERAL SENTIDO OPOSTO;NUBLADO;SIMPLES;"CURVA;DECLIVE";NÃO;0
SP;BR-381;SAO PAULO;9;3;QUINTA-FEIRA;3;0;21;21H-23H;NOITE;PLENA NOITE;VELOCIDADE INCOMPATÍVEL;TOMBAMENTO;NUBLADO;DUPLA;"ACLIVE;CURVA";NÃO;0
MS;BR-163;CAMPO GRANDE;10;4;SEXTA-FEIRA;4;0;10;09H-11H;MANHA;PLENO DIA;RETORNO PROIBIDO;COLISÃO TRANSVERSAL;CÉU CLARO;SIMPLES;RETA;SIM;0
PR;BR-476;CONTENDA;10;4;SEXTA-FEIRA;4;0;9;09H-11H;MANHA;PLENO DIA;CONDUTOR DEIXOU DE MANTER DISTÂNCIA DO VEÍCULO DA FRENTE;COLISÃO FRONTAL;GAROA/CHUVISCO;SIMPLES;RETA;NÃO;1
AC;BR-317;EPITACIOLANDIA;10;4;SEXTA-FEIRA;4;0;0;00H-02H;MADRUGADA;PLENA NOITE;REAÇÃO TARDIA OU INEFICIENTE DO CONDUTOR;TOMBAMENTO;NUBLADO;SIMPLES;CURVA;NÃO;0
MT;BR-364;PEDRA PRETA;10;4;SEXTA-FEIRA;4;0;4;03H-05H;MADRUGADA;PLENA NOITE;DEMAIS FALHAS MECÂNICAS OU ELÉTRICAS;INCÊNDIO;CÉU CLARO;DUPLA;"RETA;ACLIVE";NÃO;0
MG;BR-381;ITATIAIUCU;10;4;SEXTA-FEIRA;4;0;11;09H-11H;MANHA;PLENO DIA;DEMAIS FALHAS MECÂNICAS OU ELÉTRICAS;EVENTOS ATÍPICOS;CÉU CLARO;DUPLA;"DECLIVE;RETA";NÃO;0
MS;BR-060;CAMPO GRANDE;10;4;SEXTA-FEIRA;4;0;12;12H-14H;TARDE;PLENO DIA;ACESSO IRREGULAR;COLISÃO LATERAL MESMO SENTIDO;NUBLADO;SIMPLES;"INTERSEÇÃO DE VIAS;DECLIVE;RETA";NÃO;0
CE;BR-222;ITAPAJE;10;4;SEXTA-FEIRA;4;0;11;09H-11H;MANHA;PLENO DIA;ACESSAR A VIA SEM OBSERVAR A PRESENÇA DOS OUTROS VEÍCULOS;COLISÃO TRANSVERSAL;CÉU CLARO;SIMPLES;CURVA;NÃO;0
SE;BR-235;ITABAIANA;10;4;SEXTA-FEIRA;4;0;14;12H-14H;TARDE;PLENO DIA;CONDUTOR DEIXOU DE MANTER DISTÂNCIA DO VEÍCULO DA FRENTE;COLISÃO TRASEIRA;CÉU CLARO;SIMPLES;"INTERSEÇÃO DE VIAS;RETA";NÃO;0
MG;BR-381;SABARA;10;4;SEXTA-FEIRA;4;0;14;12H-14H;TARDE;PLENO DIA;TRANSITAR NO ACOSTAMENTO;COLISÃO LATERAL MESMO SENTIDO;CÉU CLARO;SIMPLES;CURVA;SIM;0
SP;BR-116;SAO PAULO;10;4;SEXTA-FEIRA;4;0;15;15H-17H;TARDE;PLENO DIA;AUSÊNCIA DE REAÇÃO DO CONDUTOR;COLISÃO LATERAL MESMO SENTIDO;GAROA/CHUVISCO;MÚLTIPLA;RETA;SIM;0
PB;BR-230;SANTA RITA;10;4;SEXTA-FEIRA;4;0;16;15H-17H;TARDE;PLENO DIA;AUSÊNCIA DE REAÇÃO DO CONDUTOR;COLISÃO TRASEIRA;CÉU CLARO;DUPLA;"ACLIVE;RETA";SIM;0
AL;BR-101;TEOTONIO VILELA;10;4;SEXTA-FEIRA;4;0;13;12H-14H;TARDE;PLENO DIA;DEMAIS FALHAS MECÂNICAS OU ELÉTRICAS;INCÊNDIO;CÉU CLARO;DUPLA;"ACLIVE;CURVA";NÃO;0
BA;BR-101;ALAGOINHAS;10;4;SEXTA-FEIRA;4;0;16;15H-17H;TARDE;PLENO DIA;TRANSITAR NA CONTRAMÃO;COLISÃO FRONTAL;SOL;SIMPLES;RETA;SIM;1
ES;BR-101;LINHARES;10;4;SEXTA-FEIRA;4;0;17;15H-17H;TARDE;ANOITECER;CONDUTOR DEIXOU DE MANTER DISTÂNCIA DO VEÍCULO DA FRENTE;COLISÃO TRASEIRA;NUBLADO;DUPLA;RETA;SIM;0
SE;BR-101;LARANJEIRAS;10;4;SEXTA-FEIRA;4;0;15;15H-17H;TARDE;PLENO DIA;CONDUTOR DEIXOU DE MANTER DISTÂNCIA DO VEÍCULO DA FRENTE;ENGAVETAMENTO;CÉU CLARO;DUPLA;"RETA;ACLIVE";NÃO;0
PE;BR-101;CABO DE SANTO AGOSTINHO;10;4;SEXTA-FEIRA;4;0;16;15H-17H;TARDE;ANOITECER;REAÇÃO TARDIA OU INEFICIENTE DO CONDUTOR;TOMBAMENTO;CÉU CLARO;DUPLA;RETA;NÃO;1
SC;BR-101;BARRA VELHA;10;4;SEXTA-FEIRA;4;0;17;15H-17H;TARDE;PLENO DIA;CONDUTOR DEIXOU DE MANTER DISTÂNCIA DO VEÍCULO DA FRENTE;COLISÃO TRASEIRA;GAROA/CHUVISCO;MÚLTIPLA;RETA;NÃO;0
MA;BR-135;ITAPECURU MIRIM;10;4;SEXTA-FEIRA;4;0;16;15H-17H;TARDE;PLENO DIA;ESTACIONAR OU PARAR EM LOCAL PROIBIDO;COLISÃO TRANSVERSAL;CÉU CLARO;SIMPLES;"RETA;ROTATÓRIA";NÃO;0
MG;BR-381;EXTREMA;10;4;SEXTA-FEIRA;4;0;16;15H-17H;TARDE;PLENO DIA;CHUVA;COLISÃO COM OBJETO;CHUVA;DUPLA;"RETA;DECLIVE";NÃO;0
MT;BR-163;TERRA NOVA DO NORTE;10;4;SEXTA-FEIRA;4;0;12;12H-14H;TARDE;PLENO DIA;CONDUTOR DEIXOU DE MANTER DISTÂNCIA DO VEÍCULO DA FRENTE;ENGAVETAMENTO;CÉU CLARO;SIMPLES;"ACLIVE;RETA";NÃO;0
PB;BR-230;JOAO PESSOA;10;4;SEXTA-FEIRA;4;0;18;18H-20H;NOITE;ANOITECER;REAÇÃO TARDIA OU INEFICIENTE DO CONDUTOR;TOMBAMENTO;CÉU CLARO;DUPLA;RETA;SIM;0
PE;BR-101;ABREU E LIMA;10;4;SEXTA-FEIRA;4;0;18;18H-20H;NOITE;PLENA NOITE;CONDUTOR DEIXOU DE MANTER DISTÂNCIA DO VEÍCULO DA FRENTE;TOMBAMENTO;CÉU CLARO;MÚLTIPLA;RETA;SIM;0
SC;BR-470;IBIRAMA;10;4;SEXTA-FEIRA;4;0;17;15H-17H;TARDE;PLENO DIA;ACOSTAMENTO EM DESNÍVEL;TOMBAMENTO;NUBLADO;SIMPLES;RETA;SIM;0
MG;BR-267;AIURUOCA;10;4;SEXTA-FEIRA;4;0;18;18H-20H;NOITE;ANOITECER;INGESTÃO DE ÁLCOOL PELO CONDUTOR;COLISÃO FRONTAL;NUBLADO;SIMPLES;RETA;NÃO;0
SP;BR-381;MAIRIPORA;10;4;SEXTA-FEIRA;4;0;19;18H-20H;NOITE;PLENA NOITE;REAÇÃO TARDIA OU INEFICIENTE DO CONDUTOR;COLISÃO TRASEIRA;CHUVA;MÚLTIPLA;RETA;NÃO;0
SP;BR-381;GUARULHOS;10;4;SEXTA-FEIRA;4;0;16;15H-17H;TARDE;PLENO DIA;INGESTÃO DE ÁLCOOL PELO CONDUTOR;COLISÃO TRASEIRA;CHUVA;DUPLA;RETA;NÃO;0
MG;BR-262;IBIA;10;4;SEXTA-FEIRA;4;0;20;18H-20H;NOITE;PLENA NOITE;RESTRIÇÃO DE VISIBILIDADE EM CURVAS HORIZONTAIS;COLISÃO TRASEIRA;CÉU CLARO;SIMPLES;CURVA;NÃO;0
RO;BR-364;CANDEIAS DO JAMARI;10;4;SEXTA-FEIRA;4;0;18;18H-20H;NOITE;ANOITECER;TRANSITAR NA CONTRAMÃO;COLISÃO LATERAL SENTIDO OPOSTO;CHUVA;SIMPLES;CURVA;NÃO;0
RS;BR-287;SAO BORJA;10;4;SEXTA-FEIRA;4;0;19;18H-20H;NOITE;PLENA NOITE;AUSÊNCIA DE REAÇÃO DO CONDUTOR;COLISÃO LATERAL SENTIDO OPOSTO;CÉU CLARO;SIMPLES;CURVA;NÃO;0
SP;BR-116;SAO JOSE DOS CAMPOS;10;4;SEXTA-FEIRA;4;0;22;21H-23H;NOITE;PLENA NOITE;CONDUTOR DEIXOU DE MANTER DISTÂNCIA DO VEÍCULO DA FRENTE;COLISÃO TRASEIRA;GAROA/CHUVISCO;DUPLA;RETA;NÃO;0
MG;BR-116;ITAOBIM;10;4;SEXTA-FEIRA;4;0;19;18H-20H;NOITE;PLENA NOITE;DEMAIS FALHAS MECÂNICAS OU ELÉTRICAS;INCÊNDIO;CÉU CLARO;SIMPLES;CURVA;NÃO;0
PR;BR-277;CAMPO LARGO;10;4;SEXTA-FEIRA;4;0;20;18H-20H;NOITE;PLENO DIA;FREAR BRUSCAMENTE;ENGAVETAMENTO;GAROA/CHUVISCO;DUPLA;"DECLIVE;CURVA";NÃO;0
SP;BR-116;SAO JOSE DOS CAMPOS;10;4;SEXTA-FEIRA;4;0;22;21H-23H;NOITE;PLENA NOITE;REAÇÃO TARDIA OU INEFICIENTE DO CONDUTOR;COLISÃO TRASEIRA;GAROA/CHUVISCO;MÚLTIPLA;"RETA;EM OBRAS";SIM;0
ES;BR-101;ARACRUZ;10;4;SEXTA-FEIRA;4;0;22;21H-23H;NOITE;PLENO DIA;VELOCIDADE INCOMPATÍVEL;COLISÃO FRONTAL;NUBLADO;SIMPLES;RETA;SIM;1
RJ;BR-116;RESENDE;10;4;SEXTA-FEIRA;4;0;21;21H-23H;NOITE;PLENA NOITE;AUSÊNCIA DE REAÇÃO DO CONDUTOR;COLISÃO COM OBJETO;CHUVA;DUPLA;"RETA;PONTE";NÃO;0
SC;BR-101;TUBARAO;10;4;SEXTA-FEIRA;4;0;23;21H-23H;NOITE;PLENA NOITE;REAÇÃO TARDIA OU INEFICIENTE DO CONDUTOR;COLISÃO LATERAL MESMO SENTIDO;CÉU CLARO;DUPLA;TÚNEL;SIM;0
MA;BR-135;PERITORO;10;4;SEXTA-FEIRA;4;0;22;21H-23H;NOITE;PLENA NOITE;ENTRADA INOPINADA DO PEDESTRE;ATROPELAMENTO DE PEDESTRE;CÉU CLARO;SIMPLES;RETA;NÃO;1
SE;BR-235;CARIRA;10;4;SEXTA-FEIRA;4;0;23;21H-23H;NOITE;PLENA NOITE;INGESTÃO DE ÁLCOOL PELO CONDUTOR;COLISÃO FRONTAL;CÉU CLARO;SIMPLES;RETA;NÃO;0
MT;BR-364;SANTO ANTONIO DO LEVERGER;10;4;SEXTA-FEIRA;4;0;23;21H-23H;NOITE;PLENA NOITE;CONDUTOR DORMINDO;COLISÃO TRASEIRA;CÉU CLARO;DUPLA;RETA;NÃO;0
SP;BR-381;SAO PAULO;10;4;SÁBADO;5;1;0;00H-02H;MADRUGADA;PLENA NOITE;REAÇÃO TARDIA OU INEFICIENTE DO CONDUTOR;TOMBAMENTO;GAROA/CHUVISCO;MÚLTIPLA;"DECLIVE;CURVA";SIM;0
RJ;BR-393;VOLTA REDONDA;10;4;SÁBADO;5;1;0;00H-02H;MADRUGADA;PLENA NOITE;AUSÊNCIA DE REAÇÃO DO CONDUTOR;COLISÃO TRASEIRA;NUBLADO;SIMPLES;RETA;SIM;0
PB;BR-101;MAMANGUAPE;10;4;SÁBADO;5;1;2;00H-02H;MADRUGADA;PLENA NOITE;AUSÊNCIA DE REAÇÃO DO CONDUTOR;COLISÃO TRASEIRA;CÉU CLARO;DUPLA;ACLIVE;NÃO;0
PR;BR-116;CURITIBA;10;4;SÁBADO;5;1;2;00H-02H;MADRUGADA;PLENA NOITE;ULTRAPASSAGEM INDEVIDA;COLISÃO LATERAL MESMO SENTIDO;NUBLADO;DUPLA;"RETA;EM OBRAS";NÃO;1
GO;BR-364;JATAI;10;4;SÁBADO;5;1;0;00H-02H;MADRUGADA;PLENA NOITE;CONDUTOR DORMINDO;TOMBAMENTO;CÉU CLARO;SIMPLES;RETA;NÃO;0
MG;BR-364;FRUTAL;10;4;SÁBADO;5;1;3;03H-05H;MADRUGADA;PLENA NOITE;MANOBRA DE MUDANÇA DE FAIXA;COLISÃO FRONTAL;CHUVA;SIMPLES;RETA;NÃO;0
PI;BR-316;ALEGRETE DO PIAUI;10;4;SÁBADO;5;1;5;03H-05H;MADRUGADA;AMANHECER;ACESSAR A VIA SEM OBSERVAR A PRESENÇA DOS OUTROS VEÍCULOS;COLISÃO TRANSVERSAL;CÉU CLARO;SIMPLES;RETA;NÃO;1
MT;BR-364;CAMPO VERDE;10;4;SÁBADO;5;1;2;00H-02H;MADRUGADA;AMANHECER;DEMAIS FALHAS MECÂNICAS OU ELÉTRICAS;INCÊNDIO;CÉU CLARO;DUPLA;RETA;NÃO;0
MG;BR-365;JOAO PINHEIRO;10;4;SÁBADO;5;1;4;03H-05H;MADRUGADA;AMANHECER;VELOCIDADE INCOMPATÍVEL;TOMBAMENTO;CÉU CLARO;SIMPLES;"DECLIVE;CURVA";NÃO;0
BA;BR-101;LAJE;9;3;SEGUNDA-FEIRA;0;0;6;06H-08H;MANHA;PLENO DIA;CONDUTOR DEIXOU DE MANTER DISTÂNCIA DO VEÍCULO DA FRENTE;COLISÃO LATERAL SENTIDO OPOSTO;CÉU CLARO;SIMPLES;RETA;NÃO;0
PI;BR-135;SAO GONCALO DO GURGUEIA;10;4;SEXTA-FEIRA;4;0;22;21H-23H;NOITE;PLENA NOITE;AUSÊNCIA DE REAÇÃO DO CONDUTOR;SAÍDA DE LEITO CARROÇÁVEL;CÉU CLARO;SIMPLES;"DECLIVE;CURVA";NÃO;1
MG;BR-040;TRES MARIAS;10;4;SÁBADO;5;1;5;03H-05H;MADRUGADA;AMANHECER;ACESSAR A VIA SEM OBSERVAR A PRESENÇA DOS OUTROS VEÍCULOS;COLISÃO LATERAL MESMO SENTIDO;CÉU CLARO;SIMPLES;CURVA;SIM;0
PR;BR-116;PIRAQUARA;10;4;SÁBADO;5;1;7;06H-08H;MANHA;PLENO DIA;INGESTÃO DE ÁLCOOL PELO CONDUTOR;COLISÃO TRANSVERSAL;CÉU CLARO;DUPLA;CURVA;NÃO;0
BA;BR-242;LAJEDINHO;9;3;TERÇA-FEIRA;1;0;9;09H-11H;MANHA;PLENO DIA;REAÇÃO TARDIA OU INEFICIENTE DO CONDUTOR;COLISÃO FRONTAL;CÉU CLARO;SIMPLES;RETA;NÃO;0
ES;BR-101;ANCHIETA;10;4;SÁBADO;5;1;8;06H-08H;MANHA;PLENO DIA;MAL SÚBITO DO CONDUTOR;COLISÃO LATERAL SENTIDO OPOSTO;CÉU CLARO;SIMPLES;"RETA;ACLIVE";NÃO;0
MG;BR-381;BETIM;10;4;SÁBADO;5;1;7;06H-08H;MANHA;PLENO DIA;CONDUTOR DORMINDO;COLISÃO LATERAL MESMO SENTIDO;CÉU CLARO;DUPLA;"DECLIVE;CURVA";SIM;0
PE;BR-101;GOIANA;10;4;SÁBADO;5;1;7;06H-08H;MANHA;PLENO DIA;FREAR BRUSCAMENTE;COLISÃO COM OBJETO;CÉU CLARO;DUPLA;RETA;NÃO;0
SC;BR-163;SAO MIGUEL DO OESTE;10;4;SÁBADO;5;1;8;06H-08H;MANHA;PLENO DIA;TRANSITAR NA CONTRAMÃO;COLISÃO FRONTAL;CÉU CLARO;SIMPLES;"ACLIVE;RETA";NÃO;0
GO;BR-020;FLORES DE GOIAS;10;4;SÁBADO;5;1;6;06H-08H;MANHA;PLENO DIA;AUSÊNCIA DE REAÇÃO DO CONDUTOR;COLISÃO LATERAL SENTIDO OPOSTO;CÉU CLARO;SIMPLES;CURVA;NÃO;0
AC;BR-364;RIO BRANCO;10;4;SÁBADO;5;1;7;06H-08H;MANHA;PLENO DIA;CONDUTOR DEIXOU DE MANTER DISTÂNCIA DO VEÍCULO DA FRENTE;COLISÃO TRASEIRA;CÉU CLARO;SIMPLES;RETA;NÃO;0
RJ;BR-116;DUQUE DE CAXIAS;10;4;SÁBADO;5;1;8;06H-08H;MANHA;PLENO DIA;ACESSO IRREGULAR;COLISÃO FRONTAL;CÉU CLARO;SIMPLES;RETA;SIM;0
SP;BR-116;GUARULHOS;10;4;SÁBADO;5;1;9;09H-11H;MANHA;PLENO DIA;REAÇÃO TARDIA OU INEFICIENTE DO CONDUTOR;COLISÃO TRASEIRA;CÉU CLARO;MÚLTIPLA;RETA;SIM;0
PE;BR-232;MORENO;10;4;SÁBADO;5;1;10;09H-11H;MANHA;PLENO DIA;MANOBRA DE MUDANÇA DE FAIXA;COLISÃO LATERAL MESMO SENTIDO;CÉU CLARO;DUPLA;RETA;NÃO;0
MG;BR-365;ROMARIA;10;4;SEXTA-FEIRA;4;0;8;06H-08H;MANHA;PLENO DIA;REAÇÃO TARDIA OU INEFICIENTE DO CONDUTOR;TOMBAMENTO;CÉU CLARO;SIMPLES;CURVA;NÃO;0
PB;BR-101;RIO TINTO;10;4;SÁBADO;5;1;11;09H-11H;MANHA;PLENO DIA;CONDUTOR DORMINDO;COLISÃO TRASEIRA;SOL;DUPLA;"DECLIVE;RETA";NÃO;0
MG;BR-381;SANTA LUZIA;10;4;SÁBADO;5;1;12;12H-14H;TARDE;PLENO DIA;ACESSAR A VIA SEM OBSERVAR A PRESENÇA DOS OUTROS VEÍCULOS;COLISÃO TRANSVERSAL;CÉU CLARO;SIMPLES;RETA;NÃO;0
PR;BR-376;GUARATUBA;10;4;SÁBADO;5;1;12;12H-14H;TARDE;PLENO DIA;PROBLEMA COM O FREIO;COLISÃO TRASEIRA;NUBLADO;DUPLA;"RETA;DECLIVE";NÃO;1
RJ;BR-116;BARRA MANSA;10;4;SÁBADO;5;1;13;12H-14H;TARDE;PLENO DIA;MANOBRA DE MUDANÇA DE FAIXA;COLISÃO LATERAL MESMO SENTIDO;CÉU CLARO;DUPLA;CURVA;NÃO;0
PR;BR-376;NOVA LONDRINA;10;4;SÁBADO;5;1;12;12H-14H;TARDE;PLENO DIA;VELOCIDADE INCOMPATÍVEL;TOMBAMENTO;SOL;SIMPLES;"INTERSEÇÃO DE VIAS;ROTATÓRIA";NÃO;0
RS;BR-293;PINHEIRO MACHADO;10;4;SÁBADO;5;1;12;12H-14H;TARDE;PLENO DIA;DEMAIS FALHAS MECÂNICAS OU ELÉTRICAS;INCÊNDIO;CÉU CLARO;SIMPLES;"DECLIVE;CURVA";NÃO;0
PR;BR-373;PRUDENTOPOLIS;9;3;SEXTA-FEIRA;4;0;3;03H-05H;MADRUGADA;PLENA NOITE;TRANSITAR NA CONTRAMÃO;COLISÃO FRONTAL;CÉU CLARO;SIMPLES;CURVA;SIM;1
MG;BR-381;CAMBUI;7;3;DOMINGO;6;1;13;12H-14H;TARDE;PLENO DIA;VELOCIDADE INCOMPATÍVEL;TOMBAMENTO;CÉU CLARO;DUPLA;"CURVA;DECLIVE";NÃO;0
BA;BR-101;ILHEUS;10;4;SÁBADO;5;1;15;15H-17H;TARDE;PLENO DIA;ULTRAPASSAGEM INDEVIDA;COLISÃO LATERAL SENTIDO OPOSTO;CÉU CLARO;SIMPLES;RETA;NÃO;0
PR;BR-116;CURITIBA;10;4;SÁBADO;5;1;15;15H-17H;TARDE;PLENO DIA;MANOBRA DE MUDANÇA DE FAIXA;COLISÃO LATERAL MESMO SENTIDO;NUBLADO;DUPLA;RETA;SIM;0
RJ;BR-116;PIRAI;10;4;SÁBADO;5;1;12;12H-14H;TARDE;PLENO DIA;AUSÊNCIA DE REAÇÃO DO CONDUTOR;COLISÃO COM OBJETO;CÉU CLARO;DUPLA;"CURVA;DECLIVE";NÃO;1
ES;BR-262;DOMINGOS MARTINS;10;4;SÁBADO;5;1;16;15H-17H;TARDE;PLENO DIA;CONDUTOR DORMINDO;COLISÃO FRONTAL;CÉU CLARO;SIMPLES;"CURVA;DECLIVE";NÃO;0
ES;BR-262;MARECHAL FLORIANO;10;4;SÁBADO;5;1;16;15H-17H;TARDE;PLENO DIA;CONVERSÃO PROIBIDA;COLISÃO TRANSVERSAL;NUBLADO;SIMPLES;CURVA;NÃO;0
MG;BR-040;TEOFILO OTONI;10;4;SÁBADO;5;1;16;15H-17H;TARDE;PLENO DIA;TRANSITAR NO ACOSTAMENTO;SAÍDA DE LEITO CARROÇÁVEL;CÉU CLARO;SIMPLES;"RETA;DECLIVE";NÃO;0
BA;BR-242;ITABERABA;10;4;SÁBADO;5;1;16;15H-17H;TARDE;PLENO DIA;DEMAIS FALHAS MECÂNICAS OU ELÉTRICAS;INCÊNDIO;CÉU CLARO;SIMPLES;RETA;SIM;0
BA;BR-407;PONTO NOVO;10;4;SÁBADO;5;1;17;15H-17H;TARDE;PLENO DIA;ACESSAR A VIA SEM OBSERVAR A PRESENÇA DOS OUTROS VEÍCULOS;COLISÃO TRANSVERSAL;CÉU CLARO;SIMPLES;ROTATÓRIA;SIM;0
PR;BR-476;CONTENDA;10;4;SÁBADO;5;1;19;18H-20H;NOITE;ANOITECER;REAÇÃO TARDIA OU INEFICIENTE DO CONDUTOR;COLISÃO LATERAL MESMO SENTIDO;NUBLADO;SIMPLES;RETA;NÃO;0
BA;BR-116;BOA NOVA;10;4;SEGUNDA-FEIRA;0;0;0;00H-02H;MADRUGADA;PLENA NOITE;VELOCIDADE INCOMPATÍVEL;COLISÃO TRASEIRA;CÉU CLARO;SIMPLES;RETA;SIM;0
SP;BR-116;CAJATI;10;4;SÁBADO;5;1;1;00H-02H;MADRUGADA;PLENA NOITE;ESTACIONAR OU PARAR EM LOCAL PROIBIDO;ENGAVETAMENTO;GAROA/CHUVISCO;SIMPLES;CURVA;NÃO;0
BA;BR-330;JITAUNA;10;4;SÁBADO;5;1;18;18H-20H;NOITE;PLENA NOITE;ULTRAPASSAGEM INDEVIDA;COLISÃO LATERAL SENTIDO OPOSTO;NUBLADO;SIMPLES;RETA;NÃO;0
MG;BR-251;MONTES CLAROS;10;4;SÁBADO;5;1;20;18H-20H;NOITE;PLENA NOITE;DEMAIS FALHAS MECÂNICAS OU ELÉTRICAS;COLISÃO COM OBJETO;IGNORADO;SIMPLES;"RETA;DECLIVE;PONTE";NÃO;0
MT;BR-364;DIAMANTINO;10;4;SÁBADO;5;1;15;15H-17H;TARDE;PLENO DIA;REAÇÃO TARDIA OU INEFICIENTE DO CONDUTOR;INCÊNDIO;CÉU CLARO;SIMPLES;RETA;NÃO;0
MT;BR-364;JANGADA;10;4;SÁBADO;5;1;14;12H-14H;TARDE;PLENO DIA;CHUVA;SAÍDA DE LEITO CARROÇÁVEL;CHUVA;SIMPLES;"ACLIVE;CURVA";NÃO;0
MT;BR-364;ALTO ARAGUAIA;10;4;SÁBADO;5;1;22;21H-23H;NOITE;PLENA NOITE;INGESTÃO DE ÁLCOOL PELO CONDUTOR;COLISÃO COM OBJETO;CÉU CLARO;SIMPLES;"CURVA;DECLIVE";SIM;0
RJ;BR-040;DUQUE DE CAXIAS;10;4;DOMINGO;6;1;0;00H-02H;MADRUGADA;PLENA NOITE;REAÇÃO TARDIA OU INEFICIENTE DO CONDUTOR;COLISÃO LATERAL MESMO SENTIDO;NUBLADO;MÚLTIPLA;RETA;SIM;0
BA;BR-242;IBOTIRAMA;10;4;DOMINGO;6;1;0;00H-02H;MADRUGADA;PLENA NOITE;AUSÊNCIA DE REAÇÃO DO CONDUTOR;SAÍDA DE LEITO CARROÇÁVEL;CÉU CLARO;SIMPLES;RETA;NÃO;0
MG;BR-116;MURIAE;10;4;DOMINGO;6;1;1;00H-02H;MADRUGADA;PLENA NOITE;CURVA ACENTUADA;COLISÃO LATERAL SENTIDO OPOSTO;CÉU CLARO;SIMPLES;CURVA;NÃO;0
RO;BR-364;CACOAL;10;4;SÁBADO;5;1;23;21H-23H;NOITE;PLENA NOITE;TRANSITAR NA CONTRAMÃO;COLISÃO LATERAL SENTIDO OPOSTO;NUBLADO;SIMPLES;RETA;NÃO;0
MG;BR-251;FRANCISCO SA;10;4;DOMINGO;6;1;5;03H-05H;MADRUGADA;AMANHECER;AVARIAS E/OU DESGASTE EXCESSIVO NO PNEU;TOMBAMENTO;CÉU CLARO;SIMPLES;"DECLIVE;CURVA";NÃO;1
MG;BR-381;OLIVEIRA;10;4;DOMINGO;6;1;3;03H-05H;MADRUGADA;PLENA NOITE;AUSÊNCIA DE REAÇÃO DO CONDUTOR;COLISÃO TRASEIRA;CÉU CLARO;DUPLA;RETA;NÃO;0
RJ;BR-493;MAGE;10;4;DOMINGO;6;1;6;06H-08H;MANHA;PLENO DIA;ACESSAR A VIA SEM OBSERVAR A PRESENÇA DOS OUTROS VEÍCULOS;ATROPELAMENTO DE PEDESTRE;CÉU CLARO;SIMPLES;RETA;NÃO;1
SP;BR-116;JUQUITIBA;10;4;DOMINGO;6;1;5;03H-05H;MADRUGADA;PLENA NOITE;ACESSAR A VIA SEM OBSERVAR A PRESENÇA DOS OUTROS VEÍCULOS;ATROPELAMENTO DE PEDESTRE;NUBLADO;DUPLA;RETA;NÃO;0
BA;BR-324;AMELIA RODRIGUES;10;4;DOMINGO;6;1;7;06H-08H;MANHA;PLENO DIA;AUSÊNCIA DE REAÇÃO DO CONDUTOR;COLISÃO LATERAL MESMO SENTIDO;CÉU CLARO;DUPLA;RETA;NÃO;0
MG;BR-381;POUSO ALEGRE;10;4;DOMINGO;6;1;8;06H-08H;MANHA;PLENO DIA;AUSÊNCIA DE REAÇÃO DO CONDUTOR;COLISÃO LATERAL MESMO SENTIDO;CÉU CLARO;DUPLA;RETA;NÃO;0
RS;BR-386;MONTENEGRO;10;4;DOMINGO;6;1;10;09H-11H;MANHA;PLENO DIA;CONDUTOR USANDO CELULAR;COLISÃO TRASEIRA;CHUVA;SIMPLES;"ACLIVE;RETA";NÃO;0
SP;BR-153;SAO JOSE DO RIO PRETO;10;4;DOMINGO;6;1;12;12H-14H;TARDE;PLENO DIA;MANOBRA DE MUDANÇA DE FAIXA;COLISÃO TRASEIRA;NUBLADO;DUPLA;RETA;SIM;0
RO;BR-364;ARIQUEMES;10;4;DOMINGO;6;1;7;06H-08H;MANHA;AMANHECER;ULTRAPASSAGEM INDEVIDA;COLISÃO LATERAL SENTIDO OPOSTO;CÉU CLARO;SIMPLES;CURVA;NÃO;0
RS;BR-158;CRUZ ALTA;10;4;DOMINGO;6;1;13;12H-14H;TARDE;PLENO DIA;ULTRAPASSAGEM INDEVIDA;SAÍDA DE LEITO CARROÇÁVEL;CÉU CLARO;SIMPLES;RETA;NÃO;0
MG;BR-251;FRANCISCO SA;10;4;DOMINGO;6;1;13;12H-14H;TARDE;PLENO DIA;ACESSAR A VIA SEM OBSERVAR A PRESENÇA DOS OUTROS VEÍCULOS;COLISÃO TRANSVERSAL;NUBLADO;SIMPLES;"RETA;ROTATÓRIA;INTERSEÇÃO DE VIAS;EM OBRAS";SIM;0
SC;BR-280;MAFRA;10;4;DOMINGO;6;1;14;12H-14H;TARDE;PLENO DIA;ACESSAR A VIA SEM OBSERVAR A PRESENÇA DOS OUTROS VEÍCULOS;COLISÃO TRANSVERSAL;CHUVA;SIMPLES;RETA;SIM;0
MG;BR-116;PADRE PARAISO;10;4;DOMINGO;6;1;8;06H-08H;MANHA;PLENO DIA;TRANSITAR NA CONTRAMÃO;COLISÃO FRONTAL;CÉU CLARO;SIMPLES;"CURVA;DECLIVE";NÃO;1