uf;br_formatada;municipio;mes;trimestre;dia_semana;dia_semana_num;fim_de_semana;hora;faixa_horaria;turno;fase_dia;causa_acidente;tipo_acidente;condicao_metereologica;tipo_pista;tracado_via;uso_solo;acidente_fatal
MT;BR-070;PRIMAVERA DO LESTE;10;4;SÁBADO;5;1;7;06H-08H;MANHA;PLENO DIA;CONDUTOR DEIXOU DE MANTER DISTÂNCIA DO VEÍCULO DA FRENTE;COLISÃO TRASEIRA;CÉU CLARO;SIMPLES;RETA;NÃO;0
PI;BR-402;PARNAIBA;10;4;SÁBADO;5;1;8;06H-08H;MANHA;PLENO DIA;ACESSAR A VIA SEM OBSERVAR A PRESENÇA DOS OUTROS VEÍCULOS;COLISÃO LATERAL MESMO SENTIDO;CÉU CLARO;SIMPLES;"INTERSEÇÃO DE VIAS;CURVA";SIM;0
MG;BR-381;PERDOES;10;4;SÁBADO;5;1;4;03H-05H;MADRUGADA;AMANHECER;CONDUTOR DORMINDO;COLISÃO TRASEIRA;NUBLADO;DUPLA;"RETA;ACLIVE";NÃO;1
GO;BR-153;GOIATUBA;9;3;SEXTA-FEIRA;4;0;5;03H-05H;MADRUGADA;AMANHECER;REAÇÃO TARDIA OU INEFICIENTE DO CONDUTOR;TOMBAMENTO;CÉU CLARO;DUPLA;RETA;NÃO;0
PI;BR-343;TERESINA;10;4;SÁBADO;5;1;8;06H-08H;MANHA;PLENO DIA;CONDUTOR DEIXOU DE MANTER DISTÂNCIA DO VEÍCULO DA FRENTE;COLISÃO TRASEIRA;CÉU CLARO;SIMPLES;RETA;NÃO;0
MT;BR-364;JACIARA;9;3;TERÇA-FEIRA;1;0;19;18H-20H;NOITE;PLENA NOITE;REAÇÃO TARDIA OU INEFICIENTE DO CONDUTOR;COLISÃO LATERAL MESMO SENTIDO;CÉU CLARO;DUPLA;RETA;NÃO;0
MA;BR-135;SAO LUIS;10;4;SÁBADO;5;1;7;06H-08H;MANHA;PLENO DIA;AUSÊNCIA DE REAÇÃO DO CONDUTOR;COLISÃO FRONTAL;CÉU CLARO;DUPLA;"RETA;ACLIVE";SIM;0
MS;BR-262;TRES LAGOAS;10;4;SÁBADO;5;1;7;06H-08H;MANHA;PLENO DIA;REAÇÃO TARDIA OU INEFICIENTE DO CONDUTOR;COLISÃO TRASEIRA;CHUVA;SIMPLES;RETA;NÃO;0
MG;BR-251;RUBELITA;10;4;SÁBADO;5;1;1;00H-02H;MADRUGADA;PLENA NOITE;AUSÊNCIA DE REAÇÃO DO CONDUTOR;COLISÃO LATERAL SENTIDO OPOSTO;CÉU CLARO;SIMPLES;"DECLIVE;CURVA";NÃO;0
GO;BR-153;ANAPOLIS;10;4;SÁBADO;5;1;11;09H-11H;MANHA;PLENO DIA;VELOCIDADE INCOMPATÍVEL;SAÍDA DE LEITO CARROÇÁVEL;CÉU CLARO;DUPLA;"DESVIO TEMPORÁRIO;CURVA";SIM;0
MG;BR-116;SAO FRANCISCO DO GLORIA;10;4;SÁBADO;5;1;9;09H-11H;MANHA;PLENO DIA;CONDUTOR DEIXOU DE MANTER DISTÂNCIA DO VEÍCULO DA FRENTE;ENGAVETAMENTO;NUBLADO;SIMPLES;RETA;NÃO;0
PA;BR-010;MAE DO RIO;10;4;SÁBADO;5;1;11;09H-11H;MANHA;PLENO DIA;ACOSTAMENTO EM DESNÍVEL;SAÍDA DE LEITO CARROÇÁVEL;SOL;SIMPLES;RETA;NÃO;0
MT;BR-158;RIBEIRAO CASCALHEIRA;10;4;SÁBADO;5;1;11;09H-11H;MANHA;PLENO DIA;AUSÊNCIA DE REAÇÃO DO CONDUTOR;SAÍDA DE LEITO CARROÇÁVEL;CÉU CLARO;SIMPLES;CURVA;NÃO;0
PE;BR-101;GOIANA;10;4;SÁBADO;5;1;13;12H-14H;TARDE;PLENO DIA;AUSÊNCIA DE REAÇÃO DO CONDUTOR;COLISÃO LATERAL MESMO SENTIDO;CÉU CLARO;DUPLA;RETA;NÃO;0
SP;BR-116;BARRA DO TURVO;10;4;SÁBADO;5;1;11;09H-11H;MANHA;PLENO DIA;AUSÊNCIA DE REAÇÃO DO CONDUTOR;SAÍDA DE LEITO CARROÇÁVEL;CÉU CLARO;SIMPLES;RETA;NÃO;0
PE;BR-101;ESCADA;10;4;SÁBADO;5;1;12;12H-14H;TARDE;PLENO DIA;MANOBRA DE MUDANÇA DE FAIXA;COLISÃO TRASEIRA;CÉU CLARO;DUPLA;RETA;NÃO;0
SC;BR-282;CHAPECO;10;4;SÁBADO;5;1;10;09H-11H;MANHA;PLENO DIA;TRANSITAR NA CONTRAMÃO;COLISÃO LATERAL SENTIDO OPOSTO;CÉU CLARO;SIMPLES;CURVA;NÃO;0
CE;BR-222;CAUCAIA;10;4;SÁBADO;5;1;14;12H-14H;TARDE;PLENO DIA;MANOBRA DE MUDANÇA DE FAIXA;COLISÃO FRONTAL;SOL;SIMPLES;"RETA;EM OBRAS;DESVIO TEMPORÁRIO";NÃO;1
SC;BR-282;CATANDUVAS;10;4;SÁBADO;5;1;16;15H-17H;TARDE;PLENO DIA;AUSÊNCIA DE REAÇÃO DO CONDUTOR;SAÍDA DE LEITO CARROÇÁVEL;GAROA/CHUVISCO;SIMPLES;RETA;NÃO;0
PR;BR-376;SAO JOSE DOS PINHAIS;10;4;SÁBADO;5;1;15;15H-17H;TARDE;PLENO DIA;AUSÊNCIA DE REAÇÃO DO CONDUTOR;COLISÃO LATERAL MESMO SENTIDO;CHUVA;MÚLTIPLA;RETA;NÃO;0
PI;BR-135;CRISTINO CASTRO;10;4;SÁBADO;5;1;17;15H-17H;TARDE;PLENO DIA;ACESSAR A VIA SEM OBSERVAR A PRESENÇA DOS OUTROS VEÍCULOS;COLISÃO LATERAL MESMO SENTIDO;CÉU CLARO;SIMPLES;RETA;SIM;0
TO;BR-153;ARAGUAINA;10;4;SEGUNDA-FEIRA;0;0;11;09H-11H;MANHA;PLENO DIA;DEMAIS FALHAS MECÂNICAS OU ELÉTRICAS;TOMBAMENTO;CÉU CLARO;SIMPLES;"PONTE;RETA";NÃO;0
MA;BR-230;BALSAS;10;4;SÁBADO;5;1;18;18H-20H;NOITE;PLENO DIA;AUSÊNCIA DE REAÇÃO DO CONDUTOR;COLISÃO TRASEIRA;CÉU CLARO;SIMPLES;"DECLIVE;RETA";NÃO;0
AL;BR-104;RIO LARGO;10;4;SÁBADO;5;1;18;18H-20H;NOITE;PLENA NOITE;ACESSAR A VIA SEM OBSERVAR A PRESENÇA DOS OUTROS VEÍCULOS;COLISÃO TRANSVERSAL;CÉU CLARO;DUPLA;RETA;SIM;0
SP;BR-116;CACHOEIRA PAULISTA;10;4;SÁBADO;5;1;17;15H-17H;TARDE;PLENO DIA;DEMAIS FALHAS MECÂNICAS OU ELÉTRICAS;COLISÃO TRASEIRA;CHUVA;DUPLA;"RETA;DECLIVE";NÃO;0
GO;BR-153;ANAPOLIS;10;4;SÁBADO;5;1;18;18H-20H;NOITE;ANOITECER;INGESTÃO DE ÁLCOOL PELO CONDUTOR;COLISÃO TRANSVERSAL;CHUVA;DUPLA;"RETA;ACLIVE";NÃO;0
PR;BR-376;SARANDI;10;4;SÁBADO;5;1;20;18H-20H;NOITE;PLENA NOITE;DEMAIS FALHAS MECÂNICAS OU ELÉTRICAS;INCÊNDIO;CÉU CLARO;DUPLA;DECLIVE;SIM;0
MA;BR-135;SAO LUIS;10;4;SÁBADO;5;1;17;15H-17H;TARDE;ANOITECER;DESRESPEITAR A PREFERÊNCIA NO CRUZAMENTO;COLISÃO TRANSVERSAL;CÉU CLARO;DUPLA;RETORNO REGULAMENTADO;SIM;0
MG;BR-116;ALEM PARAIBA;10;4;SÁBADO;5;1;19;18H-20H;NOITE;PLENA NOITE;ACESSAR A VIA SEM OBSERVAR A PRESENÇA DOS OUTROS VEÍCULOS;COLISÃO TRANSVERSAL;NUBLADO;SIMPLES;"RETA;ACLIVE";SIM;0
PI;BR-230;FLORIANO;10;4;SÁBADO;5;1;17;15H-17H;TARDE;PLENO DIA;CARGA EXCESSIVA E/OU MAL ACONDICIONADA;TOMBAMENTO;SOL;SIMPLES;"RETA;ROTATÓRIA";NÃO;0
MG;BR-116;CARATINGA;10;4;SÁBADO;5;1;19;18H-20H;NOITE;PLENA NOITE;CONVERSÃO PROIBIDA;COLISÃO LATERAL MESMO SENTIDO;NUBLADO;SIMPLES;"RETA;INTERSEÇÃO DE VIAS";SIM;0
DF;BR-020;BRASILIA;10;4;SÁBADO;5;1;23;21H-23H;NOITE;PLENA NOITE;CHUVA;EVENTOS ATÍPICOS;CHUVA;DUPLA;DECLIVE;NÃO;0
MT;BR-163;RONDONOPOLIS;10;4;SÁBADO;5;1;22;21H-23H;NOITE;PLENA NOITE;REAÇÃO TARDIA OU INEFICIENTE DO CONDUTOR;SAÍDA DE LEITO CARROÇÁVEL;NUBLADO;DUPLA;RETA;NÃO;0
MG;BR-381;BETIM;10;4;DOMINGO;6;1;2;00H-02H;MADRUGADA;PLENA NOITE;REAÇÃO TARDIA OU INEFICIENTE DO CONDUTOR;COLISÃO TRASEIRA;CÉU CLARO;DUPLA;RETA;SIM;0
SC;BR-101;BIGUACU;10;4;DOMINGO;6;1;3;03H-05H;MADRUGADA;PLENA NOITE;AVARIAS E/OU DESGASTE EXCESSIVO NO PNEU;COLISÃO COM OBJETO;CÉU CLARO;DUPLA;RETA;SIM;0
MG;BR-116;TEOFILO OTONI;10;4;DOMINGO;6;1;3;03H-05H;MADRUGADA;PLENA NOITE;TRANSITAR NA CONTRAMÃO;COLISÃO FRONTAL;NUBLADO;SIMPLES;RETA;SIM;0
SP;BR-116;MIRACATU;10;4;DOMINGO;6;1;5;03H-05H;MADRUGADA;AMANHECER;REAÇÃO TARDIA OU INEFICIENTE DO CONDUTOR;TOMBAMENTO;CÉU CLARO;DUPLA;"ACLIVE;CURVA";NÃO;0
MT;BR-163;RONDONOPOLIS;10;4;DOMINGO;6;1;2;00H-02H;MADRUGADA;PLENA NOITE;AUSÊNCIA DE REAÇÃO DO CONDUTOR;SAÍDA DE LEITO CARROÇÁVEL;CÉU CLARO;DUPLA;RETA;NÃO;0
GO;BR-153;PANAMA;10;4;DOMINGO;6;1;3;03H-05H;MADRUGADA;PLENA NOITE;REAÇÃO TARDIA OU INEFICIENTE DO CONDUTOR;COLISÃO TRASEIRA;CÉU CLARO;DUPLA;"CURVA;DECLIVE";NÃO;0
PB;BR-230;CAMPINA GRANDE;10;4;DOMINGO;6;1;5;03H-05H;MADRUGADA;AMANHECER;CONDUTOR DORMINDO;COLISÃO TRASEIRA;NUBLADO;DUPLA;"RETA;ACLIVE";SIM;0
MG;BR-459;CALDAS;10;4;QUARTA-FEIRA;2;0;20;18H-20H;NOITE;PLENA NOITE;VELOCIDADE INCOMPATÍVEL;TOMBAMENTO;NUBLADO;SIMPLES;CURVA;NÃO;0
BA;BR-242;BARREIRAS;10;4;DOMINGO;6;1;1;00H-02H;MADRUGADA;PLENA NOITE;FREAR BRUSCAMENTE;COLISÃO TRASEIRA;CÉU CLARO;SIMPLES;RETA;NÃO;0
PI;BR-343;TERESINA;10;4;TERÇA-FEIRA;1;0;13;12H-14H;TARDE;PLENO DIA;CONDUTOR DEIXOU DE MANTER DISTÂNCIA DO VEÍCULO DA FRENTE;COLISÃO LATERAL MESMO SENTIDO;CÉU CLARO;SIMPLES;"PONTE;RETA";SIM;0
RO;BR-364;PORTO VELHO;10;4;DOMINGO;6;1;6;06H-08H;MANHA;AMANHECER;TRANSTORNOS MENTAIS (EXCETO SUICIDIO);COLISÃO TRASEIRA;CÉU CLARO;DUPLA;DECLIVE;NÃO;0
PR;BR-376;GUARATUBA;10;4;DOMINGO;6;1;8;06H-08H;MANHA;PLENO DIA;PROBLEMA COM O FREIO;TOMBAMENTO;CÉU CLARO;DUPLA;"CURVA;DECLIVE";NÃO;0
MG;BR-050;UBERLANDIA;10;4;DOMINGO;6;1;10;09H-11H;MANHA;PLENO DIA;MANOBRA DE MUDANÇA DE FAIXA;COLISÃO LATERAL MESMO SENTIDO;CÉU CLARO;DUPLA;RETA;NÃO;0
MA;BR-230;BARAO DE GRAJAU;9;3;TERÇA-FEIRA;1;0;5;03H-05H;MADRUGADA;AMANHECER;INGESTÃO DE ÁLCOOL PELO CONDUTOR;DERRAMAMENTO DE CARGA;CÉU CLARO;SIMPLES;ACLIVE;NÃO;0
MS;BR-359;LADARIO;10;4;DOMINGO;6;1;8;06H-08H;MANHA;AMANHECER;DEMAIS FALHAS MECÂNICAS OU ELÉTRICAS;SAÍDA DE LEITO CARROÇÁVEL;SOL;DUPLA;CURVA;NÃO;0
MA;BR-010;CIDELANDIA;10;4;DOMINGO;6;1;9;09H-11H;MANHA;PLENO DIA;ACESSAR A VIA SEM OBSERVAR A PRESENÇA DOS OUTROS VEÍCULOS;COLISÃO FRONTAL;CÉU CLARO;SIMPLES;RETA;NÃO;0
MG;BR-381;CAETE;10;4;DOMINGO;6;1;12;12H-14H;TARDE;PLENO DIA;ACESSAR A VIA SEM OBSERVAR A PRESENÇA DOS OUTROS VEÍCULOS;COLISÃO TRANSVERSAL;CÉU CLARO;SIMPLES;CURVA;NÃO;0
BA;BR-242;BARREIRAS;10;4;DOMINGO;6;1;12;12H-14H;TARDE;PLENO DIA;CONDUTOR DORMINDO;COLISÃO TRASEIRA;NUBLADO;SIMPLES;RETA;NÃO;0
MG;BR-381;ITAGUARA;10;4;DOMINGO;6;1;14;12H-14H;TARDE;PLENO DIA;CARGA EXCESSIVA E/OU MAL ACONDICIONADA;DERRAMAMENTO DE CARGA;CÉU CLARO;DUPLA;CURVA;SIM;0
RJ;BR-101;ITABORAI;10;4;DOMINGO;6;1;5;03H-05H;MADRUGADA;PLENO DIA;AUSÊNCIA DE REAÇÃO DO CONDUTOR;COLISÃO TRASEIRA;CHUVA;DUPLA;RETA;SIM;0
GO;BR-040;CRISTALINA;10;4;DOMINGO;6;1;14;12H-14H;TARDE;PLENO DIA;ULTRAPASSAGEM INDEVIDA;COLISÃO LATERAL MESMO SENTIDO;CÉU CLARO;SIMPLES;RETA;NÃO;0
PR;BR-376;GUARATUBA;10;4;DOMINGO;6;1;16;15H-17H;TARDE;PLENO DIA;ACESSAR A VIA SEM OBSERVAR A PRESENÇA DOS OUTROS VEÍCULOS;COLISÃO TRASEIRA;CÉU CLARO;DUPLA;"RETA;DECLIVE";NÃO;0
MG;BR-251;FRANCISCO SA;10;4;DOMINGO;6;1;17;15H-17H;TARDE;PLENO DIA;AUSÊNCIA DE REAÇÃO DO CONDUTOR;COLISÃO FRONTAL;CHUVA;SIMPLES;RETA;NÃO;0
SE;BR-101;ESTANCIA;10;4;DOMINGO;6;1;18;18H-20H;NOITE;PLENA NOITE;REAÇÃO TARDIA OU INEFICIENTE DO CONDUTOR;SAÍDA DE LEITO CARROÇÁVEL;CÉU CLARO;SIMPLES;"DECLIVE;CURVA";NÃO;1
AL;BR-316;SANTANA DO IPANEMA;10;4;DOMINGO;6;1;18;18H-20H;NOITE;PLENA NOITE;REAÇÃO TARDIA OU INEFICIENTE DO CONDUTOR;ENGAVETAMENTO;CÉU CLARO;SIMPLES;ACLIVE;NÃO;0
RO;BR-364;CANDEIAS DO JAMARI;10;4;SÁBADO;5;1;15;15H-17H;TARDE;PLENO DIA;REAÇÃO TARDIA OU INEFICIENTE DO CONDUTOR;TOMBAMENTO;CÉU CLARO;DUPLA;CURVA;NÃO;0
GO;BR-153;URUACU;10;4;DOMINGO;6;1;18;18H-20H;NOITE;ANOITECER;CHUVA;COLISÃO COM OBJETO;CHUVA;SIMPLES;DECLIVE;NÃO;0
SE;BR-101;ESTANCIA;8;3;SÁBADO;5;1;13;12H-14H;TARDE;PLENO DIA;VELOCIDADE INCOMPATÍVEL;TOMBAMENTO;SOL;SIMPLES;CURVA;NÃO;0
PR;BR-277;BALSA NOVA;10;4;DOMINGO;6;1;20;18H-20H;NOITE;PLENA NOITE;MANOBRA DE MUDANÇA DE FAIXA;COLISÃO TRASEIRA;NUBLADO;MÚLTIPLA;RETA;NÃO;0
MA;BR-230;RIACHAO;10;4;DOMINGO;6;1;18;18H-20H;NOITE;PLENA NOITE;TRANSITAR NA CONTRAMÃO;COLISÃO FRONTAL;CÉU CLARO;SIMPLES;RETA;NÃO;1
SC;BR-101;SAO JOAO DO SUL;10;4;DOMINGO;6;1;19;18H-20H;NOITE;PLENA NOITE;AUSÊNCIA DE REAÇÃO DO CONDUTOR;COLISÃO TRASEIRA;NUBLADO;MÚLTIPLA;RETA;NÃO;0
RS;BR-285;IJUI;10;4;DOMINGO;6;1;23;21H-23H;NOITE;PLENA NOITE;TRANSITAR NA CONTRAMÃO;COLISÃO FRONTAL;CÉU CLARO;SIMPLES;"EM OBRAS;INTERSEÇÃO DE VIAS";SIM;0
MG;BR-251;MONTES CLAROS;10;4;DOMINGO;6;1;17;15H-17H;TARDE;ANOITECER;VELOCIDADE INCOMPATÍVEL;COLISÃO COM OBJETO;CHUVA;SIMPLES;"CURVA;DECLIVE";NÃO;0
PR;BR-376;PONTA GROSSA;10;4;SEGUNDA-FEIRA;0;0;2;00H-02H;MADRUGADA;PLENA NOITE;ACESSAR A VIA SEM OBSERVAR A PRESENÇA DOS OUTROS VEÍCULOS;COLISÃO TRASEIRA;NUBLADO;SIMPLES;RETA;SIM;0
SP;BR-116;PINDAMONHANGABA;10;4;SEGUNDA-FEIRA;0;0;1;00H-02H;MADRUGADA;PLENA NOITE;REAÇÃO TARDIA OU INEFICIENTE DO CONDUTOR;COLISÃO LATERAL MESMO SENTIDO;GAROA/CHUVISCO;DUPLA;RETA;NÃO;0
MG;BR-365;MONTES CLAROS;10;4;DOMINGO;6;1;23;21H-23H;NOITE;PLENA NOITE;VELOCIDADE INCOMPATÍVEL;COLISÃO COM OBJETO;CHUVA;SIMPLES;"CURVA;VIADUTO;DECLIVE";NÃO;0
SP;BR-116;BARRA DO TURVO;10;4;SEGUNDA-FEIRA;0;0;2;00H-02H;MADRUGADA;PLENA NOITE;DEMAIS FALHAS MECÂNICAS OU ELÉTRICAS;INCÊNDIO;CÉU CLARO;DUPLA;RETA;NÃO;0
SP;BR-116;LORENA;10;4;SEGUNDA-FEIRA;0;0;5;03H-05H;MADRUGADA;AMANHECER;AUSÊNCIA DE REAÇÃO DO CONDUTOR;COLISÃO LATERAL MESMO SENTIDO;CÉU CLARO;DUPLA;RETA;SIM;0
MG;BR-381;CAMBUI;10;4;SEGUNDA-FEIRA;0;0;5;03H-05H;MADRUGADA;AMANHECER;VELOCIDADE INCOMPATÍVEL;TOMBAMENTO;CÉU CLARO;DUPLA;CURVA;NÃO;0
MG;BR-265;IBIA;10;4;DOMINGO;6;1;19;18H-20H;NOITE;PLENA NOITE;VELOCIDADE INCOMPATÍVEL;TOMBAMENTO;CÉU CLARO;SIMPLES;"CURVA;DECLIVE";NÃO;0
PE;BR-101;JABOATAO DOS GUARARAPES;10;4;SEGUNDA-FEIRA;0;0;7;06H-08H;MANHA;PLENO DIA;CONDUTOR DEIXOU DE MANTER DISTÂNCIA DO VEÍCULO DA FRENTE;COLISÃO TRASEIRA;CÉU CLARO;DUPLA;RETA;SIM;0
RN;BR-304;ITAJA;10;4;SEGUNDA-FEIRA;0;0;7;06H-08H;MANHA;PLENO DIA;ACESSAR A VIA SEM OBSERVAR A PRESENÇA DOS OUTROS VEÍCULOS;COLISÃO TRANSVERSAL;CÉU CLARO;SIMPLES;"DECLIVE;RETA;INTERSEÇÃO DE VIAS";SIM;0
MS;BR-262;RIBAS DO RIO PARDO;10;4;SEGUNDA-FEIRA;0;0;2;00H-02H;MADRUGADA;PLENA NOITE;VELOCIDADE INCOMPATÍVEL;COLISÃO TRANSVERSAL;CÉU CLARO;SIMPLES;"RETA;INTERSEÇÃO DE VIAS;ROTATÓRIA";SIM;0
SP;BR-116;JACUPIRANGA;10;4;SEGUNDA-FEIRA;0;0;7;06H-08H;MANHA;AMANHECER;REAÇÃO TARDIA OU INEFICIENTE DO CONDUTOR;QUEDA DE OCUPANTE DE VEÍCULO;CÉU CLARO;DUPLA;"RETA;PONTE";SIM;0
PA;BR-316;SANTA IZABEL DO PARA;10;4;SEGUNDA-FEIRA;0;0;7;06H-08H;MANHA;PLENO DIA;INGESTÃO DE ÁLCOOL PELO CONDUTOR;COLISÃO LATERAL MESMO SENTIDO;CÉU CLARO;DUPLA;RETA;NÃO;0
MG;BR-040;ITABIRITO;10;4;SEGUNDA-FEIRA;0;0;7;06H-08H;MANHA;PLENO DIA;DESRESPEITAR A PREFERÊNCIA NO CRUZAMENTO;SAÍDA DE LEITO CARROÇÁVEL;NUBLADO;SIMPLES;RETORNO REGULAMENTADO;NÃO;0
GO;BR-060;GOIANIA;10;4;SEGUNDA-FEIRA;0;0;8;06H-08H;MANHA;PLENO DIA;REAÇÃO TARDIA OU INEFICIENTE DO CONDUTOR;COLISÃO TRASEIRA;CÉU CLARO;DUPLA;RETA;SIM;0
MG;BR-116;CACHOEIRA DE PAJEU;10;4;SEGUNDA-FEIRA;0;0;6;06H-08H;MANHA;PLENO DIA;TRANSITAR NA CONTRAMÃO;COLISÃO FRONTAL;CHUVA;SIMPLES;"ACLIVE;CURVA";NÃO;1
BA;BR-242;BARREIRAS;10;4;SEGUNDA-FEIRA;0;0;8;06H-08H;MANHA;PLENO DIA;DESRESPEITAR A PREFERÊNCIA NO CRUZAMENTO;COLISÃO TRASEIRA;CÉU CLARO;SIMPLES;RETA;NÃO;0
PA;BR-163;TRAIRAO;8;3;SÁBADO;5;1;6;06H-08H;MANHA;AMANHECER;ACESSAR A VIA SEM OBSERVAR A PRESENÇA DOS OUTROS VEÍCULOS;COLISÃO FRONTAL;IGNORADO;SIMPLES;CURVA;NÃO;0
RS;BR-158;JULIO DE CASTILHOS;10;4;SEGUNDA-FEIRA;0;0;9;09H-11H;MANHA;PLENO DIA;TRANSITAR NA CONTRAMÃO;COLISÃO LATERAL SENTIDO OPOSTO;CÉU CLARO;SIMPLES;RETA;NÃO;0
GO;BR-153;PROFESSOR JAMIL;10;4;SEGUNDA-FEIRA;0;0;10;09H-11H;MANHA;PLENO DIA;VELOCIDADE INCOMPATÍVEL;SAÍDA DE LEITO CARROÇÁVEL;CÉU CLARO;DUPLA;CURVA;NÃO;1
PR;BR-163;LINDOESTE;10;4;QUARTA-FEIRA;2;0;12;12H-14H;TARDE;PLENO DIA;VELOCIDADE INCOMPATÍVEL;COLISÃO COM OBJETO;CHUVA;DUPLA;"CURVA;DECLIVE";NÃO;1
TO;BR-153;BARROLANDIA;10;4;DOMINGO;6;1;15;15H-17H;TARDE;PLENO DIA;TRANSITAR NA CONTRAMÃO;COLISÃO FRONTAL;CÉU CLARO;SIMPLES;DECLIVE;NÃO;0
MG;BR-381;BETIM;10;4;SEGUNDA-FEIRA;0;0;11;09H-11H;MANHA;PLENO DIA;TRAFEGAR COM MOTOCICLETA (OU SIMILAR) ENTRE AS FAIXAS;COLISÃO LATERAL MESMO SENTIDO;NUBLADO;DUPLA;"DECLIVE;CURVA";SIM;0
CE;BR-020;CAUCAIA;10;4;SEGUNDA-FEIRA;0;0;12;12H-14H;TARDE;PLENO DIA;REAÇÃO TARDIA OU INEFICIENTE DO CONDUTOR;COLISÃO TRANSVERSAL;CÉU CLARO;SIMPLES;RETA;SIM;0
RJ;BR-393;VASSOURAS;10;4;SEGUNDA-FEIRA;0;0;11;09H-11H;MANHA;PLENO DIA;INGESTÃO DE ÁLCOOL PELO CONDUTOR;COLISÃO FRONTAL;CHUVA;SIMPLES;RETA;NÃO;0
MG;BR-381;BETIM;10;4;SEGUNDA-FEIRA;0;0;13;12H-14H;TARDE;PLENO DIA;AUSÊNCIA DE REAÇÃO DO CONDUTOR;ENGAVETAMENTO;CÉU CLARO;DUPLA;"DECLIVE;RETA";SIM;0
ES;BR-101;FUNDAO;10;4;SEGUNDA-FEIRA;0;0;12;12H-14H;TARDE;PLENO DIA;VELOCIDADE INCOMPATÍVEL;COLISÃO LATERAL MESMO SENTIDO;CÉU CLARO;SIMPLES;"DECLIVE;RETA";NÃO;0
ES;BR-101;SERRA;10;4;SEGUNDA-FEIRA;0;0;11;09H-11H;MANHA;PLENO DIA;MANOBRA DE MUDANÇA DE FAIXA;COLISÃO LATERAL MESMO SENTIDO;NUBLADO;MÚLTIPLA;RETA;NÃO;0
PR;BR-277;PARANAGUA;10;4;SEGUNDA-FEIRA;0;0;10;09H-11H;MANHA;PLENO DIA;PROBLEMA COM O FREIO;INCÊNDIO;CÉU CLARO;DUPLA;RETA;NÃO;0
SC;BR-470;IBIRAMA;10;4;SEGUNDA-FEIRA;0;0;10;09H-11H;MANHA;PLENO DIA;VELOCIDADE INCOMPATÍVEL;TOMBAMENTO;CÉU CLARO;SIMPLES;"INTERSEÇÃO DE VIAS;CURVA;DECLIVE";NÃO;0
CE;BR-116;CHOROZINHO;10;4;SEGUNDA-FEIRA;0;0;13;12H-14H;TARDE;PLENO DIA;CONDUTOR DEIXOU DE MANTER DISTÂNCIA DO VEÍCULO DA FRENTE;COLISÃO TRASEIRA;CÉU CLARO;SIMPLES;"EM OBRAS;RETA";NÃO;0
PR;BR-376;SAO JOSE DOS PINHAIS;10;4;SEGUNDA-FEIRA;0;0;14;12H-14H;TARDE;PLENO DIA;REAÇÃO TARDIA OU INEFICIENTE DO CONDUTOR;SAÍDA DE LEITO CARROÇÁVEL;NUBLADO;MÚLTIPLA;RETA;NÃO;0
RS;BR-290;ELDORADO DO SUL;10;4;SEGUNDA-FEIRA;0;0;15;15H-17H;TARDE;PLENO DIA;REAÇÃO TARDIA OU INEFICIENTE DO CONDUTOR;COLISÃO LATERAL MESMO SENTIDO;CÉU CLARO;SIMPLES;RETA;NÃO;0
MT;BR-364;SANTO ANTONIO DO LEVERGER;10;4;SEGUNDA-FEIRA;0;0;12;12H-14H;TARDE;PLENO DIA;REAÇÃO TARDIA OU INEFICIENTE DO CONDUTOR;SAÍDA DE LEITO CARROÇÁVEL;NUBLADO;DUPLA;"DECLIVE;RETA";NÃO;0
RJ;BR-116;RIO DE JANEIRO;10;4;SEGUNDA-FEIRA;0;0;16;15H-17H;TARDE;PLENO DIA;ACESSO IRREGULAR;COLISÃO TRANSVERSAL;CÉU CLARO;MÚLTIPLA;CURVA;NÃO;0
GO;BR-060;JANDAIA;9;3;DOMINGO;6;1;22;21H-23H;NOITE;PLENA NOITE;INGESTÃO DE ÁLCOOL PELO CONDUTOR;TOMBAMENTO;CÉU CLARO;DUPLA;RETA;NÃO;0
PA;BR-163;TRAIRAO;10;4;SEGUNDA-FEIRA;0;0;16;15H-17H;TARDE;PLENO DIA;AUSÊNCIA DE REAÇÃO DO CONDUTOR;COLISÃO COM OBJETO;CÉU CLARO;SIMPLES;RETA;NÃO;0
PR;BR-277;IBEMA;10;4;SEGUNDA-FEIRA;0;0;16;15H-17H;TARDE;PLENO DIA;ULTRAPASSAGEM INDEVIDA;COLISÃO LATERAL SENTIDO OPOSTO;CÉU CLARO;SIMPLES;RETA;SIM;0
PR;BR-153;VENTANIA;10;4;SEXTA-FEIRA;4;0;6;06H-08H;MANHA;PLENO DIA;VELOCIDADE INCOMPATÍVEL;TOMBAMENTO;NUBLADO;SIMPLES;"INTERSEÇÃO DE VIAS;ROTATÓRIA";SIM;0
MG;BR-251;MONTES CLAROS;10;4;SEGUNDA-FEIRA;0;0;8;06H-08H;MANHA;PLENO DIA;PISTA ESCORREGADIA;COLISÃO TRASEIRA;CHUVA;SIMPLES;"ACLIVE;RETA";NÃO;0
RO;BR-364;ITAPUA DO OESTE;10;4;SEGUNDA-FEIRA;0;0;14;12H-14H;TARDE;PLENO DIA;ACUMULO DE AREIA OU DETRITOS SOBRE O PAVIMENTO;COLISÃO LATERAL MESMO SENTIDO;CÉU CLARO;MÚLTIPLA;RETA;SIM;0