uf;br_formatada;municipio;mes;trimestre;dia_semana;dia_semana_num;fim_de_semana;hora;faixa_horaria;turno;fase_dia;causa_acidente;tipo_acidente;condicao_metereologica;tipo_pista;tracado_via;uso_solo;acidente_fatal
PE;BR-408;NAZARE DA MATA;10;4;QUARTA-FEIRA;2;0;13;12H-14H;TARDE;PLENO DIA;VELOCIDADE INCOMPATÍVEL;COLISÃO TRASEIRA;SOL;SIMPLES;RETA;SIM;1
MT;BR-163;GUARANTA DO NORTE;10;4;QUARTA-FEIRA;2;0;7;06H-08H;MANHA;PLENO DIA;REAÇÃO TARDIA OU INEFICIENTE DO CONDUTOR;TOMBAMENTO;CÉU CLARO;SIMPLES;CURVA;NÃO;0
SC;BR-280;CANOINHAS;10;4;QUARTA-FEIRA;2;0;14;12H-14H;TARDE;PLENO DIA;REAÇÃO TARDIA OU INEFICIENTE DO CONDUTOR;COLISÃO LATERAL SENTIDO OPOSTO;CÉU CLARO;SIMPLES;CURVA;NÃO;0
PE;BR-101;XEXEU;10;4;QUARTA-FEIRA;2;0;13;12H-14H;TARDE;PLENO DIA;CONDUTOR DORMINDO;COLISÃO COM OBJETO;CÉU CLARO;DUPLA;"DECLIVE;CURVA";NÃO;1
RJ;BR-101;RIO DE JANEIRO;10;4;QUARTA-FEIRA;2;0;9;09H-11H;MANHA;PLENO DIA;CONDUTOR DEIXOU DE MANTER DISTÂNCIA DO VEÍCULO DA FRENTE;COLISÃO TRASEIRA;CÉU CLARO;DUPLA;RETA;SIM;0
RS;BR-116;PELOTAS;10;4;QUARTA-FEIRA;2;0;14;12H-14H;TARDE;PLENO DIA;VELOCIDADE INCOMPATÍVEL;TOMBAMENTO;CÉU CLARO;DUPLA;"INTERSEÇÃO DE VIAS;CURVA";SIM;0
RS;BR-290;SAO GABRIEL;10;4;QUARTA-FEIRA;2;0;16;15H-17H;TARDE;PLENO DIA;AUSÊNCIA DE REAÇÃO DO CONDUTOR;COLISÃO LATERAL SENTIDO OPOSTO;CÉU CLARO;SIMPLES;RETA;NÃO;1
ES;BR-101;SERRA;10;4;QUARTA-FEIRA;2;0;17;15H-17H;TARDE;PLENO DIA;AUSÊNCIA DE REAÇÃO DO CONDUTOR;TOMBAMENTO;NUBLADO;SIMPLES;"ACLIVE;CURVA;RETORNO REGULAMENTADO";SIM;0
SP;BR-116;JUQUITIBA;10;4;QUARTA-FEIRA;2;0;17;15H-17H;TARDE;PLENO DIA;FREAR BRUSCAMENTE;COLISÃO TRASEIRA;CÉU CLARO;DUPLA;"RETA;ACLIVE";NÃO;0
BA;BR-324;AMELIA RODRIGUES;10;4;QUARTA-FEIRA;2;0;17;15H-17H;TARDE;ANOITECER;REAÇÃO TARDIA OU INEFICIENTE DO CONDUTOR;TOMBAMENTO;CHUVA;DUPLA;RETA;SIM;0
RO;BR-174;VILHENA;10;4;QUARTA-FEIRA;2;0;17;15H-17H;TARDE;PLENO DIA;ULTRAPASSAGEM INDEVIDA;QUEDA DE OCUPANTE DE VEÍCULO;CÉU CLARO;DUPLA;RETA;SIM;0
PE;BR-101;RECIFE;10;4;QUARTA-FEIRA;2;0;18;18H-20H;NOITE;PLENA NOITE;DEMAIS FALHAS MECÂNICAS OU ELÉTRICAS;COLISÃO LATERAL SENTIDO OPOSTO;CÉU CLARO;DUPLA;RETA;NÃO;0
RS;BR-392;GUARANI DAS MISSOES;10;4;QUARTA-FEIRA;2;0;19;18H-20H;NOITE;PLENA NOITE;DESRESPEITAR A PREFERÊNCIA NO CRUZAMENTO;COLISÃO TRANSVERSAL;CÉU CLARO;SIMPLES;INTERSEÇÃO DE VIAS;NÃO;0
RN;BR-304;ANGICOS;10;4;QUARTA-FEIRA;2;0;18;18H-20H;NOITE;PLENA NOITE;DEMAIS FALHAS MECÂNICAS OU ELÉTRICAS;INCÊNDIO;CÉU CLARO;SIMPLES;RETA;NÃO;0
MA;BR-010;GOVERNADOR EDISON LOBAO;10;4;QUARTA-FEIRA;2;0;17;15H-17H;TARDE;PLENO DIA;REAÇÃO TARDIA OU INEFICIENTE DO CONDUTOR;SAÍDA DE LEITO CARROÇÁVEL;CÉU CLARO;SIMPLES;RETA;NÃO;0
PR;BR-373;GUAMIRANGA;10;4;QUARTA-FEIRA;2;0;15;15H-17H;TARDE;PLENO DIA;TRANSITAR NA CONTRAMÃO;SAÍDA DE LEITO CARROÇÁVEL;CÉU CLARO;SIMPLES;"RETA;ACLIVE";NÃO;0
CE;BR-226;PEDRA BRANCA;10;4;QUARTA-FEIRA;2;0;14;12H-14H;TARDE;PLENO DIA;DEMAIS FALHAS MECÂNICAS OU ELÉTRICAS;CAPOTAMENTO;CÉU CLARO;SIMPLES;CURVA;NÃO;0
ES;BR-101;SERRA;10;4;QUARTA-FEIRA;2;0;18;18H-20H;NOITE;PLENA NOITE;ACESSAR A VIA SEM OBSERVAR A PRESENÇA DOS OUTROS VEÍCULOS;COLISÃO TRASEIRA;GAROA/CHUVISCO;DUPLA;RETA;SIM;0
BA;BR-101;WENCESLAU GUIMARAES;10;4;QUARTA-FEIRA;2;0;18;18H-20H;NOITE;PLENA NOITE;ULTRAPASSAGEM INDEVIDA;COLISÃO LATERAL MESMO SENTIDO;GAROA/CHUVISCO;SIMPLES;"RETA;ACLIVE";SIM;0
PR;BR-116;CAMPINA GRANDE DO SUL;10;4;QUARTA-FEIRA;2;0;19;18H-20H;NOITE;PLENA NOITE;ILUMINAÇÃO DEFICIENTE;COLISÃO TRANSVERSAL;NUBLADO;DUPLA;"RETORNO REGULAMENTADO;RETA";SIM;1
SC;BR-163;GUARACIABA;10;4;QUARTA-FEIRA;2;0;15;15H-17H;TARDE;PLENO DIA;VELOCIDADE INCOMPATÍVEL;COLISÃO TRASEIRA;CÉU CLARO;SIMPLES;"RETA;DECLIVE";NÃO;0
MT;BR-364;CAMPOS DE JULIO;10;4;QUARTA-FEIRA;2;0;18;18H-20H;NOITE;ANOITECER;INGESTÃO DE ÁLCOOL PELO CONDUTOR;COLISÃO TRASEIRA;CÉU CLARO;SIMPLES;"DECLIVE;EM OBRAS";SIM;0
AL;BR-101;CAMPO ALEGRE;10;4;QUARTA-FEIRA;2;0;19;18H-20H;NOITE;PLENA NOITE;ACESSAR A VIA SEM OBSERVAR A PRESENÇA DOS OUTROS VEÍCULOS;COLISÃO LATERAL MESMO SENTIDO;CÉU CLARO;DUPLA;RETA;NÃO;0
MG;BR-381;POUSO ALEGRE;10;4;QUARTA-FEIRA;2;0;21;21H-23H;NOITE;PLENA NOITE;AUSÊNCIA DE REAÇÃO DO CONDUTOR;COLISÃO TRASEIRA;CÉU CLARO;DUPLA;RETA;SIM;0
RJ;BR-116;MAGE;10;4;QUINTA-FEIRA;3;0;1;00H-02H;MADRUGADA;PLENA NOITE;AUSÊNCIA DE REAÇÃO DO CONDUTOR;COLISÃO TRASEIRA;CÉU CLARO;DUPLA;RETA;NÃO;0
RJ;BR-393;VASSOURAS;10;4;QUINTA-FEIRA;3;0;2;00H-02H;MADRUGADA;PLENA NOITE;CONDUTOR DORMINDO;COLISÃO LATERAL SENTIDO OPOSTO;CÉU CLARO;SIMPLES;RETA;NÃO;0
PR;BR-277;PARANAGUA;10;4;QUINTA-FEIRA;3;0;0;00H-02H;MADRUGADA;PLENA NOITE;ULTRAPASSAGEM INDEVIDA;COLISÃO LATERAL SENTIDO OPOSTO;NUBLADO;SIMPLES;RETA;SIM;0
PB;BR-230;SANTA LUZIA;10;4;QUINTA-FEIRA;3;0;2;00H-02H;MADRUGADA;PLENA NOITE;CONDUTOR DORMINDO;SAÍDA DE LEITO CARROÇÁVEL;CÉU CLARO;SIMPLES;"CURVA;DECLIVE";NÃO;0
SP;BR-116;APARECIDA;10;4;QUINTA-FEIRA;3;0;3;03H-05H;MADRUGADA;PLENA NOITE;CARGA EXCESSIVA E/OU MAL ACONDICIONADA;TOMBAMENTO;CÉU CLARO;DUPLA;CURVA;NÃO;0
PR;BR-116;SAO JOSE DOS PINHAIS;10;4;QUINTA-FEIRA;3;0;5;03H-05H;MADRUGADA;AMANHECER;AUSÊNCIA DE REAÇÃO DO CONDUTOR;COLISÃO TRASEIRA;CÉU CLARO;DUPLA;"ACLIVE;RETA";NÃO;0
PI;BR-316;BARRO DURO;10;4;QUINTA-FEIRA;3;0;4;03H-05H;MADRUGADA;PLENA NOITE;REAÇÃO TARDIA OU INEFICIENTE DO CONDUTOR;COLISÃO TRASEIRA;CÉU CLARO;SIMPLES;"ACLIVE;RETA";NÃO;0
SC;BR-280;SAO BENTO DO SUL;10;4;QUINTA-FEIRA;3;0;5;03H-05H;MADRUGADA;PLENO DIA;TRANSITAR NA CONTRAMÃO;COLISÃO FRONTAL;CHUVA;SIMPLES;CURVA;NÃO;0
MG;BR-050;UBERLANDIA;10;4;QUINTA-FEIRA;3;0;7;06H-08H;MANHA;PLENO DIA;CONDUTOR DEIXOU DE MANTER DISTÂNCIA DO VEÍCULO DA FRENTE;COLISÃO TRASEIRA;CÉU CLARO;DUPLA;RETA;SIM;0
BA;BR-242;MUQUEM DE SAO FRANCISCO;10;4;SEXTA-FEIRA;4;0;7;06H-08H;MANHA;PLENO DIA;ULTRAPASSAGEM INDEVIDA;COLISÃO LATERAL SENTIDO OPOSTO;CÉU CLARO;SIMPLES;DECLIVE;NÃO;1
SE;BR-101;UMBAUBA;10;4;QUINTA-FEIRA;3;0;8;06H-08H;MANHA;PLENO DIA;DEMAIS FALHAS MECÂNICAS OU ELÉTRICAS;SAÍDA DE LEITO CARROÇÁVEL;NUBLADO;SIMPLES;"RETA;DECLIVE";NÃO;0
MG;BR-262;LUZ;10;4;QUINTA-FEIRA;3;0;6;06H-08H;MANHA;PLENO DIA;ULTRAPASSAGEM INDEVIDA;SAÍDA DE LEITO CARROÇÁVEL;CÉU CLARO;SIMPLES;RETA;NÃO;0
MA;BR-316;PERITORO;10;4;QUARTA-FEIRA;2;0;21;21H-23H;NOITE;PLENA NOITE;DEMAIS FALHAS MECÂNICAS OU ELÉTRICAS;SAÍDA DE LEITO CARROÇÁVEL;IGNORADO;SIMPLES;RETA;NÃO;0
RS;BR-386;FONTOURA XAVIER;10;4;QUINTA-FEIRA;3;0;6;06H-08H;MANHA;AMANHECER;TRANSITAR NA CONTRAMÃO;COLISÃO FRONTAL;CÉU CLARO;SIMPLES;"DECLIVE;CURVA";NÃO;1
MG;BR-040;SANTOS DUMONT;10;4;QUINTA-FEIRA;3;0;8;06H-08H;MANHA;PLENO DIA;VELOCIDADE INCOMPATÍVEL;TOMBAMENTO;CÉU CLARO;SIMPLES;CURVA;SIM;0
AC;BR-364;RIO BRANCO;10;4;QUINTA-FEIRA;3;0;3;03H-05H;MADRUGADA;PLENA NOITE;REAÇÃO TARDIA OU INEFICIENTE DO CONDUTOR;SAÍDA DE LEITO CARROÇÁVEL;NUBLADO;DUPLA;RETA;SIM;0
RR;BR-174;IRACEMA;10;4;QUINTA-FEIRA;3;0;3;03H-05H;MADRUGADA;PLENA NOITE;AUSÊNCIA DE REAÇÃO DO CONDUTOR;SAÍDA DE LEITO CARROÇÁVEL;NUBLADO;SIMPLES;RETA;NÃO;0
SC;BR-101;SAO JOSE;10;4;QUINTA-FEIRA;3;0;8;06H-08H;MANHA;PLENO DIA;MANOBRA DE MUDANÇA DE FAIXA;COLISÃO LATERAL MESMO SENTIDO;CÉU CLARO;MÚLTIPLA;"RETA;TÚNEL";NÃO;0
MT;BR-163;NOVA MUTUM;10;4;QUINTA-FEIRA;3;0;6;06H-08H;MANHA;PLENO DIA;DESRESPEITAR A PREFERÊNCIA NO CRUZAMENTO;COLISÃO TRANSVERSAL;CÉU CLARO;DUPLA;INTERSEÇÃO DE VIAS;NÃO;0
SP;BR-116;LORENA;10;4;QUINTA-FEIRA;3;0;9;09H-11H;MANHA;PLENO DIA;DEMAIS FALHAS MECÂNICAS OU ELÉTRICAS;INCÊNDIO;CÉU CLARO;DUPLA;RETA;SIM;0
MT;BR-174;PONTES E LACERDA;10;4;QUINTA-FEIRA;3;0;5;03H-05H;MADRUGADA;AMANHECER;AUSÊNCIA DE REAÇÃO DO CONDUTOR;COLISÃO FRONTAL;CÉU CLARO;SIMPLES;RETA;NÃO;1
GO;BR-070;COCALZINHO DE GOIAS;10;4;QUINTA-FEIRA;3;0;8;06H-08H;MANHA;PLENO DIA;AVARIAS E/OU DESGASTE EXCESSIVO NO PNEU;CAPOTAMENTO;CÉU CLARO;MÚLTIPLA;RETA;SIM;0
MG;BR-381;LAVRAS;10;4;QUINTA-FEIRA;3;0;8;06H-08H;MANHA;PLENO DIA;VELOCIDADE INCOMPATÍVEL;COLISÃO TRANSVERSAL;CÉU CLARO;DUPLA;CURVA;NÃO;0
CE;BR-222;SOBRAL;10;4;QUINTA-FEIRA;3;0;7;06H-08H;MANHA;PLENO DIA;ACESSAR A VIA SEM OBSERVAR A PRESENÇA DOS OUTROS VEÍCULOS;COLISÃO LATERAL MESMO SENTIDO;SOL;SIMPLES;RETA;SIM;0
SC;BR-282;CORDILHEIRA ALTA;10;4;QUINTA-FEIRA;3;0;9;09H-11H;MANHA;PLENO DIA;REAÇÃO TARDIA OU INEFICIENTE DO CONDUTOR;COLISÃO FRONTAL;CÉU CLARO;SIMPLES;CURVA;NÃO;0
RN;BR-304;MACAIBA;10;4;QUINTA-FEIRA;3;0;10;09H-11H;MANHA;PLENO DIA;CONVERSÃO PROIBIDA;COLISÃO TRANSVERSAL;SOL;SIMPLES;RETA;SIM;0
RJ;BR-116;PARACAMBI;10;4;QUINTA-FEIRA;3;0;4;03H-05H;MADRUGADA;PLENA NOITE;AUSÊNCIA DE REAÇÃO DO CONDUTOR;COLISÃO TRASEIRA;IGNORADO;SIMPLES;"DECLIVE;RETA";NÃO;1
MT;BR-163;ITIQUIRA;9;3;SEGUNDA-FEIRA;0;0;22;21H-23H;NOITE;PLENA NOITE;CONDUTOR DORMINDO;SAÍDA DE LEITO CARROÇÁVEL;NUBLADO;DUPLA;RETA;NÃO;0
SP;BR-116;SAO JOSE DOS CAMPOS;10;4;QUINTA-FEIRA;3;0;10;09H-11H;MANHA;PLENO DIA;REAÇÃO TARDIA OU INEFICIENTE DO CONDUTOR;COLISÃO TRASEIRA;SOL;DUPLA;"RETA;EM OBRAS";NÃO;0
SP;BR-116;SAO JOSE DOS CAMPOS;10;4;QUINTA-FEIRA;3;0;10;09H-11H;MANHA;PLENO DIA;OBJETO ESTÁTICO SOBRE O LEITO CARROÇÁVEL;COLISÃO COM OBJETO;CÉU CLARO;MÚLTIPLA;RETA;SIM;0
MG;BR-251;CACHOEIRA DE PAJEU;10;4;SÁBADO;5;1;15;15H-17H;TARDE;PLENO DIA;DEMAIS FALHAS MECÂNICAS OU ELÉTRICAS;INCÊNDIO;SOL;SIMPLES;"RETA;DECLIVE";NÃO;0
CE;BR-116;CHOROZINHO;10;4;QUINTA-FEIRA;3;0;10;09H-11H;MANHA;PLENO DIA;AUSÊNCIA DE REAÇÃO DO CONDUTOR;COLISÃO TRASEIRA;CÉU CLARO;SIMPLES;"EM OBRAS;RETA";SIM;0
MG;BR-153;COMENDADOR GOMES;10;4;QUINTA-FEIRA;3;0;12;12H-14H;TARDE;PLENO DIA;AUSÊNCIA DE REAÇÃO DO CONDUTOR;SAÍDA DE LEITO CARROÇÁVEL;CÉU CLARO;SIMPLES;RETA;NÃO;0
RJ;BR-116;BARRA MANSA;9;3;QUINTA-FEIRA;3;0;7;06H-08H;MANHA;PLENO DIA;PEDESTRE ANDAVA NA PISTA;ATROPELAMENTO DE PEDESTRE;CÉU CLARO;DUPLA;"RETA;VIADUTO";NÃO;0
BA;BR-116;BOA NOVA;10;4;QUINTA-FEIRA;3;0;13;12H-14H;TARDE;PLENO DIA;AUSÊNCIA DE REAÇÃO DO CONDUTOR;SAÍDA DE LEITO CARROÇÁVEL;NUBLADO;SIMPLES;CURVA;NÃO;0
PR;BR-277;CEU AZUL;10;4;QUINTA-FEIRA;3;0;14;12H-14H;TARDE;PLENO DIA;CONDUTOR DEIXOU DE MANTER DISTÂNCIA DO VEÍCULO DA FRENTE;ENGAVETAMENTO;CÉU CLARO;SIMPLES;RETA;NÃO;0
RS;BR-153;SEVERIANO DE ALMEIDA;9;3;SEGUNDA-FEIRA;0;0;22;21H-23H;NOITE;PLENA NOITE;AUSÊNCIA DE REAÇÃO DO CONDUTOR;COLISÃO COM OBJETO;CÉU CLARO;SIMPLES;RETA;NÃO;0
BA;BR-324;SIMOES FILHO;10;4;QUINTA-FEIRA;3;0;14;12H-14H;TARDE;PLENO DIA;AUSÊNCIA DE REAÇÃO DO CONDUTOR;TOMBAMENTO;CHUVA;DUPLA;CURVA;NÃO;0
TO;BR-153;PARAISO DO TOCANTINS;8;3;SÁBADO;5;1;17;15H-17H;TARDE;PLENO DIA;TRANSITAR NA CONTRAMÃO;COLISÃO FRONTAL;CÉU CLARO;SIMPLES;"DECLIVE;RETA";NÃO;0
RJ;BR-493;MAGE;10;4;QUINTA-FEIRA;3;0;11;09H-11H;MANHA;PLENO DIA;VELOCIDADE INCOMPATÍVEL;COLISÃO COM OBJETO;CÉU CLARO;SIMPLES;"RETA;ROTATÓRIA;EM OBRAS";SIM;0
MA;BR-135;ITAPECURU MIRIM;10;4;QUINTA-FEIRA;3;0;15;15H-17H;TARDE;PLENO DIA;CONDUTOR DEIXOU DE MANTER DISTÂNCIA DO VEÍCULO DA FRENTE;COLISÃO TRASEIRA;CÉU CLARO;SIMPLES;"RETA;DECLIVE";NÃO;0
RO;BR-319;PORTO VELHO;10;4;QUINTA-FEIRA;3;0;14;12H-14H;TARDE;PLENO DIA;AUSÊNCIA DE REAÇÃO DO CONDUTOR;COLISÃO COM OBJETO;CÉU CLARO;DUPLA;RETA;SIM;0
MT;BR-163;SORRISO;10;4;QUINTA-FEIRA;3;0;12;12H-14H;TARDE;PLENO DIA;MANOBRA DE MUDANÇA DE FAIXA;COLISÃO TRASEIRA;CÉU CLARO;SIMPLES;RETA;NÃO;0
MT;BR-364;NOBRES;10;4;QUINTA-FEIRA;3;0;12;12H-14H;TARDE;PLENO DIA;AUSÊNCIA DE REAÇÃO DO CONDUTOR;COLISÃO TRASEIRA;CÉU CLARO;DUPLA;RETA;NÃO;0
GO;BR-153;GOIANIA;10;4;QUINTA-FEIRA;3;0;17;15H-17H;TARDE;ANOITECER;TRAFEGAR COM MOTOCICLETA (OU SIMILAR) ENTRE AS FAIXAS;COLISÃO LATERAL MESMO SENTIDO;CÉU CLARO;MÚLTIPLA;"RETA;VIADUTO";SIM;0
PA;BR-316;CASTANHAL;10;4;QUINTA-FEIRA;3;0;17;15H-17H;TARDE;PLENO DIA;AUSÊNCIA DE REAÇÃO DO CONDUTOR;COLISÃO TRASEIRA;CÉU CLARO;DUPLA;RETA;SIM;0
SC;BR-470;CURITIBANOS;10;4;QUINTA-FEIRA;3;0;16;15H-17H;TARDE;PLENO DIA;AUSÊNCIA DE REAÇÃO DO CONDUTOR;TOMBAMENTO;CÉU CLARO;SIMPLES;"CURVA;DECLIVE";NÃO;0
RJ;BR-116;BARRA MANSA;10;4;QUINTA-FEIRA;3;0;17;15H-17H;TARDE;ANOITECER;CONDUTOR DEIXOU DE MANTER DISTÂNCIA DO VEÍCULO DA FRENTE;ENGAVETAMENTO;NUBLADO;DUPLA;RETA;NÃO;0
SC;BR-101;JOINVILLE;10;4;QUINTA-FEIRA;3;0;14;12H-14H;TARDE;PLENO DIA;TRANSITAR NO ACOSTAMENTO;COLISÃO TRASEIRA;CÉU CLARO;DUPLA;"DECLIVE;CURVA";NÃO;0
RJ;BR-040;PETROPOLIS;10;4;QUINTA-FEIRA;3;0;16;15H-17H;TARDE;PLENO DIA;ACESSAR A VIA SEM OBSERVAR A PRESENÇA DOS OUTROS VEÍCULOS;COLISÃO LATERAL MESMO SENTIDO;CÉU CLARO;DUPLA;"CURVA;VIADUTO";NÃO;0
MT;BR-364;PEDRA PRETA;10;4;QUINTA-FEIRA;3;0;18;18H-20H;NOITE;PLENA NOITE;MANOBRA DE MUDANÇA DE FAIXA;COLISÃO FRONTAL;CÉU CLARO;SIMPLES;RETA;NÃO;0
MS;BR-262;RIBAS DO RIO PARDO;10;4;QUINTA-FEIRA;3;0;18;18H-20H;NOITE;PLENA NOITE;AVARIAS E/OU DESGASTE EXCESSIVO NO PNEU;INCÊNDIO;CÉU CLARO;SIMPLES;CURVA;NÃO;0
SC;BR-101;BALNEARIO CAMBORIU;10;4;QUINTA-FEIRA;3;0;19;18H-20H;NOITE;PLENA NOITE;REAÇÃO TARDIA OU INEFICIENTE DO CONDUTOR;COLISÃO TRASEIRA;CÉU CLARO;SIMPLES;"RETA;ACLIVE";NÃO;0
MG;BR-262;BETIM;10;4;QUINTA-FEIRA;3;0;17;15H-17H;TARDE;PLENO DIA;MANOBRA DE MUDANÇA DE FAIXA;COLISÃO LATERAL MESMO SENTIDO;CÉU CLARO;DUPLA;RETA;NÃO;0
MA;BR-316;CODO;10;4;QUINTA-FEIRA;3;0;16;15H-17H;TARDE;PLENO DIA;ULTRAPASSAGEM INDEVIDA;CAPOTAMENTO;CÉU CLARO;SIMPLES;"RETA;ACLIVE";NÃO;0
BA;BR-116;TUCANO;10;4;QUINTA-FEIRA;3;0;11;09H-11H;MANHA;PLENO DIA;ACESSAR A VIA SEM OBSERVAR A PRESENÇA DOS OUTROS VEÍCULOS;COLISÃO FRONTAL;SOL;SIMPLES;"RETA;INTERSEÇÃO DE VIAS";NÃO;1
PA;BR-230;ITAITUBA;10;4;QUINTA-FEIRA;3;0;14;12H-14H;TARDE;PLENO DIA;REAÇÃO TARDIA OU INEFICIENTE DO CONDUTOR;COLISÃO TRANSVERSAL;CÉU CLARO;SIMPLES;RETA;NÃO;0
GO;BR-153;CAMPINORTE;10;4;QUINTA-FEIRA;3;0;15;15H-17H;TARDE;PLENO DIA;DEMAIS FALHAS MECÂNICAS OU ELÉTRICAS;INCÊNDIO;CÉU CLARO;SIMPLES;RETA;NÃO;0
MS;BR-262;TERENOS;10;4;DOMINGO;6;1;6;06H-08H;MANHA;AMANHECER;CONDUTOR DORMINDO;COLISÃO COM OBJETO;CÉU CLARO;SIMPLES;"VIADUTO;RETA";NÃO;0
MG;BR-116;PONTO DOS VOLANTES;10;4;QUINTA-FEIRA;3;0;19;18H-20H;NOITE;PLENA NOITE;AUSÊNCIA DE REAÇÃO DO CONDUTOR;COLISÃO TRASEIRA;CÉU CLARO;SIMPLES;RETA;SIM;0
PA;BR-230;MARABA;10;4;QUINTA-FEIRA;3;0;22;21H-23H;NOITE;PLENA NOITE;MANOBRA DE MUDANÇA DE FAIXA;COLISÃO LATERAL MESMO SENTIDO;CÉU CLARO;DUPLA;RETA;SIM;0
RJ;BR-101;SAO GONCALO;10;4;QUINTA-FEIRA;3;0;19;18H-20H;NOITE;PLENA NOITE;MANOBRA DE MUDANÇA DE FAIXA;ATROPELAMENTO DE PEDESTRE;CÉU CLARO;DUPLA;RETA;NÃO;0
MG;BR-040;CONSELHEIRO LAFAIETE;10;4;QUINTA-FEIRA;3;0;19;18H-20H;NOITE;PLENA NOITE;ACESSAR A VIA SEM OBSERVAR A PRESENÇA DOS OUTROS VEÍCULOS;COLISÃO TRANSVERSAL;CÉU CLARO;SIMPLES;CURVA;NÃO;0
RO;BR-364;ARIQUEMES;10;4;QUINTA-FEIRA;3;0;19;18H-20H;NOITE;PLENA NOITE;CARGA EXCESSIVA E/OU MAL ACONDICIONADA;INCÊNDIO;CÉU CLARO;SIMPLES;RETA;NÃO;0
RJ;BR-116;GUAPIMIRIM;10;4;QUINTA-FEIRA;3;0;22;21H-23H;NOITE;PLENA NOITE;VELOCIDADE INCOMPATÍVEL;TOMBAMENTO;CÉU CLARO;SIMPLES;"CURVA;DECLIVE";NÃO;0
ES;BR-101;CARIACICA;10;4;QUINTA-FEIRA;3;0;22;21H-23H;NOITE;PLENA NOITE;VELOCIDADE INCOMPATÍVEL;TOMBAMENTO;CÉU CLARO;MÚLTIPLA;CURVA;SIM;0
BA;BR-116;SANTO ESTEVAO;10;4;QUINTA-FEIRA;3;0;23;21H-23H;NOITE;PLENA NOITE;AUSÊNCIA DE REAÇÃO DO CONDUTOR;SAÍDA DE LEITO CARROÇÁVEL;CÉU CLARO;DUPLA;RETA;NÃO;0
SC;BR-470;PONTE ALTA;10;4;QUINTA-FEIRA;3;0;23;21H-23H;NOITE;PLENA NOITE;TRANSITAR NA CONTRAMÃO;COLISÃO LATERAL SENTIDO OPOSTO;CÉU CLARO;SIMPLES;RETA;NÃO;0
PR;BR-163;CASCAVEL;10;4;QUINTA-FEIRA;3;0;23;21H-23H;NOITE;PLENA NOITE;AUSÊNCIA DE REAÇÃO DO CONDUTOR;COLISÃO TRASEIRA;CÉU CLARO;DUPLA;RETA;NÃO;0
MG;BR-040;CURVELO;10;4;QUINTA-FEIRA;3;0;23;21H-23H;NOITE;PLENA NOITE;TRANSITAR NA CONTRAMÃO;COLISÃO FRONTAL;CÉU CLARO;SIMPLES;RETA;NÃO;0
MG;BR-040;CARANDAI;10;4;SEXTA-FEIRA;4;0;0;00H-02H;MADRUGADA;PLENA NOITE;VELOCIDADE INCOMPATÍVEL;TOMBAMENTO;CÉU CLARO;SIMPLES;CURVA;NÃO;0
RS;BR-101;TERRA DE AREIA;10;4;SEXTA-FEIRA;4;0;1;00H-02H;MADRUGADA;PLENA NOITE;CONDUTOR DORMINDO;SAÍDA DE LEITO CARROÇÁVEL;CÉU CLARO;DUPLA;RETA;NÃO;0
RS;BR-392;RIO GRANDE;10;4;SEXTA-FEIRA;4;0;3;03H-05H;MADRUGADA;PLENA NOITE;INGESTÃO DE ÁLCOOL PELO CONDUTOR;COLISÃO TRANSVERSAL;CÉU CLARO;SIMPLES;RETA;NÃO;0
MG;BR-381;CARMO DA CACHOEIRA;10;4;SEXTA-FEIRA;4;0;4;03H-05H;MADRUGADA;AMANHECER;CONDUTOR DORMINDO;CAPOTAMENTO;CÉU CLARO;DUPLA;RETA;NÃO;0
RO;BR-364;ARIQUEMES;8;3;SEXTA-FEIRA;4;0;14;12H-14H;TARDE;PLENO DIA;CONVERSÃO PROIBIDA;ENGAVETAMENTO;CÉU CLARO;SIMPLES;RETA;SIM;0
RJ;BR-393;BARRA DO PIRAI;10;4;SEXTA-FEIRA;4;0;6;06H-08H;MANHA;PLENO DIA;CONDUTOR DORMINDO;COLISÃO LATERAL SENTIDO OPOSTO;CÉU CLARO;SIMPLES;"RETA;DECLIVE";NÃO;0
MG;BR-381;RIBEIRAO VERMELHO;10;4;SEXTA-FEIRA;4;0;6;06H-08H;MANHA;PLENO DIA;CONDUTOR DORMINDO;COLISÃO TRASEIRA;CÉU CLARO;DUPLA;RETA;NÃO;0
RJ;BR-116;NOVA IGUACU;10;4;SEXTA-FEIRA;4;0;5;03H-05H;MADRUGADA;PLENO DIA;AUSÊNCIA DE REAÇÃO DO CONDUTOR;COLISÃO TRASEIRA;CÉU CLARO;DUPLA;RETA;SIM;0
BA;BR-116;JEQUIE;10;4;SEGUNDA-FEIRA;0;0;6;06H-08H;MANHA;PLENO DIA;AUSÊNCIA DE REAÇÃO DO CONDUTOR;SAÍDA DE LEITO CARROÇÁVEL;NUBLADO;SIMPLES;RETA;NÃO;0
RJ;BR-040;DUQUE DE CAXIAS;10;4;SEXTA-FEIRA;4;0;3;03H-05H;MADRUGADA;PLENA NOITE;DEMAIS FALHAS MECÂNICAS OU ELÉTRICAS;INCÊNDIO;CÉU CLARO;DUPLA;RETA;SIM;0
PR;BR-376;SAO JOSE DOS PINHAIS;10;4;SEXTA-FEIRA;4;0;8;06H-08H;MANHA;PLENO DIA;ÁREA URBANA SEM A PRESENÇA DE LOCAL APROPRIADO PARA A TRAVESSIA DE PEDESTRES;ATROPELAMENTO DE PEDESTRE;CÉU CLARO;DUPLA;RETA;SIM;0