uf;br_formatada;municipio;mes;trimestre;dia_semana;dia_semana_num;fim_de_semana;hora;faixa_horaria;turno;fase_dia;causa_acidente;tipo_acidente;condicao_metereologica;tipo_pista;tracado_via;uso_solo;acidente_fatal
RJ;BR-393;BARRA DO PIRAI;10;4;SEXTA-FEIRA;4;0;17;15H-17H;TARDE;PLENO DIA;ENTRADA INOPINADA DO PEDESTRE;ATROPELAMENTO DE PEDESTRE;CHUVA;SIMPLES;RETA;SIM;0
RS;BR-116;SAO LEOPOLDO;10;4;SEXTA-FEIRA;4;0;17;15H-17H;TARDE;PLENO DIA;ACESSAR A VIA SEM OBSERVAR A PRESENÇA DOS OUTROS VEÍCULOS;COLISÃO LATERAL MESMO SENTIDO;CÉU CLARO;DUPLA;RETA;SIM;0
SP;BR-116;TAUBATE;10;4;SEXTA-FEIRA;4;0;18;18H-20H;NOITE;ANOITECER;CONDUTOR DEIXOU DE MANTER DISTÂNCIA DO VEÍCULO DA FRENTE;ENGAVETAMENTO;CÉU CLARO;DUPLA;RETA;SIM;0
MG;BR-381;BETIM;10;4;SEXTA-FEIRA;4;0;14;12H-14H;TARDE;PLENO DIA;AUSÊNCIA DE REAÇÃO DO CONDUTOR;COLISÃO LATERAL MESMO SENTIDO;CÉU CLARO;DUPLA;RETA;NÃO;0
GO;BR-153;RIALMA;10;4;TERÇA-FEIRA;1;0;7;06H-08H;MANHA;PLENO DIA;REAÇÃO TARDIA OU INEFICIENTE DO CONDUTOR;COLISÃO LATERAL SENTIDO OPOSTO;CÉU CLARO;SIMPLES;"RETA;ROTATÓRIA;EM OBRAS";SIM;0
SC;BR-116;ITAIOPOLIS;10;4;SEXTA-FEIRA;4;0;15;15H-17H;TARDE;PLENO DIA;CONDUTOR DEIXOU DE MANTER DISTÂNCIA DO VEÍCULO DA FRENTE;COLISÃO LATERAL MESMO SENTIDO;CÉU CLARO;SIMPLES;RETA;NÃO;0
PR;BR-280;FLOR DA SERRA DO SUL;10;4;SEXTA-FEIRA;4;0;17;15H-17H;TARDE;PLENO DIA;ESTACIONAR OU PARAR EM LOCAL PROIBIDO;COLISÃO COM OBJETO;CÉU CLARO;SIMPLES;RETA;NÃO;0
PB;BR-412;SAO JOAO DO CARIRI;10;4;SEXTA-FEIRA;4;0;14;12H-14H;TARDE;PLENO DIA;DEMAIS FALHAS MECÂNICAS OU ELÉTRICAS;INCÊNDIO;SOL;SIMPLES;RETA;NÃO;0
MG;BR-116;SAO FRANCISCO DO GLORIA;10;4;SEXTA-FEIRA;4;0;14;12H-14H;TARDE;PLENO DIA;ULTRAPASSAGEM INDEVIDA;COLISÃO FRONTAL;CÉU CLARO;SIMPLES;RETA;NÃO;1
SE;BR-101;UMBAUBA;10;4;SEXTA-FEIRA;4;0;18;18H-20H;NOITE;PLENA NOITE;DEMAIS FALHAS MECÂNICAS OU ELÉTRICAS;COLISÃO LATERAL SENTIDO OPOSTO;CÉU CLARO;SIMPLES;"INTERSEÇÃO DE VIAS;RETA";NÃO;0
SC;BR-282;LAGES;10;4;SEXTA-FEIRA;4;0;17;15H-17H;TARDE;ANOITECER;AUSÊNCIA DE REAÇÃO DO CONDUTOR;COLISÃO TRASEIRA;CÉU CLARO;DUPLA;"ACLIVE;CURVA";NÃO;0
MT;BR-364;VARZEA GRANDE;10;4;SEXTA-FEIRA;4;0;11;09H-11H;MANHA;PLENO DIA;TRANSITAR NA CONTRAMÃO;COLISÃO LATERAL SENTIDO OPOSTO;CÉU CLARO;SIMPLES;RETA;NÃO;0
SE;BR-101;UMBAUBA;10;4;SEXTA-FEIRA;4;0;18;18H-20H;NOITE;PLENA NOITE;REAÇÃO TARDIA OU INEFICIENTE DO CONDUTOR;SAÍDA DE LEITO CARROÇÁVEL;CÉU CLARO;SIMPLES;"INTERSEÇÃO DE VIAS;RETA";NÃO;0
MT;BR-163;GUARANTA DO NORTE;10;4;SEXTA-FEIRA;4;0;16;15H-17H;TARDE;PLENO DIA;DEMAIS FALHAS MECÂNICAS OU ELÉTRICAS;INCÊNDIO;NUBLADO;SIMPLES;RETA;NÃO;0
GO;BR-020;VILA BOA;10;4;SEXTA-FEIRA;4;0;17;15H-17H;TARDE;PLENO DIA;ACOSTAMENTO EM DESNÍVEL;TOMBAMENTO;NUBLADO;SIMPLES;RETA;NÃO;0
SC;BR-116;MAFRA;10;4;SEXTA-FEIRA;4;0;19;18H-20H;NOITE;PLENA NOITE;AUSÊNCIA DE SINALIZAÇÃO;COLISÃO TRASEIRA;NUBLADO;DUPLA;"RETA;ACLIVE";NÃO;0
RS;BR-285;SAO LUIZ GONZAGA;10;4;SEXTA-FEIRA;4;0;19;18H-20H;NOITE;PLENA NOITE;TRANSITAR NA CONTRAMÃO;COLISÃO FRONTAL;CÉU CLARO;SIMPLES;RETA;NÃO;1
RJ;BR-101;CAMPOS DOS GOYTACAZES;10;4;SEXTA-FEIRA;4;0;17;15H-17H;TARDE;PLENA NOITE;AUSÊNCIA DE REAÇÃO DO CONDUTOR;TOMBAMENTO;CHUVA;SIMPLES;CURVA;SIM;0
AP;BR-210;MACAPA;10;4;SEXTA-FEIRA;4;0;19;18H-20H;NOITE;PLENA NOITE;DEFICIÊNCIA DO SISTEMA DE ILUMINAÇÃO/SINALIZAÇÃO;COLISÃO COM OBJETO;CÉU CLARO;SIMPLES;RETA;NÃO;0
BA;BR-101;ALAGOINHAS;10;4;SEXTA-FEIRA;4;0;20;18H-20H;NOITE;PLENA NOITE;DESRESPEITAR A PREFERÊNCIA NO CRUZAMENTO;COLISÃO TRANSVERSAL;CÉU CLARO;SIMPLES;INTERSEÇÃO DE VIAS;SIM;0
MG;BR-116;DIVISA ALEGRE;10;4;SEXTA-FEIRA;4;0;23;21H-23H;NOITE;PLENA NOITE;VELOCIDADE INCOMPATÍVEL;TOMBAMENTO;CÉU CLARO;SIMPLES;CURVA;NÃO;0
PE;BR-232;SAO CAITANO;10;4;SEXTA-FEIRA;4;0;18;18H-20H;NOITE;PLENA NOITE;MANOBRA DE MUDANÇA DE FAIXA;COLISÃO LATERAL MESMO SENTIDO;CÉU CLARO;DUPLA;RETA;NÃO;0
RS;BR-116;SAO LOURENCO DO SUL;11;4;SÁBADO;5;1;0;00H-02H;MADRUGADA;PLENA NOITE;CONDUTOR DORMINDO;SAÍDA DE LEITO CARROÇÁVEL;CÉU CLARO;SIMPLES;"DESVIO TEMPORÁRIO;EM OBRAS";NÃO;0
TO;BR-153;RIO DOS BOIS;11;4;SÁBADO;5;1;2;00H-02H;MADRUGADA;PLENA NOITE;TRANSITAR NA CONTRAMÃO;COLISÃO FRONTAL;CÉU CLARO;SIMPLES;"ACLIVE;RETA";NÃO;1
MG;BR-365;PATROCINIO;10;4;SEXTA-FEIRA;4;0;23;21H-23H;NOITE;PLENA NOITE;TRANSITAR NA CONTRAMÃO;COLISÃO FRONTAL;NUBLADO;SIMPLES;RETA;NÃO;0
SC;BR-101;LAGUNA;11;4;SÁBADO;5;1;1;00H-02H;MADRUGADA;PLENA NOITE;INGESTÃO DE ÁLCOOL PELO CONDUTOR;COLISÃO TRASEIRA;CÉU CLARO;DUPLA;"CURVA;PONTE";NÃO;0
PE;BR-424;CAETES;11;4;SÁBADO;5;1;1;00H-02H;MADRUGADA;PLENA NOITE;INGESTÃO DE ÁLCOOL PELO CONDUTOR;COLISÃO FRONTAL;CÉU CLARO;SIMPLES;RETA;NÃO;0
PR;BR-277;PARANAGUA;11;4;SÁBADO;5;1;4;03H-05H;MADRUGADA;AMANHECER;INGESTÃO DE ÁLCOOL PELO CONDUTOR;COLISÃO TRASEIRA;CÉU CLARO;MÚLTIPLA;RETA;NÃO;0
TO;BR-153;GURUPI;11;4;SÁBADO;5;1;5;03H-05H;MADRUGADA;PLENO DIA;AUSÊNCIA DE REAÇÃO DO CONDUTOR;SAÍDA DE LEITO CARROÇÁVEL;CÉU CLARO;DUPLA;RETA;SIM;0
SP;BR-116;MIRACATU;11;4;SÁBADO;5;1;5;03H-05H;MADRUGADA;AMANHECER;VELOCIDADE INCOMPATÍVEL;TOMBAMENTO;NUBLADO;DUPLA;"DECLIVE;CURVA";NÃO;0
PR;BR-116;CAMPINA GRANDE DO SUL;11;4;SÁBADO;5;1;0;00H-02H;MADRUGADA;PLENA NOITE;VELOCIDADE INCOMPATÍVEL;SAÍDA DE LEITO CARROÇÁVEL;NUBLADO;DUPLA;RETA;NÃO;0
GO;BR-414;CORUMBA DE GOIAS;10;4;SEXTA-FEIRA;4;0;5;03H-05H;MADRUGADA;AMANHECER;CURVA ACENTUADA;SAÍDA DE LEITO CARROÇÁVEL;CHUVA;SIMPLES;DECLIVE;NÃO;0
RJ;BR-040;DUQUE DE CAXIAS;11;4;SÁBADO;5;1;0;00H-02H;MADRUGADA;PLENA NOITE;VELOCIDADE INCOMPATÍVEL;TOMBAMENTO;GAROA/CHUVISCO;DUPLA;"ACLIVE;CURVA";NÃO;0
MG;BR-381;JOAO MONLEVADE;11;4;SÁBADO;5;1;9;09H-11H;MANHA;PLENO DIA;AUSÊNCIA DE REAÇÃO DO CONDUTOR;COLISÃO LATERAL MESMO SENTIDO;NUBLADO;SIMPLES;RETA;NÃO;0
GO;BR-251;CRISTALINA;7;3;QUARTA-FEIRA;2;0;10;09H-11H;MANHA;PLENO DIA;REAÇÃO TARDIA OU INEFICIENTE DO CONDUTOR;COLISÃO TRASEIRA;CÉU CLARO;DUPLA;RETA;NÃO;0
PE;BR-232;VITORIA DE SANTO ANTAO;11;4;SÁBADO;5;1;9;09H-11H;MANHA;PLENO DIA;TRANSITAR NA CONTRAMÃO;COLISÃO TRANSVERSAL;CÉU CLARO;SIMPLES;CURVA;NÃO;1
MG;BR-153;MONTE ALEGRE DE MINAS;11;4;SÁBADO;5;1;13;12H-14H;TARDE;PLENO DIA;SUICÍDIO (PRESUMIDO);ATROPELAMENTO DE PEDESTRE;CÉU CLARO;DUPLA;"RETA;ACLIVE";NÃO;1
GO;BR-060;RIO VERDE;11;4;SÁBADO;5;1;12;12H-14H;TARDE;PLENO DIA;REAÇÃO TARDIA OU INEFICIENTE DO CONDUTOR;SAÍDA DE LEITO CARROÇÁVEL;NUBLADO;DUPLA;"DECLIVE;CURVA";NÃO;0
RS;BR-290;RIO PARDO;11;4;SÁBADO;5;1;13;12H-14H;TARDE;PLENO DIA;AUSÊNCIA DE REAÇÃO DO CONDUTOR;COLISÃO LATERAL SENTIDO OPOSTO;CÉU CLARO;SIMPLES;RETA;NÃO;0
PE;BR-424;ARCOVERDE;11;4;SÁBADO;5;1;11;09H-11H;MANHA;PLENO DIA;ENTRADA INOPINADA DO PEDESTRE;ATROPELAMENTO DE PEDESTRE;CÉU CLARO;SIMPLES;"RETA;DECLIVE";NÃO;1
BA;BR-242;BARREIRAS;11;4;SÁBADO;5;1;7;06H-08H;MANHA;PLENO DIA;AUSÊNCIA DE REAÇÃO DO CONDUTOR;COLISÃO COM OBJETO;CÉU CLARO;SIMPLES;RETA;NÃO;0
PR;BR-277;CANDOI;11;4;SÁBADO;5;1;10;09H-11H;MANHA;PLENO DIA;VELOCIDADE INCOMPATÍVEL;TOMBAMENTO;CHUVA;SIMPLES;CURVA;NÃO;0
MG;BR-040;NOVA LIMA;11;4;SÁBADO;5;1;16;15H-17H;TARDE;PLENO DIA;INGESTÃO DE ÁLCOOL PELO CONDUTOR;COLISÃO LATERAL MESMO SENTIDO;NUBLADO;SIMPLES;"ACLIVE;RETA";NÃO;0
BA;BR-116;BOA NOVA;11;4;SÁBADO;5;1;12;12H-14H;TARDE;PLENO DIA;TRANSITAR NA CONTRAMÃO;COLISÃO LATERAL SENTIDO OPOSTO;CÉU CLARO;SIMPLES;RETA;NÃO;0
RO;BR-364;PIMENTA BUENO;11;4;SÁBADO;5;1;15;15H-17H;TARDE;PLENO DIA;PROBLEMA COM O FREIO;TOMBAMENTO;SOL;SIMPLES;"DECLIVE;RETA";NÃO;0
RJ;BR-116;NOVA IGUACU;11;4;SÁBADO;5;1;17;15H-17H;TARDE;ANOITECER;DEMAIS FALHAS MECÂNICAS OU ELÉTRICAS;COLISÃO COM OBJETO;CÉU CLARO;DUPLA;"RETA;EM OBRAS";SIM;0
PI;BR-316;TERESINA;11;4;SÁBADO;5;1;18;18H-20H;NOITE;PLENA NOITE;ACESSAR A VIA SEM OBSERVAR A PRESENÇA DOS OUTROS VEÍCULOS;COLISÃO TRANSVERSAL;CÉU CLARO;MÚLTIPLA;"RETA;DECLIVE";NÃO;0
PR;BR-373;CORONEL VIVIDA;11;4;SÁBADO;5;1;18;18H-20H;NOITE;ANOITECER;ACESSAR A VIA SEM OBSERVAR A PRESENÇA DOS OUTROS VEÍCULOS;COLISÃO TRANSVERSAL;CHUVA;SIMPLES;"RETA;ACLIVE";NÃO;0
PR;BR-376;ORTIGUEIRA;11;4;SÁBADO;5;1;17;15H-17H;TARDE;PLENO DIA;MANOBRA DE MUDANÇA DE FAIXA;COLISÃO TRASEIRA;GAROA/CHUVISCO;SIMPLES;CURVA;NÃO;1
SP;BR-116;CAJATI;11;4;SÁBADO;5;1;20;18H-20H;NOITE;PLENA NOITE;AUSÊNCIA DE REAÇÃO DO CONDUTOR;COLISÃO COM OBJETO;CHUVA;DUPLA;CURVA;NÃO;0
PR;BR-376;PALMEIRA;11;4;SÁBADO;5;1;20;18H-20H;NOITE;PLENA NOITE;REAÇÃO TARDIA OU INEFICIENTE DO CONDUTOR;SAÍDA DE LEITO CARROÇÁVEL;GAROA/CHUVISCO;DUPLA;RETA;NÃO;0
PR;BR-116;RIO NEGRO;8;3;SEXTA-FEIRA;4;0;0;00H-02H;MADRUGADA;PLENA NOITE;SUICÍDIO (PRESUMIDO);COLISÃO FRONTAL;CÉU CLARO;SIMPLES;"INTERSEÇÃO DE VIAS;RETA";SIM;1
MG;BR-262;NOVA SERRANA;11;4;SÁBADO;5;1;20;18H-20H;NOITE;PLENA NOITE;ULTRAPASSAGEM INDEVIDA;COLISÃO TRASEIRA;VENTO;SIMPLES;RETA;SIM;0
BA;BR-324;CANDEAL;11;4;SÁBADO;5;1;19;18H-20H;NOITE;PLENA NOITE;DEMAIS FALHAS MECÂNICAS OU ELÉTRICAS;INCÊNDIO;CÉU CLARO;SIMPLES;RETA;NÃO;0
PI;BR-316;PICOS;11;4;SÁBADO;5;1;16;15H-17H;TARDE;PLENO DIA;RETORNO PROIBIDO;COLISÃO TRANSVERSAL;CÉU CLARO;SIMPLES;RETA;SIM;0
BA;BR-116;VITORIA DA CONQUISTA;11;4;SÁBADO;5;1;22;21H-23H;NOITE;PLENA NOITE;PROBLEMA COM O FREIO;COLISÃO COM OBJETO;CÉU CLARO;SIMPLES;RETA;NÃO;0
RJ;BR-101;RIO DE JANEIRO;11;4;DOMINGO;6;1;1;00H-02H;MADRUGADA;PLENA NOITE;MANOBRA DE MUDANÇA DE FAIXA;COLISÃO LATERAL MESMO SENTIDO;CÉU CLARO;DUPLA;"RETA;PONTE";SIM;0
PR;BR-153;IMBITUVA;11;4;SÁBADO;5;1;20;18H-20H;NOITE;PLENA NOITE;CONDUTOR DORMINDO;COLISÃO FRONTAL;CHUVA;SIMPLES;CURVA;NÃO;0
SP;BR-116;JACAREI;11;4;DOMINGO;6;1;1;00H-02H;MADRUGADA;PLENA NOITE;ENTRADA INOPINADA DO PEDESTRE;ATROPELAMENTO DE PEDESTRE;NUBLADO;DUPLA;RETA;SIM;1
RJ;BR-116;NOVA IGUACU;11;4;SEGUNDA-FEIRA;0;0;1;00H-02H;MADRUGADA;PLENA NOITE;AUSÊNCIA DE REAÇÃO DO CONDUTOR;COLISÃO LATERAL MESMO SENTIDO;CÉU CLARO;DUPLA;RETA;SIM;0
GO;BR-153;PROFESSOR JAMIL;11;4;DOMINGO;6;1;4;03H-05H;MADRUGADA;PLENA NOITE;CONDUTOR DORMINDO;SAÍDA DE LEITO CARROÇÁVEL;CÉU CLARO;DUPLA;RETA;NÃO;1
MG;BR-381;CAMANDUCAIA;11;4;DOMINGO;6;1;3;03H-05H;MADRUGADA;PLENA NOITE;PEDESTRE - INGESTÃO DE ÁLCOOL/ SUBSTÂNCIAS PSICOATIVAS;ATROPELAMENTO DE PEDESTRE;GAROA/CHUVISCO;DUPLA;RETA;NÃO;1
PR;BR-369;CAMBARA;11;4;DOMINGO;6;1;0;00H-02H;MADRUGADA;PLENA NOITE;PARTICIPAR DE RACHA;COLISÃO TRASEIRA;NUBLADO;SIMPLES;"ACLIVE;RETA";NÃO;0
GO;BR-060;CEZARINA;11;4;SÁBADO;5;1;20;18H-20H;NOITE;PLENA NOITE;REAÇÃO TARDIA OU INEFICIENTE DO CONDUTOR;COLISÃO TRANSVERSAL;CÉU CLARO;DUPLA;INTERSEÇÃO DE VIAS;NÃO;0
DF;BR-020;BRASILIA;11;4;DOMINGO;6;1;6;06H-08H;MANHA;PLENO DIA;MANOBRA DE MUDANÇA DE FAIXA;COLISÃO LATERAL MESMO SENTIDO;SOL;DUPLA;RETA;NÃO;0
MG;BR-262;JUATUBA;11;4;DOMINGO;6;1;9;09H-11H;MANHA;PLENO DIA;CONDUTOR DEIXOU DE MANTER DISTÂNCIA DO VEÍCULO DA FRENTE;COLISÃO TRASEIRA;NUBLADO;DUPLA;CURVA;NÃO;0
SE;BR-235;ITABAIANA;11;4;DOMINGO;6;1;8;06H-08H;MANHA;PLENO DIA;INGESTÃO DE ÁLCOOL PELO CONDUTOR;COLISÃO TRASEIRA;CÉU CLARO;SIMPLES;RETORNO REGULAMENTADO;SIM;0
SP;BR-116;EMBU DAS ARTES;10;4;QUARTA-FEIRA;2;0;8;06H-08H;MANHA;PLENO DIA;REAÇÃO TARDIA OU INEFICIENTE DO CONDUTOR;COLISÃO TRASEIRA;CÉU CLARO;DUPLA;RETA;SIM;0
CE;BR-304;ARACATI;11;4;DOMINGO;6;1;10;09H-11H;MANHA;PLENO DIA;ACESSAR A VIA SEM OBSERVAR A PRESENÇA DOS OUTROS VEÍCULOS;COLISÃO TRASEIRA;CÉU CLARO;SIMPLES;RETA;NÃO;0
ES;BR-101;FUNDAO;11;4;DOMINGO;6;1;12;12H-14H;TARDE;PLENO DIA;TRANSITAR NA CONTRAMÃO;COLISÃO FRONTAL;CÉU CLARO;SIMPLES;CURVA;NÃO;1
SC;BR-101;JOINVILLE;11;4;DOMINGO;6;1;11;09H-11H;MANHA;PLENO DIA;CONDUTOR DORMINDO;COLISÃO FRONTAL;NUBLADO;DUPLA;CURVA;NÃO;0
BA;BR-116;ENCRUZILHADA;11;4;DOMINGO;6;1;10;09H-11H;MANHA;PLENO DIA;AUSÊNCIA DE REAÇÃO DO CONDUTOR;COLISÃO TRASEIRA;SOL;SIMPLES;RETA;NÃO;0
RJ;BR-040;TRES RIOS;10;4;SEXTA-FEIRA;4;0;7;06H-08H;MANHA;PLENO DIA;REAÇÃO TARDIA OU INEFICIENTE DO CONDUTOR;COLISÃO COM OBJETO;CÉU CLARO;DUPLA;CURVA;NÃO;0
MG;BR-381;POUSO ALEGRE;11;4;DOMINGO;6;1;14;12H-14H;TARDE;PLENO DIA;VELOCIDADE INCOMPATÍVEL;SAÍDA DE LEITO CARROÇÁVEL;CHUVA;DUPLA;"ACLIVE;CURVA";NÃO;0
MG;BR-381;CONTAGEM;11;4;DOMINGO;6;1;16;15H-17H;TARDE;PLENO DIA;AUSÊNCIA DE REAÇÃO DO CONDUTOR;COLISÃO LATERAL MESMO SENTIDO;NUBLADO;MÚLTIPLA;RETA;SIM;0
RJ;BR-116;BARRA MANSA;11;4;DOMINGO;6;1;14;12H-14H;TARDE;PLENO DIA;REAÇÃO TARDIA OU INEFICIENTE DO CONDUTOR;COLISÃO TRASEIRA;CHUVA;DUPLA;CURVA;NÃO;0
PI;BR-316;PICOS;11;4;DOMINGO;6;1;14;12H-14H;TARDE;PLENO DIA;DEMAIS FALHAS MECÂNICAS OU ELÉTRICAS;COLISÃO TRASEIRA;SOL;SIMPLES;"ACLIVE;RETA";NÃO;0
AL;BR-101;PORTO REAL DO COLEGIO;11;4;DOMINGO;6;1;15;15H-17H;TARDE;PLENO DIA;VELOCIDADE INCOMPATÍVEL;CAPOTAMENTO;CÉU CLARO;DUPLA;CURVA;NÃO;0
RJ;BR-101;MACAE;11;4;DOMINGO;6;1;17;15H-17H;TARDE;ANOITECER;REAÇÃO TARDIA OU INEFICIENTE DO CONDUTOR;COLISÃO TRANSVERSAL;CHUVA;SIMPLES;CURVA;NÃO;0
GO;BR-153;CAMPINORTE;11;4;DOMINGO;6;1;14;12H-14H;TARDE;PLENO DIA;TRANSTORNOS MENTAIS (EXCETO SUICIDIO);ATROPELAMENTO DE PEDESTRE;NUBLADO;SIMPLES;RETA;NÃO;1
GO;BR-364;MINEIROS;11;4;DOMINGO;6;1;16;15H-17H;TARDE;PLENO DIA;INGESTÃO DE ÁLCOOL PELO CONDUTOR;SAÍDA DE LEITO CARROÇÁVEL;NUBLADO;SIMPLES;CURVA;NÃO;0
MG;BR-381;CAMBUI;11;4;DOMINGO;6;1;15;15H-17H;TARDE;PLENO DIA;VELOCIDADE INCOMPATÍVEL;TOMBAMENTO;CHUVA;DUPLA;RETA;NÃO;0
PR;BR-277;PALMEIRA;11;4;DOMINGO;6;1;18;18H-20H;NOITE;ANOITECER;ULTRAPASSAGEM INDEVIDA;COLISÃO FRONTAL;CÉU CLARO;SIMPLES;RETA;NÃO;1
MT;BR-174;COMODORO;11;4;DOMINGO;6;1;14;12H-14H;TARDE;PLENO DIA;ULTRAPASSAGEM INDEVIDA;COLISÃO FRONTAL;CÉU CLARO;SIMPLES;"ACLIVE;RETA";NÃO;1
PR;BR-277;MORRETES;11;4;DOMINGO;6;1;22;21H-23H;NOITE;PLENA NOITE;CONDUTOR DEIXOU DE MANTER DISTÂNCIA DO VEÍCULO DA FRENTE;COLISÃO TRASEIRA;CHUVA;DUPLA;"DECLIVE;CURVA";NÃO;0
SC;BR-282;CAMPOS NOVOS;11;4;DOMINGO;6;1;22;21H-23H;NOITE;PLENO DIA;AUSÊNCIA DE REAÇÃO DO CONDUTOR;COLISÃO LATERAL SENTIDO OPOSTO;CÉU CLARO;SIMPLES;"DECLIVE;RETA";NÃO;0
SC;BR-282;XANXERE;11;4;SEGUNDA-FEIRA;0;0;0;00H-02H;MADRUGADA;PLENA NOITE;ACESSAR A VIA SEM OBSERVAR A PRESENÇA DOS OUTROS VEÍCULOS;COLISÃO LATERAL SENTIDO OPOSTO;CÉU CLARO;SIMPLES;RETA;NÃO;0
MG;BR-040;ESMERALDAS;11;4;SEGUNDA-FEIRA;0;0;1;00H-02H;MADRUGADA;PLENA NOITE;CHUVA;COLISÃO TRASEIRA;CHUVA;DUPLA;"DECLIVE;RETA";SIM;0
MG;BR-040;SETE LAGOAS;11;4;DOMINGO;6;1;22;21H-23H;NOITE;PLENA NOITE;CARGA EXCESSIVA E/OU MAL ACONDICIONADA;TOMBAMENTO;CHUVA;DUPLA;"DECLIVE;CURVA";NÃO;0
BA;BR-116;ARACI;11;4;DOMINGO;6;1;20;18H-20H;NOITE;PLENA NOITE;TRANSITAR NA CONTRAMÃO;COLISÃO FRONTAL;CÉU CLARO;SIMPLES;RETA;NÃO;1
RN;BR-101;NISIA FLORESTA;11;4;SEGUNDA-FEIRA;0;0;2;00H-02H;MADRUGADA;PLENA NOITE;CONDUTOR DORMINDO;COLISÃO TRASEIRA;CÉU CLARO;DUPLA;RETA;NÃO;0
MG;BR-040;CONTAGEM;11;4;SEGUNDA-FEIRA;0;0;4;03H-05H;MADRUGADA;PLENA NOITE;REAÇÃO TARDIA OU INEFICIENTE DO CONDUTOR;COLISÃO TRASEIRA;NUBLADO;DUPLA;"ACLIVE;CURVA";SIM;0
MG;BR-381;TRES CORACOES;11;4;SEGUNDA-FEIRA;0;0;1;00H-02H;MADRUGADA;PLENA NOITE;VELOCIDADE INCOMPATÍVEL;COLISÃO COM OBJETO;NUBLADO;DUPLA;RETA;SIM;1
MG;BR-267;BAEPENDI;11;4;SEGUNDA-FEIRA;0;0;4;03H-05H;MADRUGADA;PLENA NOITE;DEMAIS FALHAS MECÂNICAS OU ELÉTRICAS;COLISÃO TRASEIRA;NUBLADO;SIMPLES;"INTERSEÇÃO DE VIAS;RETA";NÃO;1
RJ;BR-101;RIO BONITO;11;4;SEGUNDA-FEIRA;0;0;0;00H-02H;MADRUGADA;PLENA NOITE;AUSÊNCIA DE REAÇÃO DO CONDUTOR;COLISÃO TRASEIRA;NUBLADO;DUPLA;RETA;SIM;0
PB;BR-230;SOLEDADE;11;4;SEGUNDA-FEIRA;0;0;5;03H-05H;MADRUGADA;AMANHECER;MANOBRA DE MUDANÇA DE FAIXA;COLISÃO LATERAL SENTIDO OPOSTO;SOL;SIMPLES;RETA;NÃO;1
RN;BR-406;CEARA-MIRIM;11;4;SEGUNDA-FEIRA;0;0;4;03H-05H;MADRUGADA;AMANHECER;TRANSITAR NA CONTRAMÃO;COLISÃO FRONTAL;CÉU CLARO;SIMPLES;RETA;SIM;0
MG;BR-365;UBERLANDIA;11;4;SEGUNDA-FEIRA;0;0;3;03H-05H;MADRUGADA;PLENA NOITE;FREAR BRUSCAMENTE;COLISÃO COM OBJETO;CHUVA;DUPLA;CURVA;SIM;0
MG;BR-381;CARMO DA CACHOEIRA;11;4;DOMINGO;6;1;17;15H-17H;TARDE;PLENO DIA;AUSÊNCIA DE REAÇÃO DO CONDUTOR;COLISÃO COM OBJETO;CHUVA;DUPLA;RETA;NÃO;0
MG;BR-251;RUBELITA;11;4;SEGUNDA-FEIRA;0;0;3;03H-05H;MADRUGADA;PLENA NOITE;AUSÊNCIA DE REAÇÃO DO CONDUTOR;SAÍDA DE LEITO CARROÇÁVEL;NUBLADO;SIMPLES;"DECLIVE;CURVA";NÃO;0
MG;BR-381;SABARA;11;4;DOMINGO;6;1;15;15H-17H;TARDE;PLENO DIA;REAÇÃO TARDIA OU INEFICIENTE DO CONDUTOR;SAÍDA DE LEITO CARROÇÁVEL;NUBLADO;SIMPLES;CURVA;NÃO;0
BA;BR-324;AMELIA RODRIGUES;10;4;SEXTA-FEIRA;4;0;2;00H-02H;MADRUGADA;PLENA NOITE;AUSÊNCIA DE REAÇÃO DO CONDUTOR;TOMBAMENTO;NUBLADO;DUPLA;RETA;NÃO;0
RN;BR-101;PARNAMIRIM;11;4;SEGUNDA-FEIRA;0;0;8;06H-08H;MANHA;PLENO DIA;DEMAIS FALHAS MECÂNICAS OU ELÉTRICAS;COLISÃO COM OBJETO;CÉU CLARO;DUPLA;RETA;NÃO;0
RS;BR-470;GARIBALDI;10;4;SÁBADO;5;1;12;12H-14H;TARDE;PLENO DIA;AUSÊNCIA DE REAÇÃO DO CONDUTOR;COLISÃO COM OBJETO;GAROA/CHUVISCO;DUPLA;CURVA;SIM;0
PR;BR-277;CAMPO LARGO;6;2;SEXTA-FEIRA;4;0;22;21H-23H;NOITE;PLENA NOITE;MANOBRA DE MUDANÇA DE FAIXA;COLISÃO LATERAL MESMO SENTIDO;GAROA/CHUVISCO;DUPLA;"ACLIVE;CURVA";NÃO;0
MG;BR-262;IBIA;11;4;SEGUNDA-FEIRA;0;0;8;06H-08H;MANHA;PLENO DIA;AUSÊNCIA DE REAÇÃO DO CONDUTOR;INCÊNDIO;GAROA/CHUVISCO;SIMPLES;RETA;NÃO;0
RJ;BR-040;DUQUE DE CAXIAS;11;4;SEGUNDA-FEIRA;0;0;7;06H-08H;MANHA;PLENO DIA;ULTRAPASSAGEM INDEVIDA;COLISÃO LATERAL MESMO SENTIDO;CÉU CLARO;MÚLTIPLA;RETA;NÃO;0