uf;br_formatada;municipio;mes;trimestre;dia_semana;dia_semana_num;fim_de_semana;hora;faixa_horaria;turno;fase_dia;causa_acidente;tipo_acidente;condicao_metereologica;tipo_pista;tracado_via;uso_solo;acidente_fatal
PR;BR-376;TIBAGI;11;4;QUINTA-FEIRA;3;0;23;21H-23H;NOITE;PLENA NOITE;PROBLEMA COM O FREIO;INCÊNDIO;CÉU CLARO;DUPLA;RETA;NÃO;0
TO;BR-153;ARAGUAINA;11;4;SEXTA-FEIRA;4;0;2;00H-02H;MADRUGADA;PLENA NOITE;DEMAIS FALHAS MECÂNICAS OU ELÉTRICAS;INCÊNDIO;NUBLADO;DUPLA;RETA;SIM;0
MG;BR-381;OLIVEIRA;11;4;SEXTA-FEIRA;4;0;2;00H-02H;MADRUGADA;PLENA NOITE;REAÇÃO TARDIA OU INEFICIENTE DO CONDUTOR;COLISÃO TRASEIRA;NUBLADO;DUPLA;"RETA;DECLIVE";NÃO;0
PR;BR-277;PALMEIRA;11;4;SEXTA-FEIRA;4;0;4;03H-05H;MADRUGADA;PLENA NOITE;CONDUTOR DORMINDO;SAÍDA DE LEITO CARROÇÁVEL;NUBLADO;SIMPLES;CURVA;NÃO;0
SC;BR-282;JOACABA;11;4;QUINTA-FEIRA;3;0;23;21H-23H;NOITE;PLENA NOITE;TRANSITAR NO ACOSTAMENTO;COLISÃO FRONTAL;NUBLADO;SIMPLES;"RETA;DECLIVE";NÃO;1
SP;BR-116;MIRACATU;11;4;SEXTA-FEIRA;4;0;5;03H-05H;MADRUGADA;PLENO DIA;REAÇÃO TARDIA OU INEFICIENTE DO CONDUTOR;COLISÃO TRASEIRA;CÉU CLARO;DUPLA;RETA;NÃO;0
BA;BR-135;BARREIRAS;11;4;SEXTA-FEIRA;4;0;7;06H-08H;MANHA;PLENO DIA;MANOBRA DE MUDANÇA DE FAIXA;COLISÃO FRONTAL;CÉU CLARO;SIMPLES;RETA;NÃO;0
SC;BR-101;ITAJAI;11;4;SEXTA-FEIRA;4;0;6;06H-08H;MANHA;PLENO DIA;MANOBRA DE MUDANÇA DE FAIXA;COLISÃO TRASEIRA;CHUVA;MÚLTIPLA;RETA;SIM;0
RS;BR-290;SANTO ANTONIO DA PATRULHA;11;4;SEXTA-FEIRA;4;0;7;06H-08H;MANHA;PLENO DIA;CONDUTOR DORMINDO;COLISÃO TRASEIRA;NUBLADO;DUPLA;RETA;NÃO;0
SP;BR-116;APARECIDA;11;4;SEXTA-FEIRA;4;0;6;06H-08H;MANHA;AMANHECER;CONDUTOR DORMINDO;COLISÃO LATERAL MESMO SENTIDO;NUBLADO;DUPLA;"DECLIVE;CURVA";NÃO;0
PA;BR-163;ALTAMIRA;11;4;SEXTA-FEIRA;4;0;5;03H-05H;MADRUGADA;AMANHECER;FREAR BRUSCAMENTE;INCÊNDIO;CÉU CLARO;SIMPLES;RETA;NÃO;0
MT;BR-070;CACERES;11;4;SEXTA-FEIRA;4;0;6;06H-08H;MANHA;PLENO DIA;DEMAIS FALHAS MECÂNICAS OU ELÉTRICAS;CAPOTAMENTO;SOL;SIMPLES;RETA;NÃO;0
SC;BR-282;FAXINAL DOS GUEDES;9;3;QUINTA-FEIRA;3;0;7;06H-08H;MANHA;PLENO DIA;MANOBRA DE MUDANÇA DE FAIXA;COLISÃO LATERAL SENTIDO OPOSTO;CÉU CLARO;SIMPLES;CURVA;NÃO;0
MG;BR-365;PATOS DE MINAS;11;4;SEXTA-FEIRA;4;0;6;06H-08H;MANHA;PLENO DIA;MAL SÚBITO DO CONDUTOR;SAÍDA DE LEITO CARROÇÁVEL;CÉU CLARO;SIMPLES;RETA;NÃO;0
SC;BR-101;SAO JOSE;10;4;SEXTA-FEIRA;4;0;15;15H-17H;TARDE;PLENO DIA;CONDUTOR DEIXOU DE MANTER DISTÂNCIA DO VEÍCULO DA FRENTE;ENGAVETAMENTO;NUBLADO;DUPLA;RETA;SIM;0
ES;BR-101;LINHARES;11;4;SEXTA-FEIRA;4;0;8;06H-08H;MANHA;PLENO DIA;DESRESPEITAR A PREFERÊNCIA NO CRUZAMENTO;COLISÃO TRANSVERSAL;NUBLADO;SIMPLES;INTERSEÇÃO DE VIAS;NÃO;0
SP;BR-116;SAO LOURENCO DA SERRA;11;4;SEXTA-FEIRA;4;0;9;09H-11H;MANHA;PLENO DIA;REAÇÃO TARDIA OU INEFICIENTE DO CONDUTOR;QUEDA DE OCUPANTE DE VEÍCULO;NUBLADO;DUPLA;"ACLIVE;RETA";NÃO;0
PA;BR-163;ITAITUBA;11;4;SEXTA-FEIRA;4;0;7;06H-08H;MANHA;PLENO DIA;AUSÊNCIA DE REAÇÃO DO CONDUTOR;TOMBAMENTO;CÉU CLARO;SIMPLES;CURVA;NÃO;0
BA;BR-101;ITAMARAJU;11;4;SEXTA-FEIRA;4;0;10;09H-11H;MANHA;PLENO DIA;CONDUTOR DEIXOU DE MANTER DISTÂNCIA DO VEÍCULO DA FRENTE;COLISÃO TRASEIRA;CÉU CLARO;SIMPLES;RETA;SIM;0
SC;BR-101;BALNEARIO CAMBORIU;11;4;SEXTA-FEIRA;4;0;10;09H-11H;MANHA;PLENO DIA;REAÇÃO TARDIA OU INEFICIENTE DO CONDUTOR;COLISÃO TRASEIRA;NUBLADO;DUPLA;RETA;SIM;0
RS;BR-386;SARANDI;11;4;SEXTA-FEIRA;4;0;10;09H-11H;MANHA;PLENO DIA;ACUMULO DE ÁGUA SOBRE O PAVIMENTO;SAÍDA DE LEITO CARROÇÁVEL;CHUVA;SIMPLES;"CURVA;DECLIVE";SIM;0
GO;BR-364;JATAI;11;4;SEXTA-FEIRA;4;0;9;09H-11H;MANHA;PLENO DIA;ACESSAR A VIA SEM OBSERVAR A PRESENÇA DOS OUTROS VEÍCULOS;COLISÃO TRANSVERSAL;SOL;DUPLA;"EM OBRAS;ACLIVE;CURVA;RETORNO REGULAMENTADO";NÃO;0
SC;BR-101;SAO JOSE;11;4;SEXTA-FEIRA;4;0;10;09H-11H;MANHA;PLENO DIA;REAÇÃO TARDIA OU INEFICIENTE DO CONDUTOR;SAÍDA DE LEITO CARROÇÁVEL;GAROA/CHUVISCO;MÚLTIPLA;"DECLIVE;RETA";SIM;0
SP;BR-381;GUARULHOS;11;4;SEXTA-FEIRA;4;0;11;09H-11H;MANHA;PLENO DIA;AUSÊNCIA DE REAÇÃO DO CONDUTOR;COLISÃO TRASEIRA;SOL;DUPLA;RETA;SIM;0
RS;BR-153;CACAPAVA DO SUL;11;4;SEXTA-FEIRA;4;0;11;09H-11H;MANHA;PLENO DIA;DESRESPEITAR A PREFERÊNCIA NO CRUZAMENTO;COLISÃO TRANSVERSAL;CHUVA;SIMPLES;"INTERSEÇÃO DE VIAS;VIADUTO;ROTATÓRIA;PONTE";NÃO;0
RO;BR-364;PORTO VELHO;11;4;SEXTA-FEIRA;4;0;11;09H-11H;MANHA;PLENO DIA;DEMAIS FALHAS MECÂNICAS OU ELÉTRICAS;DERRAMAMENTO DE CARGA;CÉU CLARO;DUPLA;RETA;NÃO;0
SC;BR-280;ARAQUARI;11;4;SEXTA-FEIRA;4;0;7;06H-08H;MANHA;PLENO DIA;MAL SÚBITO DO CONDUTOR;COLISÃO TRASEIRA;CÉU CLARO;SIMPLES;RETA;NÃO;0
SC;BR-101;PALHOCA;11;4;SEXTA-FEIRA;4;0;12;12H-14H;TARDE;PLENO DIA;REAÇÃO TARDIA OU INEFICIENTE DO CONDUTOR;COLISÃO TRASEIRA;GAROA/CHUVISCO;SIMPLES;RETA;SIM;0
SE;BR-101;ITAPORANGA DAJUDA;11;4;SEXTA-FEIRA;4;0;13;12H-14H;TARDE;PLENO DIA;REAÇÃO TARDIA OU INEFICIENTE DO CONDUTOR;TOMBAMENTO;CÉU CLARO;DUPLA;RETA;NÃO;0
CE;BR-304;ARACATI;11;4;SEXTA-FEIRA;4;0;11;09H-11H;MANHA;PLENO DIA;MANOBRA DE MUDANÇA DE FAIXA;COLISÃO LATERAL MESMO SENTIDO;CÉU CLARO;DUPLA;RETA;SIM;0
SC;BR-282;FLORIANOPOLIS;11;4;SEXTA-FEIRA;4;0;13;12H-14H;TARDE;PLENO DIA;REAÇÃO TARDIA OU INEFICIENTE DO CONDUTOR;COLISÃO TRASEIRA;CHUVA;MÚLTIPLA;RETA;SIM;0
ES;BR-101;ARACRUZ;11;4;SEXTA-FEIRA;4;0;12;12H-14H;TARDE;PLENO DIA;ACESSAR A VIA SEM OBSERVAR A PRESENÇA DOS OUTROS VEÍCULOS;COLISÃO TRANSVERSAL;NUBLADO;SIMPLES;RETA;NÃO;0
RS;BR-386;FREDERICO WESTPHALEN;10;4;QUINTA-FEIRA;3;0;23;21H-23H;NOITE;PLENA NOITE;REAÇÃO TARDIA OU INEFICIENTE DO CONDUTOR;COLISÃO TRASEIRA;CÉU CLARO;SIMPLES;"RETA;INTERSEÇÃO DE VIAS";SIM;0
SC;BR-470;POUSO REDONDO;11;4;SEXTA-FEIRA;4;0;11;09H-11H;MANHA;PLENO DIA;REAÇÃO TARDIA OU INEFICIENTE DO CONDUTOR;SAÍDA DE LEITO CARROÇÁVEL;GAROA/CHUVISCO;SIMPLES;"RETA;DECLIVE";SIM;0
MT;BR-163;LUCAS DO RIO VERDE;11;4;SEXTA-FEIRA;4;0;11;09H-11H;MANHA;PLENO DIA;AUSÊNCIA DE REAÇÃO DO CONDUTOR;COLISÃO LATERAL MESMO SENTIDO;CÉU CLARO;SIMPLES;RETA;NÃO;0
SC;BR-282;CHAPECO;10;4;QUINTA-FEIRA;3;0;8;06H-08H;MANHA;PLENO DIA;DESRESPEITAR A PREFERÊNCIA NO CRUZAMENTO;COLISÃO TRANSVERSAL;CÉU CLARO;DUPLA;"RETA;INTERSEÇÃO DE VIAS";SIM;0
RS;BR-293;HULHA NEGRA;11;4;SEXTA-FEIRA;4;0;15;15H-17H;TARDE;PLENO DIA;DEMAIS FALHAS MECÂNICAS OU ELÉTRICAS;SAÍDA DE LEITO CARROÇÁVEL;CHUVA;SIMPLES;RETA;NÃO;0
MT;BR-163;SORRISO;11;4;SEXTA-FEIRA;4;0;14;12H-14H;TARDE;PLENO DIA;AUSÊNCIA DE REAÇÃO DO CONDUTOR;COLISÃO FRONTAL;CÉU CLARO;SIMPLES;"RETA;EM OBRAS";NÃO;1
SP;BR-116;EMBU DAS ARTES;11;4;SEXTA-FEIRA;4;0;15;15H-17H;TARDE;PLENO DIA;MANOBRA DE MUDANÇA DE FAIXA;COLISÃO LATERAL MESMO SENTIDO;CÉU CLARO;DUPLA;RETA;SIM;0
SC;BR-101;ARARANGUA;11;4;SEXTA-FEIRA;4;0;15;15H-17H;TARDE;PLENO DIA;CHUVA;COLISÃO TRASEIRA;CHUVA;MÚLTIPLA;"ACLIVE;RETA";NÃO;0
SC;BR-101;PAULO LOPES;11;4;SEXTA-FEIRA;4;0;15;15H-17H;TARDE;PLENO DIA;AUSÊNCIA DE REAÇÃO DO CONDUTOR;COLISÃO TRASEIRA;CHUVA;DUPLA;"TÚNEL;ACLIVE;RETA";NÃO;0
PE;BR-116;CABROBO;11;4;SEXTA-FEIRA;4;0;14;12H-14H;TARDE;PLENO DIA;ULTRAPASSAGEM INDEVIDA;COLISÃO TRASEIRA;CÉU CLARO;SIMPLES;"DECLIVE;RETA";NÃO;0
MG;BR-365;JEQUITAI;11;4;SEXTA-FEIRA;4;0;7;06H-08H;MANHA;AMANHECER;CONDUTOR DORMINDO;SAÍDA DE LEITO CARROÇÁVEL;CHUVA;SIMPLES;RETA;NÃO;0
SC;BR-101;SAO JOSE;11;4;SEXTA-FEIRA;4;0;16;15H-17H;TARDE;ANOITECER;REAÇÃO TARDIA OU INEFICIENTE DO CONDUTOR;COLISÃO TRASEIRA;CHUVA;MÚLTIPLA;"DECLIVE;RETA";SIM;0
SC;BR-282;CAMPOS NOVOS;11;4;SEXTA-FEIRA;4;0;16;15H-17H;TARDE;PLENO DIA;ULTRAPASSAGEM INDEVIDA;COLISÃO FRONTAL;CHUVA;SIMPLES;CURVA;NÃO;0
RS;BR-386;NOVA SANTA RITA;11;4;SEXTA-FEIRA;4;0;17;15H-17H;TARDE;PLENO DIA;ACUMULO DE ÁGUA SOBRE O PAVIMENTO;SAÍDA DE LEITO CARROÇÁVEL;CHUVA;DUPLA;RETA;SIM;1
PA;BR-316;BENEVIDES;11;4;SEXTA-FEIRA;4;0;15;15H-17H;TARDE;PLENO DIA;ACESSAR A VIA SEM OBSERVAR A PRESENÇA DOS OUTROS VEÍCULOS;SAÍDA DE LEITO CARROÇÁVEL;CÉU CLARO;DUPLA;RETA;SIM;0
PR;BR-277;IRATI;11;4;SEXTA-FEIRA;4;0;17;15H-17H;TARDE;PLENO DIA;AUSÊNCIA DE REAÇÃO DO CONDUTOR;COLISÃO FRONTAL;CHUVA;SIMPLES;"RETA;DECLIVE";NÃO;0
RO;BR-364;OURO PRETO DO OESTE;11;4;SEXTA-FEIRA;4;0;15;15H-17H;TARDE;PLENO DIA;ACESSAR A VIA SEM OBSERVAR A PRESENÇA DOS OUTROS VEÍCULOS;COLISÃO TRANSVERSAL;CÉU CLARO;SIMPLES;"RETA;ROTATÓRIA";SIM;0
SP;BR-116;REGISTRO;11;4;SEXTA-FEIRA;4;0;14;12H-14H;TARDE;PLENO DIA;PROBLEMA COM O FREIO;INCÊNDIO;CÉU CLARO;DUPLA;RETA;SIM;0
GO;BR-414;ABADIANIA;11;4;SEXTA-FEIRA;4;0;18;18H-20H;NOITE;PLENA NOITE;ACESSAR A VIA SEM OBSERVAR A PRESENÇA DOS OUTROS VEÍCULOS;COLISÃO TRANSVERSAL;CÉU CLARO;SIMPLES;RETA;NÃO;0
SP;BR-381;BRAGANCA PAULISTA;11;4;SEXTA-FEIRA;4;0;18;18H-20H;NOITE;PLENA NOITE;AUSÊNCIA DE REAÇÃO DO CONDUTOR;COLISÃO COM OBJETO;GAROA/CHUVISCO;DUPLA;"DECLIVE;CURVA";NÃO;0
SP;BR-381;BRAGANCA PAULISTA;11;4;SEXTA-FEIRA;4;0;18;18H-20H;NOITE;PLENA NOITE;FREAR BRUSCAMENTE;SAÍDA DE LEITO CARROÇÁVEL;GAROA/CHUVISCO;DUPLA;RETA;NÃO;0
SP;BR-381;SAO PAULO;11;4;SEXTA-FEIRA;4;0;18;18H-20H;NOITE;ANOITECER;ENTRADA INOPINADA DO PEDESTRE;ATROPELAMENTO DE PEDESTRE;NUBLADO;MÚLTIPLA;RETA;SIM;1
PB;BR-230;POCINHOS;11;4;SEXTA-FEIRA;4;0;15;15H-17H;TARDE;PLENO DIA;DEMAIS FALHAS MECÂNICAS OU ELÉTRICAS;DERRAMAMENTO DE CARGA;CÉU CLARO;SIMPLES;"RETA;DECLIVE";NÃO;0
MA;BR-316;TIMON;11;4;SEXTA-FEIRA;4;0;17;15H-17H;TARDE;PLENO DIA;AUSÊNCIA DE REAÇÃO DO CONDUTOR;COLISÃO FRONTAL;CÉU CLARO;SIMPLES;"RETA;DECLIVE";NÃO;1
PI;BR-222;SAO JOAO DA FRONTEIRA;11;4;SEXTA-FEIRA;4;0;16;15H-17H;TARDE;PLENO DIA;CONDUTOR DORMINDO;COLISÃO FRONTAL;CÉU CLARO;SIMPLES;CURVA;NÃO;1
RJ;BR-116;PIRAI;11;4;SEXTA-FEIRA;4;0;9;09H-11H;MANHA;PLENO DIA;PROBLEMA COM O FREIO;COLISÃO LATERAL MESMO SENTIDO;NUBLADO;SIMPLES;"CURVA;DECLIVE";NÃO;0
SC;BR-282;JOACABA;11;4;SEXTA-FEIRA;4;0;18;18H-20H;NOITE;PLENA NOITE;REAÇÃO TARDIA OU INEFICIENTE DO CONDUTOR;COLISÃO COM OBJETO;CHUVA;DUPLA;RETA;NÃO;0
PR;BR-277;FERNANDES PINHEIRO;11;4;SEXTA-FEIRA;4;0;19;18H-20H;NOITE;PLENA NOITE;ACESSAR A VIA SEM OBSERVAR A PRESENÇA DOS OUTROS VEÍCULOS;COLISÃO TRANSVERSAL;CHUVA;SIMPLES;RETA;NÃO;0
PR;BR-376;CALIFORNIA;11;4;SEXTA-FEIRA;4;0;19;18H-20H;NOITE;PLENA NOITE;AUSÊNCIA DE REAÇÃO DO CONDUTOR;COLISÃO LATERAL SENTIDO OPOSTO;CÉU CLARO;SIMPLES;RETA;NÃO;0
PR;BR-277;GUARANIACU;11;4;SEXTA-FEIRA;4;0;18;18H-20H;NOITE;PLENA NOITE;ENTRADA INOPINADA DO PEDESTRE;ATROPELAMENTO DE PEDESTRE;CHUVA;SIMPLES;RETA;NÃO;1
RJ;BR-040;RIO DE JANEIRO;11;4;SEXTA-FEIRA;4;0;18;18H-20H;NOITE;PLENA NOITE;REAÇÃO TARDIA OU INEFICIENTE DO CONDUTOR;COLISÃO TRASEIRA;CÉU CLARO;DUPLA;RETA;SIM;0
RJ;BR-101;ITABORAI;11;4;SEXTA-FEIRA;4;0;16;15H-17H;TARDE;PLENO DIA;AUSÊNCIA DE REAÇÃO DO CONDUTOR;ENGAVETAMENTO;CÉU CLARO;DUPLA;RETA;SIM;0
MT;BR-070;PRIMAVERA DO LESTE;11;4;SEXTA-FEIRA;4;0;15;15H-17H;TARDE;PLENO DIA;MAL SÚBITO DO CONDUTOR;SAÍDA DE LEITO CARROÇÁVEL;CÉU CLARO;SIMPLES;RETA;SIM;0
PB;BR-230;RIACHAO DO POCO;11;4;SEXTA-FEIRA;4;0;21;21H-23H;NOITE;PLENA NOITE;AUSÊNCIA DE REAÇÃO DO CONDUTOR;COLISÃO TRASEIRA;CÉU CLARO;DUPLA;RETA;NÃO;1
PR;BR-163;BARRACAO;11;4;SEXTA-FEIRA;4;0;17;15H-17H;TARDE;ANOITECER;RESTRIÇÃO DE VISIBILIDADE EM CURVAS HORIZONTAIS;COLISÃO FRONTAL;CHUVA;SIMPLES;"DECLIVE;CURVA";NÃO;0
MA;BR-316;PERITORO;11;4;SEXTA-FEIRA;4;0;19;18H-20H;NOITE;PLENA NOITE;INGESTÃO DE ÁLCOOL PELO CONDUTOR;COLISÃO FRONTAL;CÉU CLARO;SIMPLES;RETA;SIM;1
MT;BR-163;NOVA MUTUM;11;4;SEXTA-FEIRA;4;0;20;18H-20H;NOITE;PLENA NOITE;REAÇÃO TARDIA OU INEFICIENTE DO CONDUTOR;COLISÃO TRASEIRA;CÉU CLARO;SIMPLES;"RETA;EM OBRAS";NÃO;0
PR;BR-116;CAMPINA GRANDE DO SUL;11;4;SEXTA-FEIRA;4;0;22;21H-23H;NOITE;PLENA NOITE;CHUVA;COLISÃO COM OBJETO;CHUVA;DUPLA;RETA;NÃO;0
MG;BR-040;CURVELO;11;4;SEXTA-FEIRA;4;0;22;21H-23H;NOITE;PLENA NOITE;MANOBRA DE MUDANÇA DE FAIXA;COLISÃO TRASEIRA;NUBLADO;SIMPLES;"ACLIVE;RETA";NÃO;0
MT;BR-364;RONDONOPOLIS;11;4;SEXTA-FEIRA;4;0;20;18H-20H;NOITE;PLENA NOITE;AUSÊNCIA DE REAÇÃO DO CONDUTOR;SAÍDA DE LEITO CARROÇÁVEL;CÉU CLARO;DUPLA;RETA;SIM;0
MG;BR-251;FRANCISCO SA;11;4;SEXTA-FEIRA;4;0;18;18H-20H;NOITE;PLENA NOITE;VELOCIDADE INCOMPATÍVEL;COLISÃO COM OBJETO;CÉU CLARO;SIMPLES;"CURVA;DECLIVE";NÃO;0
PR;BR-277;PALMEIRA;11;4;SÁBADO;5;1;0;00H-02H;MADRUGADA;PLENA NOITE;VELOCIDADE INCOMPATÍVEL;COLISÃO COM OBJETO;CHUVA;SIMPLES;CURVA;NÃO;0
SP;BR-116;GUARATINGUETA;11;4;SÁBADO;5;1;1;00H-02H;MADRUGADA;PLENA NOITE;AUSÊNCIA DE REAÇÃO DO CONDUTOR;COLISÃO TRASEIRA;NUBLADO;DUPLA;RETA;SIM;1
SP;BR-116;PARIQUERA-ACU;11;4;SÁBADO;5;1;1;00H-02H;MADRUGADA;PLENA NOITE;AUSÊNCIA DE REAÇÃO DO CONDUTOR;COLISÃO TRASEIRA;CHUVA;DUPLA;RETA;SIM;0
PR;BR-376;GUARATUBA;11;4;SÁBADO;5;1;1;00H-02H;MADRUGADA;PLENA NOITE;DEMAIS FALHAS MECÂNICAS OU ELÉTRICAS;COLISÃO LATERAL MESMO SENTIDO;GAROA/CHUVISCO;SIMPLES;"DECLIVE;CURVA";NÃO;0
MG;BR-381;ITAGUARA;11;4;SEXTA-FEIRA;4;0;23;21H-23H;NOITE;PLENA NOITE;DEMAIS FALHAS MECÂNICAS OU ELÉTRICAS;INCÊNDIO;CHUVA;DUPLA;"CURVA;RETORNO REGULAMENTADO";NÃO;0
MG;BR-381;ITATIAIUCU;11;4;SÁBADO;5;1;0;00H-02H;MADRUGADA;PLENA NOITE;INGESTÃO DE ÁLCOOL PELO CONDUTOR;CAPOTAMENTO;CHUVA;DUPLA;"CURVA;DECLIVE";NÃO;0
MG;BR-381;RIO MANSO;11;4;SÁBADO;5;1;1;00H-02H;MADRUGADA;PLENA NOITE;REAÇÃO TARDIA OU INEFICIENTE DO CONDUTOR;CAPOTAMENTO;GAROA/CHUVISCO;DUPLA;"DECLIVE;CURVA";NÃO;0
GO;BR-040;CRISTALINA;11;4;SÁBADO;5;1;2;00H-02H;MADRUGADA;PLENA NOITE;CONDUTOR DORMINDO;TOMBAMENTO;CÉU CLARO;DUPLA;RETA;NÃO;0
MG;BR-262;CAMPOS ALTOS;11;4;SÁBADO;5;1;4;03H-05H;MADRUGADA;PLENA NOITE;AUSÊNCIA DE REAÇÃO DO CONDUTOR;SAÍDA DE LEITO CARROÇÁVEL;NUBLADO;SIMPLES;RETA;NÃO;0
MG;BR-381;JOAO MONLEVADE;11;4;SÁBADO;5;1;4;03H-05H;MADRUGADA;AMANHECER;VELOCIDADE INCOMPATÍVEL;TOMBAMENTO;NUBLADO;SIMPLES;"DECLIVE;CURVA";NÃO;1
SP;BR-153;JOSE BONIFACIO;11;4;SÁBADO;5;1;4;03H-05H;MADRUGADA;PLENA NOITE;TRANSITAR NA CONTRAMÃO;COLISÃO FRONTAL;NUBLADO;SIMPLES;RETA;SIM;0
BA;BR-116;FEIRA DE SANTANA;11;4;SEXTA-FEIRA;4;0;19;18H-20H;NOITE;PLENA NOITE;ACESSO IRREGULAR;COLISÃO LATERAL MESMO SENTIDO;NUBLADO;SIMPLES;INTERSEÇÃO DE VIAS;SIM;0
SC;BR-116;PAPANDUVA;11;4;SEXTA-FEIRA;4;0;20;18H-20H;NOITE;PLENA NOITE;TRANSITAR NA CONTRAMÃO;COLISÃO FRONTAL;CHUVA;SIMPLES;RETA;NÃO;0
MT;BR-163;LUCAS DO RIO VERDE;11;4;SEXTA-FEIRA;4;0;18;18H-20H;NOITE;PLENA NOITE;CONDUTOR DEIXOU DE MANTER DISTÂNCIA DO VEÍCULO DA FRENTE;ENGAVETAMENTO;CÉU CLARO;SIMPLES;RETA;NÃO;1
SC;BR-101;ARAQUARI;11;4;SÁBADO;5;1;7;06H-08H;MANHA;PLENO DIA;CONDUTOR DEIXOU DE MANTER DISTÂNCIA DO VEÍCULO DA FRENTE;COLISÃO TRASEIRA;CÉU CLARO;DUPLA;RETA;SIM;0
SC;BR-470;IBIRAMA;10;4;QUARTA-FEIRA;2;0;22;21H-23H;NOITE;PLENA NOITE;REAÇÃO TARDIA OU INEFICIENTE DO CONDUTOR;TOMBAMENTO;IGNORADO;SIMPLES;CURVA;NÃO;0
RJ;BR-116;PIRAI;11;4;SÁBADO;5;1;6;06H-08H;MANHA;AMANHECER;CHUVA;TOMBAMENTO;CHUVA;DUPLA;CURVA;SIM;0
MG;BR-381;LAVRAS;11;4;SÁBADO;5;1;8;06H-08H;MANHA;PLENO DIA;CHUVA;SAÍDA DE LEITO CARROÇÁVEL;CHUVA;DUPLA;CURVA;NÃO;0
MG;BR-381;SABARA;11;4;SÁBADO;5;1;10;09H-11H;MANHA;PLENO DIA;CHUVA;COLISÃO FRONTAL;CHUVA;SIMPLES;RETA;SIM;0
MG;BR-040;SETE LAGOAS;11;4;SÁBADO;5;1;9;09H-11H;MANHA;PLENO DIA;CONDUTOR DEIXOU DE MANTER DISTÂNCIA DO VEÍCULO DA FRENTE;COLISÃO TRASEIRA;GAROA/CHUVISCO;DUPLA;"RETA;ACLIVE";NÃO;0
RJ;BR-101;PARATY;10;4;SEGUNDA-FEIRA;0;0;7;06H-08H;MANHA;PLENO DIA;CONDUTOR DEIXOU DE MANTER DISTÂNCIA DO VEÍCULO DA FRENTE;COLISÃO TRASEIRA;NUBLADO;SIMPLES;RETA;NÃO;0
MG;BR-381;ITATIAIUCU;11;4;SÁBADO;5;1;9;09H-11H;MANHA;PLENO DIA;VELOCIDADE INCOMPATÍVEL;COLISÃO TRASEIRA;CHUVA;DUPLA;"DECLIVE;RETA";NÃO;0
BA;BR-116;SANTA BARBARA;11;4;SÁBADO;5;1;12;12H-14H;TARDE;PLENO DIA;AUSÊNCIA DE REAÇÃO DO CONDUTOR;COLISÃO COM OBJETO;CÉU CLARO;DUPLA;RETA;SIM;1
PE;BR-232;POMBOS;11;4;SÁBADO;5;1;12;12H-14H;TARDE;PLENO DIA;ACESSO IRREGULAR;COLISÃO TRASEIRA;CÉU CLARO;DUPLA;RETA;NÃO;0
SC;BR-101;ICARA;11;4;SÁBADO;5;1;12;12H-14H;TARDE;PLENO DIA;CHUVA;COLISÃO LATERAL MESMO SENTIDO;CHUVA;MÚLTIPLA;ACLIVE;SIM;0
SP;BR-116;CACHOEIRA PAULISTA;11;4;SÁBADO;5;1;13;12H-14H;TARDE;PLENO DIA;DEMAIS FALHAS MECÂNICAS OU ELÉTRICAS;COLISÃO COM OBJETO;CHUVA;DUPLA;RETA;NÃO;0
PR;BR-476;LAPA;11;4;SÁBADO;5;1;12;12H-14H;TARDE;PLENO DIA;REAÇÃO TARDIA OU INEFICIENTE DO CONDUTOR;TOMBAMENTO;CÉU CLARO;SIMPLES;CURVA;NÃO;0
SP;BR-116;GUARATINGUETA;11;4;SÁBADO;5;1;3;03H-05H;MADRUGADA;PLENA NOITE;REAÇÃO TARDIA OU INEFICIENTE DO CONDUTOR;COLISÃO TRASEIRA;NUBLADO;DUPLA;RETA;NÃO;0
MG;BR-381;ITAGUARA;11;4;SÁBADO;5;1;13;12H-14H;TARDE;PLENO DIA;INGESTÃO DE ÁLCOOL PELO CONDUTOR;COLISÃO TRASEIRA;NUBLADO;DUPLA;"RETA;ACLIVE";NÃO;0
SC;BR-101;ITAJAI;11;4;SÁBADO;5;1;12;12H-14H;TARDE;PLENO DIA;CONDUTOR DEIXOU DE MANTER DISTÂNCIA DO VEÍCULO DA FRENTE;COLISÃO TRASEIRA;NUBLADO;MÚLTIPLA;RETA;NÃO;1
PE;BR-101;PAULISTA;11;4;SÁBADO;5;1;13;12H-14H;TARDE;PLENO DIA;REAÇÃO TARDIA OU INEFICIENTE DO CONDUTOR;COLISÃO TRASEIRA;CÉU CLARO;SIMPLES;VIADUTO;SIM;0
RN;BR-304;MOSSORO;11;4;SÁBADO;5;1;14;12H-14H;TARDE;PLENO DIA;CONDUTOR DEIXOU DE MANTER DISTÂNCIA DO VEÍCULO DA FRENTE;COLISÃO TRASEIRA;CÉU CLARO;SIMPLES;RETA;NÃO;0
MT;BR-364;ROSARIO OESTE;11;4;SÁBADO;5;1;13;12H-14H;TARDE;PLENO DIA;TRANSITAR NA CONTRAMÃO;COLISÃO FRONTAL;CÉU CLARO;SIMPLES;RETA;NÃO;1
SC;BR-282;XAXIM;11;4;SÁBADO;5;1;15;15H-17H;TARDE;PLENO DIA;CARGA EXCESSIVA E/OU MAL ACONDICIONADA;TOMBAMENTO;NUBLADO;SIMPLES;INTERSEÇÃO DE VIAS;SIM;0