uf;br_formatada;municipio;mes;trimestre;dia_semana;dia_semana_num;fim_de_semana;hora;faixa_horaria;turno;fase_dia;causa_acidente;tipo_acidente;condicao_metereologica;tipo_pista;tracado_via;uso_solo;acidente_fatal
SC;BR-101;SAO JOSE;11;4;SEGUNDA-FEIRA;0;0;19;18H-20H;NOITE;PLENA NOITE;PEDESTRE CRUZAVA A PISTA FORA DA FAIXA;ATROPELAMENTO DE PEDESTRE;CÉU CLARO;MÚLTIPLA;"RETA;DECLIVE";SIM;0
PR;BR-376;PONTA GROSSA;11;4;SEGUNDA-FEIRA;0;0;20;18H-20H;NOITE;PLENA NOITE;ACESSAR A VIA SEM OBSERVAR A PRESENÇA DOS OUTROS VEÍCULOS;COLISÃO LATERAL MESMO SENTIDO;IGNORADO;DUPLA;CURVA;SIM;0
GO;BR-060;JANDAIA;11;4;SEGUNDA-FEIRA;0;0;19;18H-20H;NOITE;PLENA NOITE;AUSÊNCIA DE REAÇÃO DO CONDUTOR;COLISÃO TRASEIRA;CÉU CLARO;DUPLA;RETA;NÃO;0
MA;BR-010;DAVINOPOLIS;11;4;SEGUNDA-FEIRA;0;0;18;18H-20H;NOITE;PLENA NOITE;ACESSAR A VIA SEM OBSERVAR A PRESENÇA DOS OUTROS VEÍCULOS;COLISÃO FRONTAL;CÉU CLARO;SIMPLES;RETA;NÃO;0
RO;BR-364;VILHENA;11;4;SEGUNDA-FEIRA;0;0;18;18H-20H;NOITE;PLENA NOITE;ACESSAR A VIA SEM OBSERVAR A PRESENÇA DOS OUTROS VEÍCULOS;COLISÃO TRASEIRA;GAROA/CHUVISCO;DUPLA;"INTERSEÇÃO DE VIAS;ROTATÓRIA";SIM;0
PA;BR-316;SANTA MARIA DO PARA;11;4;SEGUNDA-FEIRA;0;0;20;18H-20H;NOITE;PLENA NOITE;TRANSITAR NA CONTRAMÃO;TOMBAMENTO;CÉU CLARO;SIMPLES;RETA;NÃO;1
PA;BR-155;ELDORADO DO CARAJAS;11;4;SEGUNDA-FEIRA;0;0;7;06H-08H;MANHA;PLENO DIA;FALTA DE ACOSTAMENTO;TOMBAMENTO;CÉU CLARO;SIMPLES;"RETA;PONTE";NÃO;0
MG;BR-381;JOAO MONLEVADE;11;4;SEGUNDA-FEIRA;0;0;22;21H-23H;NOITE;PLENA NOITE;DEMAIS FALHAS MECÂNICAS OU ELÉTRICAS;CAPOTAMENTO;NUBLADO;SIMPLES;"CURVA;DECLIVE";NÃO;0
RJ;BR-101;CAMPOS DOS GOYTACAZES;11;4;SEGUNDA-FEIRA;0;0;22;21H-23H;NOITE;PLENA NOITE;CONVERSÃO PROIBIDA;COLISÃO TRANSVERSAL;CÉU CLARO;SIMPLES;"RETA;RETORNO REGULAMENTADO";NÃO;1
MT;BR-070;POCONE;11;4;TERÇA-FEIRA;1;0;1;00H-02H;MADRUGADA;PLENA NOITE;INGESTÃO DE ÁLCOOL PELO CONDUTOR;SAÍDA DE LEITO CARROÇÁVEL;NUBLADO;SIMPLES;RETA;NÃO;0
PR;BR-376;TIJUCAS DO SUL;11;4;TERÇA-FEIRA;1;0;3;03H-05H;MADRUGADA;PLENA NOITE;AUSÊNCIA DE REAÇÃO DO CONDUTOR;COLISÃO LATERAL MESMO SENTIDO;GAROA/CHUVISCO;DUPLA;CURVA;NÃO;0
ES;BR-101;ANCHIETA;11;4;TERÇA-FEIRA;1;0;5;03H-05H;MADRUGADA;PLENO DIA;VELOCIDADE INCOMPATÍVEL;TOMBAMENTO;NUBLADO;DUPLA;CURVA;NÃO;1
MA;BR-316;TIMON;11;4;TERÇA-FEIRA;1;0;3;03H-05H;MADRUGADA;PLENA NOITE;ACESSAR A VIA SEM OBSERVAR A PRESENÇA DOS OUTROS VEÍCULOS;COLISÃO TRANSVERSAL;CÉU CLARO;MÚLTIPLA;RETA;SIM;0
BA;BR-101;ESPLANADA;11;4;TERÇA-FEIRA;1;0;1;00H-02H;MADRUGADA;PLENA NOITE;AVARIAS E/OU DESGASTE EXCESSIVO NO PNEU;INCÊNDIO;NEVOEIRO/NEBLINA;DUPLA;CURVA;NÃO;0
PR;BR-277;CANDOI;11;4;TERÇA-FEIRA;1;0;5;03H-05H;MADRUGADA;AMANHECER;CONDUTOR DORMINDO;COLISÃO COM OBJETO;NUBLADO;SIMPLES;RETA;NÃO;0
RJ;BR-495;PETROPOLIS;11;4;TERÇA-FEIRA;1;0;4;03H-05H;MADRUGADA;AMANHECER;TRANSITAR NA CONTRAMÃO;COLISÃO FRONTAL;CÉU CLARO;SIMPLES;CURVA;NÃO;0
MG;BR-153;PRATA;11;4;TERÇA-FEIRA;1;0;4;03H-05H;MADRUGADA;PLENA NOITE;CONDUTOR DEIXOU DE MANTER DISTÂNCIA DO VEÍCULO DA FRENTE;COLISÃO TRASEIRA;CÉU CLARO;SIMPLES;RETA;NÃO;0
MG;BR-262;MATIPO;11;4;TERÇA-FEIRA;1;0;5;03H-05H;MADRUGADA;PLENO DIA;REAÇÃO TARDIA OU INEFICIENTE DO CONDUTOR;TOMBAMENTO;CÉU CLARO;SIMPLES;CURVA;NÃO;0
MG;BR-381;CARMOPOLIS DE MINAS;11;4;TERÇA-FEIRA;1;0;2;00H-02H;MADRUGADA;PLENA NOITE;CONDUTOR DORMINDO;SAÍDA DE LEITO CARROÇÁVEL;CÉU CLARO;DUPLA;CURVA;NÃO;0
PR;BR-369;APUCARANA;11;4;TERÇA-FEIRA;1;0;8;06H-08H;MANHA;PLENO DIA;REAÇÃO TARDIA OU INEFICIENTE DO CONDUTOR;COLISÃO TRASEIRA;CÉU CLARO;DUPLA;"DECLIVE;RETA";SIM;0
MG;BR-116;MANHUACU;9;3;SÁBADO;5;1;12;12H-14H;TARDE;PLENO DIA;VELOCIDADE INCOMPATÍVEL;CAPOTAMENTO;CÉU CLARO;SIMPLES;CURVA;NÃO;0
RS;BR-290;GRAVATAI;11;4;TERÇA-FEIRA;1;0;7;06H-08H;MANHA;PLENO DIA;MANOBRA DE MUDANÇA DE FAIXA;COLISÃO LATERAL MESMO SENTIDO;CÉU CLARO;DUPLA;RETA;NÃO;0
MG;BR-050;UBERABA;11;4;DOMINGO;6;1;5;03H-05H;MADRUGADA;PLENO DIA;MANOBRA DE MUDANÇA DE FAIXA;COLISÃO LATERAL MESMO SENTIDO;CÉU CLARO;DUPLA;RETA;SIM;0
MA;BR-222;SANTA LUZIA;11;4;TERÇA-FEIRA;1;0;2;00H-02H;MADRUGADA;PLENA NOITE;REAÇÃO TARDIA OU INEFICIENTE DO CONDUTOR;COLISÃO FRONTAL;CÉU CLARO;SIMPLES;"DECLIVE;CURVA";NÃO;1
SC;BR-470;RIO DO SUL;11;4;SEXTA-FEIRA;4;0;21;21H-23H;NOITE;PLENA NOITE;VELOCIDADE INCOMPATÍVEL;COLISÃO COM OBJETO;CHUVA;SIMPLES;CURVA;NÃO;0
SC;BR-101;BIGUACU;11;4;TERÇA-FEIRA;1;0;6;06H-08H;MANHA;PLENO DIA;REAÇÃO TARDIA OU INEFICIENTE DO CONDUTOR;COLISÃO TRASEIRA;CÉU CLARO;MÚLTIPLA;RETA;NÃO;1
PR;BR-277;GUARAPUAVA;11;4;TERÇA-FEIRA;1;0;7;06H-08H;MANHA;PLENO DIA;CONVERSÃO PROIBIDA;COLISÃO TRASEIRA;CÉU CLARO;SIMPLES;RETA;NÃO;0
GO;BR-020;POSSE;11;4;TERÇA-FEIRA;1;0;8;06H-08H;MANHA;PLENO DIA;ULTRAPASSAGEM INDEVIDA;COLISÃO FRONTAL;CÉU CLARO;SIMPLES;"RETA;ACLIVE";NÃO;0
PR;BR-376;PONTA GROSSA;11;4;SEXTA-FEIRA;4;0;13;12H-14H;TARDE;PLENO DIA;AUSÊNCIA DE REAÇÃO DO CONDUTOR;COLISÃO TRASEIRA;CÉU CLARO;DUPLA;"DECLIVE;RETA";NÃO;0
PE;BR-101;RECIFE;11;4;TERÇA-FEIRA;1;0;9;09H-11H;MANHA;PLENO DIA;CONDUTOR DEIXOU DE MANTER DISTÂNCIA DO VEÍCULO DA FRENTE;ENGAVETAMENTO;CÉU CLARO;DUPLA;RETA;SIM;0
SP;BR-116;SAO JOSE DOS CAMPOS;8;3;TERÇA-FEIRA;1;0;23;21H-23H;NOITE;PLENA NOITE;AUSÊNCIA DE REAÇÃO DO CONDUTOR;COLISÃO TRASEIRA;CÉU CLARO;DUPLA;RETA;NÃO;1
SC;BR-101;SAO JOSE;11;4;TERÇA-FEIRA;1;0;9;09H-11H;MANHA;PLENO DIA;VELOCIDADE INCOMPATÍVEL;COLISÃO LATERAL MESMO SENTIDO;CÉU CLARO;MÚLTIPLA;RETA;SIM;0
SP;BR-116;MIRACATU;11;4;TERÇA-FEIRA;1;0;3;03H-05H;MADRUGADA;PLENO DIA;AUSÊNCIA DE REAÇÃO DO CONDUTOR;COLISÃO TRANSVERSAL;IGNORADO;DUPLA;RETA;SIM;0
MT;BR-163;NOVA SANTA HELENA;11;4;TERÇA-FEIRA;1;0;9;09H-11H;MANHA;PLENO DIA;ULTRAPASSAGEM INDEVIDA;COLISÃO TRANSVERSAL;SOL;SIMPLES;RETA;NÃO;0
PR;BR-277;MATELANDIA;11;4;TERÇA-FEIRA;1;0;11;09H-11H;MANHA;PLENO DIA;VELOCIDADE INCOMPATÍVEL;SAÍDA DE LEITO CARROÇÁVEL;SOL;DUPLA;RETA;NÃO;1
MG;BR-050;DELTA;11;4;SEGUNDA-FEIRA;0;0;3;03H-05H;MADRUGADA;PLENA NOITE;DEMAIS FALHAS MECÂNICAS OU ELÉTRICAS;INCÊNDIO;CÉU CLARO;DUPLA;RETA;NÃO;0
TO;BR-230;ARAGUATINS;11;4;TERÇA-FEIRA;1;0;5;03H-05H;MADRUGADA;AMANHECER;VELOCIDADE INCOMPATÍVEL;TOMBAMENTO;CÉU CLARO;SIMPLES;CURVA;NÃO;0
SP;BR-459;PIQUETE;11;4;TERÇA-FEIRA;1;0;12;12H-14H;TARDE;PLENO DIA;ACESSAR A VIA SEM OBSERVAR A PRESENÇA DOS OUTROS VEÍCULOS;COLISÃO TRANSVERSAL;CÉU CLARO;SIMPLES;RETA;NÃO;0
RS;BR-290;SANTO ANTONIO DA PATRULHA;11;4;TERÇA-FEIRA;1;0;12;12H-14H;TARDE;PLENO DIA;CONDUTOR DORMINDO;SAÍDA DE LEITO CARROÇÁVEL;CÉU CLARO;DUPLA;RETA;NÃO;0
PB;BR-101;SANTA RITA;11;4;TERÇA-FEIRA;1;0;13;12H-14H;TARDE;PLENO DIA;VELOCIDADE INCOMPATÍVEL;SAÍDA DE LEITO CARROÇÁVEL;CÉU CLARO;DUPLA;"RETA;DECLIVE";NÃO;1
SC;BR-163;SAO JOSE DO CEDRO;11;4;QUARTA-FEIRA;2;0;12;12H-14H;TARDE;PLENO DIA;TRANSITAR NA CONTRAMÃO;COLISÃO FRONTAL;CÉU CLARO;SIMPLES;"DECLIVE;CURVA";NÃO;0
SC;BR-116;SAO CRISTOVAO DO SUL;10;4;QUARTA-FEIRA;2;0;11;09H-11H;MANHA;PLENO DIA;DEMAIS FALHAS MECÂNICAS OU ELÉTRICAS;TOMBAMENTO;CÉU CLARO;SIMPLES;"DECLIVE;CURVA";NÃO;0
MT;BR-163;LUCAS DO RIO VERDE;11;4;TERÇA-FEIRA;1;0;13;12H-14H;TARDE;PLENO DIA;AUSÊNCIA DE REAÇÃO DO CONDUTOR;SAÍDA DE LEITO CARROÇÁVEL;CHUVA;SIMPLES;"EM OBRAS;RETA";NÃO;0
SC;BR-282;BOM RETIRO;10;4;QUINTA-FEIRA;3;0;18;18H-20H;NOITE;ANOITECER;ACESSAR A VIA SEM OBSERVAR A PRESENÇA DOS OUTROS VEÍCULOS;COLISÃO TRANSVERSAL;NUBLADO;SIMPLES;RETA;NÃO;0
BA;BR-324;SIMOES FILHO;10;4;QUARTA-FEIRA;2;0;9;09H-11H;MANHA;PLENO DIA;CONDUTOR DEIXOU DE MANTER DISTÂNCIA DO VEÍCULO DA FRENTE;ENGAVETAMENTO;CHUVA;DUPLA;RETA;NÃO;0
PR;BR-116;SAO JOSE DOS PINHAIS;11;4;TERÇA-FEIRA;1;0;15;15H-17H;TARDE;PLENO DIA;TRAFEGAR COM MOTOCICLETA (OU SIMILAR) ENTRE AS FAIXAS;COLISÃO LATERAL MESMO SENTIDO;SOL;DUPLA;RETA;NÃO;1
BA;BR-116;PLANALTO;11;4;TERÇA-FEIRA;1;0;13;12H-14H;TARDE;PLENO DIA;CONDUTOR DORMINDO;COLISÃO LATERAL SENTIDO OPOSTO;CÉU CLARO;SIMPLES;RETA;NÃO;0
ES;BR-101;LINHARES;11;4;TERÇA-FEIRA;1;0;14;12H-14H;TARDE;PLENO DIA;AUSÊNCIA DE REAÇÃO DO CONDUTOR;COLISÃO TRASEIRA;CÉU CLARO;MÚLTIPLA;RETA;SIM;0
ES;BR-101;SAO MATEUS;11;4;TERÇA-FEIRA;1;0;16;15H-17H;TARDE;PLENO DIA;MANOBRA DE MUDANÇA DE FAIXA;COLISÃO LATERAL MESMO SENTIDO;CÉU CLARO;MÚLTIPLA;CURVA;NÃO;0
RJ;BR-101;SAO GONCALO;10;4;DOMINGO;6;1;22;21H-23H;NOITE;PLENA NOITE;PEDESTRE CRUZAVA A PISTA FORA DA FAIXA;ATROPELAMENTO DE PEDESTRE;CÉU CLARO;DUPLA;RETA;SIM;1
PR;BR-376;ORTIGUEIRA;11;4;TERÇA-FEIRA;1;0;16;15H-17H;TARDE;PLENO DIA;REAÇÃO TARDIA OU INEFICIENTE DO CONDUTOR;COLISÃO TRASEIRA;CÉU CLARO;SIMPLES;RETA;NÃO;0
PA;BR-155;MARABA;11;4;TERÇA-FEIRA;1;0;14;12H-14H;TARDE;PLENO DIA;REAÇÃO TARDIA OU INEFICIENTE DO CONDUTOR;SAÍDA DE LEITO CARROÇÁVEL;CÉU CLARO;SIMPLES;DECLIVE;NÃO;0
MG;BR-381;GOVERNADOR VALADARES;11;4;TERÇA-FEIRA;1;0;15;15H-17H;TARDE;PLENO DIA;ACESSO IRREGULAR;COLISÃO TRASEIRA;SOL;SIMPLES;CURVA;NÃO;0
ES;BR-101;LINHARES;11;4;TERÇA-FEIRA;1;0;17;15H-17H;TARDE;PLENO DIA;ULTRAPASSAGEM INDEVIDA;COLISÃO FRONTAL;NUBLADO;SIMPLES;RETA;NÃO;1
SC;BR-101;SAO JOSE;11;4;TERÇA-FEIRA;1;0;17;15H-17H;TARDE;PLENO DIA;MANOBRA DE MUDANÇA DE FAIXA;COLISÃO LATERAL MESMO SENTIDO;CÉU CLARO;DUPLA;RETA;NÃO;0
MS;BR-163;NAVIRAI;11;4;TERÇA-FEIRA;1;0;16;15H-17H;TARDE;PLENO DIA;AUSÊNCIA DE REAÇÃO DO CONDUTOR;COLISÃO TRASEIRA;CÉU CLARO;SIMPLES;ACLIVE;NÃO;0
AL;BR-101;JUNQUEIRO;11;4;TERÇA-FEIRA;1;0;13;12H-14H;TARDE;PLENO DIA;ACESSAR A VIA SEM OBSERVAR A PRESENÇA DOS OUTROS VEÍCULOS;COLISÃO TRANSVERSAL;CÉU CLARO;SIMPLES;"RETA;EM OBRAS";SIM;0
SP;BR-153;SAO JOSE DO RIO PRETO;11;4;TERÇA-FEIRA;1;0;17;15H-17H;TARDE;PLENO DIA;MANOBRA DE MUDANÇA DE FAIXA;COLISÃO TRASEIRA;SOL;DUPLA;RETA;SIM;0
PR;BR-376;CURITIBA;11;4;TERÇA-FEIRA;1;0;16;15H-17H;TARDE;PLENO DIA;ACESSAR A VIA SEM OBSERVAR A PRESENÇA DOS OUTROS VEÍCULOS;COLISÃO LATERAL MESMO SENTIDO;CÉU CLARO;SIMPLES;RETORNO REGULAMENTADO;NÃO;0
SC;BR-101;IMBITUBA;11;4;TERÇA-FEIRA;1;0;17;15H-17H;TARDE;PLENO DIA;REAÇÃO TARDIA OU INEFICIENTE DO CONDUTOR;COLISÃO LATERAL MESMO SENTIDO;CÉU CLARO;MÚLTIPLA;RETA;SIM;0
GO;BR-153;ANAPOLIS;11;4;TERÇA-FEIRA;1;0;18;18H-20H;NOITE;ANOITECER;AVARIAS E/OU DESGASTE EXCESSIVO NO PNEU;COLISÃO COM OBJETO;CHUVA;DUPLA;"RETA;DECLIVE";SIM;0
SP;BR-116;MIRACATU;11;4;TERÇA-FEIRA;1;0;18;18H-20H;NOITE;PLENA NOITE;VELOCIDADE INCOMPATÍVEL;CAPOTAMENTO;CÉU CLARO;DUPLA;CURVA;NÃO;0
MS;BR-262;TERENOS;11;4;TERÇA-FEIRA;1;0;17;15H-17H;TARDE;PLENO DIA;REAÇÃO TARDIA OU INEFICIENTE DO CONDUTOR;SAÍDA DE LEITO CARROÇÁVEL;CÉU CLARO;SIMPLES;RETA;NÃO;0
SP;BR-116;SAO PAULO;11;4;TERÇA-FEIRA;1;0;19;18H-20H;NOITE;PLENA NOITE;MANOBRA DE MUDANÇA DE FAIXA;COLISÃO LATERAL MESMO SENTIDO;NUBLADO;MÚLTIPLA;ACLIVE;SIM;0
MG;BR-040;ITABIRITO;11;4;TERÇA-FEIRA;1;0;18;18H-20H;NOITE;PLENA NOITE;MANOBRA DE MUDANÇA DE FAIXA;COLISÃO LATERAL MESMO SENTIDO;NUBLADO;SIMPLES;RETA;SIM;0
MG;BR-040;EWBANK DA CAMARA;11;4;TERÇA-FEIRA;1;0;15;15H-17H;TARDE;PLENO DIA;REAÇÃO TARDIA OU INEFICIENTE DO CONDUTOR;COLISÃO TRASEIRA;SOL;SIMPLES;"RETA;ACLIVE";NÃO;0
PR;BR-369;MAMBORE;11;4;TERÇA-FEIRA;1;0;16;15H-17H;TARDE;PLENO DIA;REAÇÃO TARDIA OU INEFICIENTE DO CONDUTOR;COLISÃO LATERAL MESMO SENTIDO;CÉU CLARO;SIMPLES;RETA;NÃO;0
RJ;BR-393;BARRA DO PIRAI;11;4;TERÇA-FEIRA;1;0;8;06H-08H;MANHA;PLENO DIA;VELOCIDADE INCOMPATÍVEL;TOMBAMENTO;SOL;SIMPLES;"DECLIVE;CURVA";NÃO;0
BA;BR-110;CATU;11;4;TERÇA-FEIRA;1;0;18;18H-20H;NOITE;PLENA NOITE;TRANSITAR NA CONTRAMÃO;COLISÃO FRONTAL;NUBLADO;SIMPLES;CURVA;NÃO;1
GO;BR-060;ABADIA DE GOIAS;11;4;TERÇA-FEIRA;1;0;21;21H-23H;NOITE;PLENA NOITE;AUSÊNCIA DE REAÇÃO DO CONDUTOR;COLISÃO TRASEIRA;NUBLADO;DUPLA;"RETA;ACLIVE";NÃO;1
SC;BR-101;BALNEARIO CAMBORIU;11;4;TERÇA-FEIRA;1;0;19;18H-20H;NOITE;PLENA NOITE;CONDUTOR DEIXOU DE MANTER DISTÂNCIA DO VEÍCULO DA FRENTE;COLISÃO TRASEIRA;NUBLADO;DUPLA;"CURVA;ACLIVE";SIM;0
RO;BR-364;PORTO VELHO;11;4;TERÇA-FEIRA;1;0;17;15H-17H;TARDE;PLENO DIA;DEMAIS FALHAS MECÂNICAS OU ELÉTRICAS;INCÊNDIO;SOL;SIMPLES;RETA;NÃO;0
PR;BR-277;PARANAGUA;11;4;TERÇA-FEIRA;1;0;22;21H-23H;NOITE;PLENA NOITE;REAÇÃO TARDIA OU INEFICIENTE DO CONDUTOR;COLISÃO TRASEIRA;NUBLADO;DUPLA;RETA;SIM;0
SC;BR-101;BALNEARIO CAMBORIU;11;4;QUARTA-FEIRA;2;0;0;00H-02H;MADRUGADA;PLENA NOITE;PEDESTRE CRUZAVA A PISTA FORA DA FAIXA;ATROPELAMENTO DE PEDESTRE;NUBLADO;MÚLTIPLA;RETA;NÃO;0
PI;BR-222;BRASILEIRA;11;4;QUARTA-FEIRA;2;0;2;00H-02H;MADRUGADA;PLENA NOITE;DESVIO TEMPORÁRIO;TOMBAMENTO;CÉU CLARO;SIMPLES;RETA;NÃO;0
MT;BR-364;PEDRA PRETA;11;4;QUARTA-FEIRA;2;0;1;00H-02H;MADRUGADA;PLENA NOITE;AUSÊNCIA DE REAÇÃO DO CONDUTOR;TOMBAMENTO;CÉU CLARO;SIMPLES;"DECLIVE;CURVA";NÃO;1
PR;BR-376;GUARATUBA;11;4;QUARTA-FEIRA;2;0;4;03H-05H;MADRUGADA;PLENA NOITE;DEMAIS FALHAS MECÂNICAS OU ELÉTRICAS;COLISÃO LATERAL MESMO SENTIDO;NUBLADO;SIMPLES;"DECLIVE;EM OBRAS;CURVA";NÃO;1
RS;BR-IGNORADA;SANTANA DO LIVRAMENTO;11;4;QUARTA-FEIRA;2;0;0;00H-02H;MADRUGADA;PLENA NOITE;ANIMAIS NA PISTA;DERRAMAMENTO DE CARGA;CÉU CLARO;SIMPLES;RETA;NÃO;0
PR;BR-376;PONTA GROSSA;11;4;QUARTA-FEIRA;2;0;5;03H-05H;MADRUGADA;AMANHECER;AUSÊNCIA DE REAÇÃO DO CONDUTOR;SAÍDA DE LEITO CARROÇÁVEL;CÉU CLARO;DUPLA;"RETA;DECLIVE";NÃO;0
SP;BR-116;BARRA DO TURVO;11;4;QUARTA-FEIRA;2;0;5;03H-05H;MADRUGADA;PLENO DIA;VELOCIDADE INCOMPATÍVEL;TOMBAMENTO;CÉU CLARO;SIMPLES;"DECLIVE;CURVA";NÃO;0
MS;BR-158;PARANAIBA;11;4;SEGUNDA-FEIRA;0;0;13;12H-14H;TARDE;PLENO DIA;PEDESTRE ANDAVA NA PISTA;ATROPELAMENTO DE PEDESTRE;CÉU CLARO;SIMPLES;RETA;NÃO;0
RO;BR-364;VILHENA;11;4;QUARTA-FEIRA;2;0;5;03H-05H;MADRUGADA;PLENO DIA;ACESSAR A VIA SEM OBSERVAR A PRESENÇA DOS OUTROS VEÍCULOS;COLISÃO TRASEIRA;NUBLADO;SIMPLES;RETA;NÃO;0
RJ;BR-040;TRES RIOS;11;4;QUARTA-FEIRA;2;0;5;03H-05H;MADRUGADA;AMANHECER;CONDUTOR DORMINDO;SAÍDA DE LEITO CARROÇÁVEL;CÉU CLARO;DUPLA;RETA;SIM;0
RJ;BR-116;NOVA IGUACU;11;4;QUARTA-FEIRA;2;0;6;06H-08H;MANHA;PLENO DIA;AUSÊNCIA DE REAÇÃO DO CONDUTOR;COLISÃO TRASEIRA;CÉU CLARO;DUPLA;RETA;SIM;0
DF;BR-060;BRASILIA;11;4;QUARTA-FEIRA;2;0;8;06H-08H;MANHA;PLENO DIA;ACESSAR A VIA SEM OBSERVAR A PRESENÇA DOS OUTROS VEÍCULOS;COLISÃO TRANSVERSAL;CÉU CLARO;MÚLTIPLA;"RETORNO REGULAMENTADO;RETA";SIM;0
BA;BR-116;SERRINHA;11;4;QUARTA-FEIRA;2;0;7;06H-08H;MANHA;PLENO DIA;CONVERSÃO PROIBIDA;COLISÃO TRANSVERSAL;CHUVA;SIMPLES;"INTERSEÇÃO DE VIAS;DECLIVE";SIM;0
SP;BR-116;SAO JOSE DOS CAMPOS;11;4;QUARTA-FEIRA;2;0;10;09H-11H;MANHA;PLENO DIA;AUSÊNCIA DE REAÇÃO DO CONDUTOR;COLISÃO LATERAL MESMO SENTIDO;SOL;MÚLTIPLA;RETA;NÃO;0
SC;BR-101;BALNEARIO CAMBORIU;11;4;QUARTA-FEIRA;2;0;10;09H-11H;MANHA;PLENO DIA;AUSÊNCIA DE REAÇÃO DO CONDUTOR;COLISÃO TRASEIRA;NUBLADO;DUPLA;RETA;NÃO;0
ES;BR-262;MARECHAL FLORIANO;11;4;QUARTA-FEIRA;2;0;11;09H-11H;MANHA;PLENO DIA;ACESSAR A VIA SEM OBSERVAR A PRESENÇA DOS OUTROS VEÍCULOS;COLISÃO TRANSVERSAL;SOL;SIMPLES;RETORNO REGULAMENTADO;NÃO;0
TO;BR-010;PALMAS;11;4;QUARTA-FEIRA;2;0;10;09H-11H;MANHA;PLENO DIA;MAL SÚBITO DO CONDUTOR;COLISÃO FRONTAL;CÉU CLARO;SIMPLES;"RETA;DECLIVE";NÃO;0
MG;BR-381;SAO SEBASTIAO DA BELA VISTA;11;4;QUARTA-FEIRA;2;0;12;12H-14H;TARDE;PLENO DIA;REAÇÃO TARDIA OU INEFICIENTE DO CONDUTOR;SAÍDA DE LEITO CARROÇÁVEL;SOL;DUPLA;RETA;NÃO;0
RO;BR-364;ARIQUEMES;11;4;QUARTA-FEIRA;2;0;8;06H-08H;MANHA;PLENO DIA;REAÇÃO TARDIA OU INEFICIENTE DO CONDUTOR;COLISÃO TRANSVERSAL;NUBLADO;SIMPLES;RETA;SIM;0
RJ;BR-040;DUQUE DE CAXIAS;11;4;QUARTA-FEIRA;2;0;11;09H-11H;MANHA;PLENO DIA;AUSÊNCIA DE REAÇÃO DO CONDUTOR;COLISÃO TRASEIRA;CÉU CLARO;DUPLA;RETA;SIM;0
PR;BR-116;QUATRO BARRAS;11;4;SÁBADO;5;1;11;09H-11H;MANHA;PLENO DIA;MANOBRA DE MUDANÇA DE FAIXA;ENGAVETAMENTO;SOL;DUPLA;RETA;NÃO;0
BA;BR-324;CANDEIAS;11;4;QUARTA-FEIRA;2;0;14;12H-14H;TARDE;PLENO DIA;VELOCIDADE INCOMPATÍVEL;ENGAVETAMENTO;CHUVA;DUPLA;RETA;NÃO;0
SP;BR-153;MARILIA;11;4;QUARTA-FEIRA;2;0;8;06H-08H;MANHA;PLENO DIA;ULTRAPASSAGEM INDEVIDA;COLISÃO LATERAL SENTIDO OPOSTO;CÉU CLARO;SIMPLES;RETA;NÃO;0
MA;BR-135;SAO MATEUS DO MARANHAO;11;4;QUARTA-FEIRA;2;0;11;09H-11H;MANHA;PLENO DIA;ACESSAR A VIA SEM OBSERVAR A PRESENÇA DOS OUTROS VEÍCULOS;COLISÃO TRANSVERSAL;CÉU CLARO;SIMPLES;"RETA;EM OBRAS";SIM;0
RJ;BR-101;SILVA JARDIM;11;4;QUARTA-FEIRA;2;0;15;15H-17H;TARDE;PLENO DIA;DEMAIS FALHAS MECÂNICAS OU ELÉTRICAS;SAÍDA DE LEITO CARROÇÁVEL;CÉU CLARO;DUPLA;CURVA;SIM;0
ES;BR-101;SERRA;11;4;QUARTA-FEIRA;2;0;15;15H-17H;TARDE;PLENO DIA;AUSÊNCIA DE REAÇÃO DO CONDUTOR;COLISÃO TRASEIRA;CÉU CLARO;DUPLA;INTERSEÇÃO DE VIAS;NÃO;0
BA;BR-101;MUCURI;11;4;QUARTA-FEIRA;2;0;12;12H-14H;TARDE;PLENO DIA;AUSÊNCIA DE REAÇÃO DO CONDUTOR;COLISÃO LATERAL SENTIDO OPOSTO;CÉU CLARO;SIMPLES;RETA;NÃO;0
SP;BR-116;SAO PAULO;11;4;QUARTA-FEIRA;2;0;15;15H-17H;TARDE;PLENO DIA;REAÇÃO TARDIA OU INEFICIENTE DO CONDUTOR;COLISÃO TRASEIRA;CÉU CLARO;MÚLTIPLA;RETA;SIM;0
SP;BR-381;ATIBAIA;10;4;SEXTA-FEIRA;4;0;12;12H-14H;TARDE;PLENO DIA;REAÇÃO TARDIA OU INEFICIENTE DO CONDUTOR;COLISÃO LATERAL MESMO SENTIDO;NUBLADO;DUPLA;"DECLIVE;RETA";SIM;0
SP;BR-381;ATIBAIA;11;4;QUARTA-FEIRA;2;0;16;15H-17H;TARDE;PLENO DIA;ACUMULO DE ÓLEO SOBRE O PAVIMENTO;QUEDA DE OCUPANTE DE VEÍCULO;SOL;MÚLTIPLA;RETA;SIM;0