uf;br_formatada;municipio;mes;trimestre;dia_semana;dia_semana_num;fim_de_semana;hora;faixa_horaria;turno;fase_dia;causa_acidente;tipo_acidente;condicao_metereologica;tipo_pista;tracado_via;uso_solo;acidente_fatal
PI;BR-222;BRASILEIRA;11;4;QUARTA-FEIRA;2;0;20;18H-20H;NOITE;PLENA NOITE;AUSÊNCIA DE REAÇÃO DO CONDUTOR;SAÍDA DE LEITO CARROÇÁVEL;CHUVA;SIMPLES;RETA;NÃO;0
BA;BR-407;FILADELFIA;11;4;QUARTA-FEIRA;2;0;19;18H-20H;NOITE;PLENA NOITE;CONDUTOR DORMINDO;TOMBAMENTO;CÉU CLARO;SIMPLES;RETA;NÃO;0
MG;BR-381;BOM JESUS DO AMPARO;11;4;QUINTA-FEIRA;3;0;1;00H-02H;MADRUGADA;PLENA NOITE;REAÇÃO TARDIA OU INEFICIENTE DO CONDUTOR;SAÍDA DE LEITO CARROÇÁVEL;CÉU CLARO;DUPLA;CURVA;NÃO;0
MT;BR-070;NOSSA SENHORA DO LIVRAMENTO;11;4;QUARTA-FEIRA;2;0;19;18H-20H;NOITE;PLENA NOITE;ACESSAR A VIA SEM OBSERVAR A PRESENÇA DOS OUTROS VEÍCULOS;COLISÃO TRANSVERSAL;CÉU CLARO;SIMPLES;RETA;NÃO;1
BA;BR-101;VEREDA;11;4;QUINTA-FEIRA;3;0;5;03H-05H;MADRUGADA;PLENO DIA;ACESSAR A VIA SEM OBSERVAR A PRESENÇA DOS OUTROS VEÍCULOS;COLISÃO LATERAL SENTIDO OPOSTO;CÉU CLARO;SIMPLES;RETA;NÃO;0
PB;BR-101;SANTA RITA;11;4;QUINTA-FEIRA;3;0;5;03H-05H;MADRUGADA;PLENO DIA;CONDUTOR DORMINDO;SAÍDA DE LEITO CARROÇÁVEL;CÉU CLARO;DUPLA;RETA;NÃO;0
SC;BR-101;GARUVA;11;4;QUINTA-FEIRA;3;0;5;03H-05H;MADRUGADA;AMANHECER;MANOBRA DE MUDANÇA DE FAIXA;COLISÃO LATERAL MESMO SENTIDO;SOL;DUPLA;RETA;NÃO;0
SP;BR-153;ICEM;11;4;QUINTA-FEIRA;3;0;6;06H-08H;MANHA;PLENO DIA;ACESSO IRREGULAR;COLISÃO FRONTAL;CÉU CLARO;SIMPLES;RETA;NÃO;0
RJ;BR-356;ITAPERUNA;11;4;QUINTA-FEIRA;3;0;4;03H-05H;MADRUGADA;PLENA NOITE;CONDUTOR DORMINDO;COLISÃO LATERAL SENTIDO OPOSTO;CÉU CLARO;SIMPLES;CURVA;NÃO;0
BA;BR-116;VITORIA DA CONQUISTA;11;4;QUINTA-FEIRA;3;0;6;06H-08H;MANHA;AMANHECER;ACESSAR A VIA SEM OBSERVAR A PRESENÇA DOS OUTROS VEÍCULOS;COLISÃO TRANSVERSAL;NUBLADO;SIMPLES;"RETORNO REGULAMENTADO;RETA";NÃO;0
RJ;BR-116;PARACAMBI;11;4;QUINTA-FEIRA;3;0;0;00H-02H;MADRUGADA;PLENA NOITE;INGESTÃO DE ÁLCOOL PELO CONDUTOR;COLISÃO LATERAL MESMO SENTIDO;IGNORADO;DUPLA;RETA;NÃO;0
RS;BR-468;CORONEL BICACO;11;4;QUINTA-FEIRA;3;0;1;00H-02H;MADRUGADA;PLENA NOITE;CONDUTOR DORMINDO;SAÍDA DE LEITO CARROÇÁVEL;CÉU CLARO;SIMPLES;RETA;NÃO;0
MG;BR-262;IBIA;11;4;QUINTA-FEIRA;3;0;8;06H-08H;MANHA;PLENO DIA;DEMAIS FALHAS MECÂNICAS OU ELÉTRICAS;INCÊNDIO;CÉU CLARO;SIMPLES;"DECLIVE;CURVA";NÃO;0
SC;BR-101;BALNEARIO CAMBORIU;11;4;QUINTA-FEIRA;3;0;8;06H-08H;MANHA;PLENO DIA;REAÇÃO TARDIA OU INEFICIENTE DO CONDUTOR;COLISÃO TRANSVERSAL;CÉU CLARO;SIMPLES;"INTERSEÇÃO DE VIAS;RETA";NÃO;0
PA;BR-163;ALTAMIRA;9;3;DOMINGO;6;1;16;15H-17H;TARDE;PLENO DIA;AUSÊNCIA DE REAÇÃO DO CONDUTOR;COLISÃO FRONTAL;IGNORADO;SIMPLES;RETA;NÃO;0
BA;BR-242;LAJEDINHO;11;4;QUINTA-FEIRA;3;0;10;09H-11H;MANHA;PLENO DIA;AUSÊNCIA DE REAÇÃO DO CONDUTOR;COLISÃO TRANSVERSAL;CÉU CLARO;SIMPLES;CURVA;NÃO;1
SP;BR-116;EMBU DAS ARTES;11;4;QUINTA-FEIRA;3;0;11;09H-11H;MANHA;PLENO DIA;TRAFEGAR COM MOTOCICLETA (OU SIMILAR) ENTRE AS FAIXAS;COLISÃO LATERAL MESMO SENTIDO;CÉU CLARO;DUPLA;RETA;NÃO;1
BA;BR-242;BARREIRAS;11;4;QUINTA-FEIRA;3;0;13;12H-14H;TARDE;PLENO DIA;CONDUTOR DEIXOU DE MANTER DISTÂNCIA DO VEÍCULO DA FRENTE;COLISÃO TRASEIRA;NUBLADO;SIMPLES;RETA;NÃO;0
MG;BR-050;UBERABA;11;4;QUINTA-FEIRA;3;0;10;09H-11H;MANHA;PLENO DIA;REAÇÃO TARDIA OU INEFICIENTE DO CONDUTOR;ENGAVETAMENTO;CÉU CLARO;DUPLA;RETA;SIM;0
CE;BR-116;BREJO SANTO;11;4;SÁBADO;5;1;8;06H-08H;MANHA;PLENO DIA;VELOCIDADE INCOMPATÍVEL;SAÍDA DE LEITO CARROÇÁVEL;CÉU CLARO;SIMPLES;CURVA;NÃO;0
DF;BR-080;BRASILIA;11;4;QUINTA-FEIRA;3;0;13;12H-14H;TARDE;PLENO DIA;REAÇÃO TARDIA OU INEFICIENTE DO CONDUTOR;TOMBAMENTO;CÉU CLARO;DUPLA;"ACLIVE;CURVA";NÃO;0
ES;BR-101;VILA VELHA;11;4;QUINTA-FEIRA;3;0;15;15H-17H;TARDE;PLENO DIA;VELOCIDADE INCOMPATÍVEL;CAPOTAMENTO;CÉU CLARO;DUPLA;CURVA;NÃO;0
PR;BR-369;LONDRINA;11;4;QUINTA-FEIRA;3;0;15;15H-17H;TARDE;PLENO DIA;INGESTÃO DE ÁLCOOL PELO CONDUTOR;COLISÃO TRANSVERSAL;CÉU CLARO;DUPLA;"RETA;INTERSEÇÃO DE VIAS";SIM;0
SP;BR-116;MIRACATU;11;4;QUINTA-FEIRA;3;0;14;12H-14H;TARDE;PLENO DIA;PROBLEMA COM O FREIO;COLISÃO TRASEIRA;SOL;DUPLA;CURVA;NÃO;0
PR;BR-373;FOZ DO JORDAO;11;4;QUINTA-FEIRA;3;0;15;15H-17H;TARDE;PLENO DIA;ACESSAR A VIA SEM OBSERVAR A PRESENÇA DOS OUTROS VEÍCULOS;COLISÃO TRANSVERSAL;CÉU CLARO;SIMPLES;"RETA;ROTATÓRIA";SIM;0
BA;BR-116;BREJOES;11;4;QUINTA-FEIRA;3;0;14;12H-14H;TARDE;PLENO DIA;FALTA DE ACOSTAMENTO;TOMBAMENTO;CHUVA;SIMPLES;"RETA;ACLIVE";NÃO;0
MG;BR-365;BURITIZEIRO;11;4;QUINTA-FEIRA;3;0;17;15H-17H;TARDE;ANOITECER;REAÇÃO TARDIA OU INEFICIENTE DO CONDUTOR;COLISÃO LATERAL MESMO SENTIDO;CÉU CLARO;SIMPLES;RETA;NÃO;0
MG;BR-040;BARBACENA;11;4;QUINTA-FEIRA;3;0;17;15H-17H;TARDE;PLENO DIA;VELOCIDADE INCOMPATÍVEL;TOMBAMENTO;CÉU CLARO;DUPLA;"DECLIVE;CURVA";NÃO;0
MG;BR-050;UBERLANDIA;11;4;QUINTA-FEIRA;3;0;19;18H-20H;NOITE;PLENA NOITE;CONDUTOR DEIXOU DE MANTER DISTÂNCIA DO VEÍCULO DA FRENTE;COLISÃO TRASEIRA;NUBLADO;DUPLA;"RETA;ACLIVE";NÃO;1
PE;BR-104;CARUARU;11;4;QUINTA-FEIRA;3;0;19;18H-20H;NOITE;PLENA NOITE;MANOBRA DE MUDANÇA DE FAIXA;COLISÃO LATERAL MESMO SENTIDO;NUBLADO;DUPLA;"ACLIVE;RETA";NÃO;0
MG;BR-381;POUSO ALEGRE;11;4;QUINTA-FEIRA;3;0;18;18H-20H;NOITE;PLENA NOITE;ACESSAR A VIA SEM OBSERVAR A PRESENÇA DOS OUTROS VEÍCULOS;COLISÃO LATERAL MESMO SENTIDO;CÉU CLARO;DUPLA;RETA;NÃO;0
BA;BR-242;SEABRA;11;4;QUINTA-FEIRA;3;0;19;18H-20H;NOITE;PLENA NOITE;TRANSITAR NA CONTRAMÃO;COLISÃO FRONTAL;CHUVA;SIMPLES;RETA;NÃO;1
MG;BR-381;GOVERNADOR VALADARES;11;4;QUINTA-FEIRA;3;0;19;18H-20H;NOITE;PLENA NOITE;TRANSITAR NA CONTRAMÃO;COLISÃO FRONTAL;CÉU CLARO;SIMPLES;RETA;NÃO;1
MG;BR-251;FRANCISCO SA;11;4;QUINTA-FEIRA;3;0;17;15H-17H;TARDE;PLENO DIA;DEMAIS FALHAS MECÂNICAS OU ELÉTRICAS;SAÍDA DE LEITO CARROÇÁVEL;SOL;SIMPLES;RETA;NÃO;0
MG;BR-251;FRANCISCO SA;11;4;QUINTA-FEIRA;3;0;19;18H-20H;NOITE;PLENA NOITE;VELOCIDADE INCOMPATÍVEL;TOMBAMENTO;NUBLADO;SIMPLES;"CURVA;DECLIVE";NÃO;0
MA;BR-316;CODO;11;4;QUINTA-FEIRA;3;0;17;15H-17H;TARDE;ANOITECER;TRAFEGAR COM MOTOCICLETA (OU SIMILAR) ENTRE AS FAIXAS;COLISÃO FRONTAL;CÉU CLARO;SIMPLES;RETA;NÃO;1
PI;BR-135;GILBUES;11;4;QUINTA-FEIRA;3;0;2;00H-02H;MADRUGADA;PLENA NOITE;REAÇÃO TARDIA OU INEFICIENTE DO CONDUTOR;SAÍDA DE LEITO CARROÇÁVEL;NUBLADO;SIMPLES;RETA;NÃO;0
SP;BR-116;JUQUITIBA;11;4;QUINTA-FEIRA;3;0;18;18H-20H;NOITE;ANOITECER;AUSÊNCIA DE REAÇÃO DO CONDUTOR;COLISÃO TRASEIRA;SOL;DUPLA;"DECLIVE;CURVA";NÃO;1
MT;BR-163;CLAUDIA;11;4;QUINTA-FEIRA;3;0;18;18H-20H;NOITE;PLENA NOITE;AUSÊNCIA DE REAÇÃO DO CONDUTOR;SAÍDA DE LEITO CARROÇÁVEL;CHUVA;SIMPLES;RETA;NÃO;0
MG;BR-040;BARBACENA;11;4;QUINTA-FEIRA;3;0;19;18H-20H;NOITE;PLENA NOITE;CONDUTOR DEIXOU DE MANTER DISTÂNCIA DO VEÍCULO DA FRENTE;COLISÃO TRASEIRA;CÉU CLARO;DUPLA;RETA;NÃO;0
SC;BR-280;MAFRA;11;4;QUINTA-FEIRA;3;0;20;18H-20H;NOITE;PLENA NOITE;ULTRAPASSAGEM INDEVIDA;COLISÃO FRONTAL;CÉU CLARO;SIMPLES;"DECLIVE;CURVA";NÃO;0
CE;BR-304;ARACATI;11;4;QUINTA-FEIRA;3;0;20;18H-20H;NOITE;PLENA NOITE;CONDUTOR DORMINDO;TOMBAMENTO;CÉU CLARO;SIMPLES;RETA;NÃO;0
RS;BR-386;BOA VISTA DAS MISSOES;11;4;QUINTA-FEIRA;3;0;20;18H-20H;NOITE;PLENA NOITE;ACESSAR A VIA SEM OBSERVAR A PRESENÇA DOS OUTROS VEÍCULOS;COLISÃO TRANSVERSAL;CÉU CLARO;SIMPLES;RETA;SIM;0
MA;BR-226;CAXIAS;11;4;QUINTA-FEIRA;3;0;19;18H-20H;NOITE;PLENA NOITE;REAÇÃO TARDIA OU INEFICIENTE DO CONDUTOR;SAÍDA DE LEITO CARROÇÁVEL;NUBLADO;SIMPLES;"DECLIVE;CURVA";NÃO;0
SP;BR-116;GUARATINGUETA;11;4;QUINTA-FEIRA;3;0;0;00H-02H;MADRUGADA;PLENA NOITE;AUSÊNCIA DE REAÇÃO DO CONDUTOR;SAÍDA DE LEITO CARROÇÁVEL;CÉU CLARO;DUPLA;RETA;SIM;0
RO;BR-364;OURO PRETO DO OESTE;11;4;QUINTA-FEIRA;3;0;12;12H-14H;TARDE;PLENO DIA;CONDUTOR DEIXOU DE MANTER DISTÂNCIA DO VEÍCULO DA FRENTE;COLISÃO TRASEIRA;CÉU CLARO;SIMPLES;RETA;NÃO;0
GO;BR-060;GOIANIA;11;4;QUINTA-FEIRA;3;0;22;21H-23H;NOITE;PLENA NOITE;AUSÊNCIA DE REAÇÃO DO CONDUTOR;TOMBAMENTO;CÉU CLARO;DUPLA;RETA;NÃO;0
MG;BR-381;CARMOPOLIS DE MINAS;11;4;SEXTA-FEIRA;4;0;0;00H-02H;MADRUGADA;PLENA NOITE;AUSÊNCIA DE REAÇÃO DO CONDUTOR;COLISÃO TRASEIRA;NUBLADO;DUPLA;"RETA;ACLIVE";NÃO;0
SP;BR-116;CACAPAVA;11;4;SEXTA-FEIRA;4;0;0;00H-02H;MADRUGADA;PLENA NOITE;REAÇÃO TARDIA OU INEFICIENTE DO CONDUTOR;COLISÃO TRASEIRA;NUBLADO;DUPLA;RETA;SIM;0
SP;BR-116;REGISTRO;11;4;SEXTA-FEIRA;4;0;0;00H-02H;MADRUGADA;PLENA NOITE;AUSÊNCIA DE REAÇÃO DO CONDUTOR;SAÍDA DE LEITO CARROÇÁVEL;CÉU CLARO;DUPLA;RETA;NÃO;0
MG;BR-381;SANTANA DO PARAISO;11;4;QUINTA-FEIRA;3;0;20;18H-20H;NOITE;PLENA NOITE;ACESSAR A VIA SEM OBSERVAR A PRESENÇA DOS OUTROS VEÍCULOS;COLISÃO TRANSVERSAL;NUBLADO;SIMPLES;"RETA;INTERSEÇÃO DE VIAS";NÃO;1
BA;BR-324;CAPIM GROSSO;11;4;SEXTA-FEIRA;4;0;0;00H-02H;MADRUGADA;PLENA NOITE;PISTA ESCORREGADIA;DERRAMAMENTO DE CARGA;CHUVA;SIMPLES;ROTATÓRIA;NÃO;0
MG;BR-262;JUATUBA;11;4;SEXTA-FEIRA;4;0;1;00H-02H;MADRUGADA;PLENO DIA;REAÇÃO TARDIA OU INEFICIENTE DO CONDUTOR;COLISÃO TRASEIRA;CÉU CLARO;DUPLA;"ACLIVE;RETA";SIM;0
RS;BR-158;CRUZ ALTA;11;4;SEXTA-FEIRA;4;0;4;03H-05H;MADRUGADA;PLENA NOITE;VELOCIDADE INCOMPATÍVEL;TOMBAMENTO;CÉU CLARO;SIMPLES;INTERSEÇÃO DE VIAS;NÃO;0
GO;BR-060;ANAPOLIS;11;4;SEXTA-FEIRA;4;0;6;06H-08H;MANHA;PLENO DIA;MANOBRA DE MUDANÇA DE FAIXA;COLISÃO LATERAL MESMO SENTIDO;CÉU CLARO;DUPLA;RETA;NÃO;0
MG;BR-381;EXTREMA;11;4;SEXTA-FEIRA;4;0;6;06H-08H;MANHA;AMANHECER;VELOCIDADE INCOMPATÍVEL;COLISÃO TRASEIRA;CÉU CLARO;DUPLA;"RETA;ACLIVE";SIM;0
RJ;BR-393;BARRA DO PIRAI;11;4;QUINTA-FEIRA;3;0;16;15H-17H;TARDE;PLENO DIA;VELOCIDADE INCOMPATÍVEL;TOMBAMENTO;CÉU CLARO;SIMPLES;CURVA;NÃO;0
MG;BR-116;CARAI;11;4;QUINTA-FEIRA;3;0;19;18H-20H;NOITE;PLENA NOITE;TRANSITAR NA CONTRAMÃO;COLISÃO LATERAL SENTIDO OPOSTO;NUBLADO;SIMPLES;CURVA;NÃO;0
MG;BR-116;LEOPOLDINA;11;4;SEXTA-FEIRA;4;0;4;03H-05H;MADRUGADA;PLENA NOITE;CONDUTOR DORMINDO;COLISÃO LATERAL SENTIDO OPOSTO;CÉU CLARO;SIMPLES;CURVA;NÃO;0
SC;BR-280;JARAGUA DO SUL;11;4;SEXTA-FEIRA;4;0;6;06H-08H;MANHA;PLENO DIA;DESRESPEITAR A PREFERÊNCIA NO CRUZAMENTO;COLISÃO TRANSVERSAL;CÉU CLARO;SIMPLES;ROTATÓRIA;SIM;0
BA;BR-242;BARREIRAS;11;4;SEXTA-FEIRA;4;0;6;06H-08H;MANHA;AMANHECER;TRANSITAR NA CONTRAMÃO;COLISÃO FRONTAL;NUBLADO;SIMPLES;RETA;NÃO;1
PE;BR-428;PETROLINA;11;4;SEXTA-FEIRA;4;0;4;03H-05H;MADRUGADA;AMANHECER;ULTRAPASSAGEM INDEVIDA;COLISÃO FRONTAL;CÉU CLARO;SIMPLES;RETA;NÃO;1
GO;BR-060;ABADIANIA;11;4;SEXTA-FEIRA;4;0;7;06H-08H;MANHA;PLENO DIA;VELOCIDADE INCOMPATÍVEL;SAÍDA DE LEITO CARROÇÁVEL;CÉU CLARO;DUPLA;"DECLIVE;CURVA";NÃO;0
MG;BR-040;CONTAGEM;11;4;SEXTA-FEIRA;4;0;7;06H-08H;MANHA;PLENO DIA;ACESSAR A VIA SEM OBSERVAR A PRESENÇA DOS OUTROS VEÍCULOS;COLISÃO LATERAL MESMO SENTIDO;CÉU CLARO;DUPLA;RETA;NÃO;0
ES;BR-262;IBATIBA;11;4;SEXTA-FEIRA;4;0;5;03H-05H;MADRUGADA;AMANHECER;REAÇÃO TARDIA OU INEFICIENTE DO CONDUTOR;TOMBAMENTO;CÉU CLARO;SIMPLES;CURVA;NÃO;0
BA;BR-324;SALVADOR;11;4;SEXTA-FEIRA;4;0;8;06H-08H;MANHA;PLENO DIA;PISTA ESCORREGADIA;QUEDA DE OCUPANTE DE VEÍCULO;NUBLADO;MÚLTIPLA;RETA;SIM;0
ES;BR-262;DOMINGOS MARTINS;11;4;SEXTA-FEIRA;4;0;9;09H-11H;MANHA;PLENO DIA;ACESSO IRREGULAR;COLISÃO LATERAL MESMO SENTIDO;CÉU CLARO;SIMPLES;"INTERSEÇÃO DE VIAS;RETORNO REGULAMENTADO;RETA";NÃO;1
RJ;BR-040;TRES RIOS;11;4;SEXTA-FEIRA;4;0;8;06H-08H;MANHA;PLENO DIA;ACESSAR A VIA SEM OBSERVAR A PRESENÇA DOS OUTROS VEÍCULOS;COLISÃO TRASEIRA;CÉU CLARO;DUPLA;CURVA;NÃO;0
MG;BR-262;REDUTO;11;4;SEXTA-FEIRA;4;0;8;06H-08H;MANHA;PLENO DIA;VELOCIDADE INCOMPATÍVEL;TOMBAMENTO;CÉU CLARO;SIMPLES;"DECLIVE;CURVA";NÃO;0
SP;BR-116;REGISTRO;11;4;SEXTA-FEIRA;4;0;9;09H-11H;MANHA;PLENO DIA;DEMAIS FALHAS MECÂNICAS OU ELÉTRICAS;INCÊNDIO;CÉU CLARO;DUPLA;RETA;NÃO;0
SP;BR-116;GUARULHOS;11;4;SEXTA-FEIRA;4;0;7;06H-08H;MANHA;PLENO DIA;PEDESTRE ANDAVA NA PISTA;ATROPELAMENTO DE PEDESTRE;CÉU CLARO;MÚLTIPLA;"INTERSEÇÃO DE VIAS;RETA";SIM;0
BA;BR-324;SALVADOR;11;4;SEXTA-FEIRA;4;0;9;09H-11H;MANHA;PLENO DIA;ACESSAR A VIA SEM OBSERVAR A PRESENÇA DOS OUTROS VEÍCULOS;ATROPELAMENTO DE PEDESTRE;NUBLADO;DUPLA;RETA;SIM;1
MG;BR-365;PATROCINIO;11;4;SEXTA-FEIRA;4;0;11;09H-11H;MANHA;PLENO DIA;DEMAIS FALHAS MECÂNICAS OU ELÉTRICAS;INCÊNDIO;CÉU CLARO;SIMPLES;RETA;NÃO;0
MG;BR-381;TIMOTEO;11;4;SEXTA-FEIRA;4;0;9;09H-11H;MANHA;PLENO DIA;TRANSITAR NA CONTRAMÃO;COLISÃO LATERAL SENTIDO OPOSTO;CÉU CLARO;SIMPLES;RETA;SIM;0
MG;BR-381;BETIM;11;4;SEXTA-FEIRA;4;0;11;09H-11H;MANHA;PLENO DIA;REAÇÃO TARDIA OU INEFICIENTE DO CONDUTOR;COLISÃO TRASEIRA;CÉU CLARO;DUPLA;RETA;SIM;0
RJ;BR-393;SAPUCAIA;11;4;SEXTA-FEIRA;4;0;9;09H-11H;MANHA;PLENO DIA;CONVERSÃO PROIBIDA;TOMBAMENTO;CÉU CLARO;SIMPLES;RETA;NÃO;0
RJ;BR-101;SAO GONCALO;11;4;SEXTA-FEIRA;4;0;11;09H-11H;MANHA;PLENO DIA;CONDUTOR DEIXOU DE MANTER DISTÂNCIA DO VEÍCULO DA FRENTE;COLISÃO TRASEIRA;CÉU CLARO;DUPLA;RETA;SIM;0
RS;BR-116;CAMPESTRE DA SERRA;11;4;SEXTA-FEIRA;4;0;11;09H-11H;MANHA;PLENO DIA;REAÇÃO TARDIA OU INEFICIENTE DO CONDUTOR;SAÍDA DE LEITO CARROÇÁVEL;CÉU CLARO;SIMPLES;"RETA;DECLIVE";NÃO;0
RS;BR-116;SAO LEOPOLDO;11;4;SEXTA-FEIRA;4;0;12;12H-14H;TARDE;PLENO DIA;AUSÊNCIA DE REAÇÃO DO CONDUTOR;COLISÃO TRASEIRA;CÉU CLARO;DUPLA;"EM OBRAS;RETA";SIM;0
PI;BR-343;CAMPO MAIOR;11;4;SEXTA-FEIRA;4;0;8;06H-08H;MANHA;PLENO DIA;DEMAIS FALHAS MECÂNICAS OU ELÉTRICAS;INCÊNDIO;CÉU CLARO;SIMPLES;CURVA;NÃO;0
BA;BR-242;BARREIRAS;11;4;SEXTA-FEIRA;4;0;14;12H-14H;TARDE;PLENO DIA;MANOBRA DE MUDANÇA DE FAIXA;COLISÃO FRONTAL;SOL;SIMPLES;CURVA;NÃO;0
RJ;BR-040;PETROPOLIS;11;4;SEXTA-FEIRA;4;0;14;12H-14H;TARDE;PLENO DIA;REAÇÃO TARDIA OU INEFICIENTE DO CONDUTOR;COLISÃO TRASEIRA;CÉU CLARO;DUPLA;RETA;NÃO;0
PE;BR-423;CAETES;11;4;SEXTA-FEIRA;4;0;15;15H-17H;TARDE;PLENO DIA;REAÇÃO TARDIA OU INEFICIENTE DO CONDUTOR;COLISÃO LATERAL MESMO SENTIDO;CÉU CLARO;SIMPLES;"ACLIVE;RETA";NÃO;0
MT;BR-163;NOVA MUTUM;11;4;SEXTA-FEIRA;4;0;10;09H-11H;MANHA;PLENO DIA;AUSÊNCIA DE REAÇÃO DO CONDUTOR;SAÍDA DE LEITO CARROÇÁVEL;CÉU CLARO;DUPLA;RETA;NÃO;0
SC;BR-101;ITAPEMA;11;4;SEXTA-FEIRA;4;0;15;15H-17H;TARDE;PLENO DIA;MANOBRA DE MUDANÇA DE FAIXA;COLISÃO TRASEIRA;CÉU CLARO;DUPLA;RETA;SIM;0
AL;BR-101;JUNQUEIRO;11;4;SEXTA-FEIRA;4;0;11;09H-11H;MANHA;PLENO DIA;ACESSAR A VIA SEM OBSERVAR A PRESENÇA DOS OUTROS VEÍCULOS;COLISÃO LATERAL MESMO SENTIDO;CÉU CLARO;SIMPLES;RETA;NÃO;0
SC;BR-470;NAVEGANTES;11;4;SEXTA-FEIRA;4;0;15;15H-17H;TARDE;PLENO DIA;AUSÊNCIA DE SINALIZAÇÃO;COLISÃO TRASEIRA;CÉU CLARO;DUPLA;RETA;SIM;0
MG;BR-040;RIBEIRAO DAS NEVES;11;4;SEXTA-FEIRA;4;0;16;15H-17H;TARDE;PLENO DIA;PISTA ESCORREGADIA;TOMBAMENTO;CÉU CLARO;DUPLA;"RETA;DECLIVE";SIM;0
MG;BR-381;ANTONIO DIAS;11;4;SEXTA-FEIRA;4;0;15;15H-17H;TARDE;PLENO DIA;MAL SÚBITO DO CONDUTOR;COLISÃO TRASEIRA;NUBLADO;SIMPLES;"RETA;ACLIVE";NÃO;0
RJ;BR-116;MAGE;11;4;SEXTA-FEIRA;4;0;16;15H-17H;TARDE;PLENO DIA;REAÇÃO TARDIA OU INEFICIENTE DO CONDUTOR;COLISÃO LATERAL MESMO SENTIDO;CÉU CLARO;DUPLA;RETA;NÃO;0
RJ;BR-116;MAGE;11;4;SEXTA-FEIRA;4;0;12;12H-14H;TARDE;PLENO DIA;MANOBRA DE MUDANÇA DE FAIXA;COLISÃO LATERAL MESMO SENTIDO;CÉU CLARO;DUPLA;RETA;NÃO;0
RS;BR-293;SANTA MARGARIDA DO SUL;11;4;SEXTA-FEIRA;4;0;15;15H-17H;TARDE;PLENO DIA;TRANSITAR NA CONTRAMÃO;COLISÃO LATERAL SENTIDO OPOSTO;CÉU CLARO;SIMPLES;RETA;NÃO;0
RS;BR-285;CARAZINHO;11;4;SEXTA-FEIRA;4;0;13;12H-14H;TARDE;PLENO DIA;ACESSAR A VIA SEM OBSERVAR A PRESENÇA DOS OUTROS VEÍCULOS;COLISÃO TRASEIRA;CÉU CLARO;DUPLA;RETA;SIM;0
PR;BR-277;MEDIANEIRA;11;4;SEXTA-FEIRA;4;0;17;15H-17H;TARDE;PLENO DIA;VELOCIDADE INCOMPATÍVEL;COLISÃO COM OBJETO;CÉU CLARO;DUPLA;"DECLIVE;RETA";SIM;0
SC;BR-282;VARGEM BONITA;11;4;SEXTA-FEIRA;4;0;18;18H-20H;NOITE;PLENO DIA;VELOCIDADE INCOMPATÍVEL;TOMBAMENTO;CÉU CLARO;SIMPLES;CURVA;SIM;0
PR;BR-277;PARANAGUA;11;4;SEXTA-FEIRA;4;0;18;18H-20H;NOITE;ANOITECER;ACESSAR A VIA SEM OBSERVAR A PRESENÇA DOS OUTROS VEÍCULOS;COLISÃO TRANSVERSAL;CÉU CLARO;SIMPLES;"INTERSEÇÃO DE VIAS;RETA";SIM;0
PE;BR-232;BELO JARDIM;11;4;DOMINGO;6;1;13;12H-14H;TARDE;PLENO DIA;TRANSITAR NA CONTRAMÃO;COLISÃO FRONTAL;CÉU CLARO;SIMPLES;"ACLIVE;RETA";SIM;1
SC;BR-480;CHAPECO;11;4;SEXTA-FEIRA;4;0;17;15H-17H;TARDE;PLENO DIA;CONDUTOR DEIXOU DE MANTER DISTÂNCIA DO VEÍCULO DA FRENTE;COLISÃO TRASEIRA;SOL;DUPLA;RETA;SIM;0
BA;BR-101;EUNAPOLIS;11;4;SEXTA-FEIRA;4;0;19;18H-20H;NOITE;PLENA NOITE;INGESTÃO DE ÁLCOOL PELO CONDUTOR;COLISÃO FRONTAL;NUBLADO;SIMPLES;RETA;SIM;0
RO;BR-364;JI-PARANA;11;4;SEXTA-FEIRA;4;0;19;18H-20H;NOITE;PLENA NOITE;ACESSO IRREGULAR;COLISÃO TRANSVERSAL;CÉU CLARO;SIMPLES;INTERSEÇÃO DE VIAS;SIM;0
BA;BR-324;SAO SEBASTIAO DO PASSE;11;4;SEXTA-FEIRA;4;0;13;12H-14H;TARDE;PLENO DIA;DEMAIS FALHAS NA VIA;TOMBAMENTO;CHUVA;MÚLTIPLA;"RETA;DECLIVE";NÃO;0
BA;BR-116;SANTO ESTEVAO;11;4;SEXTA-FEIRA;4;0;18;18H-20H;NOITE;PLENA NOITE;CHUVA;SAÍDA DE LEITO CARROÇÁVEL;CHUVA;DUPLA;"DECLIVE;RETA";NÃO;0
SP;BR-116;CAJATI;11;4;SEXTA-FEIRA;4;0;18;18H-20H;NOITE;ANOITECER;REAÇÃO TARDIA OU INEFICIENTE DO CONDUTOR;COLISÃO COM OBJETO;GAROA/CHUVISCO;DUPLA;"CURVA;ACLIVE";NÃO;0
CE;BR-020;CANINDE;11;4;SEXTA-FEIRA;4;0;19;18H-20H;NOITE;PLENA NOITE;ACESSO IRREGULAR;COLISÃO FRONTAL;CÉU CLARO;SIMPLES;RETA;NÃO;0