uf;br_formatada;municipio;mes;trimestre;dia_semana;dia_semana_num;fim_de_semana;hora;faixa_horaria;turno;fase_dia;causa_acidente;tipo_acidente;condicao_metereologica;tipo_pista;tracado_via;uso_solo;acidente_fatal
MT;BR-163;CLAUDIA;11;4;SEXTA-FEIRA;4;0;11;09H-11H;MANHA;PLENO DIA;TRANSITAR NA CONTRAMÃO;SAÍDA DE LEITO CARROÇÁVEL;CÉU CLARO;SIMPLES;RETA;NÃO;0
MS;BR-060;SIDROLANDIA;11;4;SEXTA-FEIRA;4;0;20;18H-20H;NOITE;PLENA NOITE;PROBLEMA COM O FREIO;INCÊNDIO;CÉU CLARO;SIMPLES;RETA;NÃO;0
MT;BR-364;CAMPO NOVO DO PARECIS;11;4;SEXTA-FEIRA;4;0;14;12H-14H;TARDE;PLENO DIA;REAÇÃO TARDIA OU INEFICIENTE DO CONDUTOR;SAÍDA DE LEITO CARROÇÁVEL;CHUVA;SIMPLES;RETA;NÃO;0
SP;BR-116;CACAPAVA;11;4;SEXTA-FEIRA;4;0;22;21H-23H;NOITE;PLENA NOITE;REAÇÃO TARDIA OU INEFICIENTE DO CONDUTOR;COLISÃO COM OBJETO;CÉU CLARO;DUPLA;RETA;NÃO;0
RS;BR-290;ELDORADO DO SUL;11;4;SEXTA-FEIRA;4;0;23;21H-23H;NOITE;PLENO DIA;INGESTÃO DE ÁLCOOL PELO CONDUTOR;COLISÃO TRASEIRA;CÉU CLARO;DUPLA;RETA;SIM;0
GO;BR-020;FORMOSA;11;4;SÁBADO;5;1;0;00H-02H;MADRUGADA;PLENA NOITE;INGESTÃO DE ÁLCOOL PELO CONDUTOR;COLISÃO TRASEIRA;CÉU CLARO;SIMPLES;"DECLIVE;RETA";NÃO;0
CE;BR-222;TIANGUA;11;4;SEXTA-FEIRA;4;0;23;21H-23H;NOITE;PLENA NOITE;PEDESTRE - INGESTÃO DE ÁLCOOL/ SUBSTÂNCIAS PSICOATIVAS;ATROPELAMENTO DE PEDESTRE;NUBLADO;MÚLTIPLA;RETA;SIM;0
RJ;BR-101;RIO BONITO;11;4;SÁBADO;5;1;2;00H-02H;MADRUGADA;PLENA NOITE;CONDUTOR DORMINDO;TOMBAMENTO;CÉU CLARO;DUPLA;CURVA;NÃO;0
PR;BR-376;GUARATUBA;11;4;SÁBADO;5;1;3;03H-05H;MADRUGADA;PLENA NOITE;REAÇÃO TARDIA OU INEFICIENTE DO CONDUTOR;COLISÃO LATERAL MESMO SENTIDO;GAROA/CHUVISCO;DUPLA;"RETA;DECLIVE";NÃO;0
MT;BR-070;BARRA DO GARCAS;11;4;SÁBADO;5;1;2;00H-02H;MADRUGADA;PLENA NOITE;ACOSTAMENTO EM DESNÍVEL;SAÍDA DE LEITO CARROÇÁVEL;CÉU CLARO;SIMPLES;CURVA;NÃO;0
ES;BR-447;VILA VELHA;11;4;SEXTA-FEIRA;4;0;21;21H-23H;NOITE;PLENA NOITE;ENTRADA INOPINADA DO PEDESTRE;ATROPELAMENTO DE PEDESTRE;NUBLADO;DUPLA;"RETA;PONTE";SIM;1
MG;BR-040;JOAO PINHEIRO;11;4;SÁBADO;5;1;5;03H-05H;MADRUGADA;AMANHECER;PEDESTRE ANDAVA NA PISTA;ATROPELAMENTO DE PEDESTRE;CÉU CLARO;SIMPLES;RETA;NÃO;1
MT;BR-364;SANTO ANTONIO DO LEVERGER;11;4;SÁBADO;5;1;6;06H-08H;MANHA;AMANHECER;AUSÊNCIA DE REAÇÃO DO CONDUTOR;SAÍDA DE LEITO CARROÇÁVEL;CÉU CLARO;DUPLA;"DECLIVE;CURVA";NÃO;0
MA;BR-222;BOM JESUS DAS SELVAS;11;4;SÁBADO;5;1;1;00H-02H;MADRUGADA;PLENA NOITE;INGESTÃO DE ÁLCOOL PELO CONDUTOR;COLISÃO LATERAL SENTIDO OPOSTO;CÉU CLARO;SIMPLES;RETA;NÃO;1
MT;BR-174;PORTO ESPERIDIAO;11;4;SEXTA-FEIRA;4;0;21;21H-23H;NOITE;PLENA NOITE;ACOSTAMENTO EM DESNÍVEL;SAÍDA DE LEITO CARROÇÁVEL;CHUVA;SIMPLES;"DECLIVE;PONTE";NÃO;0
MG;BR-040;CONSELHEIRO LAFAIETE;11;4;SÁBADO;5;1;7;06H-08H;MANHA;PLENO DIA;VELOCIDADE INCOMPATÍVEL;COLISÃO FRONTAL;CÉU CLARO;SIMPLES;CURVA;NÃO;0
PR;BR-369;CORNELIO PROCOPIO;11;4;SEGUNDA-FEIRA;0;0;20;18H-20H;NOITE;PLENA NOITE;MANOBRA DE MUDANÇA DE FAIXA;COLISÃO LATERAL MESMO SENTIDO;CÉU CLARO;SIMPLES;"CURVA;ACLIVE";NÃO;0
PR;BR-376;PONTA GROSSA;11;4;SÁBADO;5;1;8;06H-08H;MANHA;PLENO DIA;ACESSAR A VIA SEM OBSERVAR A PRESENÇA DOS OUTROS VEÍCULOS;COLISÃO LATERAL MESMO SENTIDO;CÉU CLARO;DUPLA;RETA;NÃO;0
CE;BR-116;ICO;11;4;SÁBADO;5;1;9;09H-11H;MANHA;PLENO DIA;REAÇÃO TARDIA OU INEFICIENTE DO CONDUTOR;TOMBAMENTO;CÉU CLARO;SIMPLES;"RETA;DECLIVE";NÃO;0
RJ;BR-116;PIRAI;9;3;QUINTA-FEIRA;3;0;21;21H-23H;NOITE;PLENA NOITE;FUMAÇA;COLISÃO TRASEIRA;CÉU CLARO;DUPLA;RETA;NÃO;0
MG;BR-381;PERDOES;11;4;SÁBADO;5;1;9;09H-11H;MANHA;PLENO DIA;CONDUTOR DORMINDO;COLISÃO COM OBJETO;CÉU CLARO;SIMPLES;RETA;NÃO;0
MA;BR-222;VITORIA DO MEARIM;11;4;SÁBADO;5;1;10;09H-11H;MANHA;PLENO DIA;INGESTÃO DE ÁLCOOL PELO CONDUTOR;COLISÃO LATERAL SENTIDO OPOSTO;CÉU CLARO;SIMPLES;CURVA;NÃO;0
GO;BR-040;CRISTALINA;11;4;SÁBADO;5;1;12;12H-14H;TARDE;PLENO DIA;DEMAIS FALHAS MECÂNICAS OU ELÉTRICAS;INCÊNDIO;CÉU CLARO;SIMPLES;RETA;NÃO;0
MT;BR-364;JACIARA;11;4;SÁBADO;5;1;12;12H-14H;TARDE;PLENO DIA;CHUVA;SAÍDA DE LEITO CARROÇÁVEL;CHUVA;DUPLA;"ACLIVE;CURVA";NÃO;0
BA;BR-242;PALMEIRAS;11;4;SÁBADO;5;1;8;06H-08H;MANHA;PLENO DIA;REAÇÃO TARDIA OU INEFICIENTE DO CONDUTOR;TOMBAMENTO;CHUVA;SIMPLES;CURVA;NÃO;0
MG;BR-153;ARAPORA;11;4;SÁBADO;5;1;13;12H-14H;TARDE;PLENO DIA;CONDUTOR DORMINDO;SAÍDA DE LEITO CARROÇÁVEL;CÉU CLARO;DUPLA;DECLIVE;NÃO;0
PR;BR-116;MANDIRITUBA;11;4;SÁBADO;5;1;12;12H-14H;TARDE;PLENO DIA;REAÇÃO TARDIA OU INEFICIENTE DO CONDUTOR;COLISÃO FRONTAL;SOL;SIMPLES;RETA;NÃO;0
SP;BR-116;SAO PAULO;11;4;SÁBADO;5;1;15;15H-17H;TARDE;PLENO DIA;MANOBRA DE MUDANÇA DE FAIXA;COLISÃO LATERAL MESMO SENTIDO;GAROA/CHUVISCO;MÚLTIPLA;RETA;SIM;0
AM;BR-174;MANAUS;11;4;QUARTA-FEIRA;2;0;5;03H-05H;MADRUGADA;PLENO DIA;DEMAIS FALHAS MECÂNICAS OU ELÉTRICAS;INCÊNDIO;CÉU CLARO;SIMPLES;RETA;NÃO;0
RS;BR-392;CACAPAVA DO SUL;11;4;SÁBADO;5;1;14;12H-14H;TARDE;PLENO DIA;REAÇÃO TARDIA OU INEFICIENTE DO CONDUTOR;COLISÃO FRONTAL;CÉU CLARO;SIMPLES;"RETA;EM OBRAS";NÃO;0
PE;BR-232;GRAVATA;11;4;SÁBADO;5;1;16;15H-17H;TARDE;PLENO DIA;CONDUTOR DORMINDO;COLISÃO TRASEIRA;SOL;SIMPLES;CURVA;NÃO;0
SP;BR-116;ITAPECERICA DA SERRA;11;4;SÁBADO;5;1;17;15H-17H;TARDE;PLENO DIA;ACESSAR A VIA SEM OBSERVAR A PRESENÇA DOS OUTROS VEÍCULOS;COLISÃO LATERAL MESMO SENTIDO;CÉU CLARO;DUPLA;RETA;NÃO;0
MG;BR-116;MANHUACU;11;4;SÁBADO;5;1;16;15H-17H;TARDE;PLENO DIA;SUICÍDIO (PRESUMIDO);ATROPELAMENTO DE PEDESTRE;CÉU CLARO;SIMPLES;RETA;SIM;0
AC;BR-364;RIO BRANCO;11;4;SÁBADO;5;1;15;15H-17H;TARDE;PLENO DIA;REAÇÃO TARDIA OU INEFICIENTE DO CONDUTOR;QUEDA DE OCUPANTE DE VEÍCULO;SOL;DUPLA;ROTATÓRIA;SIM;0
RJ;BR-493;ITABORAI;11;4;SÁBADO;5;1;16;15H-17H;TARDE;PLENO DIA;ACESSAR A VIA SEM OBSERVAR A PRESENÇA DOS OUTROS VEÍCULOS;COLISÃO LATERAL MESMO SENTIDO;SOL;DUPLA;DECLIVE;SIM;0
ES;BR-262;CONCEICAO DO CASTELO;11;4;SÁBADO;5;1;17;15H-17H;TARDE;ANOITECER;REAÇÃO TARDIA OU INEFICIENTE DO CONDUTOR;COLISÃO LATERAL SENTIDO OPOSTO;CÉU CLARO;SIMPLES;CURVA;NÃO;0
PR;BR-277;CANTAGALO;11;4;SÁBADO;5;1;13;12H-14H;TARDE;PLENO DIA;VELOCIDADE INCOMPATÍVEL;SAÍDA DE LEITO CARROÇÁVEL;CÉU CLARO;SIMPLES;"ACLIVE;CURVA";NÃO;0
PE;BR-316;OURICURI;11;4;SÁBADO;5;1;18;18H-20H;NOITE;ANOITECER;TRANSITAR NA CONTRAMÃO;COLISÃO FRONTAL;CÉU CLARO;SIMPLES;"RETA;PONTE";NÃO;1
PE;BR-101;CABO DE SANTO AGOSTINHO;11;4;SÁBADO;5;1;17;15H-17H;TARDE;ANOITECER;VELOCIDADE INCOMPATÍVEL;CAPOTAMENTO;CÉU CLARO;DUPLA;CURVA;NÃO;0
MT;BR-364;RONDONOPOLIS;11;4;SÁBADO;5;1;18;18H-20H;NOITE;PLENA NOITE;INGESTÃO DE ÁLCOOL PELO CONDUTOR;SAÍDA DE LEITO CARROÇÁVEL;CÉU CLARO;DUPLA;RETORNO REGULAMENTADO;SIM;0
MS;BR-163;PEDRO GOMES;11;4;SÁBADO;5;1;18;18H-20H;NOITE;ANOITECER;CONDUTOR DORMINDO;SAÍDA DE LEITO CARROÇÁVEL;CÉU CLARO;SIMPLES;RETA;NÃO;0
PE;BR-232;SALGUEIRO;11;4;SÁBADO;5;1;20;18H-20H;NOITE;PLENA NOITE;ULTRAPASSAGEM INDEVIDA;COLISÃO LATERAL SENTIDO OPOSTO;CÉU CLARO;SIMPLES;RETA;NÃO;1
PE;BR-423;JUPI;11;4;SÁBADO;5;1;20;18H-20H;NOITE;PLENA NOITE;INGESTÃO DE SUBSTÂNCIAS PSICOATIVAS PELO CONDUTOR;COLISÃO LATERAL SENTIDO OPOSTO;CÉU CLARO;SIMPLES;RETA;SIM;0
PR;BR-376;MAUA DA SERRA;11;4;SÁBADO;5;1;20;18H-20H;NOITE;PLENA NOITE;MANOBRA DE MUDANÇA DE FAIXA;TOMBAMENTO;NUBLADO;DUPLA;RETA;SIM;0
RO;BR-364;ITAPUA DO OESTE;11;4;SÁBADO;5;1;20;18H-20H;NOITE;PLENA NOITE;ÁREA URBANA SEM A PRESENÇA DE LOCAL APROPRIADO PARA A TRAVESSIA DE PEDESTRES;ATROPELAMENTO DE PEDESTRE;NUBLADO;MÚLTIPLA;RETA;SIM;1
SP;BR-116;QUELUZ;11;4;SÁBADO;5;1;21;21H-23H;NOITE;PLENA NOITE;REAÇÃO TARDIA OU INEFICIENTE DO CONDUTOR;COLISÃO TRASEIRA;CÉU CLARO;DUPLA;"RETA;EM OBRAS";NÃO;0
PR;BR-277;PARANAGUA;11;4;DOMINGO;6;1;2;00H-02H;MADRUGADA;ANOITECER;DESRESPEITAR A PREFERÊNCIA NO CRUZAMENTO;COLISÃO TRANSVERSAL;GAROA/CHUVISCO;SIMPLES;INTERSEÇÃO DE VIAS;SIM;0
SP;BR-116;CRUZEIRO;11;4;DOMINGO;6;1;1;00H-02H;MADRUGADA;PLENA NOITE;AUSÊNCIA DE REAÇÃO DO CONDUTOR;COLISÃO TRASEIRA;CÉU CLARO;DUPLA;"RETA;DECLIVE";NÃO;0
BA;BR-110;SAO SEBASTIAO DO PASSE;11;4;DOMINGO;6;1;4;03H-05H;MADRUGADA;AMANHECER;CONDUTOR DORMINDO;COLISÃO FRONTAL;CÉU CLARO;SIMPLES;RETA;SIM;0
BA;BR-116;PLANALTO;11;4;SÁBADO;5;1;20;18H-20H;NOITE;PLENA NOITE;CONDUTOR USANDO CELULAR;COLISÃO LATERAL SENTIDO OPOSTO;CHUVA;SIMPLES;RETA;NÃO;0
MS;BR-262;TERENOS;11;4;DOMINGO;6;1;6;06H-08H;MANHA;AMANHECER;INGESTÃO DE ÁLCOOL PELO CONDUTOR;COLISÃO FRONTAL;CÉU CLARO;SIMPLES;CURVA;NÃO;0
GO;BR-050;CAMPO ALEGRE DE GOIAS;11;4;DOMINGO;6;1;6;06H-08H;MANHA;AMANHECER;CONDUTOR DORMINDO;SAÍDA DE LEITO CARROÇÁVEL;CHUVA;DUPLA;RETA;NÃO;0
MG;BR-262;CAMPOS ALTOS;11;4;DOMINGO;6;1;8;06H-08H;MANHA;PLENO DIA;CURVA ACENTUADA;TOMBAMENTO;CÉU CLARO;SIMPLES;CURVA;NÃO;0
BA;BR-116;JEQUIE;11;4;DOMINGO;6;1;8;06H-08H;MANHA;PLENO DIA;AUSÊNCIA DE REAÇÃO DO CONDUTOR;COLISÃO TRASEIRA;NUBLADO;SIMPLES;CURVA;NÃO;0
MG;BR-262;CORREGO DANTA;11;4;DOMINGO;6;1;7;06H-08H;MANHA;PLENO DIA;VELOCIDADE INCOMPATÍVEL;SAÍDA DE LEITO CARROÇÁVEL;CHUVA;SIMPLES;"CURVA;DECLIVE";NÃO;0
PE;BR-101;JABOATAO DOS GUARARAPES;11;4;DOMINGO;6;1;9;09H-11H;MANHA;PLENO DIA;DEMAIS FALHAS MECÂNICAS OU ELÉTRICAS;INCÊNDIO;CÉU CLARO;DUPLA;RETA;SIM;0
PI;BR-343;ALTOS;11;4;DOMINGO;6;1;9;09H-11H;MANHA;PLENO DIA;TRANSITAR NA CONTRAMÃO;COLISÃO LATERAL SENTIDO OPOSTO;CÉU CLARO;SIMPLES;RETA;NÃO;0
PR;BR-476;BOCAIUVA DO SUL;11;4;DOMINGO;6;1;10;09H-11H;MANHA;PLENO DIA;VELOCIDADE INCOMPATÍVEL;COLISÃO LATERAL SENTIDO OPOSTO;NUBLADO;SIMPLES;CURVA;NÃO;0
MA;BR-316;TIMON;11;4;DOMINGO;6;1;8;06H-08H;MANHA;PLENO DIA;ACESSAR A VIA SEM OBSERVAR A PRESENÇA DOS OUTROS VEÍCULOS;COLISÃO TRANSVERSAL;CÉU CLARO;SIMPLES;RETA;SIM;0
RJ;BR-101;MANGARATIBA;11;4;DOMINGO;6;1;10;09H-11H;MANHA;PLENO DIA;ACESSO IRREGULAR;COLISÃO COM OBJETO;NUBLADO;SIMPLES;"TÚNEL;RETA";NÃO;0
SC;BR-282;CORDILHEIRA ALTA;9;3;SÁBADO;5;1;21;21H-23H;NOITE;PLENA NOITE;REAÇÃO TARDIA OU INEFICIENTE DO CONDUTOR;COLISÃO FRONTAL;CHUVA;SIMPLES;"ACLIVE;CURVA";NÃO;0
PR;BR-277;GUARAPUAVA;11;4;DOMINGO;6;1;13;12H-14H;TARDE;PLENO DIA;MANOBRA DE MUDANÇA DE FAIXA;COLISÃO LATERAL SENTIDO OPOSTO;CHUVA;SIMPLES;CURVA;NÃO;0
SC;BR-101;GOVERNADOR CELSO RAMOS;11;4;DOMINGO;6;1;14;12H-14H;TARDE;PLENO DIA;ACESSAR A VIA SEM OBSERVAR A PRESENÇA DOS OUTROS VEÍCULOS;COLISÃO LATERAL MESMO SENTIDO;CHUVA;DUPLA;RETA;NÃO;0
BA;BR-101;SAPEACU;11;4;DOMINGO;6;1;13;12H-14H;TARDE;PLENO DIA;ACESSAR A VIA SEM OBSERVAR A PRESENÇA DOS OUTROS VEÍCULOS;COLISÃO TRANSVERSAL;CÉU CLARO;SIMPLES;"CURVA;ACLIVE";SIM;0
MG;BR-040;PARAOPEBA;11;4;DOMINGO;6;1;14;12H-14H;TARDE;PLENO DIA;AUSÊNCIA DE REAÇÃO DO CONDUTOR;SAÍDA DE LEITO CARROÇÁVEL;CHUVA;SIMPLES;CURVA;NÃO;0
MG;BR-381;LAVRAS;11;4;DOMINGO;6;1;9;09H-11H;MANHA;PLENO DIA;AUSÊNCIA DE REAÇÃO DO CONDUTOR;COLISÃO COM OBJETO;CHUVA;DUPLA;"DECLIVE;CURVA";NÃO;0
SP;BR-153;JOSE BONIFACIO;11;4;DOMINGO;6;1;15;15H-17H;TARDE;PLENO DIA;CONDUTOR DORMINDO;COLISÃO FRONTAL;CÉU CLARO;SIMPLES;RETA;NÃO;0
GO;BR-452;RIO VERDE;11;4;DOMINGO;6;1;14;12H-14H;TARDE;PLENO DIA;REAÇÃO TARDIA OU INEFICIENTE DO CONDUTOR;COLISÃO LATERAL SENTIDO OPOSTO;SOL;SIMPLES;RETA;NÃO;0
MG;BR-251;MONTES CLAROS;11;4;DOMINGO;6;1;12;12H-14H;TARDE;PLENO DIA;VELOCIDADE INCOMPATÍVEL;SAÍDA DE LEITO CARROÇÁVEL;NUBLADO;SIMPLES;"RETA;DECLIVE";NÃO;0
PE;BR-232;RECIFE;11;4;DOMINGO;6;1;16;15H-17H;TARDE;PLENO DIA;CONDUTOR DEIXOU DE MANTER DISTÂNCIA DO VEÍCULO DA FRENTE;COLISÃO TRASEIRA;CÉU CLARO;MÚLTIPLA;RETA;SIM;0
RJ;BR-101;MACAE;11;4;DOMINGO;6;1;16;15H-17H;TARDE;PLENO DIA;CONDUTOR DORMINDO;COLISÃO LATERAL SENTIDO OPOSTO;CÉU CLARO;SIMPLES;CURVA;NÃO;0
SC;BR-470;INDAIAL;11;4;DOMINGO;6;1;16;15H-17H;TARDE;PLENO DIA;TRANSITAR NO ACOSTAMENTO;TOMBAMENTO;GAROA/CHUVISCO;SIMPLES;RETA;SIM;0
RS;BR-285;MUITOS CAPOES;11;4;DOMINGO;6;1;10;09H-11H;MANHA;PLENO DIA;REAÇÃO TARDIA OU INEFICIENTE DO CONDUTOR;TOMBAMENTO;GAROA/CHUVISCO;SIMPLES;CURVA;NÃO;1
MG;BR-251;PADRE CARVALHO;11;4;DOMINGO;6;1;12;12H-14H;TARDE;PLENO DIA;REAÇÃO TARDIA OU INEFICIENTE DO CONDUTOR;TOMBAMENTO;CÉU CLARO;SIMPLES;"RETA;DECLIVE";NÃO;0
GO;BR-040;VALPARAISO DE GOIAS;11;4;DOMINGO;6;1;16;15H-17H;TARDE;PLENO DIA;REAÇÃO TARDIA OU INEFICIENTE DO CONDUTOR;CAPOTAMENTO;CHUVA;DUPLA;RETA;SIM;0
PR;BR-153;JACAREZINHO;11;4;DOMINGO;6;1;16;15H-17H;TARDE;PLENO DIA;INGESTÃO DE ÁLCOOL PELO CONDUTOR;COLISÃO LATERAL SENTIDO OPOSTO;CÉU CLARO;SIMPLES;RETA;NÃO;0
DF;BR-020;BRASILIA;11;4;DOMINGO;6;1;17;15H-17H;TARDE;ANOITECER;CHUVA;SAÍDA DE LEITO CARROÇÁVEL;CHUVA;DUPLA;ACLIVE;NÃO;0
BA;BR-101;FEIRA DE SANTANA;11;4;DOMINGO;6;1;18;18H-20H;NOITE;PLENA NOITE;PEDESTRE ANDAVA NA PISTA;ATROPELAMENTO DE PEDESTRE;CÉU CLARO;SIMPLES;RETA;NÃO;1
PR;BR-376;PONTA GROSSA;11;4;DOMINGO;6;1;18;18H-20H;NOITE;PLENO DIA;CONDUTOR DEIXOU DE MANTER DISTÂNCIA DO VEÍCULO DA FRENTE;COLISÃO LATERAL MESMO SENTIDO;CHUVA;DUPLA;DECLIVE;NÃO;1
BA;BR-324;FEIRA DE SANTANA;11;4;DOMINGO;6;1;16;15H-17H;TARDE;PLENO DIA;CONDUTOR DEIXOU DE MANTER DISTÂNCIA DO VEÍCULO DA FRENTE;COLISÃO TRASEIRA;CÉU CLARO;DUPLA;RETA;NÃO;0
GO;BR-153;PORANGATU;11;4;DOMINGO;6;1;18;18H-20H;NOITE;ANOITECER;AUSÊNCIA DE REAÇÃO DO CONDUTOR;COLISÃO TRASEIRA;CÉU CLARO;SIMPLES;RETA;NÃO;0
MG;BR-251;CACHOEIRA DE PAJEU;11;4;DOMINGO;6;1;17;15H-17H;TARDE;ANOITECER;REAÇÃO TARDIA OU INEFICIENTE DO CONDUTOR;COLISÃO TRANSVERSAL;GAROA/CHUVISCO;SIMPLES;RETA;NÃO;0
SC;BR-153;IRANI;11;4;DOMINGO;6;1;20;18H-20H;NOITE;PLENA NOITE;REAÇÃO TARDIA OU INEFICIENTE DO CONDUTOR;COLISÃO LATERAL SENTIDO OPOSTO;CÉU CLARO;DUPLA;CURVA;NÃO;0
GO;BR-040;LUZIANIA;11;4;DOMINGO;6;1;20;18H-20H;NOITE;PLENA NOITE;CHUVA;COLISÃO COM OBJETO;CHUVA;DUPLA;RETA;SIM;0
SE;BR-101;SANTA LUZIA DO ITANHY;11;4;DOMINGO;6;1;21;21H-23H;NOITE;PLENA NOITE;SUICÍDIO (PRESUMIDO);COLISÃO FRONTAL;CÉU CLARO;SIMPLES;"RETA;ACLIVE";NÃO;1
CE;BR-116;MILAGRES;11;4;DOMINGO;6;1;19;18H-20H;NOITE;PLENA NOITE;CONVERSÃO PROIBIDA;COLISÃO TRASEIRA;CÉU CLARO;SIMPLES;"RETA;INTERSEÇÃO DE VIAS";NÃO;0
DF;BR-020;BRASILIA;11;4;DOMINGO;6;1;21;21H-23H;NOITE;PLENA NOITE;PISTA ESCORREGADIA;SAÍDA DE LEITO CARROÇÁVEL;CHUVA;DUPLA;"RETA;DECLIVE";NÃO;0
MG;BR-262;IGARATINGA;11;4;DOMINGO;6;1;20;18H-20H;NOITE;PLENA NOITE;REAÇÃO TARDIA OU INEFICIENTE DO CONDUTOR;COLISÃO LATERAL MESMO SENTIDO;NUBLADO;DUPLA;RETA;NÃO;0
MT;BR-364;SANTO ANTONIO DO LEVERGER;11;4;DOMINGO;6;1;20;18H-20H;NOITE;PLENA NOITE;REAÇÃO TARDIA OU INEFICIENTE DO CONDUTOR;COLISÃO TRASEIRA;CÉU CLARO;DUPLA;"RETA;DECLIVE";NÃO;0
SC;BR-101;BARRA VELHA;11;4;DOMINGO;6;1;23;21H-23H;NOITE;PLENO DIA;AUSÊNCIA DE REAÇÃO DO CONDUTOR;COLISÃO TRASEIRA;CHUVA;DUPLA;CURVA;SIM;1
SC;BR-116;CAPAO ALTO;11;4;DOMINGO;6;1;21;21H-23H;NOITE;PLENA NOITE;VELOCIDADE INCOMPATÍVEL;TOMBAMENTO;NUBLADO;SIMPLES;"CURVA;DECLIVE";NÃO;1
PI;BR-316;MONSENHOR GIL;11;4;SEGUNDA-FEIRA;0;0;0;00H-02H;MADRUGADA;PLENA NOITE;OBJETO ESTÁTICO SOBRE O LEITO CARROÇÁVEL;COLISÃO TRASEIRA;CÉU CLARO;SIMPLES;"PONTE;RETA";NÃO;0
SP;BR-116;JACAREI;11;4;SEGUNDA-FEIRA;0;0;5;03H-05H;MADRUGADA;PLENO DIA;CONDUTOR DEIXOU DE MANTER DISTÂNCIA DO VEÍCULO DA FRENTE;COLISÃO COM OBJETO;GAROA/CHUVISCO;DUPLA;RETA;NÃO;0
RJ;BR-116;RIO DE JANEIRO;11;4;SEGUNDA-FEIRA;0;0;6;06H-08H;MANHA;PLENO DIA;TRAFEGAR COM MOTOCICLETA (OU SIMILAR) ENTRE AS FAIXAS;COLISÃO LATERAL MESMO SENTIDO;NUBLADO;DUPLA;RETA;SIM;0
MT;BR-364;ALTO GARCAS;11;4;SEGUNDA-FEIRA;0;0;5;03H-05H;MADRUGADA;AMANHECER;CONDUTOR DORMINDO;COLISÃO LATERAL SENTIDO OPOSTO;CÉU CLARO;SIMPLES;"DECLIVE;CURVA";NÃO;0
BA;BR-116;CANDIDO SALES;11;4;SEGUNDA-FEIRA;0;0;5;03H-05H;MADRUGADA;AMANHECER;ACESSAR A VIA SEM OBSERVAR A PRESENÇA DOS OUTROS VEÍCULOS;COLISÃO TRASEIRA;CÉU CLARO;SIMPLES;RETA;NÃO;1
BA;BR-242;BARREIRAS;11;4;SEGUNDA-FEIRA;0;0;8;06H-08H;MANHA;PLENO DIA;DEMAIS FALHAS MECÂNICAS OU ELÉTRICAS;SAÍDA DE LEITO CARROÇÁVEL;GAROA/CHUVISCO;SIMPLES;RETA;NÃO;0
RJ;BR-040;DUQUE DE CAXIAS;11;4;SEGUNDA-FEIRA;0;0;7;06H-08H;MANHA;PLENO DIA;DEMAIS FALHAS MECÂNICAS OU ELÉTRICAS;TOMBAMENTO;NUBLADO;SIMPLES;CURVA;NÃO;0
SP;BR-116;PINDAMONHANGABA;10;4;TERÇA-FEIRA;1;0;5;03H-05H;MADRUGADA;AMANHECER;PISTA ESCORREGADIA;SAÍDA DE LEITO CARROÇÁVEL;CHUVA;DUPLA;RETA;NÃO;0
MS;BR-163;CAARAPO;11;4;SEGUNDA-FEIRA;0;0;7;06H-08H;MANHA;PLENO DIA;CONDUTOR DEIXOU DE MANTER DISTÂNCIA DO VEÍCULO DA FRENTE;COLISÃO TRASEIRA;CÉU CLARO;SIMPLES;ROTATÓRIA;SIM;0
PR;BR-376;MARINGA;11;4;SEGUNDA-FEIRA;0;0;9;09H-11H;MANHA;PLENO DIA;AUSÊNCIA DE REAÇÃO DO CONDUTOR;COLISÃO TRASEIRA;CÉU CLARO;DUPLA;RETA;SIM;0
GO;BR-060;GOIANAPOLIS;11;4;SEXTA-FEIRA;4;0;2;00H-02H;MADRUGADA;PLENA NOITE;DEIXAR DE ACIONAR O FAROL DA MOTOCICLETA (OU SIMILAR);TOMBAMENTO;CÉU CLARO;DUPLA;"RETA;ACLIVE";NÃO;0
PA;BR-163;NOVO PROGRESSO;7;3;SÁBADO;5;1;4;03H-05H;MADRUGADA;AMANHECER;REAÇÃO TARDIA OU INEFICIENTE DO CONDUTOR;SAÍDA DE LEITO CARROÇÁVEL;CÉU CLARO;SIMPLES;CURVA;NÃO;0
SP;BR-381;SAO PAULO;11;4;SEGUNDA-FEIRA;0;0;9;09H-11H;MANHA;PLENO DIA;MANOBRA DE MUDANÇA DE FAIXA;COLISÃO LATERAL MESMO SENTIDO;NUBLADO;MÚLTIPLA;RETA;NÃO;0
SC;BR-470;APIUNA;11;4;SEGUNDA-FEIRA;0;0;9;09H-11H;MANHA;PLENO DIA;CONDUTOR DORMINDO;COLISÃO LATERAL SENTIDO OPOSTO;GAROA/CHUVISCO;SIMPLES;CURVA;NÃO;0
MT;BR-163;MATUPA;11;4;SEGUNDA-FEIRA;0;0;6;06H-08H;MANHA;PLENO DIA;CONDUTOR DEIXOU DE MANTER DISTÂNCIA DO VEÍCULO DA FRENTE;COLISÃO TRASEIRA;CÉU CLARO;SIMPLES;RETA;NÃO;0