uf;br_formatada;municipio;mes;trimestre;dia_semana;dia_semana_num;fim_de_semana;hora;faixa_horaria;turno;fase_dia;causa_acidente;tipo_acidente;condicao_metereologica;tipo_pista;tracado_via;uso_solo;acidente_fatal
MG;BR-381;CAMBUI;11;4;DOMINGO;6;1;10;09H-11H;MANHA;PLENO DIA;DEMAIS FALHAS MECÂNICAS OU ELÉTRICAS;INCÊNDIO;SOL;DUPLA;"RETA;ACLIVE";NÃO;0
PR;BR-369;BANDEIRANTES;11;4;DOMINGO;6;1;10;09H-11H;MANHA;PLENO DIA;ESTACIONAR OU PARAR EM LOCAL PROIBIDO;COLISÃO TRASEIRA;CÉU CLARO;SIMPLES;RETA;NÃO;0
SC;BR-101;TIJUCAS;11;4;DOMINGO;6;1;11;09H-11H;MANHA;PLENO DIA;ACESSAR A VIA SEM OBSERVAR A PRESENÇA DOS OUTROS VEÍCULOS;COLISÃO TRASEIRA;NUBLADO;MÚLTIPLA;RETA;SIM;0
MG;BR-262;ARAXA;11;4;DOMINGO;6;1;11;09H-11H;MANHA;PLENO DIA;AUSÊNCIA DE REAÇÃO DO CONDUTOR;COLISÃO LATERAL SENTIDO OPOSTO;CÉU CLARO;SIMPLES;CURVA;NÃO;0
MG;BR-364;FRUTAL;11;4;DOMINGO;6;1;11;09H-11H;MANHA;PLENO DIA;MANOBRA DE MUDANÇA DE FAIXA;COLISÃO LATERAL MESMO SENTIDO;CÉU CLARO;SIMPLES;RETA;NÃO;0
PR;BR-476;BOCAIUVA DO SUL;11;4;DOMINGO;6;1;10;09H-11H;MANHA;PLENO DIA;CURVA ACENTUADA;COLISÃO LATERAL SENTIDO OPOSTO;CÉU CLARO;SIMPLES;CURVA;NÃO;0
PR;BR-277;GUARAPUAVA;11;4;DOMINGO;6;1;15;15H-17H;TARDE;PLENO DIA;TRANSITAR NA CONTRAMÃO;COLISÃO TRANSVERSAL;CÉU CLARO;SIMPLES;RETA;NÃO;0
SP;BR-116;SAO JOSE DOS CAMPOS;11;4;DOMINGO;6;1;16;15H-17H;TARDE;PLENO DIA;MANOBRA DE MUDANÇA DE FAIXA;COLISÃO TRASEIRA;CÉU CLARO;DUPLA;RETA;SIM;1
RO;BR-364;CANDEIAS DO JAMARI;11;4;SÁBADO;5;1;23;21H-23H;NOITE;PLENA NOITE;CONDUTOR DEIXOU DE MANTER DISTÂNCIA DO VEÍCULO DA FRENTE;COLISÃO TRASEIRA;CÉU CLARO;SIMPLES;RETA;NÃO;0
RS;BR-392;PELOTAS;11;4;DOMINGO;6;1;16;15H-17H;TARDE;PLENO DIA;CONDUTOR DORMINDO;COLISÃO LATERAL SENTIDO OPOSTO;NUBLADO;SIMPLES;RETA;NÃO;0
MG;BR-050;UBERABA;11;4;DOMINGO;6;1;16;15H-17H;TARDE;PLENO DIA;CONDUTOR DEIXOU DE MANTER DISTÂNCIA DO VEÍCULO DA FRENTE;COLISÃO LATERAL MESMO SENTIDO;CÉU CLARO;DUPLA;"ACLIVE;RETA";NÃO;0
RJ;BR-116;RESENDE;11;4;DOMINGO;6;1;17;15H-17H;TARDE;PLENO DIA;MANOBRA DE MUDANÇA DE FAIXA;COLISÃO LATERAL MESMO SENTIDO;CÉU CLARO;DUPLA;CURVA;NÃO;0
PR;BR-116;CAMPINA GRANDE DO SUL;11;4;DOMINGO;6;1;18;18H-20H;NOITE;PLENO DIA;CONDUTOR DEIXOU DE MANTER DISTÂNCIA DO VEÍCULO DA FRENTE;COLISÃO TRASEIRA;CHUVA;DUPLA;"ACLIVE;CURVA";NÃO;0
MG;BR-116;MANHUACU;11;4;DOMINGO;6;1;14;12H-14H;TARDE;PLENO DIA;VELOCIDADE INCOMPATÍVEL;TOMBAMENTO;SOL;SIMPLES;CURVA;NÃO;0
MT;BR-070;BARRA DO GARCAS;11;4;DOMINGO;6;1;15;15H-17H;TARDE;PLENO DIA;AUSÊNCIA DE REAÇÃO DO CONDUTOR;COLISÃO TRASEIRA;NUBLADO;SIMPLES;"INTERSEÇÃO DE VIAS;RETA";SIM;0
SC;BR-470;TROMBUDO CENTRAL;11;4;DOMINGO;6;1;18;18H-20H;NOITE;ANOITECER;REAÇÃO TARDIA OU INEFICIENTE DO CONDUTOR;COLISÃO FRONTAL;NUBLADO;MÚLTIPLA;"RETA;ACLIVE";NÃO;0
GO;BR-153;MORRINHOS;11;4;DOMINGO;6;1;16;15H-17H;TARDE;PLENO DIA;AUSÊNCIA DE REAÇÃO DO CONDUTOR;COLISÃO LATERAL MESMO SENTIDO;SOL;DUPLA;CURVA;NÃO;0
RN;BR-101;NATAL;11;4;DOMINGO;6;1;19;18H-20H;NOITE;PLENA NOITE;CONDUTOR DEIXOU DE MANTER DISTÂNCIA DO VEÍCULO DA FRENTE;COLISÃO TRASEIRA;CÉU CLARO;DUPLA;CURVA;SIM;0
BA;BR-116;NOVA ITARANA;11;4;DOMINGO;6;1;19;18H-20H;NOITE;PLENA NOITE;CONDUTOR DEIXOU DE MANTER DISTÂNCIA DO VEÍCULO DA FRENTE;COLISÃO TRASEIRA;CÉU CLARO;SIMPLES;CURVA;NÃO;0
SP;BR-153;ONDA VERDE;11;4;DOMINGO;6;1;19;18H-20H;NOITE;PLENA NOITE;AUSÊNCIA DE REAÇÃO DO CONDUTOR;COLISÃO LATERAL SENTIDO OPOSTO;CÉU CLARO;SIMPLES;RETA;NÃO;0
TO;BR-153;ARAGUAINA;11;4;DOMINGO;6;1;21;21H-23H;NOITE;PLENA NOITE;AUSÊNCIA DE REAÇÃO DO CONDUTOR;SAÍDA DE LEITO CARROÇÁVEL;CÉU CLARO;DUPLA;RETA;NÃO;1
PR;BR-277;CAMPO LARGO;11;4;DOMINGO;6;1;20;18H-20H;NOITE;PLENA NOITE;INGESTÃO DE ÁLCOOL PELO CONDUTOR;COLISÃO TRASEIRA;NUBLADO;DUPLA;"ACLIVE;RETA";SIM;0
RS;BR-285;IJUI;11;4;DOMINGO;6;1;20;18H-20H;NOITE;PLENA NOITE;INGESTÃO DE ÁLCOOL PELO CONDUTOR;COLISÃO FRONTAL;CHUVA;SIMPLES;"RETA;EM OBRAS";NÃO;0
SP;BR-116;TAUBATE;11;4;DOMINGO;6;1;21;21H-23H;NOITE;PLENA NOITE;AUSÊNCIA DE REAÇÃO DO CONDUTOR;COLISÃO LATERAL MESMO SENTIDO;CÉU CLARO;DUPLA;RETA;SIM;0
MG;BR-040;PARAOPEBA;11;4;DOMINGO;6;1;20;18H-20H;NOITE;PLENA NOITE;CONDUTOR DORMINDO;SAÍDA DE LEITO CARROÇÁVEL;NUBLADO;DUPLA;RETA;NÃO;0
MG;BR-262;BOM DESPACHO;11;4;DOMINGO;6;1;20;18H-20H;NOITE;PLENA NOITE;CONDUTOR DORMINDO;COLISÃO COM OBJETO;CÉU CLARO;SIMPLES;"RETA;DECLIVE;PONTE";NÃO;0
RO;BR-364;ARIQUEMES;12;4;SEGUNDA-FEIRA;0;0;0;00H-02H;MADRUGADA;PLENA NOITE;REAÇÃO TARDIA OU INEFICIENTE DO CONDUTOR;SAÍDA DE LEITO CARROÇÁVEL;CHUVA;SIMPLES;"RETA;DECLIVE";NÃO;0
ES;BR-101;SERRA;12;4;SEGUNDA-FEIRA;0;0;3;03H-05H;MADRUGADA;AMANHECER;CONDUTOR DESRESPEITOU A ILUMINAÇÃO VERMELHA DO SEMÁFORO;COLISÃO TRANSVERSAL;CÉU CLARO;MÚLTIPLA;RETA;SIM;0
MA;BR-230;RIACHAO;11;4;DOMINGO;6;1;20;18H-20H;NOITE;PLENA NOITE;DEMAIS FALHAS MECÂNICAS OU ELÉTRICAS;INCÊNDIO;CÉU CLARO;SIMPLES;RETA;NÃO;0
ES;BR-101;ARACRUZ;12;4;SEGUNDA-FEIRA;0;0;6;06H-08H;MANHA;PLENO DIA;VELOCIDADE INCOMPATÍVEL;SAÍDA DE LEITO CARROÇÁVEL;CÉU CLARO;SIMPLES;"RETA;DECLIVE";NÃO;0
ES;BR-259;COLATINA;12;4;SEGUNDA-FEIRA;0;0;6;06H-08H;MANHA;AMANHECER;AUSÊNCIA DE REAÇÃO DO CONDUTOR;TOMBAMENTO;SOL;SIMPLES;CURVA;NÃO;1
SC;BR-101;PORTO BELO;12;4;SEGUNDA-FEIRA;0;0;6;06H-08H;MANHA;PLENO DIA;AUSÊNCIA DE REAÇÃO DO CONDUTOR;COLISÃO TRASEIRA;CHUVA;DUPLA;RETA;NÃO;0
ES;BR-101;ATILIO VIVACQUA;12;4;SEGUNDA-FEIRA;0;0;7;06H-08H;MANHA;PLENO DIA;ULTRAPASSAGEM INDEVIDA;COLISÃO COM OBJETO;CÉU CLARO;SIMPLES;RETA;NÃO;0
PR;BR-376;SAO JOSE DOS PINHAIS;12;4;SEGUNDA-FEIRA;0;0;7;06H-08H;MANHA;PLENO DIA;AUSÊNCIA DE REAÇÃO DO CONDUTOR;COLISÃO TRASEIRA;NUBLADO;DUPLA;"CURVA;ACLIVE";NÃO;0
SP;BR-116;TAUBATE;12;4;SEGUNDA-FEIRA;0;0;7;06H-08H;MANHA;PLENO DIA;REAÇÃO TARDIA OU INEFICIENTE DO CONDUTOR;COLISÃO LATERAL MESMO SENTIDO;CÉU CLARO;DUPLA;RETA;SIM;0
CE;BR-116;JATI;12;4;SEGUNDA-FEIRA;0;0;4;03H-05H;MADRUGADA;PLENA NOITE;DEFICIÊNCIA DO SISTEMA DE ILUMINAÇÃO/SINALIZAÇÃO;COLISÃO TRASEIRA;CÉU CLARO;SIMPLES;RETA;NÃO;0
ES;BR-101;SERRA;12;4;SEGUNDA-FEIRA;0;0;9;09H-11H;MANHA;PLENO DIA;AUSÊNCIA DE REAÇÃO DO CONDUTOR;COLISÃO TRASEIRA;CÉU CLARO;DUPLA;RETA;NÃO;0
PE;BR-101;GOIANA;12;4;SEGUNDA-FEIRA;0;0;8;06H-08H;MANHA;PLENO DIA;DEMAIS FALHAS MECÂNICAS OU ELÉTRICAS;COLISÃO COM OBJETO;CÉU CLARO;DUPLA;CURVA;NÃO;0
PR;BR-277;BALSA NOVA;12;4;SEGUNDA-FEIRA;0;0;9;09H-11H;MANHA;PLENO DIA;AUSÊNCIA DE REAÇÃO DO CONDUTOR;SAÍDA DE LEITO CARROÇÁVEL;CHUVA;DUPLA;RETA;NÃO;0
RJ;BR-116;NOVA IGUACU;11;4;QUARTA-FEIRA;2;0;9;09H-11H;MANHA;PLENO DIA;AUSÊNCIA DE REAÇÃO DO CONDUTOR;ENGAVETAMENTO;SOL;DUPLA;RETA;NÃO;0
CE;BR-116;PALHANO;12;4;SEGUNDA-FEIRA;0;0;8;06H-08H;MANHA;PLENO DIA;TRANSITAR NA CONTRAMÃO;COLISÃO FRONTAL;CÉU CLARO;SIMPLES;"RETA;ACLIVE";NÃO;1
TO;BR-153;MIRANORTE;12;4;SEGUNDA-FEIRA;0;0;7;06H-08H;MANHA;PLENO DIA;TRANSITAR NO ACOSTAMENTO;ATROPELAMENTO DE PEDESTRE;CÉU CLARO;DUPLA;"RETA;ACLIVE";SIM;1
RJ;BR-101;ITAGUAI;12;4;SEGUNDA-FEIRA;0;0;8;06H-08H;MANHA;PLENO DIA;CONDUTOR DEIXOU DE MANTER DISTÂNCIA DO VEÍCULO DA FRENTE;COLISÃO TRASEIRA;CÉU CLARO;MÚLTIPLA;RETA;SIM;0
MT;BR-070;BARRA DO GARCAS;12;4;SEGUNDA-FEIRA;0;0;10;09H-11H;MANHA;PLENO DIA;ULTRAPASSAGEM INDEVIDA;COLISÃO LATERAL MESMO SENTIDO;SOL;SIMPLES;RETA;NÃO;0
SC;BR-282;XAXIM;12;4;SEGUNDA-FEIRA;0;0;9;09H-11H;MANHA;PLENO DIA;VELOCIDADE INCOMPATÍVEL;COLISÃO TRASEIRA;SOL;SIMPLES;RETA;NÃO;0
MG;BR-262;ARAXA;12;4;SEGUNDA-FEIRA;0;0;12;12H-14H;TARDE;PLENO DIA;DEMAIS FALHAS MECÂNICAS OU ELÉTRICAS;CAPOTAMENTO;CÉU CLARO;SIMPLES;CURVA;NÃO;0
SC;BR-282;BOM RETIRO;12;4;SEGUNDA-FEIRA;0;0;9;09H-11H;MANHA;PLENO DIA;VELOCIDADE INCOMPATÍVEL;SAÍDA DE LEITO CARROÇÁVEL;NUBLADO;SIMPLES;"DECLIVE;CURVA";NÃO;0
MT;BR-364;SANTO ANTONIO DO LEVERGER;11;4;SÁBADO;5;1;1;00H-02H;MADRUGADA;PLENA NOITE;AUSÊNCIA DE REAÇÃO DO CONDUTOR;SAÍDA DE LEITO CARROÇÁVEL;CÉU CLARO;DUPLA;RETA;NÃO;0
DF;BR-080;BRASILIA;10;4;DOMINGO;6;1;9;09H-11H;MANHA;PLENO DIA;ULTRAPASSAGEM INDEVIDA;QUEDA DE OCUPANTE DE VEÍCULO;CÉU CLARO;SIMPLES;"RETA;ACLIVE";SIM;1
PA;BR-163;ALTAMIRA;12;4;SEGUNDA-FEIRA;0;0;10;09H-11H;MANHA;PLENO DIA;MAL SÚBITO DO CONDUTOR;EVENTOS ATÍPICOS;CÉU CLARO;SIMPLES;RETA;NÃO;0
PR;BR-277;CANDOI;12;4;SEGUNDA-FEIRA;0;0;12;12H-14H;TARDE;PLENO DIA;CURVA ACENTUADA;TOMBAMENTO;CÉU CLARO;SIMPLES;"CURVA;DECLIVE";NÃO;0
RS;BR-101;OSORIO;12;4;SEGUNDA-FEIRA;0;0;15;15H-17H;TARDE;PLENO DIA;CONDUTOR DORMINDO;COLISÃO TRASEIRA;GAROA/CHUVISCO;DUPLA;RETA;SIM;0
RS;BR-101;TORRES;12;4;SEGUNDA-FEIRA;0;0;15;15H-17H;TARDE;PLENO DIA;ACESSAR A VIA SEM OBSERVAR A PRESENÇA DOS OUTROS VEÍCULOS;ATROPELAMENTO DE PEDESTRE;CHUVA;SIMPLES;"CURVA;VIADUTO";SIM;0
BA;BR-324;CANDEIAS;12;4;SEGUNDA-FEIRA;0;0;12;12H-14H;TARDE;PLENO DIA;AUSÊNCIA DE SINALIZAÇÃO;COLISÃO TRASEIRA;CÉU CLARO;DUPLA;RETA;NÃO;0
MG;BR-040;JUIZ DE FORA;12;4;SEGUNDA-FEIRA;0;0;16;15H-17H;TARDE;PLENO DIA;MANOBRA DE MUDANÇA DE FAIXA;COLISÃO LATERAL MESMO SENTIDO;CÉU CLARO;SIMPLES;RETA;NÃO;0
MG;BR-116;SANTA BARBARA DO LESTE;12;4;SEGUNDA-FEIRA;0;0;15;15H-17H;TARDE;PLENO DIA;DEMAIS FALHAS MECÂNICAS OU ELÉTRICAS;TOMBAMENTO;CÉU CLARO;SIMPLES;"DECLIVE;CURVA";NÃO;0
SP;BR-116;SAO JOSE DOS CAMPOS;12;4;SEGUNDA-FEIRA;0;0;16;15H-17H;TARDE;PLENO DIA;REAÇÃO TARDIA OU INEFICIENTE DO CONDUTOR;ENGAVETAMENTO;CÉU CLARO;MÚLTIPLA;"RETA;DECLIVE";SIM;0
RJ;BR-116;ITATIAIA;12;4;SEGUNDA-FEIRA;0;0;16;15H-17H;TARDE;PLENO DIA;REAÇÃO TARDIA OU INEFICIENTE DO CONDUTOR;COLISÃO TRASEIRA;SOL;DUPLA;"EM OBRAS;RETA;DESVIO TEMPORÁRIO";NÃO;0
SC;BR-280;TRES BARRAS;12;4;SEGUNDA-FEIRA;0;0;15;15H-17H;TARDE;PLENO DIA;DEMAIS FALHAS MECÂNICAS OU ELÉTRICAS;SAÍDA DE LEITO CARROÇÁVEL;CÉU CLARO;SIMPLES;RETA;NÃO;0
MG;BR-381;ITATIAIUCU;12;4;SEGUNDA-FEIRA;0;0;16;15H-17H;TARDE;PLENO DIA;DEMAIS FALHAS MECÂNICAS OU ELÉTRICAS;INCÊNDIO;NUBLADO;DUPLA;"RETA;DECLIVE";NÃO;0
RJ;BR-116;NOVA IGUACU;12;4;SEGUNDA-FEIRA;0;0;17;15H-17H;TARDE;ANOITECER;ULTRAPASSAGEM INDEVIDA;COLISÃO TRANSVERSAL;CÉU CLARO;SIMPLES;RETA;SIM;0
SC;BR-101;ITAPEMA;12;4;SEGUNDA-FEIRA;0;0;14;12H-14H;TARDE;PLENO DIA;REAÇÃO TARDIA OU INEFICIENTE DO CONDUTOR;COLISÃO COM OBJETO;GAROA/CHUVISCO;MÚLTIPLA;RETA;SIM;0
MS;BR-262;MIRANDA;12;4;SEGUNDA-FEIRA;0;0;17;15H-17H;TARDE;PLENO DIA;AUSÊNCIA DE REAÇÃO DO CONDUTOR;TOMBAMENTO;CÉU CLARO;SIMPLES;RETA;NÃO;0
RJ;BR-493;MAGE;12;4;SEGUNDA-FEIRA;0;0;18;18H-20H;NOITE;PLENA NOITE;CONDUTOR DEIXOU DE MANTER DISTÂNCIA DO VEÍCULO DA FRENTE;COLISÃO TRASEIRA;CÉU CLARO;SIMPLES;RETA;SIM;0
GO;BR-050;CATALAO;12;4;SEGUNDA-FEIRA;0;0;19;18H-20H;NOITE;PLENA NOITE;ACESSO IRREGULAR;TOMBAMENTO;CÉU CLARO;DUPLA;"EM OBRAS;RETA";NÃO;0
RJ;BR-101;TANGUA;12;4;SEGUNDA-FEIRA;0;0;19;18H-20H;NOITE;PLENA NOITE;VELOCIDADE INCOMPATÍVEL;COLISÃO TRANSVERSAL;CÉU CLARO;DUPLA;RETA;SIM;0
MG;BR-262;MATIPO;12;4;SEGUNDA-FEIRA;0;0;18;18H-20H;NOITE;ANOITECER;TRANSITAR NA CONTRAMÃO;COLISÃO LATERAL SENTIDO OPOSTO;CÉU CLARO;SIMPLES;RETA;NÃO;0
MS;BR-163;CAMPO GRANDE;12;4;SEGUNDA-FEIRA;0;0;19;18H-20H;NOITE;PLENA NOITE;TRANSITAR NO ACOSTAMENTO;COLISÃO LATERAL MESMO SENTIDO;CHUVA;SIMPLES;RETA;SIM;0
PR;BR-376;MARIALVA;10;4;SEXTA-FEIRA;4;0;20;18H-20H;NOITE;PLENA NOITE;ACESSAR A VIA SEM OBSERVAR A PRESENÇA DOS OUTROS VEÍCULOS;COLISÃO LATERAL MESMO SENTIDO;NUBLADO;DUPLA;"RETA;INTERSEÇÃO DE VIAS";NÃO;0
DF;BR-020;BRASILIA;12;4;SEGUNDA-FEIRA;0;0;20;18H-20H;NOITE;PLENA NOITE;ACESSAR A VIA SEM OBSERVAR A PRESENÇA DOS OUTROS VEÍCULOS;ATROPELAMENTO DE PEDESTRE;CÉU CLARO;DUPLA;RETA;NÃO;1
MG;BR-381;ITAGUARA;12;4;SEGUNDA-FEIRA;0;0;19;18H-20H;NOITE;PLENA NOITE;REAÇÃO TARDIA OU INEFICIENTE DO CONDUTOR;COLISÃO COM OBJETO;CHUVA;DUPLA;"ACLIVE;RETA";NÃO;0
PR;BR-376;MARILANDIA DO SUL;12;4;SEGUNDA-FEIRA;0;0;20;18H-20H;NOITE;PLENA NOITE;REAÇÃO TARDIA OU INEFICIENTE DO CONDUTOR;COLISÃO TRASEIRA;GAROA/CHUVISCO;DUPLA;"ACLIVE;RETA";NÃO;0
BA;BR-330;JEQUIE;12;4;SEGUNDA-FEIRA;0;0;18;18H-20H;NOITE;PLENA NOITE;PEDESTRE ANDAVA NA PISTA;ATROPELAMENTO DE PEDESTRE;NUBLADO;SIMPLES;RETA;NÃO;0
MT;BR-364;CAMPO VERDE;12;4;SEGUNDA-FEIRA;0;0;18;18H-20H;NOITE;PLENA NOITE;INGESTÃO DE ÁLCOOL PELO CONDUTOR;COLISÃO TRASEIRA;CÉU CLARO;DUPLA;RETA;NÃO;0
PR;BR-163;CAPITAO LEONIDAS MARQUES;12;4;SEGUNDA-FEIRA;0;0;19;18H-20H;NOITE;PLENA NOITE;AUSÊNCIA DE REAÇÃO DO CONDUTOR;SAÍDA DE LEITO CARROÇÁVEL;NUBLADO;SIMPLES;RETA;NÃO;0
MG;BR-040;JOAO PINHEIRO;12;4;SEGUNDA-FEIRA;0;0;20;18H-20H;NOITE;PLENA NOITE;VELOCIDADE INCOMPATÍVEL;SAÍDA DE LEITO CARROÇÁVEL;NUBLADO;SIMPLES;RETA;NÃO;0
MG;BR-050;ARAGUARI;12;4;SEGUNDA-FEIRA;0;0;17;15H-17H;TARDE;PLENO DIA;VELOCIDADE INCOMPATÍVEL;COLISÃO TRASEIRA;SOL;DUPLA;RETA;NÃO;0
MG;BR-050;UBERLANDIA;12;4;SEGUNDA-FEIRA;0;0;17;15H-17H;TARDE;PLENO DIA;AUSÊNCIA DE REAÇÃO DO CONDUTOR;COLISÃO TRASEIRA;CÉU CLARO;DUPLA;RETA;SIM;0
SC;BR-101;GOVERNADOR CELSO RAMOS;12;4;SEGUNDA-FEIRA;0;0;23;21H-23H;NOITE;PLENA NOITE;AUSÊNCIA DE REAÇÃO DO CONDUTOR;ENGAVETAMENTO;CHUVA;DUPLA;RETA;NÃO;1
PR;BR-153;JAPIRA;12;4;SEGUNDA-FEIRA;0;0;14;12H-14H;TARDE;PLENO DIA;ACESSAR A VIA SEM OBSERVAR A PRESENÇA DOS OUTROS VEÍCULOS;COLISÃO TRANSVERSAL;CÉU CLARO;SIMPLES;CURVA;NÃO;0
RS;BR-116;JAGUARAO;12;4;SEGUNDA-FEIRA;0;0;23;21H-23H;NOITE;PLENA NOITE;DESRESPEITAR A PREFERÊNCIA NO CRUZAMENTO;COLISÃO TRANSVERSAL;CÉU CLARO;SIMPLES;RETA;NÃO;0
MG;BR-381;POUSO ALEGRE;12;4;SEGUNDA-FEIRA;0;0;23;21H-23H;NOITE;PLENA NOITE;AUSÊNCIA DE REAÇÃO DO CONDUTOR;COLISÃO TRASEIRA;NUBLADO;DUPLA;RETA;NÃO;1
PR;BR-277;GUARAPUAVA;12;4;SEGUNDA-FEIRA;0;0;20;18H-20H;NOITE;PLENA NOITE;VELOCIDADE INCOMPATÍVEL;COLISÃO LATERAL SENTIDO OPOSTO;CHUVA;SIMPLES;"RETA;ACLIVE";NÃO;1
RJ;BR-101;ITABORAI;12;4;TERÇA-FEIRA;1;0;0;00H-02H;MADRUGADA;PLENA NOITE;AUSÊNCIA DE REAÇÃO DO CONDUTOR;TOMBAMENTO;CHUVA;DUPLA;"DECLIVE;CURVA;VIADUTO";SIM;0
BA;BR-242;LAJEDINHO;12;4;SEGUNDA-FEIRA;0;0;22;21H-23H;NOITE;PLENA NOITE;REAÇÃO TARDIA OU INEFICIENTE DO CONDUTOR;SAÍDA DE LEITO CARROÇÁVEL;CÉU CLARO;SIMPLES;RETA;NÃO;1
PI;BR-316;TERESINA;12;4;TERÇA-FEIRA;1;0;2;00H-02H;MADRUGADA;PLENA NOITE;CONDUTOR DESRESPEITOU A ILUMINAÇÃO VERMELHA DO SEMÁFORO;COLISÃO TRANSVERSAL;NUBLADO;MÚLTIPLA;"VIADUTO;INTERSEÇÃO DE VIAS";SIM;0
SP;BR-116;CACAPAVA;12;4;TERÇA-FEIRA;1;0;3;03H-05H;MADRUGADA;AMANHECER;PEDESTRE ANDAVA NA PISTA;ATROPELAMENTO DE PEDESTRE;CHUVA;DUPLA;RETA;SIM;1
MG;BR-050;UBERABA;12;4;TERÇA-FEIRA;1;0;4;03H-05H;MADRUGADA;AMANHECER;CONDUTOR DORMINDO;SAÍDA DE LEITO CARROÇÁVEL;GAROA/CHUVISCO;DUPLA;RETA;NÃO;0
PR;BR-376;MARINGA;12;4;TERÇA-FEIRA;1;0;4;03H-05H;MADRUGADA;AMANHECER;VELOCIDADE INCOMPATÍVEL;TOMBAMENTO;CÉU CLARO;DUPLA;CURVA;SIM;0
GO;BR-153;GOIATUBA;12;4;TERÇA-FEIRA;1;0;5;03H-05H;MADRUGADA;PLENA NOITE;REAÇÃO TARDIA OU INEFICIENTE DO CONDUTOR;COLISÃO TRASEIRA;GAROA/CHUVISCO;DUPLA;RETA;NÃO;0
SC;BR-470;IBIRAMA;12;4;TERÇA-FEIRA;1;0;6;06H-08H;MANHA;PLENO DIA;VELOCIDADE INCOMPATÍVEL;COLISÃO FRONTAL;NUBLADO;SIMPLES;RETA;NÃO;0
BA;BR-116;PLANALTO;12;4;TERÇA-FEIRA;1;0;1;00H-02H;MADRUGADA;PLENA NOITE;CONDUTOR DORMINDO;SAÍDA DE LEITO CARROÇÁVEL;IGNORADO;SIMPLES;CURVA;NÃO;0
SC;BR-101;SANGAO;12;4;TERÇA-FEIRA;1;0;4;03H-05H;MADRUGADA;PLENA NOITE;CONDUTOR DORMINDO;SAÍDA DE LEITO CARROÇÁVEL;CÉU CLARO;DUPLA;RETA;NÃO;0
RJ;BR-040;TRES RIOS;12;4;SEGUNDA-FEIRA;0;0;22;21H-23H;NOITE;PLENA NOITE;CONDUTOR DORMINDO;COLISÃO TRASEIRA;CÉU CLARO;DUPLA;RETA;SIM;0
SC;BR-282;VARGEM BONITA;12;4;TERÇA-FEIRA;1;0;8;06H-08H;MANHA;PLENO DIA;CONDUTOR DEIXOU DE MANTER DISTÂNCIA DO VEÍCULO DA FRENTE;ENGAVETAMENTO;NUBLADO;SIMPLES;ROTATÓRIA;SIM;0
PR;BR-116;SAO JOSE DOS PINHAIS;12;4;TERÇA-FEIRA;1;0;8;06H-08H;MANHA;PLENO DIA;AUSÊNCIA DE REAÇÃO DO CONDUTOR;COLISÃO LATERAL MESMO SENTIDO;NUBLADO;DUPLA;"ACLIVE;RETA";NÃO;0
MG;BR-365;GURINHATA;12;4;TERÇA-FEIRA;1;0;8;06H-08H;MANHA;PLENO DIA;ACESSAR A VIA SEM OBSERVAR A PRESENÇA DOS OUTROS VEÍCULOS;COLISÃO TRANSVERSAL;CÉU CLARO;SIMPLES;RETA;SIM;0
SC;BR-280;TRES BARRAS;12;4;TERÇA-FEIRA;1;0;6;06H-08H;MANHA;PLENO DIA;ACESSAR A VIA SEM OBSERVAR A PRESENÇA DOS OUTROS VEÍCULOS;COLISÃO LATERAL MESMO SENTIDO;NUBLADO;SIMPLES;RETA;NÃO;0
PR;BR-277;PARANAGUA;12;4;TERÇA-FEIRA;1;0;9;09H-11H;MANHA;PLENO DIA;CONDUTOR DEIXOU DE MANTER DISTÂNCIA DO VEÍCULO DA FRENTE;COLISÃO TRASEIRA;NUBLADO;DUPLA;RETA;SIM;0
BA;BR-101;WENCESLAU GUIMARAES;12;4;TERÇA-FEIRA;1;0;9;09H-11H;MANHA;PLENO DIA;VELOCIDADE INCOMPATÍVEL;COLISÃO TRASEIRA;CÉU CLARO;SIMPLES;RETA;NÃO;0
MG;BR-381;SANTO ANTONIO DO AMPARO;12;4;TERÇA-FEIRA;1;0;9;09H-11H;MANHA;PLENO DIA;REAÇÃO TARDIA OU INEFICIENTE DO CONDUTOR;SAÍDA DE LEITO CARROÇÁVEL;CÉU CLARO;DUPLA;"CURVA;DECLIVE";NÃO;0
BA;BR-410;RIBEIRA DO POMBAL;12;4;TERÇA-FEIRA;1;0;12;12H-14H;TARDE;PLENO DIA;ULTRAPASSAGEM INDEVIDA;COLISÃO LATERAL MESMO SENTIDO;CÉU CLARO;SIMPLES;RETA;NÃO;0
SC;BR-101;BIGUACU;12;4;TERÇA-FEIRA;1;0;11;09H-11H;MANHA;PLENO DIA;REAÇÃO TARDIA OU INEFICIENTE DO CONDUTOR;COLISÃO TRASEIRA;CÉU CLARO;DUPLA;CURVA;NÃO;0
RJ;BR-101;NITEROI;11;4;SEXTA-FEIRA;4;0;15;15H-17H;TARDE;PLENO DIA;AUSÊNCIA DE REAÇÃO DO CONDUTOR;COLISÃO TRASEIRA;CÉU CLARO;MÚLTIPLA;"PONTE;RETA";NÃO;0
SP;BR-116;JACUPIRANGA;12;4;TERÇA-FEIRA;1;0;14;12H-14H;TARDE;PLENO DIA;REAÇÃO TARDIA OU INEFICIENTE DO CONDUTOR;COLISÃO COM OBJETO;CHUVA;DUPLA;RETA;NÃO;0