uf;br_formatada;municipio;mes;trimestre;dia_semana;dia_semana_num;fim_de_semana;hora;faixa_horaria;turno;fase_dia;causa_acidente;tipo_acidente;condicao_metereologica;tipo_pista;tracado_via;uso_solo;acidente_fatal
MG;BR-050;UBERABA;1;1;QUARTA-FEIRA;2;0;14;12H-14H;TARDE;PLENO DIA;DEMAIS FALHAS MECÂNICAS OU ELÉTRICAS;INCÊNDIO;SOL;DUPLA;RETA;NÃO;0
PR;BR-369;BANDEIRANTES;1;1;QUARTA-FEIRA;2;0;13;12H-14H;TARDE;PLENO DIA;CONDUTOR DESRESPEITOU A ILUMINAÇÃO VERMELHA DO SEMÁFORO;QUEDA DE OCUPANTE DE VEÍCULO;NUBLADO;SIMPLES;"INTERSEÇÃO DE VIAS;RETA";SIM;1
RO;BR-364;CANDEIAS DO JAMARI;1;1;QUARTA-FEIRA;2;0;13;12H-14H;TARDE;PLENO DIA;INGESTÃO DE ÁLCOOL PELO CONDUTOR;COLISÃO COM OBJETO;CHUVA;DUPLA;RETA;SIM;0
BA;BR-101;ESPLANADA;1;1;QUARTA-FEIRA;2;0;13;12H-14H;TARDE;PLENO DIA;VELOCIDADE INCOMPATÍVEL;CAPOTAMENTO;CÉU CLARO;DUPLA;"EM OBRAS;CURVA";NÃO;0
SC;BR-282;CAMPOS NOVOS;1;1;QUARTA-FEIRA;2;0;14;12H-14H;TARDE;PLENO DIA;MANOBRA DE MUDANÇA DE FAIXA;SAÍDA DE LEITO CARROÇÁVEL;GAROA/CHUVISCO;SIMPLES;"RETA;DECLIVE";NÃO;0
MG;BR-040;SETE LAGOAS;1;1;QUARTA-FEIRA;2;0;13;12H-14H;TARDE;PLENO DIA;PISTA ESBURACADA;SAÍDA DE LEITO CARROÇÁVEL;CÉU CLARO;DUPLA;"RETA;DECLIVE";NÃO;0
CE;BR-222;SAO GONCALO DO AMARANTE;1;1;QUARTA-FEIRA;2;0;14;12H-14H;TARDE;PLENO DIA;CONVERSÃO PROIBIDA;COLISÃO LATERAL MESMO SENTIDO;CÉU CLARO;SIMPLES;CURVA;NÃO;0
PA;BR-230;MARABA;1;1;QUARTA-FEIRA;2;0;14;12H-14H;TARDE;PLENO DIA;ACESSO IRREGULAR;COLISÃO TRANSVERSAL;CÉU CLARO;DUPLA;RETA;NÃO;0
ES;BR-262;IBATIBA;1;1;QUARTA-FEIRA;2;0;12;12H-14H;TARDE;PLENO DIA;REAÇÃO TARDIA OU INEFICIENTE DO CONDUTOR;COLISÃO COM OBJETO;NUBLADO;SIMPLES;RETA;NÃO;0
RJ;BR-116;MAGE;1;1;QUARTA-FEIRA;2;0;13;12H-14H;TARDE;PLENO DIA;CONDUTOR DEIXOU DE MANTER DISTÂNCIA DO VEÍCULO DA FRENTE;TOMBAMENTO;NUBLADO;DUPLA;CURVA;NÃO;0
BA;BR-101;NOVA VICOSA;1;1;QUARTA-FEIRA;2;0;13;12H-14H;TARDE;PLENO DIA;REAÇÃO TARDIA OU INEFICIENTE DO CONDUTOR;COLISÃO LATERAL SENTIDO OPOSTO;NUBLADO;SIMPLES;RETA;NÃO;0
GO;BR-060;VARJAO;1;1;QUARTA-FEIRA;2;0;13;12H-14H;TARDE;PLENO DIA;AUSÊNCIA DE REAÇÃO DO CONDUTOR;QUEDA DE OCUPANTE DE VEÍCULO;CÉU CLARO;DUPLA;RETA;NÃO;0
PB;BR-230;CABEDELO;1;1;QUARTA-FEIRA;2;0;14;12H-14H;TARDE;PLENO DIA;ACOSTAMENTO EM DESNÍVEL;TOMBAMENTO;CÉU CLARO;SIMPLES;"RETA;EM OBRAS";SIM;0
PR;BR-277;CAMPO LARGO;1;1;QUARTA-FEIRA;2;0;14;12H-14H;TARDE;PLENO DIA;INGESTÃO DE ÁLCOOL PELO CONDUTOR;SAÍDA DE LEITO CARROÇÁVEL;CÉU CLARO;DUPLA;RETA;NÃO;0
PB;BR-101;SANTA RITA;1;1;QUARTA-FEIRA;2;0;15;15H-17H;TARDE;PLENO DIA;MANOBRA DE MUDANÇA DE FAIXA;COLISÃO TRASEIRA;CÉU CLARO;DUPLA;RETA;NÃO;0
RJ;BR-101;ANGRA DOS REIS;1;1;QUARTA-FEIRA;2;0;14;12H-14H;TARDE;PLENO DIA;AUSÊNCIA DE REAÇÃO DO CONDUTOR;COLISÃO TRASEIRA;NUBLADO;SIMPLES;RETA;SIM;0
PR;BR-376;TIBAGI;1;1;QUARTA-FEIRA;2;0;15;15H-17H;TARDE;PLENO DIA;DEMAIS FALHAS MECÂNICAS OU ELÉTRICAS;COLISÃO COM OBJETO;NUBLADO;DUPLA;CURVA;NÃO;0
MS;BR-163;COXIM;1;1;QUARTA-FEIRA;2;0;15;15H-17H;TARDE;PLENO DIA;DEMAIS FALHAS MECÂNICAS OU ELÉTRICAS;TOMBAMENTO;CÉU CLARO;SIMPLES;ACLIVE;NÃO;0
MG;BR-381;NOVA UNIAO;1;1;QUARTA-FEIRA;2;0;14;12H-14H;TARDE;PLENO DIA;PISTA ESCORREGADIA;SAÍDA DE LEITO CARROÇÁVEL;CHUVA;DUPLA;"RETA;DECLIVE";NÃO;0
CE;BR-116;CHOROZINHO;1;1;QUARTA-FEIRA;2;0;15;15H-17H;TARDE;PLENO DIA;CONDUTOR DEIXOU DE MANTER DISTÂNCIA DO VEÍCULO DA FRENTE;ENGAVETAMENTO;CÉU CLARO;SIMPLES;RETA;NÃO;0
MG;BR-381;ITAGUARA;1;1;QUARTA-FEIRA;2;0;16;15H-17H;TARDE;PLENO DIA;PEDESTRE ANDAVA NA PISTA;ATROPELAMENTO DE PEDESTRE;CÉU CLARO;DUPLA;RETA;SIM;1
RJ;BR-116;QUEIMADOS;1;1;QUARTA-FEIRA;2;0;16;15H-17H;TARDE;PLENO DIA;ACESSO IRREGULAR;ATROPELAMENTO DE PEDESTRE;CÉU CLARO;DUPLA;RETA;SIM;0
RN;BR-304;ITAJA;1;1;QUARTA-FEIRA;2;0;13;12H-14H;TARDE;PLENO DIA;INGESTÃO DE ÁLCOOL PELO CONDUTOR;SAÍDA DE LEITO CARROÇÁVEL;CÉU CLARO;SIMPLES;"PONTE;RETA";NÃO;0
SC;BR-101;PALHOCA;1;1;QUARTA-FEIRA;2;0;16;15H-17H;TARDE;PLENO DIA;MANOBRA DE MUDANÇA DE FAIXA;COLISÃO LATERAL MESMO SENTIDO;NUBLADO;DUPLA;DECLIVE;NÃO;0
MG;BR-262;CAMPOS ALTOS;1;1;QUARTA-FEIRA;2;0;16;15H-17H;TARDE;PLENO DIA;AUSÊNCIA DE REAÇÃO DO CONDUTOR;QUEDA DE OCUPANTE DE VEÍCULO;CÉU CLARO;SIMPLES;"RETORNO REGULAMENTADO;INTERSEÇÃO DE VIAS;ROTATÓRIA";NÃO;0
PE;BR-101;IGARASSU;1;1;QUARTA-FEIRA;2;0;15;15H-17H;TARDE;PLENO DIA;TRAFEGAR COM MOTOCICLETA (OU SIMILAR) ENTRE AS FAIXAS;COLISÃO LATERAL MESMO SENTIDO;CÉU CLARO;MÚLTIPLA;RETA;SIM;0
RS;BR-158;SANTANA DO LIVRAMENTO;1;1;QUARTA-FEIRA;2;0;14;12H-14H;TARDE;PLENO DIA;AUSÊNCIA DE REAÇÃO DO CONDUTOR;COLISÃO COM OBJETO;CÉU CLARO;SIMPLES;"DECLIVE;RETA";NÃO;0
SC;BR-280;ARAQUARI;1;1;QUARTA-FEIRA;2;0;15;15H-17H;TARDE;PLENO DIA;REAÇÃO TARDIA OU INEFICIENTE DO CONDUTOR;COLISÃO TRASEIRA;NUBLADO;SIMPLES;RETA;NÃO;0
RJ;BR-116;VOLTA REDONDA;1;1;QUARTA-FEIRA;2;0;16;15H-17H;TARDE;PLENO DIA;DEMAIS FALHAS MECÂNICAS OU ELÉTRICAS;QUEDA DE OCUPANTE DE VEÍCULO;NUBLADO;DUPLA;RETA;NÃO;0
PI;BR-316;TERESINA;1;1;QUARTA-FEIRA;2;0;16;15H-17H;TARDE;PLENO DIA;DESRESPEITAR A PREFERÊNCIA NO CRUZAMENTO;COLISÃO TRANSVERSAL;SOL;DUPLA;ROTATÓRIA;SIM;0
CE;BR-116;FORTALEZA;1;1;QUARTA-FEIRA;2;0;17;15H-17H;TARDE;ANOITECER;CONDUTOR DEIXOU DE MANTER DISTÂNCIA DO VEÍCULO DA FRENTE;COLISÃO TRASEIRA;CÉU CLARO;DUPLA;RETA;SIM;0
SP;BR-116;BARRA DO TURVO;1;1;QUARTA-FEIRA;2;0;17;15H-17H;TARDE;ANOITECER;ACUMULO DE ÁGUA SOBRE O PAVIMENTO;COLISÃO COM OBJETO;CHUVA;SIMPLES;CURVA;NÃO;0
MG;BR-262;MANHUACU;1;1;QUARTA-FEIRA;2;0;14;12H-14H;TARDE;PLENO DIA;DEMAIS FALHAS MECÂNICAS OU ELÉTRICAS;INCÊNDIO;NUBLADO;SIMPLES;RETA;NÃO;0
PR;BR-476;ARAUCARIA;1;1;QUARTA-FEIRA;2;0;17;15H-17H;TARDE;PLENO DIA;ACESSAR A VIA SEM OBSERVAR A PRESENÇA DOS OUTROS VEÍCULOS;COLISÃO FRONTAL;NUBLADO;SIMPLES;RETA;SIM;0
MG;BR-381;CAMBUI;1;1;QUARTA-FEIRA;2;0;17;15H-17H;TARDE;PLENO DIA;AUSÊNCIA DE REAÇÃO DO CONDUTOR;SAÍDA DE LEITO CARROÇÁVEL;CHUVA;DUPLA;CURVA;NÃO;0
PR;BR-277;MATELANDIA;1;1;QUARTA-FEIRA;2;0;14;12H-14H;TARDE;PLENO DIA;AUSÊNCIA DE REAÇÃO DO CONDUTOR;COLISÃO COM OBJETO;CÉU CLARO;DUPLA;"ACLIVE;CURVA";NÃO;0
CE;BR-020;CAUCAIA;1;1;QUARTA-FEIRA;2;0;16;15H-17H;TARDE;PLENO DIA;ULTRAPASSAGEM INDEVIDA;COLISÃO FRONTAL;CÉU CLARO;SIMPLES;RETA;NÃO;0
PR;BR-277;SAO JOSE DOS PINHAIS;1;1;QUARTA-FEIRA;2;0;17;15H-17H;TARDE;PLENO DIA;CONDUTOR DEIXOU DE MANTER DISTÂNCIA DO VEÍCULO DA FRENTE;ENGAVETAMENTO;CHUVA;DUPLA;RETA;SIM;0
BA;BR-324;SIMOES FILHO;1;1;QUARTA-FEIRA;2;0;17;15H-17H;TARDE;PLENO DIA;MANOBRA DE MUDANÇA DE FAIXA;COLISÃO TRASEIRA;CÉU CLARO;DUPLA;"INTERSEÇÃO DE VIAS;RETA";SIM;0
PR;BR-116;CAMPINA GRANDE DO SUL;1;1;QUARTA-FEIRA;2;0;16;15H-17H;TARDE;PLENO DIA;VELOCIDADE INCOMPATÍVEL;COLISÃO TRASEIRA;NUBLADO;DUPLA;RETA;NÃO;0
RS;BR-290;GLORINHA;1;1;QUARTA-FEIRA;2;0;17;15H-17H;TARDE;PLENO DIA;AUSÊNCIA DE REAÇÃO DO CONDUTOR;SAÍDA DE LEITO CARROÇÁVEL;GAROA/CHUVISCO;DUPLA;RETA;NÃO;0
RS;BR-290;GLORINHA;1;1;QUARTA-FEIRA;2;0;17;15H-17H;TARDE;PLENO DIA;MANOBRA DE MUDANÇA DE FAIXA;COLISÃO LATERAL MESMO SENTIDO;CHUVA;DUPLA;RETA;NÃO;0
RO;BR-174;VILHENA;1;1;QUARTA-FEIRA;2;0;14;12H-14H;TARDE;PLENO DIA;VELOCIDADE INCOMPATÍVEL;COLISÃO LATERAL MESMO SENTIDO;NUBLADO;DUPLA;"RETA;INTERSEÇÃO DE VIAS";SIM;0
DF;BR-020;BRASILIA;1;1;QUARTA-FEIRA;2;0;11;09H-11H;MANHA;PLENO DIA;REAÇÃO TARDIA OU INEFICIENTE DO CONDUTOR;SAÍDA DE LEITO CARROÇÁVEL;NUBLADO;DUPLA;"DECLIVE;RETA";SIM;0
RJ;BR-101;NITEROI;1;1;QUARTA-FEIRA;2;0;17;15H-17H;TARDE;ANOITECER;AUSÊNCIA DE REAÇÃO DO CONDUTOR;COLISÃO LATERAL MESMO SENTIDO;CÉU CLARO;DUPLA;RETA;SIM;0
PB;BR-230;INGA;1;1;QUARTA-FEIRA;2;0;16;15H-17H;TARDE;PLENO DIA;CONDUTOR DEIXOU DE MANTER DISTÂNCIA DO VEÍCULO DA FRENTE;COLISÃO TRASEIRA;CÉU CLARO;DUPLA;CURVA;NÃO;0
MG;BR-116;GOVERNADOR VALADARES;1;1;QUARTA-FEIRA;2;0;14;12H-14H;TARDE;PLENO DIA;ACESSAR A VIA SEM OBSERVAR A PRESENÇA DOS OUTROS VEÍCULOS;COLISÃO TRASEIRA;NUBLADO;SIMPLES;RETA;SIM;0
SC;BR-101;ITAJAI;1;1;QUARTA-FEIRA;2;0;18;18H-20H;NOITE;ANOITECER;AVARIAS E/OU DESGASTE EXCESSIVO NO PNEU;TOMBAMENTO;NUBLADO;DUPLA;RETA;NÃO;0
ES;BR-101;CARIACICA;1;1;QUARTA-FEIRA;2;0;18;18H-20H;NOITE;PLENA NOITE;DEMAIS FALHAS MECÂNICAS OU ELÉTRICAS;COLISÃO COM OBJETO;NUBLADO;DUPLA;RETA;SIM;0
PR;BR-369;CORNELIO PROCOPIO;1;1;QUARTA-FEIRA;2;0;17;15H-17H;TARDE;PLENO DIA;FALTA DE ELEMENTO DE CONTENÇÃO QUE EVITE A SAÍDA DO LEITO CARROÇÁVEL;SAÍDA DE LEITO CARROÇÁVEL;CHUVA;SIMPLES;"RETA;DECLIVE";SIM;0
SC;BR-280;SAO FRANCISCO DO SUL;1;1;QUARTA-FEIRA;2;0;18;18H-20H;NOITE;PLENO DIA;ACESSAR A VIA SEM OBSERVAR A PRESENÇA DOS OUTROS VEÍCULOS;COLISÃO TRANSVERSAL;NUBLADO;SIMPLES;RETA;NÃO;0
MG;BR-040;BARBACENA;1;1;QUARTA-FEIRA;2;0;18;18H-20H;NOITE;PLENA NOITE;REAÇÃO TARDIA OU INEFICIENTE DO CONDUTOR;COLISÃO TRASEIRA;CHUVA;DUPLA;RETA;SIM;0
PR;BR-277;PALMEIRA;1;1;QUARTA-FEIRA;2;0;17;15H-17H;TARDE;PLENO DIA;VELOCIDADE INCOMPATÍVEL;SAÍDA DE LEITO CARROÇÁVEL;NUBLADO;SIMPLES;CURVA;NÃO;0
RN;BR-226;NATAL;1;1;QUARTA-FEIRA;2;0;18;18H-20H;NOITE;PLENA NOITE;PEDESTRE ANDAVA NA PISTA;ATROPELAMENTO DE PEDESTRE;CÉU CLARO;SIMPLES;RETA;SIM;0
MG;BR-040;CONSELHEIRO LAFAIETE;1;1;QUARTA-FEIRA;2;0;17;15H-17H;TARDE;PLENO DIA;AUSÊNCIA DE REAÇÃO DO CONDUTOR;COLISÃO LATERAL SENTIDO OPOSTO;CÉU CLARO;SIMPLES;RETA;SIM;0
MG;BR-365;MONTE ALEGRE DE MINAS;1;1;QUARTA-FEIRA;2;0;19;18H-20H;NOITE;PLENA NOITE;PEDESTRE CRUZAVA A PISTA FORA DA FAIXA;ATROPELAMENTO DE PEDESTRE;NUBLADO;DUPLA;RETA;NÃO;0
CE;BR-116;CHOROZINHO;1;1;QUARTA-FEIRA;2;0;18;18H-20H;NOITE;ANOITECER;TRANSITAR NA CONTRAMÃO;COLISÃO LATERAL SENTIDO OPOSTO;CÉU CLARO;SIMPLES;RETA;NÃO;1
PR;BR-277;MORRETES;1;1;QUARTA-FEIRA;2;0;19;18H-20H;NOITE;PLENA NOITE;CHUVA;TOMBAMENTO;CHUVA;DUPLA;RETA;NÃO;0
SC;BR-280;SAO BENTO DO SUL;1;1;QUARTA-FEIRA;2;0;13;12H-14H;TARDE;PLENO DIA;CHUVA;QUEDA DE OCUPANTE DE VEÍCULO;CHUVA;SIMPLES;"ACLIVE;CURVA";NÃO;0
PR;BR-277;CASCAVEL;1;1;QUARTA-FEIRA;2;0;19;18H-20H;NOITE;ANOITECER;INGESTÃO DE ÁLCOOL PELO CONDUTOR;COLISÃO COM OBJETO;CÉU CLARO;MÚLTIPLA;"INTERSEÇÃO DE VIAS;VIADUTO;ROTATÓRIA;CURVA";SIM;0
RJ;BR-101;ANGRA DOS REIS;1;1;QUARTA-FEIRA;2;0;19;18H-20H;NOITE;PLENO DIA;CONDUTOR DEIXOU DE MANTER DISTÂNCIA DO VEÍCULO DA FRENTE;COLISÃO TRASEIRA;NUBLADO;SIMPLES;PONTE;NÃO;0
BA;BR-116;VITORIA DA CONQUISTA;1;1;QUARTA-FEIRA;2;0;19;18H-20H;NOITE;PLENA NOITE;ACESSO IRREGULAR;COLISÃO COM OBJETO;NUBLADO;DUPLA;RETA;SIM;0
SE;BR-101;SAO CRISTOVAO;1;1;QUARTA-FEIRA;2;0;19;18H-20H;NOITE;PLENA NOITE;INGESTÃO DE ÁLCOOL PELO CONDUTOR;COLISÃO COM OBJETO;CÉU CLARO;SIMPLES;"CURVA;RETORNO REGULAMENTADO";NÃO;0
RN;BR-101;NATAL;1;1;QUARTA-FEIRA;2;0;20;18H-20H;NOITE;PLENA NOITE;REAÇÃO TARDIA OU INEFICIENTE DO CONDUTOR;COLISÃO COM OBJETO;CÉU CLARO;DUPLA;"RETA;EM OBRAS;PONTE";SIM;0
ES;BR-262;CONCEICAO DO CASTELO;1;1;QUARTA-FEIRA;2;0;20;18H-20H;NOITE;PLENA NOITE;INGESTÃO DE ÁLCOOL PELO CONDUTOR;COLISÃO LATERAL SENTIDO OPOSTO;CHUVA;SIMPLES;CURVA;NÃO;0
PI;BR-316;DEMERVAL LOBAO;1;1;QUARTA-FEIRA;2;0;19;18H-20H;NOITE;PLENA NOITE;AUSÊNCIA DE REAÇÃO DO CONDUTOR;COLISÃO TRASEIRA;CÉU CLARO;DUPLA;RETA;SIM;0
MG;BR-116;ORIZANIA;1;1;QUARTA-FEIRA;2;0;20;18H-20H;NOITE;PLENA NOITE;PEDESTRE ANDAVA NA PISTA;ATROPELAMENTO DE PEDESTRE;GAROA/CHUVISCO;SIMPLES;"ACLIVE;RETA";NÃO;1
MT;BR-163;SORRISO;1;1;QUARTA-FEIRA;2;0;19;18H-20H;NOITE;PLENA NOITE;AUSÊNCIA DE REAÇÃO DO CONDUTOR;COLISÃO COM OBJETO;CÉU CLARO;DUPLA;"ROTATÓRIA;RETA";NÃO;0
BA;BR-367;PORTO SEGURO;1;1;QUARTA-FEIRA;2;0;19;18H-20H;NOITE;PLENA NOITE;ACESSO IRREGULAR;COLISÃO FRONTAL;CÉU CLARO;SIMPLES;RETA;SIM;0
RS;BR-290;GLORINHA;1;1;QUARTA-FEIRA;2;0;20;18H-20H;NOITE;PLENA NOITE;REAÇÃO TARDIA OU INEFICIENTE DO CONDUTOR;COLISÃO TRASEIRA;CHUVA;DUPLA;RETA;NÃO;0
SP;BR-116;BARRA DO TURVO;1;1;QUARTA-FEIRA;2;0;20;18H-20H;NOITE;PLENA NOITE;CHUVA;QUEDA DE OCUPANTE DE VEÍCULO;CHUVA;SIMPLES;"CURVA;DECLIVE";NÃO;0
MG;BR-251;SALINAS;1;1;QUARTA-FEIRA;2;0;16;15H-17H;TARDE;PLENO DIA;TRANSITAR NA CONTRAMÃO;COLISÃO FRONTAL;NUBLADO;SIMPLES;"CURVA;ACLIVE";NÃO;1
RS;BR-293;PIRATINI;1;1;QUARTA-FEIRA;2;0;19;18H-20H;NOITE;ANOITECER;AFUNDAMENTO OU ONDULAÇÃO NO PAVIMENTO;SAÍDA DE LEITO CARROÇÁVEL;IGNORADO;SIMPLES;DECLIVE;NÃO;0
PR;BR-277;PARANAGUA;1;1;QUARTA-FEIRA;2;0;19;18H-20H;NOITE;PLENA NOITE;AUSÊNCIA DE REAÇÃO DO CONDUTOR;TOMBAMENTO;GAROA/CHUVISCO;DUPLA;RETA;NÃO;0
SP;BR-101;UBATUBA;1;1;QUARTA-FEIRA;2;0;10;09H-11H;MANHA;PLENO DIA;ACESSO IRREGULAR;COLISÃO TRANSVERSAL;CÉU CLARO;SIMPLES;RETA;SIM;0
PR;BR-376;TIJUCAS DO SUL;1;1;QUARTA-FEIRA;2;0;21;21H-23H;NOITE;PLENA NOITE;MANOBRA DE MUDANÇA DE FAIXA;COLISÃO LATERAL MESMO SENTIDO;NUBLADO;DUPLA;DECLIVE;NÃO;0
SP;BR-101;UBATUBA;1;1;QUARTA-FEIRA;2;0;20;18H-20H;NOITE;PLENA NOITE;TRANSITAR NO ACOSTAMENTO;ATROPELAMENTO DE PEDESTRE;CÉU CLARO;SIMPLES;RETA;NÃO;0
PR;BR-116;CAMPINA GRANDE DO SUL;1;1;QUARTA-FEIRA;2;0;18;18H-20H;NOITE;AMANHECER;CHUVA;SAÍDA DE LEITO CARROÇÁVEL;CHUVA;DUPLA;RETA;NÃO;0
PR;BR-163;SANTA TEREZA DO OESTE;1;1;QUARTA-FEIRA;2;0;21;21H-23H;NOITE;PLENA NOITE;VELOCIDADE INCOMPATÍVEL;SAÍDA DE LEITO CARROÇÁVEL;CÉU CLARO;DUPLA;CURVA;NÃO;0
MG;BR-116;ITAOBIM;1;1;QUARTA-FEIRA;2;0;19;18H-20H;NOITE;PLENA NOITE;ACESSAR A VIA SEM OBSERVAR A PRESENÇA DOS OUTROS VEÍCULOS;COLISÃO TRASEIRA;IGNORADO;SIMPLES;INTERSEÇÃO DE VIAS;SIM;0
PE;BR-104;CARUARU;1;1;QUARTA-FEIRA;2;0;17;15H-17H;TARDE;ANOITECER;ULTRAPASSAGEM INDEVIDA;ATROPELAMENTO DE PEDESTRE;CÉU CLARO;SIMPLES;"ACLIVE;RETA";NÃO;0
PI;BR-343;TERESINA;1;1;QUARTA-FEIRA;2;0;20;18H-20H;NOITE;PLENA NOITE;ACESSAR A VIA SEM OBSERVAR A PRESENÇA DOS OUTROS VEÍCULOS;COLISÃO LATERAL SENTIDO OPOSTO;CÉU CLARO;SIMPLES;"RETA;INTERSEÇÃO DE VIAS";SIM;0
RS;BR-386;NOVA SANTA RITA;1;1;QUARTA-FEIRA;2;0;21;21H-23H;NOITE;PLENA NOITE;AUSÊNCIA DE REAÇÃO DO CONDUTOR;COLISÃO TRASEIRA;NUBLADO;DUPLA;RETA;NÃO;0
SC;BR-101;ARAQUARI;1;1;QUARTA-FEIRA;2;0;21;21H-23H;NOITE;PLENA NOITE;REAÇÃO TARDIA OU INEFICIENTE DO CONDUTOR;COLISÃO COM OBJETO;CHUVA;MÚLTIPLA;CURVA;NÃO;0
MT;BR-364;DIAMANTINO;1;1;QUARTA-FEIRA;2;0;20;18H-20H;NOITE;PLENA NOITE;REAÇÃO TARDIA OU INEFICIENTE DO CONDUTOR;SAÍDA DE LEITO CARROÇÁVEL;CÉU CLARO;DUPLA;RETA;NÃO;0
MT;BR-163;SORRISO;1;1;QUARTA-FEIRA;2;0;19;18H-20H;NOITE;PLENA NOITE;TRANSITAR NA CONTRAMÃO;QUEDA DE OCUPANTE DE VEÍCULO;CÉU CLARO;DUPLA;RETA;SIM;0
PR;BR-376;GUARATUBA;1;1;QUARTA-FEIRA;2;0;22;21H-23H;NOITE;PLENO DIA;VELOCIDADE INCOMPATÍVEL;CAPOTAMENTO;GAROA/CHUVISCO;DUPLA;"ACLIVE;CURVA";NÃO;0
MG;BR-040;TRES MARIAS;1;1;QUARTA-FEIRA;2;0;22;21H-23H;NOITE;PLENA NOITE;ACUMULO DE ÁGUA SOBRE O PAVIMENTO;SAÍDA DE LEITO CARROÇÁVEL;CHUVA;SIMPLES;CURVA;NÃO;0
PR;BR-369;BANDEIRANTES;1;1;QUARTA-FEIRA;2;0;19;18H-20H;NOITE;PLENA NOITE;CONDUTOR DESRESPEITOU A ILUMINAÇÃO VERMELHA DO SEMÁFORO;COLISÃO FRONTAL;CÉU CLARO;SIMPLES;"INTERSEÇÃO DE VIAS;RETA";SIM;0
RJ;BR-116;VOLTA REDONDA;1;1;QUARTA-FEIRA;2;0;17;15H-17H;TARDE;PLENO DIA;REAÇÃO TARDIA OU INEFICIENTE DO CONDUTOR;COLISÃO COM OBJETO;SOL;MÚLTIPLA;RETA;NÃO;0
RJ;BR-040;DUQUE DE CAXIAS;1;1;QUARTA-FEIRA;2;0;23;21H-23H;NOITE;PLENA NOITE;REAÇÃO TARDIA OU INEFICIENTE DO CONDUTOR;COLISÃO LATERAL MESMO SENTIDO;CÉU CLARO;MÚLTIPLA;RETA;SIM;0
PI;BR-316;GEMINIANO;1;1;QUARTA-FEIRA;2;0;17;15H-17H;TARDE;PLENO DIA;MANOBRA DE MUDANÇA DE FAIXA;COLISÃO LATERAL SENTIDO OPOSTO;CÉU CLARO;SIMPLES;RETA;NÃO;0
MS;BR-262;RIBAS DO RIO PARDO;1;1;QUARTA-FEIRA;2;0;22;21H-23H;NOITE;PLENA NOITE;ANIMAIS NA PISTA;ATROPELAMENTO DE ANIMAL;CÉU CLARO;SIMPLES;RETA;NÃO;1
PR;BR-277;SAO JOSE DOS PINHAIS;1;1;QUINTA-FEIRA;3;0;0;00H-02H;MADRUGADA;PLENA NOITE;VELOCIDADE INCOMPATÍVEL;SAÍDA DE LEITO CARROÇÁVEL;NUBLADO;DUPLA;RETA;NÃO;0
SC;BR-480;CHAPECO;1;1;QUARTA-FEIRA;2;0;23;21H-23H;NOITE;PLENA NOITE;AUSÊNCIA DE REAÇÃO DO CONDUTOR;SAÍDA DE LEITO CARROÇÁVEL;CHUVA;MÚLTIPLA;"ACLIVE;RETA";NÃO;0
PR;BR-153;TIBAGI;1;1;QUINTA-FEIRA;3;0;1;00H-02H;MADRUGADA;PLENA NOITE;REAÇÃO TARDIA OU INEFICIENTE DO CONDUTOR;SAÍDA DE LEITO CARROÇÁVEL;CÉU CLARO;SIMPLES;"INTERSEÇÃO DE VIAS;ROTATÓRIA";NÃO;0
SC;BR-101;ITAJAI;1;1;QUINTA-FEIRA;3;0;2;00H-02H;MADRUGADA;PLENA NOITE;DEFICIÊNCIA DO SISTEMA DE ILUMINAÇÃO/SINALIZAÇÃO;COLISÃO TRASEIRA;NUBLADO;DUPLA;RETA;NÃO;0
PI;BR-316;PICOS;1;1;QUINTA-FEIRA;3;0;3;03H-05H;MADRUGADA;PLENA NOITE;CONVERSÃO PROIBIDA;COLISÃO TRANSVERSAL;CÉU CLARO;SIMPLES;"INTERSEÇÃO DE VIAS;RETA";SIM;0
MG;BR-262;MANHUACU;1;1;QUINTA-FEIRA;3;0;4;03H-05H;MADRUGADA;AMANHECER;AUSÊNCIA DE REAÇÃO DO CONDUTOR;SAÍDA DE LEITO CARROÇÁVEL;CÉU CLARO;SIMPLES;RETA;SIM;0
RS;BR-470;BENTO GONCALVES;1;1;QUINTA-FEIRA;3;0;5;03H-05H;MADRUGADA;PLENO DIA;REAÇÃO TARDIA OU INEFICIENTE DO CONDUTOR;COLISÃO COM OBJETO;NUBLADO;DUPLA;"ACLIVE;CURVA;INTERSEÇÃO DE VIAS;ROTATÓRIA";SIM;0
BA;BR-116;FEIRA DE SANTANA;1;1;QUINTA-FEIRA;3;0;4;03H-05H;MADRUGADA;PLENA NOITE;ANIMAIS NA PISTA;ATROPELAMENTO DE ANIMAL;CÉU CLARO;DUPLA;RETA;NÃO;0
MT;BR-070;CUIABA;1;1;QUARTA-FEIRA;2;0;22;21H-23H;NOITE;PLENA NOITE;CONVERSÃO PROIBIDA;COLISÃO LATERAL MESMO SENTIDO;NUBLADO;SIMPLES;RETA;NÃO;0
SC;BR-101;SAO JOSE;1;1;QUINTA-FEIRA;3;0;6;06H-08H;MANHA;PLENO DIA;ACESSAR A VIA SEM OBSERVAR A PRESENÇA DOS OUTROS VEÍCULOS;COLISÃO LATERAL MESMO SENTIDO;CÉU CLARO;SIMPLES;RETA;SIM;0
ES;BR-101;SAO MATEUS;1;1;QUINTA-FEIRA;3;0;6;06H-08H;MANHA;PLENO DIA;AUSÊNCIA DE REAÇÃO DO CONDUTOR;SAÍDA DE LEITO CARROÇÁVEL;CÉU CLARO;SIMPLES;RETA;NÃO;0