uf;br_formatada;municipio;mes;trimestre;dia_semana;dia_semana_num;fim_de_semana;hora;faixa_horaria;turno;fase_dia;causa_acidente;tipo_acidente;condicao_metereologica;tipo_pista;tracado_via;uso_solo;acidente_fatal
RR;BR-432;CANTA;1;1;SÁBADO;5;1;18;18H-20H;NOITE;PLENA NOITE;FALTA DE ACOSTAMENTO;QUEDA DE OCUPANTE DE VEÍCULO;CÉU CLARO;SIMPLES;RETA;NÃO;0
SC;BR-101;PESCARIA BRAVA;1;1;SÁBADO;5;1;19;18H-20H;NOITE;PLENA NOITE;ANIMAIS NA PISTA;ATROPELAMENTO DE ANIMAL;CÉU CLARO;DUPLA;CURVA;NÃO;0
MG;BR-116;CATUJI;1;1;SÁBADO;5;1;19;18H-20H;NOITE;PLENA NOITE;DESRESPEITAR A PREFERÊNCIA NO CRUZAMENTO;COLISÃO TRANSVERSAL;NUBLADO;SIMPLES;RETA;SIM;0
PB;BR-230;SANTA RITA;1;1;SÁBADO;5;1;20;18H-20H;NOITE;PLENA NOITE;PEDESTRE CRUZAVA A PISTA FORA DA FAIXA;ATROPELAMENTO DE PEDESTRE;NUBLADO;DUPLA;"CURVA;DECLIVE";SIM;0
MS;BR-262;TERENOS;1;1;SÁBADO;5;1;19;18H-20H;NOITE;PLENA NOITE;REAÇÃO TARDIA OU INEFICIENTE DO CONDUTOR;SAÍDA DE LEITO CARROÇÁVEL;CÉU CLARO;SIMPLES;RETA;NÃO;0
MT;BR-070;BARRA DO GARCAS;1;1;SÁBADO;5;1;20;18H-20H;NOITE;PLENA NOITE;REAÇÃO TARDIA OU INEFICIENTE DO CONDUTOR;COLISÃO TRANSVERSAL;CÉU CLARO;SIMPLES;DECLIVE;SIM;0
PR;BR-376;APUCARANA;1;1;SÁBADO;5;1;20;18H-20H;NOITE;PLENA NOITE;VELOCIDADE INCOMPATÍVEL;CAPOTAMENTO;NUBLADO;DUPLA;"RETORNO REGULAMENTADO;RETA";SIM;0
RJ;BR-116;RESENDE;1;1;SÁBADO;5;1;20;18H-20H;NOITE;PLENA NOITE;REAÇÃO TARDIA OU INEFICIENTE DO CONDUTOR;TOMBAMENTO;CHUVA;DUPLA;RETA;NÃO;0
PR;BR-376;SAO JOSE DOS PINHAIS;1;1;SÁBADO;5;1;21;21H-23H;NOITE;PLENA NOITE;MANOBRA DE MUDANÇA DE FAIXA;COLISÃO LATERAL MESMO SENTIDO;NUBLADO;DUPLA;RETA;NÃO;0
MT;BR-364;VARZEA GRANDE;1;1;SÁBADO;5;1;11;09H-11H;MANHA;PLENO DIA;CHUVA;QUEDA DE OCUPANTE DE VEÍCULO;CÉU CLARO;DUPLA;RETA;SIM;0
MS;BR-262;DOIS IRMAOS DO BURITI;1;1;SÁBADO;5;1;20;18H-20H;NOITE;PLENA NOITE;REAÇÃO TARDIA OU INEFICIENTE DO CONDUTOR;SAÍDA DE LEITO CARROÇÁVEL;CÉU CLARO;SIMPLES;"ACLIVE;ROTATÓRIA";NÃO;0
BA;BR-324;CAPIM GROSSO;1;1;SÁBADO;5;1;19;18H-20H;NOITE;PLENA NOITE;ÁREA URBANA SEM A PRESENÇA DE LOCAL APROPRIADO PARA A TRAVESSIA DE PEDESTRES;ATROPELAMENTO DE PEDESTRE;CHUVA;SIMPLES;ROTATÓRIA;SIM;0
PR;BR-376;APUCARANA;1;1;TERÇA-FEIRA;1;0;23;21H-23H;NOITE;PLENA NOITE;AUSÊNCIA DE SINALIZAÇÃO;SAÍDA DE LEITO CARROÇÁVEL;CÉU CLARO;SIMPLES;CURVA;SIM;0
RJ;BR-116;DUQUE DE CAXIAS;1;1;SÁBADO;5;1;21;21H-23H;NOITE;PLENA NOITE;ACESSAR A VIA SEM OBSERVAR A PRESENÇA DOS OUTROS VEÍCULOS;COLISÃO FRONTAL;IGNORADO;SIMPLES;RETA;SIM;0
MA;BR-135;SAO LUIS;1;1;SÁBADO;5;1;20;18H-20H;NOITE;PLENA NOITE;PARTICIPAR DE RACHA;COLISÃO TRASEIRA;CÉU CLARO;DUPLA;RETA;SIM;0
SC;BR-470;ASCURRA;1;1;SÁBADO;5;1;21;21H-23H;NOITE;PLENA NOITE;AUSÊNCIA DE REAÇÃO DO CONDUTOR;COLISÃO COM OBJETO;NUBLADO;SIMPLES;"RETA;ROTATÓRIA";SIM;0
BA;BR-101;NOVA VICOSA;1;1;SÁBADO;5;1;21;21H-23H;NOITE;PLENA NOITE;TRANSITAR NA CONTRAMÃO;COLISÃO FRONTAL;CÉU CLARO;SIMPLES;RETA;NÃO;1
PR;BR-116;COLOMBO;1;1;SÁBADO;5;1;21;21H-23H;NOITE;PLENA NOITE;CONDUTOR DEIXOU DE MANTER DISTÂNCIA DO VEÍCULO DA FRENTE;SAÍDA DE LEITO CARROÇÁVEL;CHUVA;DUPLA;RETA;SIM;0
SP;BR-116;ITAPECERICA DA SERRA;1;1;SÁBADO;5;1;22;21H-23H;NOITE;PLENA NOITE;PEDESTRE CRUZAVA A PISTA FORA DA FAIXA;ATROPELAMENTO DE PEDESTRE;NUBLADO;DUPLA;RETA;SIM;0
PI;BR-343;PARNAIBA;1;1;SÁBADO;5;1;21;21H-23H;NOITE;PLENA NOITE;INGESTÃO DE ÁLCOOL PELO CONDUTOR;SAÍDA DE LEITO CARROÇÁVEL;CÉU CLARO;DUPLA;CURVA;SIM;0
SP;BR-116;GUARULHOS;1;1;SÁBADO;5;1;22;21H-23H;NOITE;PLENA NOITE;INGESTÃO DE ÁLCOOL PELO CONDUTOR;COLISÃO TRANSVERSAL;IGNORADO;MÚLTIPLA;INTERSEÇÃO DE VIAS;SIM;0
RJ;BR-101;NITEROI;1;1;SÁBADO;5;1;7;06H-08H;MANHA;PLENO DIA;CONDUTOR DEIXOU DE MANTER DISTÂNCIA DO VEÍCULO DA FRENTE;COLISÃO LATERAL MESMO SENTIDO;CÉU CLARO;DUPLA;RETA;NÃO;0
RS;BR-290;SANTO ANTONIO DA PATRULHA;1;1;SÁBADO;5;1;23;21H-23H;NOITE;PLENA NOITE;DEMAIS FALHAS MECÂNICAS OU ELÉTRICAS;QUEDA DE OCUPANTE DE VEÍCULO;CÉU CLARO;MÚLTIPLA;RETA;NÃO;0
SC;BR-470;ASCURRA;1;1;SÁBADO;5;1;21;21H-23H;NOITE;PLENA NOITE;CONDUTOR DORMINDO;TOMBAMENTO;NUBLADO;SIMPLES;ROTATÓRIA;SIM;0
MG;BR-116;ORIZANIA;1;1;SÁBADO;5;1;20;18H-20H;NOITE;PLENA NOITE;REAÇÃO TARDIA OU INEFICIENTE DO CONDUTOR;SAÍDA DE LEITO CARROÇÁVEL;NUBLADO;SIMPLES;RETA;NÃO;0
MA;BR-222;ACAILANDIA;1;1;SÁBADO;5;1;22;21H-23H;NOITE;PLENA NOITE;INGESTÃO DE ÁLCOOL PELO CONDUTOR;CAPOTAMENTO;GAROA/CHUVISCO;SIMPLES;RETA;NÃO;1
SC;BR-101;PALHOCA;1;1;SÁBADO;5;1;23;21H-23H;NOITE;PLENA NOITE;ACESSAR A VIA SEM OBSERVAR A PRESENÇA DOS OUTROS VEÍCULOS;COLISÃO TRANSVERSAL;NUBLADO;MÚLTIPLA;"INTERSEÇÃO DE VIAS;RETA";SIM;0
PB;BR-230;JOAO PESSOA;1;1;SÁBADO;5;1;23;21H-23H;NOITE;PLENA NOITE;AUSÊNCIA DE REAÇÃO DO CONDUTOR;COLISÃO TRASEIRA;CÉU CLARO;DUPLA;RETA;SIM;0
ES;BR-262;CARIACICA;1;1;SÁBADO;5;1;23;21H-23H;NOITE;PLENA NOITE;VELOCIDADE INCOMPATÍVEL;COLISÃO TRASEIRA;IGNORADO;DUPLA;"RETA;PONTE";NÃO;0
PI;BR-316;DOM EXPEDITO LOPES;1;1;SÁBADO;5;1;22;21H-23H;NOITE;PLENO DIA;AUSÊNCIA DE REAÇÃO DO CONDUTOR;QUEDA DE OCUPANTE DE VEÍCULO;NUBLADO;SIMPLES;DECLIVE;NÃO;0
GO;BR-153;RIALMA;1;1;SÁBADO;5;1;20;18H-20H;NOITE;PLENA NOITE;INGESTÃO DE ÁLCOOL PELO CONDUTOR;SAÍDA DE LEITO CARROÇÁVEL;NUBLADO;SIMPLES;CURVA;NÃO;0
AL;BR-101;JUNQUEIRO;1;1;DOMINGO;6;1;0;00H-02H;MADRUGADA;PLENA NOITE;CHUVA;CAPOTAMENTO;CHUVA;SIMPLES;DECLIVE;NÃO;0
PE;BR-232;SERRA TALHADA;1;1;DOMINGO;6;1;0;00H-02H;MADRUGADA;PLENA NOITE;INGESTÃO DE ÁLCOOL PELO CONDUTOR;QUEDA DE OCUPANTE DE VEÍCULO;CÉU CLARO;SIMPLES;RETA;SIM;0
AL;BR-423;DELMIRO GOUVEIA;1;1;DOMINGO;6;1;0;00H-02H;MADRUGADA;PLENA NOITE;TRANSITAR NA CONTRAMÃO;COLISÃO COM OBJETO;CHUVA;SIMPLES;"RETA;PONTE";NÃO;1
ES;BR-101;SERRA;1;1;DOMINGO;6;1;0;00H-02H;MADRUGADA;PLENA NOITE;CONDUTOR DESRESPEITOU A ILUMINAÇÃO VERMELHA DO SEMÁFORO;COLISÃO TRANSVERSAL;NUBLADO;MÚLTIPLA;RETA;SIM;0
RJ;BR-101;ANGRA DOS REIS;1;1;DOMINGO;6;1;0;00H-02H;MADRUGADA;PLENA NOITE;AUSÊNCIA DE REAÇÃO DO CONDUTOR;COLISÃO LATERAL MESMO SENTIDO;NUBLADO;SIMPLES;RETA;SIM;0
SP;BR-116;SAO PAULO;1;1;DOMINGO;6;1;2;00H-02H;MADRUGADA;PLENA NOITE;AUSÊNCIA DE REAÇÃO DO CONDUTOR;TOMBAMENTO;NUBLADO;MÚLTIPLA;RETA;NÃO;1
PR;BR-277;CURITIBA;1;1;DOMINGO;6;1;1;00H-02H;MADRUGADA;PLENA NOITE;MANOBRA DE MUDANÇA DE FAIXA;TOMBAMENTO;GAROA/CHUVISCO;DUPLA;CURVA;SIM;0
MT;BR-158;NOVA XAVANTINA;1;1;SÁBADO;5;1;17;15H-17H;TARDE;ANOITECER;AUSÊNCIA DE REAÇÃO DO CONDUTOR;SAÍDA DE LEITO CARROÇÁVEL;CHUVA;SIMPLES;RETA;NÃO;0
PE;BR-232;POMBOS;1;1;DOMINGO;6;1;2;00H-02H;MADRUGADA;PLENA NOITE;CHUVA;COLISÃO COM OBJETO;NUBLADO;DUPLA;"DECLIVE;CURVA";NÃO;0
PR;BR-369;APUCARANA;1;1;DOMINGO;6;1;3;03H-05H;MADRUGADA;PLENA NOITE;VELOCIDADE INCOMPATÍVEL;SAÍDA DE LEITO CARROÇÁVEL;NUBLADO;SIMPLES;"CURVA;INTERSEÇÃO DE VIAS";SIM;0
MS;BR-463;DOURADOS;1;1;SÁBADO;5;1;20;18H-20H;NOITE;PLENA NOITE;AUSÊNCIA DE REAÇÃO DO CONDUTOR;SAÍDA DE LEITO CARROÇÁVEL;CÉU CLARO;SIMPLES;ROTATÓRIA;NÃO;0
MS;BR-262;MIRANDA;1;1;DOMINGO;6;1;1;00H-02H;MADRUGADA;PLENA NOITE;CONDUTOR DORMINDO;SAÍDA DE LEITO CARROÇÁVEL;CÉU CLARO;SIMPLES;RETA;NÃO;0
RS;BR-392;RIO GRANDE;1;1;DOMINGO;6;1;4;03H-05H;MADRUGADA;PLENA NOITE;AUSÊNCIA DE REAÇÃO DO CONDUTOR;COLISÃO COM OBJETO;CÉU CLARO;SIMPLES;RETA;SIM;0
RJ;BR-116;TERESOPOLIS;1;1;DOMINGO;6;1;5;03H-05H;MADRUGADA;AMANHECER;INGESTÃO DE ÁLCOOL PELO CONDUTOR;SAÍDA DE LEITO CARROÇÁVEL;GAROA/CHUVISCO;SIMPLES;CURVA;NÃO;0
PI;BR-402;PARNAIBA;1;1;DOMINGO;6;1;3;03H-05H;MADRUGADA;PLENA NOITE;AUSÊNCIA DE REAÇÃO DO CONDUTOR;TOMBAMENTO;CÉU CLARO;SIMPLES;RETA;SIM;1
RN;BR-304;MOSSORO;1;1;DOMINGO;6;1;5;03H-05H;MADRUGADA;PLENO DIA;TRANSITAR NA CONTRAMÃO;COLISÃO FRONTAL;CÉU CLARO;SIMPLES;RETA;NÃO;0
PB;BR-101;JOAO PESSOA;1;1;DOMINGO;6;1;5;03H-05H;MADRUGADA;PLENO DIA;ACESSAR A VIA SEM OBSERVAR A PRESENÇA DOS OUTROS VEÍCULOS;COLISÃO TRANSVERSAL;NUBLADO;DUPLA;RETA;SIM;0
CE;BR-403;SOBRAL;1;1;DOMINGO;6;1;4;03H-05H;MADRUGADA;PLENO DIA;CONDUTOR DORMINDO;COLISÃO COM OBJETO;CÉU CLARO;SIMPLES;RETA;SIM;0
PE;BR-232;JABOATAO DOS GUARARAPES;1;1;DOMINGO;6;1;6;06H-08H;MANHA;PLENO DIA;ACUMULO DE ÁGUA SOBRE O PAVIMENTO;SAÍDA DE LEITO CARROÇÁVEL;CHUVA;DUPLA;CURVA;NÃO;0
RJ;BR-465;NOVA IGUACU;1;1;DOMINGO;6;1;1;00H-02H;MADRUGADA;PLENA NOITE;AUSÊNCIA DE REAÇÃO DO CONDUTOR;COLISÃO FRONTAL;NUBLADO;SIMPLES;RETA;NÃO;0
PI;BR-316;LAGOA DO PIAUI;1;1;DOMINGO;6;1;5;03H-05H;MADRUGADA;AMANHECER;ULTRAPASSAGEM INDEVIDA;COLISÃO TRANSVERSAL;NUBLADO;SIMPLES;RETA;NÃO;1
SC;BR-280;MAFRA;1;1;DOMINGO;6;1;6;06H-08H;MANHA;PLENO DIA;REAÇÃO TARDIA OU INEFICIENTE DO CONDUTOR;SAÍDA DE LEITO CARROÇÁVEL;NUBLADO;SIMPLES;CURVA;NÃO;0
RJ;BR-493;DUQUE DE CAXIAS;1;1;DOMINGO;6;1;3;03H-05H;MADRUGADA;PLENA NOITE;AVARIAS E/OU DESGASTE EXCESSIVO NO PNEU;CAPOTAMENTO;CÉU CLARO;DUPLA;RETA;NÃO;0
BA;BR-324;AMELIA RODRIGUES;1;1;DOMINGO;6;1;5;03H-05H;MADRUGADA;AMANHECER;CHUVA;SAÍDA DE LEITO CARROÇÁVEL;CHUVA;DUPLA;CURVA;NÃO;0
RS;BR-116;SAO LEOPOLDO;1;1;DOMINGO;6;1;7;06H-08H;MANHA;PLENO DIA;AUSÊNCIA DE REAÇÃO DO CONDUTOR;COLISÃO TRASEIRA;CÉU CLARO;DUPLA;CURVA;NÃO;0
GO;BR-070;AGUAS LINDAS DE GOIAS;1;1;DOMINGO;6;1;6;06H-08H;MANHA;PLENO DIA;MANOBRA DE MUDANÇA DE FAIXA;COLISÃO COM OBJETO;NUBLADO;MÚLTIPLA;CURVA;NÃO;0
PE;BR-428;PETROLINA;1;1;DOMINGO;6;1;6;06H-08H;MANHA;AMANHECER;AUSÊNCIA DE REAÇÃO DO CONDUTOR;CAPOTAMENTO;CHUVA;SIMPLES;RETA;NÃO;0
SP;BR-116;GUARULHOS;1;1;DOMINGO;6;1;8;06H-08H;MANHA;PLENO DIA;AUSÊNCIA DE REAÇÃO DO CONDUTOR;COLISÃO TRASEIRA;CÉU CLARO;DUPLA;RETA;NÃO;0
PI;BR-222;SAO JOAO DA FRONTEIRA;1;1;DOMINGO;6;1;5;03H-05H;MADRUGADA;AMANHECER;PEDESTRE - INGESTÃO DE ÁLCOOL/ SUBSTÂNCIAS PSICOATIVAS;ATROPELAMENTO DE PEDESTRE;CÉU CLARO;SIMPLES;RETA;SIM;1
GO;BR-153;CAMPINORTE;1;1;DOMINGO;6;1;6;06H-08H;MANHA;PLENO DIA;CHUVA;SAÍDA DE LEITO CARROÇÁVEL;CHUVA;SIMPLES;"ACLIVE;CURVA";NÃO;0
RS;BR-290;GRAVATAI;1;1;DOMINGO;6;1;7;06H-08H;MANHA;PLENO DIA;AUSÊNCIA DE REAÇÃO DO CONDUTOR;COLISÃO FRONTAL;CÉU CLARO;SIMPLES;VIADUTO;SIM;0
PE;BR-232;POMBOS;1;1;DOMINGO;6;1;7;06H-08H;MANHA;PLENO DIA;REAÇÃO TARDIA OU INEFICIENTE DO CONDUTOR;COLISÃO TRASEIRA;NUBLADO;DUPLA;RETA;SIM;0
MG;BR-381;LAVRAS;1;1;DOMINGO;6;1;8;06H-08H;MANHA;PLENO DIA;AUSÊNCIA DE REAÇÃO DO CONDUTOR;SAÍDA DE LEITO CARROÇÁVEL;CÉU CLARO;DUPLA;CURVA;NÃO;0
RS;BR-386;LAJEADO;1;1;DOMINGO;6;1;7;06H-08H;MANHA;PLENO DIA;MANOBRA DE MUDANÇA DE FAIXA;COLISÃO TRANSVERSAL;CÉU CLARO;DUPLA;"RETA;EM OBRAS";SIM;0
PE;BR-101;CABO DE SANTO AGOSTINHO;1;1;DOMINGO;6;1;7;06H-08H;MANHA;PLENO DIA;CONDUTOR DEIXOU DE MANTER DISTÂNCIA DO VEÍCULO DA FRENTE;COLISÃO TRASEIRA;NUBLADO;DUPLA;RETA;SIM;0
PE;BR-232;RECIFE;1;1;DOMINGO;6;1;8;06H-08H;MANHA;PLENO DIA;REAÇÃO TARDIA OU INEFICIENTE DO CONDUTOR;SAÍDA DE LEITO CARROÇÁVEL;NUBLADO;MÚLTIPLA;CURVA;NÃO;0
MG;BR-153;PRATA;1;1;DOMINGO;6;1;7;06H-08H;MANHA;PLENO DIA;VELOCIDADE INCOMPATÍVEL;SAÍDA DE LEITO CARROÇÁVEL;CÉU CLARO;DUPLA;RETA;NÃO;0
RR;BR-174;BOA VISTA;1;1;DOMINGO;6;1;6;06H-08H;MANHA;AMANHECER;AUSÊNCIA DE REAÇÃO DO CONDUTOR;SAÍDA DE LEITO CARROÇÁVEL;CÉU CLARO;SIMPLES;RETA;NÃO;0
PR;BR-373;PRUDENTOPOLIS;1;1;DOMINGO;6;1;8;06H-08H;MANHA;PLENO DIA;REAÇÃO TARDIA OU INEFICIENTE DO CONDUTOR;COLISÃO TRASEIRA;NUBLADO;SIMPLES;RETA;SIM;0
PR;BR-467;CASCAVEL;1;1;DOMINGO;6;1;7;06H-08H;MANHA;PLENO DIA;VELOCIDADE INCOMPATÍVEL;SAÍDA DE LEITO CARROÇÁVEL;SOL;DUPLA;RETA;SIM;0
SC;BR-101;BALNEARIO CAMBORIU;1;1;DOMINGO;6;1;9;09H-11H;MANHA;PLENO DIA;REAÇÃO TARDIA OU INEFICIENTE DO CONDUTOR;ENGAVETAMENTO;CÉU CLARO;DUPLA;RETA;SIM;0
PI;BR-316;PICOS;1;1;DOMINGO;6;1;10;09H-11H;MANHA;PLENO DIA;RETORNO PROIBIDO;COLISÃO LATERAL MESMO SENTIDO;CHUVA;DUPLA;RETA;SIM;0
RJ;BR-101;MANGARATIBA;1;1;DOMINGO;6;1;11;09H-11H;MANHA;PLENO DIA;REAÇÃO TARDIA OU INEFICIENTE DO CONDUTOR;TOMBAMENTO;CHUVA;SIMPLES;CURVA;SIM;0
SC;BR-101;GARUVA;1;1;DOMINGO;6;1;10;09H-11H;MANHA;PLENO DIA;TRANSTORNOS MENTAIS (EXCETO SUICIDIO);SAÍDA DE LEITO CARROÇÁVEL;NUBLADO;DUPLA;RETA;NÃO;0
ES;BR-262;DOMINGOS MARTINS;1;1;DOMINGO;6;1;7;06H-08H;MANHA;PLENO DIA;ULTRAPASSAGEM INDEVIDA;COLISÃO TRANSVERSAL;IGNORADO;SIMPLES;INTERSEÇÃO DE VIAS;NÃO;0
SC;BR-101;PALHOCA;1;1;DOMINGO;6;1;11;09H-11H;MANHA;PLENO DIA;MANOBRA DE MUDANÇA DE FAIXA;COLISÃO LATERAL MESMO SENTIDO;CÉU CLARO;MÚLTIPLA;RETA;SIM;0
MT;BR-174;COMODORO;1;1;DOMINGO;6;1;7;06H-08H;MANHA;PLENO DIA;PISTA ESCORREGADIA;SAÍDA DE LEITO CARROÇÁVEL;CHUVA;SIMPLES;DECLIVE;NÃO;0
SP;BR-381;ATIBAIA;1;1;DOMINGO;6;1;11;09H-11H;MANHA;PLENO DIA;REAÇÃO TARDIA OU INEFICIENTE DO CONDUTOR;COLISÃO TRASEIRA;NUBLADO;DUPLA;INTERSEÇÃO DE VIAS;SIM;0
RO;BR-319;PORTO VELHO;1;1;DOMINGO;6;1;11;09H-11H;MANHA;PLENO DIA;MANOBRA DE MUDANÇA DE FAIXA;COLISÃO LATERAL MESMO SENTIDO;CÉU CLARO;DUPLA;"RETORNO REGULAMENTADO;RETA";NÃO;0
PB;BR-230;RIACHAO DO BACAMARTE;1;1;DOMINGO;6;1;11;09H-11H;MANHA;PLENO DIA;AVARIAS E/OU DESGASTE EXCESSIVO NO PNEU;SAÍDA DE LEITO CARROÇÁVEL;CHUVA;DUPLA;CURVA;SIM;0
MT;BR-163;TERRA NOVA DO NORTE;1;1;QUINTA-FEIRA;3;0;8;06H-08H;MANHA;PLENO DIA;ANIMAIS NA PISTA;COLISÃO FRONTAL;CHUVA;SIMPLES;"DECLIVE;RETA";NÃO;0
PE;BR-101;PAULISTA;1;1;DOMINGO;6;1;10;09H-11H;MANHA;PLENO DIA;ACESSAR A VIA SEM OBSERVAR A PRESENÇA DOS OUTROS VEÍCULOS;COLISÃO TRANSVERSAL;NUBLADO;MÚLTIPLA;RETA;SIM;0
MG;BR-381;TRES CORACOES;1;1;DOMINGO;6;1;11;09H-11H;MANHA;PLENO DIA;VELOCIDADE INCOMPATÍVEL;SAÍDA DE LEITO CARROÇÁVEL;CHUVA;DUPLA;CURVA;NÃO;0
ES;BR-101;ARACRUZ;1;1;DOMINGO;6;1;12;12H-14H;TARDE;PLENO DIA;REAÇÃO TARDIA OU INEFICIENTE DO CONDUTOR;SAÍDA DE LEITO CARROÇÁVEL;CÉU CLARO;DUPLA;CURVA;SIM;0
SP;BR-116;BARRA DO TURVO;1;1;DOMINGO;6;1;12;12H-14H;TARDE;PLENO DIA;REAÇÃO TARDIA OU INEFICIENTE DO CONDUTOR;COLISÃO LATERAL MESMO SENTIDO;GAROA/CHUVISCO;DUPLA;RETA;NÃO;0
PE;BR-101;IGARASSU;1;1;DOMINGO;6;1;12;12H-14H;TARDE;PLENO DIA;RESTRIÇÃO DE VISIBILIDADE EM CURVAS HORIZONTAIS;COLISÃO TRANSVERSAL;CÉU CLARO;SIMPLES;INTERSEÇÃO DE VIAS;SIM;0
SC;BR-101;PALHOCA;1;1;DOMINGO;6;1;12;12H-14H;TARDE;PLENO DIA;AUSÊNCIA DE REAÇÃO DO CONDUTOR;COLISÃO COM OBJETO;CÉU CLARO;DUPLA;CURVA;NÃO;0
GO;BR-060;GOIANIA;1;1;DOMINGO;6;1;13;12H-14H;TARDE;PLENO DIA;DEMAIS FALHAS MECÂNICAS OU ELÉTRICAS;COLISÃO TRASEIRA;NUBLADO;DUPLA;RETA;NÃO;0
RJ;BR-116;PIRAI;1;1;DOMINGO;6;1;11;09H-11H;MANHA;PLENO DIA;AUSÊNCIA DE REAÇÃO DO CONDUTOR;COLISÃO COM OBJETO;CÉU CLARO;SIMPLES;CURVA;NÃO;0
MG;BR-251;MONTES CLAROS;1;1;DOMINGO;6;1;11;09H-11H;MANHA;PLENO DIA;REAÇÃO TARDIA OU INEFICIENTE DO CONDUTOR;ENGAVETAMENTO;NUBLADO;SIMPLES;RETA;NÃO;0
MG;BR-262;UBERABA;1;1;DOMINGO;6;1;12;12H-14H;TARDE;PLENO DIA;TRANSITAR NO ACOSTAMENTO;COLISÃO TRASEIRA;CÉU CLARO;DUPLA;"RETA;ACLIVE";SIM;0
GO;BR-060;GOIANIA;1;1;DOMINGO;6;1;12;12H-14H;TARDE;PLENO DIA;CONDUTOR DORMINDO;COLISÃO COM OBJETO;CÉU CLARO;DUPLA;RETA;SIM;0
SC;BR-101;BALNEARIO CAMBORIU;1;1;DOMINGO;6;1;13;12H-14H;TARDE;PLENO DIA;REAÇÃO TARDIA OU INEFICIENTE DO CONDUTOR;ENGAVETAMENTO;NUBLADO;DUPLA;RETA;SIM;0
RJ;BR-101;SILVA JARDIM;1;1;DOMINGO;6;1;11;09H-11H;MANHA;PLENO DIA;VELOCIDADE INCOMPATÍVEL;SAÍDA DE LEITO CARROÇÁVEL;NUBLADO;DUPLA;RETA;NÃO;0
MG;BR-381;CAMBUI;1;1;DOMINGO;6;1;12;12H-14H;TARDE;PLENO DIA;VELOCIDADE INCOMPATÍVEL;SAÍDA DE LEITO CARROÇÁVEL;CHUVA;DUPLA;CURVA;NÃO;0
GO;BR-040;LUZIANIA;1;1;DOMINGO;6;1;13;12H-14H;TARDE;PLENO DIA;TRANSITAR NO ACOSTAMENTO;COLISÃO TRANSVERSAL;CÉU CLARO;DUPLA;RETA;SIM;0
RS;BR-290;PORTO ALEGRE;1;1;DOMINGO;6;1;13;12H-14H;TARDE;PLENO DIA;MANOBRA DE MUDANÇA DE FAIXA;COLISÃO TRASEIRA;NUBLADO;MÚLTIPLA;RETA;NÃO;0
GO;BR-153;APARECIDA DE GOIANIA;1;1;DOMINGO;6;1;10;09H-11H;MANHA;PLENO DIA;ACESSAR A VIA SEM OBSERVAR A PRESENÇA DOS OUTROS VEÍCULOS;COLISÃO LATERAL MESMO SENTIDO;CHUVA;DUPLA;ACLIVE;SIM;0
PB;BR-230;INGA;1;1;DOMINGO;6;1;13;12H-14H;TARDE;PLENO DIA;ACUMULO DE ÁGUA SOBRE O PAVIMENTO;COLISÃO COM OBJETO;CHUVA;DUPLA;CURVA;NÃO;0
ES;BR-101;ICONHA;1;1;DOMINGO;6;1;14;12H-14H;TARDE;PLENO DIA;ACESSAR A VIA SEM OBSERVAR A PRESENÇA DOS OUTROS VEÍCULOS;ATROPELAMENTO DE ANIMAL;CÉU CLARO;DUPLA;"CURVA;DECLIVE";NÃO;0
RJ;BR-116;TERESOPOLIS;1;1;DOMINGO;6;1;12;12H-14H;TARDE;PLENO DIA;VELOCIDADE INCOMPATÍVEL;SAÍDA DE LEITO CARROÇÁVEL;CHUVA;SIMPLES;CURVA;NÃO;0
PB;BR-230;INGA;1;1;DOMINGO;6;1;14;12H-14H;TARDE;PLENO DIA;CHUVA;SAÍDA DE LEITO CARROÇÁVEL;CHUVA;DUPLA;"CURVA;DECLIVE";NÃO;0
GO;BR-060;ALEXANIA;1;1;DOMINGO;6;1;9;09H-11H;MANHA;PLENO DIA;VELOCIDADE INCOMPATÍVEL;QUEDA DE OCUPANTE DE VEÍCULO;CÉU CLARO;DUPLA;"ACLIVE;RETA";NÃO;0
MG;BR-381;OLIVEIRA;1;1;DOMINGO;6;1;14;12H-14H;TARDE;PLENO DIA;REAÇÃO TARDIA OU INEFICIENTE DO CONDUTOR;CAPOTAMENTO;CHUVA;DUPLA;CURVA;NÃO;0
PR;BR-116;CURITIBA;1;1;DOMINGO;6;1;14;12H-14H;TARDE;PLENO DIA;REAÇÃO TARDIA OU INEFICIENTE DO CONDUTOR;SAÍDA DE LEITO CARROÇÁVEL;NUBLADO;DUPLA;RETA;NÃO;0
BA;BR-101;TEIXEIRA DE FREITAS;1;1;DOMINGO;6;1;14;12H-14H;TARDE;PLENO DIA;ACESSAR A VIA SEM OBSERVAR A PRESENÇA DOS OUTROS VEÍCULOS;COLISÃO TRANSVERSAL;NUBLADO;SIMPLES;INTERSEÇÃO DE VIAS;SIM;0
MT;BR-163;SINOP;1;1;DOMINGO;6;1;13;12H-14H;TARDE;PLENO DIA;INGESTÃO DE ÁLCOOL PELO CONDUTOR;QUEDA DE OCUPANTE DE VEÍCULO;CÉU CLARO;SIMPLES;RETA;SIM;0
DF;BR-060;BRASILIA;1;1;DOMINGO;6;1;14;12H-14H;TARDE;PLENO DIA;ACESSO IRREGULAR;COLISÃO TRASEIRA;CHUVA;DUPLA;"RETORNO REGULAMENTADO;RETA";SIM;0