uf;br_formatada;municipio;mes;trimestre;dia_semana;dia_semana_num;fim_de_semana;hora;faixa_horaria;turno;fase_dia;causa_acidente;tipo_acidente;condicao_metereologica;tipo_pista;tracado_via;uso_solo;acidente_fatal
MS;BR-163;SAO GABRIEL DO OESTE;1;1;QUINTA-FEIRA;3;0;15;15H-17H;TARDE;PLENO DIA;AUSÊNCIA DE REAÇÃO DO CONDUTOR;SAÍDA DE LEITO CARROÇÁVEL;CÉU CLARO;SIMPLES;"ACLIVE;RETA";NÃO;0
PE;BR-101;RECIFE;1;1;QUINTA-FEIRA;3;0;15;15H-17H;TARDE;PLENO DIA;CONDUTOR DEIXOU DE MANTER DISTÂNCIA DO VEÍCULO DA FRENTE;COLISÃO TRASEIRA;CÉU CLARO;DUPLA;RETA;SIM;0
SP;BR-153;SAO JOSE DO RIO PRETO;1;1;QUINTA-FEIRA;3;0;17;15H-17H;TARDE;PLENO DIA;AUSÊNCIA DE REAÇÃO DO CONDUTOR;COLISÃO TRASEIRA;NUBLADO;DUPLA;"RETA;ACLIVE";NÃO;0
RS;BR-386;CANOAS;1;1;QUINTA-FEIRA;3;0;16;15H-17H;TARDE;PLENO DIA;AUSÊNCIA DE REAÇÃO DO CONDUTOR;SAÍDA DE LEITO CARROÇÁVEL;CÉU CLARO;DUPLA;CURVA;SIM;0
MG;BR-262;JUATUBA;1;1;QUINTA-FEIRA;3;0;16;15H-17H;TARDE;PLENO DIA;TRAFEGAR COM MOTOCICLETA (OU SIMILAR) ENTRE AS FAIXAS;COLISÃO LATERAL MESMO SENTIDO;CHUVA;DUPLA;"DECLIVE;RETA";SIM;0
PR;BR-277;GUARAPUAVA;1;1;QUINTA-FEIRA;3;0;15;15H-17H;TARDE;PLENO DIA;REAÇÃO TARDIA OU INEFICIENTE DO CONDUTOR;SAÍDA DE LEITO CARROÇÁVEL;SOL;SIMPLES;RETA;NÃO;0
CE;BR-116;FORTALEZA;1;1;QUINTA-FEIRA;3;0;17;15H-17H;TARDE;PLENO DIA;CONDUTOR DEIXOU DE MANTER DISTÂNCIA DO VEÍCULO DA FRENTE;COLISÃO TRASEIRA;CÉU CLARO;MÚLTIPLA;"CURVA;DECLIVE";SIM;0
PB;BR-104;CAMPINA GRANDE;1;1;QUINTA-FEIRA;3;0;16;15H-17H;TARDE;PLENO DIA;ACESSO IRREGULAR;COLISÃO FRONTAL;CÉU CLARO;SIMPLES;RETA;SIM;0
RJ;BR-101;PARATY;1;1;QUINTA-FEIRA;3;0;17;15H-17H;TARDE;PLENO DIA;DESRESPEITAR A PREFERÊNCIA NO CRUZAMENTO;COLISÃO TRANSVERSAL;NUBLADO;SIMPLES;RETA;NÃO;0
PR;BR-158;PATO BRANCO;1;1;QUINTA-FEIRA;3;0;17;15H-17H;TARDE;PLENO DIA;RETORNO PROIBIDO;COLISÃO TRANSVERSAL;CÉU CLARO;MÚLTIPLA;RETA;SIM;0
PR;BR-376;MANDAGUACU;1;1;QUINTA-FEIRA;3;0;18;18H-20H;NOITE;ANOITECER;ACUMULO DE ÁGUA SOBRE O PAVIMENTO;SAÍDA DE LEITO CARROÇÁVEL;CHUVA;DUPLA;CURVA;SIM;0
PR;BR-376;MARILANDIA DO SUL;1;1;QUINTA-FEIRA;3;0;16;15H-17H;TARDE;PLENO DIA;CONDUTOR DORMINDO;CAPOTAMENTO;CÉU CLARO;DUPLA;RETA;NÃO;0
RJ;BR-116;MAGE;1;1;QUINTA-FEIRA;3;0;17;15H-17H;TARDE;ANOITECER;REAÇÃO TARDIA OU INEFICIENTE DO CONDUTOR;COLISÃO TRASEIRA;NUBLADO;DUPLA;RETA;SIM;0
RS;BR-386;NOVA SANTA RITA;1;1;QUINTA-FEIRA;3;0;11;09H-11H;MANHA;PLENO DIA;ACESSAR A VIA SEM OBSERVAR A PRESENÇA DOS OUTROS VEÍCULOS;COLISÃO LATERAL MESMO SENTIDO;CÉU CLARO;DUPLA;INTERSEÇÃO DE VIAS;NÃO;0
RJ;BR-040;DUQUE DE CAXIAS;1;1;QUINTA-FEIRA;3;0;9;09H-11H;MANHA;PLENO DIA;REAÇÃO TARDIA OU INEFICIENTE DO CONDUTOR;COLISÃO TRASEIRA;CÉU CLARO;MÚLTIPLA;RETA;SIM;0
MT;BR-070;CACERES;1;1;QUINTA-FEIRA;3;0;17;15H-17H;TARDE;ANOITECER;DEMAIS FALHAS MECÂNICAS OU ELÉTRICAS;INCÊNDIO;CÉU CLARO;SIMPLES;RETA;NÃO;0
RS;BR-290;PORTO ALEGRE;1;1;QUINTA-FEIRA;3;0;19;18H-20H;NOITE;ANOITECER;MANOBRA DE MUDANÇA DE FAIXA;COLISÃO LATERAL MESMO SENTIDO;NUBLADO;SIMPLES;RETA;SIM;0
RJ;BR-101;ITABORAI;1;1;QUINTA-FEIRA;3;0;18;18H-20H;NOITE;PLENO DIA;TRAFEGAR COM MOTOCICLETA (OU SIMILAR) ENTRE AS FAIXAS;COLISÃO TRASEIRA;CÉU CLARO;DUPLA;RETA;NÃO;0
SC;BR-101;SAO JOSE;1;1;QUINTA-FEIRA;3;0;19;18H-20H;NOITE;PLENA NOITE;TRAFEGAR COM MOTOCICLETA (OU SIMILAR) ENTRE AS FAIXAS;COLISÃO LATERAL MESMO SENTIDO;CHUVA;MÚLTIPLA;RETA;NÃO;0
PR;BR-116;CAMPINA GRANDE DO SUL;1;1;QUINTA-FEIRA;3;0;18;18H-20H;NOITE;ANOITECER;PISTA ESCORREGADIA;COLISÃO COM OBJETO;CHUVA;DUPLA;"ACLIVE;CURVA";NÃO;0
MG;BR-381;NOVA ERA;1;1;QUINTA-FEIRA;3;0;19;18H-20H;NOITE;PLENA NOITE;ACESSAR A VIA SEM OBSERVAR A PRESENÇA DOS OUTROS VEÍCULOS;COLISÃO TRANSVERSAL;NUBLADO;DUPLA;"RETORNO REGULAMENTADO;RETA";SIM;0
CE;BR-304;ARACATI;1;1;QUINTA-FEIRA;3;0;17;15H-17H;TARDE;ANOITECER;CONDUTOR DEIXOU DE MANTER DISTÂNCIA DO VEÍCULO DA FRENTE;COLISÃO TRASEIRA;CÉU CLARO;SIMPLES;RETA;SIM;0
SC;BR-101;SAO JOSE;1;1;QUINTA-FEIRA;3;0;19;18H-20H;NOITE;PLENA NOITE;MANOBRA DE MUDANÇA DE FAIXA;TOMBAMENTO;CÉU CLARO;MÚLTIPLA;RETA;SIM;0
MG;BR-381;CAMBUI;1;1;QUINTA-FEIRA;3;0;16;15H-17H;TARDE;PLENO DIA;DECLIVE ACENTUADO;SAÍDA DE LEITO CARROÇÁVEL;NUBLADO;SIMPLES;"INTERSEÇÃO DE VIAS;DECLIVE";NÃO;0
MG;BR-381;BETIM;1;1;QUINTA-FEIRA;3;0;18;18H-20H;NOITE;PLENA NOITE;CONDUTOR DEIXOU DE MANTER DISTÂNCIA DO VEÍCULO DA FRENTE;ENGAVETAMENTO;CHUVA;MÚLTIPLA;"RETA;DECLIVE";NÃO;0
PB;BR-230;CABEDELO;1;1;QUINTA-FEIRA;3;0;20;18H-20H;NOITE;PLENA NOITE;ACESSAR A VIA SEM OBSERVAR A PRESENÇA DOS OUTROS VEÍCULOS;COLISÃO TRANSVERSAL;CÉU CLARO;DUPLA;RETA;NÃO;0
MS;BR-060;SIDROLANDIA;1;1;QUINTA-FEIRA;3;0;19;18H-20H;NOITE;PLENA NOITE;ULTRAPASSAGEM INDEVIDA;COLISÃO FRONTAL;CÉU CLARO;SIMPLES;RETA;NÃO;1
MT;BR-158;RIBEIRAO CASCALHEIRA;1;1;QUINTA-FEIRA;3;0;19;18H-20H;NOITE;PLENO DIA;ANIMAIS NA PISTA;ATROPELAMENTO DE ANIMAL;NUBLADO;SIMPLES;RETA;NÃO;1
BA;BR-324;SALVADOR;1;1;QUINTA-FEIRA;3;0;19;18H-20H;NOITE;PLENA NOITE;FREAR BRUSCAMENTE;QUEDA DE OCUPANTE DE VEÍCULO;CÉU CLARO;MÚLTIPLA;RETA;SIM;0
DF;BR-060;BRASILIA;1;1;QUINTA-FEIRA;3;0;20;18H-20H;NOITE;PLENA NOITE;CONDUTOR DORMINDO;SAÍDA DE LEITO CARROÇÁVEL;CHUVA;DUPLA;RETA;NÃO;0
ES;BR-262;VENDA NOVA DO IMIGRANTE;1;1;QUINTA-FEIRA;3;0;20;18H-20H;NOITE;PLENA NOITE;TRANSITAR NA CONTRAMÃO;TOMBAMENTO;CÉU CLARO;SIMPLES;RETA;SIM;1
CE;BR-116;ITAITINGA;1;1;QUINTA-FEIRA;3;0;21;21H-23H;NOITE;PLENA NOITE;AUSÊNCIA DE SINALIZAÇÃO;SAÍDA DE LEITO CARROÇÁVEL;CÉU CLARO;DUPLA;RETA;SIM;0
MT;BR-070;GENERAL CARNEIRO;1;1;QUINTA-FEIRA;3;0;15;15H-17H;TARDE;PLENO DIA;REAÇÃO TARDIA OU INEFICIENTE DO CONDUTOR;SAÍDA DE LEITO CARROÇÁVEL;CÉU CLARO;SIMPLES;RETA;NÃO;0
SC;BR-280;ARAQUARI;1;1;QUINTA-FEIRA;3;0;19;18H-20H;NOITE;PLENA NOITE;ACESSAR A VIA SEM OBSERVAR A PRESENÇA DOS OUTROS VEÍCULOS;COLISÃO TRANSVERSAL;GAROA/CHUVISCO;SIMPLES;RETA;SIM;0
RO;BR-IGNORADA;PORTO VELHO;1;1;QUINTA-FEIRA;3;0;20;18H-20H;NOITE;PLENA NOITE;DESRESPEITAR A PREFERÊNCIA NO CRUZAMENTO;COLISÃO TRANSVERSAL;NUBLADO;SIMPLES;INTERSEÇÃO DE VIAS;SIM;0
PI;BR-316;TERESINA;1;1;QUINTA-FEIRA;3;0;21;21H-23H;NOITE;PLENA NOITE;AUSÊNCIA DE REAÇÃO DO CONDUTOR;QUEDA DE OCUPANTE DE VEÍCULO;GAROA/CHUVISCO;DUPLA;RETA;NÃO;0
RJ;BR-101;PARATY;1;1;QUINTA-FEIRA;3;0;20;18H-20H;NOITE;PLENA NOITE;PEDESTRE CRUZAVA A PISTA FORA DA FAIXA;ATROPELAMENTO DE PEDESTRE;CÉU CLARO;SIMPLES;RETA;NÃO;0
ES;BR-101;SERRA;1;1;QUINTA-FEIRA;3;0;23;21H-23H;NOITE;PLENA NOITE;CHUVA;QUEDA DE OCUPANTE DE VEÍCULO;CHUVA;DUPLA;RETA;SIM;0
MG;BR-381;BELO HORIZONTE;1;1;QUINTA-FEIRA;3;0;22;21H-23H;NOITE;PLENA NOITE;ILUMINAÇÃO DEFICIENTE;COLISÃO COM OBJETO;CHUVA;SIMPLES;ACLIVE;SIM;0
MG;BR-116;MURIAE;1;1;QUINTA-FEIRA;3;0;22;21H-23H;NOITE;PLENA NOITE;ACESSO IRREGULAR;COLISÃO LATERAL MESMO SENTIDO;CÉU CLARO;SIMPLES;"INTERSEÇÃO DE VIAS;RETA";SIM;0
PR;BR-277;GUARANIACU;1;1;QUINTA-FEIRA;3;0;22;21H-23H;NOITE;PLENA NOITE;TRANSITAR NA CONTRAMÃO;COLISÃO FRONTAL;CÉU CLARO;SIMPLES;"DECLIVE;RETA";NÃO;0
PI;BR-316;TERESINA;1;1;SEXTA-FEIRA;4;0;1;00H-02H;MADRUGADA;PLENA NOITE;ANIMAIS NA PISTA;ATROPELAMENTO DE ANIMAL;NUBLADO;DUPLA;"DECLIVE;RETA";NÃO;0
RJ;BR-101;ITAGUAI;1;1;SEXTA-FEIRA;4;0;1;00H-02H;MADRUGADA;PLENA NOITE;INGESTÃO DE ÁLCOOL PELO CONDUTOR;COLISÃO COM OBJETO;CÉU CLARO;DUPLA;RETA;SIM;0
MS;BR-163;MUNDO NOVO;1;1;SEXTA-FEIRA;4;0;2;00H-02H;MADRUGADA;PLENA NOITE;AUSÊNCIA DE REAÇÃO DO CONDUTOR;SAÍDA DE LEITO CARROÇÁVEL;CÉU CLARO;SIMPLES;ACLIVE;NÃO;0
PI;BR-407;JAICOS;1;1;SEXTA-FEIRA;4;0;0;00H-02H;MADRUGADA;PLENA NOITE;ANIMAIS NA PISTA;ATROPELAMENTO DE ANIMAL;NUBLADO;SIMPLES;RETA;NÃO;1
RS;BR-386;LAJEADO;1;1;SEXTA-FEIRA;4;0;5;03H-05H;MADRUGADA;AMANHECER;ACESSAR A VIA SEM OBSERVAR A PRESENÇA DOS OUTROS VEÍCULOS;COLISÃO FRONTAL;CÉU CLARO;SIMPLES;"RETA;EM OBRAS;INTERSEÇÃO DE VIAS";SIM;0
MG;BR-381;ESTIVA;1;1;SEXTA-FEIRA;4;0;5;03H-05H;MADRUGADA;AMANHECER;VELOCIDADE INCOMPATÍVEL;SAÍDA DE LEITO CARROÇÁVEL;CHUVA;DUPLA;CURVA;NÃO;0
PB;BR-230;JOAO PESSOA;1;1;SEXTA-FEIRA;4;0;5;03H-05H;MADRUGADA;AMANHECER;MANOBRA DE MUDANÇA DE FAIXA;QUEDA DE OCUPANTE DE VEÍCULO;CÉU CLARO;MÚLTIPLA;VIADUTO;SIM;0
RN;BR-101;NATAL;1;1;SEXTA-FEIRA;4;0;6;06H-08H;MANHA;PLENO DIA;DEMAIS FALHAS MECÂNICAS OU ELÉTRICAS;QUEDA DE OCUPANTE DE VEÍCULO;CÉU CLARO;MÚLTIPLA;CURVA;SIM;0
RS;BR-386;MARQUES DE SOUZA;1;1;SEXTA-FEIRA;4;0;6;06H-08H;MANHA;PLENO DIA;REAÇÃO TARDIA OU INEFICIENTE DO CONDUTOR;TOMBAMENTO;CÉU CLARO;DUPLA;CURVA;NÃO;0
MG;BR-262;JUATUBA;1;1;SEXTA-FEIRA;4;0;6;06H-08H;MANHA;PLENO DIA;AUSÊNCIA DE REAÇÃO DO CONDUTOR;TOMBAMENTO;CÉU CLARO;DUPLA;RETA;NÃO;0
RJ;BR-465;SEROPEDICA;1;1;QUINTA-FEIRA;3;0;22;21H-23H;NOITE;PLENA NOITE;MANOBRA DE MUDANÇA DE FAIXA;COLISÃO LATERAL SENTIDO OPOSTO;CÉU CLARO;SIMPLES;RETA;NÃO;0
BA;BR-324;SALVADOR;1;1;SEXTA-FEIRA;4;0;6;06H-08H;MANHA;PLENO DIA;CONDUTOR DEIXOU DE MANTER DISTÂNCIA DO VEÍCULO DA FRENTE;COLISÃO TRASEIRA;CÉU CLARO;DUPLA;RETA;SIM;0
TO;BR-010;PALMAS;1;1;SEXTA-FEIRA;4;0;7;06H-08H;MANHA;PLENO DIA;VELOCIDADE INCOMPATÍVEL;COLISÃO TRASEIRA;CÉU CLARO;DUPLA;RETA;SIM;0
PR;BR-369;LONDRINA;1;1;SEXTA-FEIRA;4;0;7;06H-08H;MANHA;PLENO DIA;ACUMULO DE ÓLEO SOBRE O PAVIMENTO;COLISÃO TRASEIRA;CHUVA;DUPLA;RETA;SIM;0
SC;BR-280;RIO NEGRINHO;1;1;QUINTA-FEIRA;3;0;18;18H-20H;NOITE;ANOITECER;CONDUTOR DEIXOU DE MANTER DISTÂNCIA DO VEÍCULO DA FRENTE;COLISÃO TRASEIRA;CÉU CLARO;SIMPLES;"DECLIVE;RETA";SIM;0
ES;BR-101;SERRA;1;1;SEXTA-FEIRA;4;0;7;06H-08H;MANHA;PLENO DIA;ACESSAR A VIA SEM OBSERVAR A PRESENÇA DOS OUTROS VEÍCULOS;COLISÃO TRANSVERSAL;CÉU CLARO;DUPLA;RETA;SIM;0
RS;BR-470;BENTO GONCALVES;1;1;SEXTA-FEIRA;4;0;7;06H-08H;MANHA;PLENO DIA;ACESSO IRREGULAR;COLISÃO TRASEIRA;CÉU CLARO;SIMPLES;"RETA;RETORNO REGULAMENTADO";SIM;0
MG;BR-381;CAMBUI;1;1;SEXTA-FEIRA;4;0;6;06H-08H;MANHA;PLENO DIA;VELOCIDADE INCOMPATÍVEL;COLISÃO COM OBJETO;NEVOEIRO/NEBLINA;DUPLA;"CURVA;DECLIVE";NÃO;0
RJ;BR-101;ANGRA DOS REIS;1;1;SEXTA-FEIRA;4;0;6;06H-08H;MANHA;PLENO DIA;CONDUTOR DORMINDO;SAÍDA DE LEITO CARROÇÁVEL;CÉU CLARO;SIMPLES;CURVA;NÃO;0
SP;BR-116;CAJATI;1;1;SEXTA-FEIRA;4;0;7;06H-08H;MANHA;PLENO DIA;VELOCIDADE INCOMPATÍVEL;SAÍDA DE LEITO CARROÇÁVEL;CHUVA;DUPLA;CURVA;NÃO;0
RJ;BR-116;SAO JOAO DE MERITI;1;1;SEXTA-FEIRA;4;0;8;06H-08H;MANHA;PLENO DIA;MANOBRA DE MUDANÇA DE FAIXA;COLISÃO TRASEIRA;CÉU CLARO;DUPLA;RETA;NÃO;0
PR;BR-116;SAO JOSE DOS PINHAIS;1;1;SEXTA-FEIRA;4;0;8;06H-08H;MANHA;PLENO DIA;REAÇÃO TARDIA OU INEFICIENTE DO CONDUTOR;SAÍDA DE LEITO CARROÇÁVEL;GAROA/CHUVISCO;SIMPLES;CURVA;NÃO;0
RJ;BR-465;SEROPEDICA;1;1;SEXTA-FEIRA;4;0;8;06H-08H;MANHA;PLENO DIA;ACESSAR A VIA SEM OBSERVAR A PRESENÇA DOS OUTROS VEÍCULOS;COLISÃO TRANSVERSAL;CÉU CLARO;SIMPLES;RETA;SIM;0
PI;BR-230;FLORIANO;1;1;SEXTA-FEIRA;4;0;7;06H-08H;MANHA;PLENO DIA;ACESSAR A VIA SEM OBSERVAR A PRESENÇA DOS OUTROS VEÍCULOS;COLISÃO TRANSVERSAL;CÉU CLARO;SIMPLES;RETA;SIM;0
PR;BR-116;CURITIBA;1;1;SEXTA-FEIRA;4;0;9;09H-11H;MANHA;PLENO DIA;AUSÊNCIA DE REAÇÃO DO CONDUTOR;COLISÃO TRASEIRA;NUBLADO;MÚLTIPLA;RETA;SIM;0
PB;BR-230;JOAO PESSOA;1;1;SEXTA-FEIRA;4;0;8;06H-08H;MANHA;PLENO DIA;TRAFEGAR COM MOTOCICLETA (OU SIMILAR) ENTRE AS FAIXAS;COLISÃO TRASEIRA;CÉU CLARO;DUPLA;RETA;SIM;0
RJ;BR-465;SEROPEDICA;1;1;SEXTA-FEIRA;4;0;1;00H-02H;MADRUGADA;PLENA NOITE;ACESSAR A VIA SEM OBSERVAR A PRESENÇA DOS OUTROS VEÍCULOS;COLISÃO TRANSVERSAL;CÉU CLARO;SIMPLES;RETA;SIM;0
RJ;BR-040;DUQUE DE CAXIAS;1;1;SEXTA-FEIRA;4;0;7;06H-08H;MANHA;PLENO DIA;REAÇÃO TARDIA OU INEFICIENTE DO CONDUTOR;COLISÃO TRASEIRA;CÉU CLARO;DUPLA;RETA;SIM;0
PR;BR-116;CURITIBA;1;1;SEXTA-FEIRA;4;0;7;06H-08H;MANHA;PLENO DIA;REAÇÃO TARDIA OU INEFICIENTE DO CONDUTOR;COLISÃO TRASEIRA;NUBLADO;DUPLA;RETA;NÃO;0
PR;BR-116;CAMPINA GRANDE DO SUL;1;1;SEXTA-FEIRA;4;0;9;09H-11H;MANHA;PLENO DIA;VELOCIDADE INCOMPATÍVEL;CAPOTAMENTO;GAROA/CHUVISCO;DUPLA;CURVA;NÃO;0
MS;BR-163;JUTI;1;1;SEXTA-FEIRA;4;0;7;06H-08H;MANHA;PLENO DIA;ANIMAIS NA PISTA;SAÍDA DE LEITO CARROÇÁVEL;CÉU CLARO;SIMPLES;RETA;NÃO;0
GO;BR-060;ABADIA DE GOIAS;1;1;SEXTA-FEIRA;4;0;10;09H-11H;MANHA;PLENO DIA;CONDUTOR DORMINDO;SAÍDA DE LEITO CARROÇÁVEL;CÉU CLARO;DUPLA;"DECLIVE;RETA";NÃO;0
RN;BR-101;PARNAMIRIM;1;1;SEXTA-FEIRA;4;0;10;09H-11H;MANHA;PLENO DIA;ESTACIONAR OU PARAR EM LOCAL PROIBIDO;COLISÃO LATERAL MESMO SENTIDO;CÉU CLARO;DUPLA;RETA;SIM;0
PR;BR-277;MORRETES;1;1;SEXTA-FEIRA;4;0;11;09H-11H;MANHA;PLENO DIA;REAÇÃO TARDIA OU INEFICIENTE DO CONDUTOR;COLISÃO TRASEIRA;NUBLADO;DUPLA;"CURVA;DECLIVE";NÃO;0
MT;BR-163;PEIXOTO DE AZEVEDO;1;1;SEXTA-FEIRA;4;0;4;03H-05H;MADRUGADA;PLENA NOITE;AUSÊNCIA DE REAÇÃO DO CONDUTOR;SAÍDA DE LEITO CARROÇÁVEL;CHUVA;SIMPLES;RETA;NÃO;0
MT;BR-163;RONDONOPOLIS;1;1;SEXTA-FEIRA;4;0;6;06H-08H;MANHA;PLENO DIA;MANOBRA DE MUDANÇA DE FAIXA;COLISÃO LATERAL MESMO SENTIDO;CHUVA;DUPLA;RETA;SIM;0
SP;BR-116;SAO LOURENCO DA SERRA;1;1;SEXTA-FEIRA;4;0;9;09H-11H;MANHA;PLENO DIA;REAÇÃO TARDIA OU INEFICIENTE DO CONDUTOR;COLISÃO LATERAL MESMO SENTIDO;CÉU CLARO;DUPLA;"RETA;DECLIVE";NÃO;0
RS;BR-470;VERANOPOLIS;1;1;SEXTA-FEIRA;4;0;11;09H-11H;MANHA;PLENO DIA;AUSÊNCIA DE REAÇÃO DO CONDUTOR;COLISÃO TRASEIRA;CÉU CLARO;SIMPLES;CURVA;NÃO;0
CE;BR-020;BOA VIAGEM;1;1;SEXTA-FEIRA;4;0;12;12H-14H;TARDE;PLENO DIA;PISTA ESBURACADA;SAÍDA DE LEITO CARROÇÁVEL;CÉU CLARO;SIMPLES;RETA;NÃO;0
GO;BR-153;APARECIDA DE GOIANIA;1;1;SEXTA-FEIRA;4;0;12;12H-14H;TARDE;PLENO DIA;AUSÊNCIA DE REAÇÃO DO CONDUTOR;COLISÃO TRANSVERSAL;CÉU CLARO;DUPLA;RETA;SIM;0
BA;BR-101;CRUZ DAS ALMAS;1;1;QUARTA-FEIRA;2;0;20;18H-20H;NOITE;PLENA NOITE;REAÇÃO TARDIA OU INEFICIENTE DO CONDUTOR;COLISÃO FRONTAL;CÉU CLARO;SIMPLES;RETA;SIM;0
GO;BR-020;FLORES DE GOIAS;1;1;QUARTA-FEIRA;2;0;15;15H-17H;TARDE;PLENO DIA;PISTA ESCORREGADIA;SAÍDA DE LEITO CARROÇÁVEL;IGNORADO;SIMPLES;RETA;NÃO;0
DF;BR-020;BRASILIA;1;1;SEXTA-FEIRA;4;0;12;12H-14H;TARDE;PLENO DIA;ENTRADA INOPINADA DO PEDESTRE;ATROPELAMENTO DE PEDESTRE;CÉU CLARO;DUPLA;"ACLIVE;RETA";SIM;0
RS;BR-285;PASSO FUNDO;1;1;SEXTA-FEIRA;4;0;12;12H-14H;TARDE;PLENO DIA;DEMAIS FALHAS MECÂNICAS OU ELÉTRICAS;SAÍDA DE LEITO CARROÇÁVEL;CÉU CLARO;SIMPLES;RETA;NÃO;0
MG;BR-381;BELO HORIZONTE;1;1;SEXTA-FEIRA;4;0;12;12H-14H;TARDE;PLENO DIA;VELOCIDADE INCOMPATÍVEL;COLISÃO COM OBJETO;SOL;DUPLA;"RETORNO REGULAMENTADO;RETA";SIM;0
SP;BR-IGNORADA;SAO PAULO;1;1;SEXTA-FEIRA;4;0;13;12H-14H;TARDE;PLENO DIA;TRAFEGAR COM MOTOCICLETA (OU SIMILAR) ENTRE AS FAIXAS;COLISÃO LATERAL MESMO SENTIDO;CÉU CLARO;MÚLTIPLA;RETA;SIM;0
MG;BR-381;OLIVEIRA;1;1;SEXTA-FEIRA;4;0;13;12H-14H;TARDE;PLENO DIA;VELOCIDADE INCOMPATÍVEL;CAPOTAMENTO;CÉU CLARO;DUPLA;RETA;NÃO;0
SP;BR-116;BARRA DO TURVO;1;1;QUINTA-FEIRA;3;0;17;15H-17H;TARDE;PLENO DIA;ACUMULO DE ÁGUA SOBRE O PAVIMENTO;COLISÃO COM OBJETO;CHUVA;SIMPLES;"DECLIVE;CURVA";NÃO;0
RS;BR-116;CAXIAS DO SUL;1;1;QUARTA-FEIRA;2;0;2;00H-02H;MADRUGADA;PLENA NOITE;ANIMAIS NA PISTA;ATROPELAMENTO DE ANIMAL;CÉU CLARO;SIMPLES;CURVA;SIM;0
SC;BR-282;ARAQUARI;1;1;SEXTA-FEIRA;4;0;12;12H-14H;TARDE;PLENO DIA;CONDUTOR DEIXOU DE MANTER DISTÂNCIA DO VEÍCULO DA FRENTE;COLISÃO TRASEIRA;NUBLADO;SIMPLES;RETA;SIM;0
RJ;BR-116;DUQUE DE CAXIAS;1;1;SEXTA-FEIRA;4;0;13;12H-14H;TARDE;PLENO DIA;REAÇÃO TARDIA OU INEFICIENTE DO CONDUTOR;COLISÃO TRASEIRA;SOL;MÚLTIPLA;RETA;SIM;0
RJ;BR-101;SILVA JARDIM;1;1;SEXTA-FEIRA;4;0;13;12H-14H;TARDE;PLENO DIA;AUSÊNCIA DE REAÇÃO DO CONDUTOR;SAÍDA DE LEITO CARROÇÁVEL;CÉU CLARO;DUPLA;CURVA;NÃO;0
PE;BR-232;BEZERROS;1;1;SEXTA-FEIRA;4;0;13;12H-14H;TARDE;PLENO DIA;REAÇÃO TARDIA OU INEFICIENTE DO CONDUTOR;COLISÃO COM OBJETO;CÉU CLARO;DUPLA;"ACLIVE;CURVA";NÃO;0
SC;BR-101;BIGUACU;1;1;SEXTA-FEIRA;4;0;5;03H-05H;MADRUGADA;AMANHECER;ACUMULO DE ÁGUA SOBRE O PAVIMENTO;QUEDA DE OCUPANTE DE VEÍCULO;CHUVA;DUPLA;DESVIO TEMPORÁRIO;SIM;0
ES;BR-101;LINHARES;1;1;SEXTA-FEIRA;4;0;14;12H-14H;TARDE;PLENO DIA;ACESSO IRREGULAR;COLISÃO TRANSVERSAL;CÉU CLARO;SIMPLES;"INTERSEÇÃO DE VIAS;CURVA";NÃO;0
RJ;BR-116;NOVA IGUACU;1;1;SEXTA-FEIRA;4;0;14;12H-14H;TARDE;PLENO DIA;CONDUTOR DEIXOU DE MANTER DISTÂNCIA DO VEÍCULO DA FRENTE;COLISÃO TRASEIRA;CÉU CLARO;SIMPLES;RETA;NÃO;0
SP;BR-116;SAO JOSE DOS CAMPOS;1;1;SEXTA-FEIRA;4;0;14;12H-14H;TARDE;PLENO DIA;TRAFEGAR COM MOTOCICLETA (OU SIMILAR) ENTRE AS FAIXAS;COLISÃO TRASEIRA;CÉU CLARO;DUPLA;"RETA;DECLIVE";SIM;0
RJ;BR-116;SAO JOAO DE MERITI;1;1;SEXTA-FEIRA;4;0;14;12H-14H;TARDE;PLENO DIA;MANOBRA DE MUDANÇA DE FAIXA;COLISÃO TRASEIRA;CÉU CLARO;MÚLTIPLA;RETA;NÃO;0
MG;BR-116;MURIAE;1;1;SEXTA-FEIRA;4;0;14;12H-14H;TARDE;PLENO DIA;MANOBRA DE MUDANÇA DE FAIXA;SAÍDA DE LEITO CARROÇÁVEL;CÉU CLARO;SIMPLES;CURVA;SIM;0
MG;BR-116;SANTA RITA DE MINAS;1;1;SEXTA-FEIRA;4;0;12;12H-14H;TARDE;PLENO DIA;INGESTÃO DE ÁLCOOL PELO CONDUTOR;SAÍDA DE LEITO CARROÇÁVEL;CÉU CLARO;SIMPLES;CURVA;NÃO;0
SC;BR-101;JOINVILLE;1;1;DOMINGO;6;1;8;06H-08H;MANHA;PLENO DIA;DEMAIS FALHAS NA VIA;QUEDA DE OCUPANTE DE VEÍCULO;CHUVA;SIMPLES;RETA;NÃO;0
PE;BR-316;BELEM DE SAO FRANCISCO;1;1;SEXTA-FEIRA;4;0;13;12H-14H;TARDE;PLENO DIA;REAÇÃO TARDIA OU INEFICIENTE DO CONDUTOR;COLISÃO TRASEIRA;CÉU CLARO;SIMPLES;ACLIVE;NÃO;0
MG;BR-116;UBAPORANGA;1;1;SEXTA-FEIRA;4;0;10;09H-11H;MANHA;PLENO DIA;DEMAIS FALHAS MECÂNICAS OU ELÉTRICAS;TOMBAMENTO;SOL;SIMPLES;"RETA;ACLIVE";NÃO;0