uf;br_formatada;municipio;mes;trimestre;dia_semana;dia_semana_num;fim_de_semana;hora;faixa_horaria;turno;fase_dia;causa_acidente;tipo_acidente;condicao_metereologica;tipo_pista;tracado_via;uso_solo;acidente_fatal
MG;BR-267;BICAS;1;1;QUARTA-FEIRA;2;0;5;03H-05H;MADRUGADA;PLENO DIA;TRANSITAR NA CONTRAMÃO;COLISÃO FRONTAL;CÉU CLARO;SIMPLES;CURVA;NÃO;0
SC;BR-282;FLORIANOPOLIS;1;1;QUARTA-FEIRA;2;0;9;09H-11H;MANHA;PLENO DIA;TRAFEGAR COM MOTOCICLETA (OU SIMILAR) ENTRE AS FAIXAS;COLISÃO LATERAL MESMO SENTIDO;CHUVA;MÚLTIPLA;RETA;SIM;0
PR;BR-476;COLOMBO;1;1;QUARTA-FEIRA;2;0;7;06H-08H;MANHA;PLENO DIA;FREAR BRUSCAMENTE;QUEDA DE OCUPANTE DE VEÍCULO;NUBLADO;DUPLA;RETA;SIM;0
RO;BR-319;PORTO VELHO;1;1;QUARTA-FEIRA;2;0;7;06H-08H;MANHA;PLENO DIA;ACESSAR A VIA SEM OBSERVAR A PRESENÇA DOS OUTROS VEÍCULOS;COLISÃO TRANSVERSAL;CÉU CLARO;MÚLTIPLA;RETA;SIM;0
SP;BR-116;PINDAMONHANGABA;1;1;QUARTA-FEIRA;2;0;9;09H-11H;MANHA;PLENO DIA;REAÇÃO TARDIA OU INEFICIENTE DO CONDUTOR;COLISÃO TRASEIRA;NUBLADO;DUPLA;ACLIVE;NÃO;0
RJ;BR-116;RIO DE JANEIRO;1;1;QUARTA-FEIRA;2;0;10;09H-11H;MANHA;PLENO DIA;ACESSO IRREGULAR;COLISÃO LATERAL MESMO SENTIDO;CÉU CLARO;MÚLTIPLA;RETA;NÃO;0
AP;BR-210;MACAPA;1;1;QUARTA-FEIRA;2;0;10;09H-11H;MANHA;PLENO DIA;ACESSAR A VIA SEM OBSERVAR A PRESENÇA DOS OUTROS VEÍCULOS;COLISÃO TRANSVERSAL;CÉU CLARO;DUPLA;"RETA;INTERSEÇÃO DE VIAS";SIM;0
RO;BR-364;PIMENTA BUENO;1;1;QUARTA-FEIRA;2;0;19;18H-20H;NOITE;PLENO DIA;ULTRAPASSAGEM INDEVIDA;COLISÃO TRANSVERSAL;NUBLADO;SIMPLES;ACLIVE;NÃO;0
SP;BR-153;OURINHOS;1;1;QUARTA-FEIRA;2;0;10;09H-11H;MANHA;PLENO DIA;OBJETO ESTÁTICO SOBRE O LEITO CARROÇÁVEL;COLISÃO COM OBJETO;NUBLADO;DUPLA;"DECLIVE;RETA";NÃO;0
SC;BR-101;SAO JOSE;1;1;QUARTA-FEIRA;2;0;10;09H-11H;MANHA;PLENO DIA;TRAFEGAR COM MOTOCICLETA (OU SIMILAR) ENTRE AS FAIXAS;COLISÃO TRASEIRA;CÉU CLARO;MÚLTIPLA;ACLIVE;SIM;0
RJ;BR-116;RESENDE;1;1;QUARTA-FEIRA;2;0;10;09H-11H;MANHA;PLENO DIA;VELOCIDADE INCOMPATÍVEL;COLISÃO TRASEIRA;CÉU CLARO;SIMPLES;RETA;NÃO;0
PB;BR-361;PATOS;1;1;QUARTA-FEIRA;2;0;11;09H-11H;MANHA;PLENO DIA;ACESSAR A VIA SEM OBSERVAR A PRESENÇA DOS OUTROS VEÍCULOS;COLISÃO TRANSVERSAL;CÉU CLARO;SIMPLES;RETA;SIM;0
RS;BR-116;SAO LEOPOLDO;1;1;QUARTA-FEIRA;2;0;11;09H-11H;MANHA;PLENO DIA;ENTRADA INOPINADA DO PEDESTRE;ATROPELAMENTO DE PEDESTRE;CÉU CLARO;MÚLTIPLA;"RETA;EM OBRAS";SIM;0
CE;BR-304;ARACATI;1;1;QUARTA-FEIRA;2;0;11;09H-11H;MANHA;PLENO DIA;REAÇÃO TARDIA OU INEFICIENTE DO CONDUTOR;QUEDA DE OCUPANTE DE VEÍCULO;CÉU CLARO;SIMPLES;"RETA;INTERSEÇÃO DE VIAS";NÃO;0
SP;BR-116;SAO LOURENCO DA SERRA;1;1;QUARTA-FEIRA;2;0;12;12H-14H;TARDE;PLENO DIA;REAÇÃO TARDIA OU INEFICIENTE DO CONDUTOR;SAÍDA DE LEITO CARROÇÁVEL;CHUVA;MÚLTIPLA;"ACLIVE;RETA";NÃO;0
MG;BR-251;SALINAS;1;1;QUARTA-FEIRA;2;0;9;09H-11H;MANHA;PLENO DIA;ULTRAPASSAGEM INDEVIDA;COLISÃO TRASEIRA;CÉU CLARO;SIMPLES;RETA;NÃO;0
RJ;BR-393;VOLTA REDONDA;1;1;QUARTA-FEIRA;2;0;12;12H-14H;TARDE;PLENO DIA;REAÇÃO TARDIA OU INEFICIENTE DO CONDUTOR;COLISÃO TRASEIRA;CÉU CLARO;SIMPLES;RETA;SIM;0
BA;BR-101;ITABUNA;1;1;QUARTA-FEIRA;2;0;10;09H-11H;MANHA;PLENO DIA;CONDUTOR DEIXOU DE MANTER DISTÂNCIA DO VEÍCULO DA FRENTE;COLISÃO TRASEIRA;CÉU CLARO;SIMPLES;RETA;SIM;0
GO;BR-153;ANAPOLIS;1;1;QUARTA-FEIRA;2;0;13;12H-14H;TARDE;PLENO DIA;AUSÊNCIA DE REAÇÃO DO CONDUTOR;ENGAVETAMENTO;CÉU CLARO;DUPLA;CURVA;NÃO;0
PR;BR-163;TERRA ROXA;1;1;SEXTA-FEIRA;4;0;11;09H-11H;MANHA;PLENO DIA;REAÇÃO TARDIA OU INEFICIENTE DO CONDUTOR;COLISÃO TRASEIRA;CÉU CLARO;SIMPLES;"CURVA;ACLIVE";NÃO;0
ES;BR-101;RIO NOVO DO SUL;1;1;QUARTA-FEIRA;2;0;13;12H-14H;TARDE;PLENO DIA;ULTRAPASSAGEM INDEVIDA;COLISÃO FRONTAL;CÉU CLARO;SIMPLES;CURVA;NÃO;0
PB;BR-230;CABEDELO;1;1;QUARTA-FEIRA;2;0;8;06H-08H;MANHA;PLENO DIA;REAÇÃO TARDIA OU INEFICIENTE DO CONDUTOR;COLISÃO COM OBJETO;NUBLADO;SIMPLES;"EM OBRAS;RETA;DESVIO TEMPORÁRIO";SIM;0
RJ;BR-040;DUQUE DE CAXIAS;1;1;QUARTA-FEIRA;2;0;11;09H-11H;MANHA;PLENO DIA;DEMAIS FALHAS MECÂNICAS OU ELÉTRICAS;TOMBAMENTO;SOL;DUPLA;RETA;SIM;0
SC;BR-282;FLORIANOPOLIS;1;1;QUARTA-FEIRA;2;0;14;12H-14H;TARDE;PLENO DIA;TRAFEGAR COM MOTOCICLETA (OU SIMILAR) ENTRE AS FAIXAS;COLISÃO LATERAL MESMO SENTIDO;CHUVA;MÚLTIPLA;RETA;SIM;0
PE;BR-407;PETROLINA;1;1;QUARTA-FEIRA;2;0;13;12H-14H;TARDE;PLENO DIA;DESRESPEITAR A PREFERÊNCIA NO CRUZAMENTO;COLISÃO TRANSVERSAL;CÉU CLARO;MÚLTIPLA;"INTERSEÇÃO DE VIAS;VIADUTO";SIM;0
SP;BR-381;SAO PAULO;1;1;QUARTA-FEIRA;2;0;12;12H-14H;TARDE;PLENO DIA;REAÇÃO TARDIA OU INEFICIENTE DO CONDUTOR;CAPOTAMENTO;CHUVA;DUPLA;CURVA;NÃO;0
SP;BR-381;SAO PAULO;1;1;QUARTA-FEIRA;2;0;15;15H-17H;TARDE;PLENO DIA;PISTA ESCORREGADIA;COLISÃO COM OBJETO;CHUVA;DUPLA;"DECLIVE;CURVA";NÃO;0
PB;BR-101;CAAPORA;1;1;QUARTA-FEIRA;2;0;15;15H-17H;TARDE;PLENO DIA;PISTA ESCORREGADIA;COLISÃO COM OBJETO;GAROA/CHUVISCO;DUPLA;"RETA;DECLIVE";NÃO;0
SC;BR-101;ITAPEMA;1;1;QUARTA-FEIRA;2;0;15;15H-17H;TARDE;PLENO DIA;MANOBRA DE MUDANÇA DE FAIXA;COLISÃO LATERAL MESMO SENTIDO;NUBLADO;MÚLTIPLA;RETA;SIM;0
PI;BR-316;TERESINA;1;1;QUARTA-FEIRA;2;0;16;15H-17H;TARDE;PLENO DIA;MANOBRA DE MUDANÇA DE FAIXA;COLISÃO TRASEIRA;CÉU CLARO;DUPLA;RETA;SIM;0
SC;BR-280;RIO NEGRINHO;1;1;QUARTA-FEIRA;2;0;17;15H-17H;TARDE;PLENO DIA;ACESSAR A VIA SEM OBSERVAR A PRESENÇA DOS OUTROS VEÍCULOS;COLISÃO TRANSVERSAL;NUBLADO;SIMPLES;"RETA;INTERSEÇÃO DE VIAS";SIM;0
SC;BR-101;ITAPEMA;1;1;QUARTA-FEIRA;2;0;17;15H-17H;TARDE;PLENO DIA;CONDUTOR DEIXOU DE MANTER DISTÂNCIA DO VEÍCULO DA FRENTE;COLISÃO TRASEIRA;NUBLADO;DUPLA;RETA;SIM;0
RJ;BR-101;MANGARATIBA;1;1;QUARTA-FEIRA;2;0;17;15H-17H;TARDE;PLENO DIA;CHUVA;SAÍDA DE LEITO CARROÇÁVEL;GAROA/CHUVISCO;SIMPLES;CURVA;NÃO;0
RJ;BR-101;ANGRA DOS REIS;1;1;QUARTA-FEIRA;2;0;17;15H-17H;TARDE;PLENO DIA;ACUMULO DE ÁGUA SOBRE O PAVIMENTO;TOMBAMENTO;CHUVA;SIMPLES;CURVA;SIM;0
ES;BR-101;SAO MATEUS;1;1;QUARTA-FEIRA;2;0;17;15H-17H;TARDE;ANOITECER;ACESSO IRREGULAR;COLISÃO TRANSVERSAL;CÉU CLARO;SIMPLES;RETA;NÃO;0
MT;BR-174;JUINA;1;1;QUARTA-FEIRA;2;0;2;00H-02H;MADRUGADA;PLENA NOITE;AVARIAS E/OU DESGASTE EXCESSIVO NO PNEU;INCÊNDIO;CÉU CLARO;SIMPLES;RETA;NÃO;0
RS;BR-158;SANTA MARIA;1;1;QUARTA-FEIRA;2;0;18;18H-20H;NOITE;PLENO DIA;DESRESPEITAR A PREFERÊNCIA NO CRUZAMENTO;COLISÃO TRANSVERSAL;CÉU CLARO;SIMPLES;"INTERSEÇÃO DE VIAS;ROTATÓRIA";SIM;0
PB;BR-230;MASSARANDUBA;1;1;QUARTA-FEIRA;2;0;17;15H-17H;TARDE;PLENO DIA;FALTA DE ELEMENTO DE CONTENÇÃO QUE EVITE A SAÍDA DO LEITO CARROÇÁVEL;SAÍDA DE LEITO CARROÇÁVEL;CHUVA;DUPLA;CURVA;NÃO;0
PR;BR-376;MARINGA;1;1;QUARTA-FEIRA;2;0;14;12H-14H;TARDE;PLENO DIA;INGESTÃO DE ÁLCOOL PELO CONDUTOR;COLISÃO TRASEIRA;SOL;MÚLTIPLA;"RETA;INTERSEÇÃO DE VIAS";SIM;0
MG;BR-050;UBERLANDIA;1;1;QUARTA-FEIRA;2;0;18;18H-20H;NOITE;PLENA NOITE;CONDUTOR DEIXOU DE MANTER DISTÂNCIA DO VEÍCULO DA FRENTE;COLISÃO TRASEIRA;CÉU CLARO;DUPLA;RETA;SIM;0
MT;BR-070;NOSSA SENHORA DO LIVRAMENTO;1;1;QUARTA-FEIRA;2;0;17;15H-17H;TARDE;ANOITECER;ULTRAPASSAGEM INDEVIDA;COLISÃO FRONTAL;CHUVA;SIMPLES;RETA;NÃO;1
RS;BR-290;RIO PARDO;1;1;QUARTA-FEIRA;2;0;15;15H-17H;TARDE;PLENO DIA;CONDUTOR DEIXOU DE MANTER DISTÂNCIA DO VEÍCULO DA FRENTE;COLISÃO TRASEIRA;CÉU CLARO;SIMPLES;"EM OBRAS;RETA";NÃO;0
PB;BR-230;JOAO PESSOA;1;1;QUARTA-FEIRA;2;0;18;18H-20H;NOITE;PLENA NOITE;ESTACIONAR OU PARAR EM LOCAL PROIBIDO;COLISÃO TRASEIRA;CHUVA;DUPLA;"RETORNO REGULAMENTADO;VIADUTO";SIM;0
SC;BR-282;LAGES;1;1;QUARTA-FEIRA;2;0;17;15H-17H;TARDE;ANOITECER;AUSÊNCIA DE REAÇÃO DO CONDUTOR;COLISÃO TRASEIRA;NUBLADO;SIMPLES;CURVA;SIM;0
RJ;BR-101;MANGARATIBA;1;1;SEXTA-FEIRA;4;0;10;09H-11H;MANHA;PLENO DIA;DESRESPEITAR A PREFERÊNCIA NO CRUZAMENTO;COLISÃO TRANSVERSAL;SOL;DUPLA;INTERSEÇÃO DE VIAS;NÃO;0
MG;BR-381;OLIVEIRA;1;1;QUARTA-FEIRA;2;0;19;18H-20H;NOITE;PLENA NOITE;VELOCIDADE INCOMPATÍVEL;SAÍDA DE LEITO CARROÇÁVEL;CHUVA;DUPLA;RETA;NÃO;0
RJ;BR-101;ANGRA DOS REIS;1;1;QUARTA-FEIRA;2;0;17;15H-17H;TARDE;PLENA NOITE;CHUVA;QUEDA DE OCUPANTE DE VEÍCULO;CHUVA;SIMPLES;RETA;SIM;0
GO;BR-153;GOIANIA;1;1;QUARTA-FEIRA;2;0;20;18H-20H;NOITE;PLENA NOITE;AUSÊNCIA DE REAÇÃO DO CONDUTOR;QUEDA DE OCUPANTE DE VEÍCULO;CÉU CLARO;DUPLA;"RETA;DECLIVE";SIM;0
SC;BR-480;CHAPECO;1;1;QUARTA-FEIRA;2;0;17;15H-17H;TARDE;PLENO DIA;INGESTÃO DE ÁLCOOL PELO CONDUTOR;COLISÃO TRASEIRA;CÉU CLARO;DUPLA;"ACLIVE;RETA";NÃO;0
GO;BR-153;GOIANIA;1;1;QUARTA-FEIRA;2;0;19;18H-20H;NOITE;PLENA NOITE;DEMAIS FALHAS NA VIA;SAÍDA DE LEITO CARROÇÁVEL;NUBLADO;DUPLA;"RETA;DECLIVE";SIM;0
PR;BR-476;UNIAO DA VITORIA;1;1;QUARTA-FEIRA;2;0;17;15H-17H;TARDE;PLENO DIA;ACESSAR A VIA SEM OBSERVAR A PRESENÇA DOS OUTROS VEÍCULOS;COLISÃO TRANSVERSAL;CHUVA;SIMPLES;"RETA;INTERSEÇÃO DE VIAS";SIM;0
PE;BR-116;SALGUEIRO;1;1;QUARTA-FEIRA;2;0;19;18H-20H;NOITE;PLENA NOITE;VELOCIDADE INCOMPATÍVEL;SAÍDA DE LEITO CARROÇÁVEL;CÉU CLARO;SIMPLES;ACLIVE;NÃO;0
MG;BR-267;BOM JARDIM DE MINAS;1;1;QUARTA-FEIRA;2;0;20;18H-20H;NOITE;PLENA NOITE;CONDUTOR DORMINDO;COLISÃO FRONTAL;CHUVA;SIMPLES;RETA;NÃO;0
AL;BR-316;DOIS RIACHOS;1;1;QUARTA-FEIRA;2;0;18;18H-20H;NOITE;ANOITECER;ACESSAR A VIA SEM OBSERVAR A PRESENÇA DOS OUTROS VEÍCULOS;COLISÃO LATERAL MESMO SENTIDO;CÉU CLARO;SIMPLES;"DECLIVE;INTERSEÇÃO DE VIAS;RETA";SIM;0
RJ;BR-101;PARATY;1;1;QUARTA-FEIRA;2;0;21;21H-23H;NOITE;PLENA NOITE;VELOCIDADE INCOMPATÍVEL;SAÍDA DE LEITO CARROÇÁVEL;CHUVA;DUPLA;RETA;NÃO;1
PR;BR-277;MORRETES;1;1;QUARTA-FEIRA;2;0;21;21H-23H;NOITE;PLENA NOITE;ACESSAR A VIA SEM OBSERVAR A PRESENÇA DOS OUTROS VEÍCULOS;COLISÃO TRANSVERSAL;CHUVA;DUPLA;RETA;NÃO;0
MG;BR-381;LAVRAS;1;1;QUARTA-FEIRA;2;0;21;21H-23H;NOITE;PLENA NOITE;VELOCIDADE INCOMPATÍVEL;CAPOTAMENTO;CHUVA;DUPLA;"CURVA;DECLIVE";NÃO;0
SP;BR-116;CAJATI;1;1;QUARTA-FEIRA;2;0;21;21H-23H;NOITE;PLENA NOITE;CHUVA;SAÍDA DE LEITO CARROÇÁVEL;CHUVA;SIMPLES;CURVA;NÃO;0
SP;BR-116;JACAREI;1;1;QUARTA-FEIRA;2;0;22;21H-23H;NOITE;PLENA NOITE;PEDESTRE ANDAVA NA PISTA;ATROPELAMENTO DE PEDESTRE;CÉU CLARO;DUPLA;RETA;NÃO;0
RJ;BR-040;DUQUE DE CAXIAS;1;1;QUARTA-FEIRA;2;0;21;21H-23H;NOITE;PLENA NOITE;PISTA ESCORREGADIA;ATROPELAMENTO DE PEDESTRE;CHUVA;DUPLA;CURVA;SIM;0
SP;BR-116;BARRA DO TURVO;1;1;QUARTA-FEIRA;2;0;19;18H-20H;NOITE;PLENA NOITE;AUSÊNCIA DE REAÇÃO DO CONDUTOR;SAÍDA DE LEITO CARROÇÁVEL;CHUVA;DUPLA;CURVA;NÃO;0
GO;BR-040;VALPARAISO DE GOIAS;1;1;QUARTA-FEIRA;2;0;22;21H-23H;NOITE;PLENA NOITE;ACESSAR A VIA SEM OBSERVAR A PRESENÇA DOS OUTROS VEÍCULOS;COLISÃO TRANSVERSAL;CÉU CLARO;DUPLA;RETA;SIM;0
RJ;BR-116;NOVA IGUACU;1;1;QUARTA-FEIRA;2;0;22;21H-23H;NOITE;PLENA NOITE;AUSÊNCIA DE REAÇÃO DO CONDUTOR;QUEDA DE OCUPANTE DE VEÍCULO;NUBLADO;DUPLA;RETA;NÃO;0
DF;BR-060;BRASILIA;1;1;QUARTA-FEIRA;2;0;23;21H-23H;NOITE;PLENA NOITE;REAÇÃO TARDIA OU INEFICIENTE DO CONDUTOR;QUEDA DE OCUPANTE DE VEÍCULO;NUBLADO;DUPLA;RETA;SIM;0
MG;BR-381;BETIM;1;1;QUARTA-FEIRA;2;0;23;21H-23H;NOITE;PLENA NOITE;ACUMULO DE ÁGUA SOBRE O PAVIMENTO;SAÍDA DE LEITO CARROÇÁVEL;GAROA/CHUVISCO;DUPLA;RETA;SIM;0
GO;BR-060;ANAPOLIS;1;1;QUARTA-FEIRA;2;0;23;21H-23H;NOITE;PLENA NOITE;REAÇÃO TARDIA OU INEFICIENTE DO CONDUTOR;COLISÃO COM OBJETO;CÉU CLARO;DUPLA;"CURVA;VIADUTO";SIM;0
MG;BR-262;JOAO MONLEVADE;1;1;QUINTA-FEIRA;3;0;0;00H-02H;MADRUGADA;PLENA NOITE;DEMAIS FALHAS MECÂNICAS OU ELÉTRICAS;INCÊNDIO;NUBLADO;SIMPLES;RETA;NÃO;0
PR;BR-376;SAO JOSE DOS PINHAIS;1;1;QUINTA-FEIRA;3;0;0;00H-02H;MADRUGADA;PLENA NOITE;INGESTÃO DE ÁLCOOL PELO CONDUTOR;SAÍDA DE LEITO CARROÇÁVEL;NUBLADO;DUPLA;RETA;NÃO;0
GO;BR-153;ANAPOLIS;1;1;QUINTA-FEIRA;3;0;1;00H-02H;MADRUGADA;PLENA NOITE;AUSÊNCIA DE REAÇÃO DO CONDUTOR;COLISÃO TRASEIRA;NUBLADO;DUPLA;RETA;SIM;0
PR;BR-116;CURITIBA;1;1;QUINTA-FEIRA;3;0;2;00H-02H;MADRUGADA;PLENA NOITE;AUSÊNCIA DE REAÇÃO DO CONDUTOR;SAÍDA DE LEITO CARROÇÁVEL;GAROA/CHUVISCO;DUPLA;CURVA;NÃO;0
PI;BR-316;FRANCISCO MACEDO;1;1;QUINTA-FEIRA;3;0;3;03H-05H;MADRUGADA;PLENA NOITE;AUSÊNCIA DE REAÇÃO DO CONDUTOR;COLISÃO COM OBJETO;NUBLADO;SIMPLES;DECLIVE;NÃO;1
DF;BR-251;BRASILIA;1;1;QUINTA-FEIRA;3;0;2;00H-02H;MADRUGADA;PLENA NOITE;CHUVA;COLISÃO COM OBJETO;CHUVA;SIMPLES;RETA;NÃO;0
ES;BR-101;CARIACICA;1;1;QUINTA-FEIRA;3;0;5;03H-05H;MADRUGADA;PLENO DIA;DESRESPEITAR A PREFERÊNCIA NO CRUZAMENTO;COLISÃO TRANSVERSAL;CÉU CLARO;SIMPLES;RETA;SIM;0
SC;BR-101;GOVERNADOR CELSO RAMOS;1;1;QUINTA-FEIRA;3;0;5;03H-05H;MADRUGADA;AMANHECER;CONDUTOR DEIXOU DE MANTER DISTÂNCIA DO VEÍCULO DA FRENTE;COLISÃO TRASEIRA;NUBLADO;MÚLTIPLA;"RETA;VIADUTO";SIM;0
MG;BR-381;OLIVEIRA;1;1;QUARTA-FEIRA;2;0;22;21H-23H;NOITE;PLENA NOITE;CHUVA;CAPOTAMENTO;CHUVA;DUPLA;CURVA;NÃO;0
PR;BR-376;JANDAIA DO SUL;1;1;QUINTA-FEIRA;3;0;5;03H-05H;MADRUGADA;AMANHECER;AUSÊNCIA DE REAÇÃO DO CONDUTOR;COLISÃO COM OBJETO;CÉU CLARO;DUPLA;CURVA;NÃO;0
SC;BR-470;BLUMENAU;1;1;QUARTA-FEIRA;2;0;23;21H-23H;NOITE;PLENO DIA;DEMAIS FALHAS NA VIA;QUEDA DE OCUPANTE DE VEÍCULO;CÉU CLARO;SIMPLES;VIADUTO;SIM;0
RJ;BR-040;PETROPOLIS;1;1;QUINTA-FEIRA;3;0;6;06H-08H;MANHA;PLENO DIA;ANIMAIS NA PISTA;ATROPELAMENTO DE ANIMAL;NUBLADO;DUPLA;RETA;NÃO;0
PE;BR-101;GAMELEIRA;1;1;QUINTA-FEIRA;3;0;6;06H-08H;MANHA;PLENO DIA;REAÇÃO TARDIA OU INEFICIENTE DO CONDUTOR;SAÍDA DE LEITO CARROÇÁVEL;CÉU CLARO;DUPLA;"CURVA;DECLIVE";NÃO;0
SP;BR-116;GUARULHOS;1;1;QUINTA-FEIRA;3;0;6;06H-08H;MANHA;PLENO DIA;REAÇÃO TARDIA OU INEFICIENTE DO CONDUTOR;COLISÃO TRASEIRA;CÉU CLARO;MÚLTIPLA;RETA;SIM;0
RS;BR-471;RIO GRANDE;1;1;QUINTA-FEIRA;3;0;6;06H-08H;MANHA;PLENO DIA;CONVERSÃO PROIBIDA;COLISÃO TRASEIRA;SOL;SIMPLES;RETA;SIM;0
MG;BR-365;ITUIUTABA;1;1;QUINTA-FEIRA;3;0;3;03H-05H;MADRUGADA;PLENA NOITE;CONDUTOR DORMINDO;SAÍDA DE LEITO CARROÇÁVEL;NUBLADO;SIMPLES;RETA;NÃO;0
MT;BR-364;VARZEA GRANDE;1;1;QUINTA-FEIRA;3;0;4;03H-05H;MADRUGADA;AMANHECER;ANIMAIS NA PISTA;ATROPELAMENTO DE ANIMAL;CÉU CLARO;SIMPLES;CURVA;SIM;0
SP;BR-101;UBATUBA;1;1;QUINTA-FEIRA;3;0;6;06H-08H;MANHA;PLENO DIA;CONVERSÃO PROIBIDA;COLISÃO TRANSVERSAL;NUBLADO;SIMPLES;RETA;SIM;0
BA;BR-324;SALVADOR;1;1;QUINTA-FEIRA;3;0;7;06H-08H;MANHA;PLENO DIA;AUSÊNCIA DE REAÇÃO DO CONDUTOR;COLISÃO TRASEIRA;CÉU CLARO;MÚLTIPLA;RETA;NÃO;0
PR;BR-277;PARANAGUA;1;1;QUINTA-FEIRA;3;0;8;06H-08H;MANHA;PLENO DIA;MANOBRA DE MUDANÇA DE FAIXA;COLISÃO LATERAL MESMO SENTIDO;NUBLADO;DUPLA;RETA;SIM;0
ES;BR-101;CARIACICA;1;1;QUINTA-FEIRA;3;0;7;06H-08H;MANHA;PLENO DIA;TRANSITAR NO ACOSTAMENTO;COLISÃO TRANSVERSAL;SOL;DUPLA;RETA;SIM;0
ES;BR-101;SERRA;1;1;QUINTA-FEIRA;3;0;8;06H-08H;MANHA;PLENO DIA;CONDUTOR DEIXOU DE MANTER DISTÂNCIA DO VEÍCULO DA FRENTE;COLISÃO TRASEIRA;CÉU CLARO;DUPLA;RETA;SIM;0
MG;BR-381;BETIM;1;1;QUINTA-FEIRA;3;0;7;06H-08H;MANHA;PLENO DIA;VELOCIDADE INCOMPATÍVEL;TOMBAMENTO;NUBLADO;MÚLTIPLA;"CURVA;ACLIVE";SIM;0
MS;BR-163;COXIM;1;1;QUINTA-FEIRA;3;0;6;06H-08H;MANHA;AMANHECER;DEMAIS FALHAS MECÂNICAS OU ELÉTRICAS;SAÍDA DE LEITO CARROÇÁVEL;CÉU CLARO;SIMPLES;RETA;NÃO;0
PR;BR-369;CAMBE;1;1;QUINTA-FEIRA;3;0;7;06H-08H;MANHA;PLENO DIA;MANOBRA DE MUDANÇA DE FAIXA;COLISÃO LATERAL MESMO SENTIDO;CÉU CLARO;DUPLA;"RETA;DECLIVE";NÃO;0
SP;BR-116;CANAS;1;1;QUINTA-FEIRA;3;0;8;06H-08H;MANHA;PLENO DIA;AUSÊNCIA DE REAÇÃO DO CONDUTOR;COLISÃO TRASEIRA;NUBLADO;DUPLA;RETA;NÃO;0
PR;BR-376;TIBAGI;1;1;SÁBADO;5;1;19;18H-20H;NOITE;ANOITECER;VELOCIDADE INCOMPATÍVEL;SAÍDA DE LEITO CARROÇÁVEL;CHUVA;DUPLA;CURVA;NÃO;0
MT;BR-163;GUARANTA DO NORTE;1;1;QUINTA-FEIRA;3;0;4;03H-05H;MADRUGADA;AMANHECER;CONDUTOR DEIXOU DE MANTER DISTÂNCIA DO VEÍCULO DA FRENTE;COLISÃO TRASEIRA;CÉU CLARO;SIMPLES;"RETA;ACLIVE";NÃO;0
MG;BR-116;CATUJI;1;1;QUINTA-FEIRA;3;0;6;06H-08H;MANHA;AMANHECER;INGESTÃO DE ÁLCOOL PELO CONDUTOR;COLISÃO FRONTAL;CÉU CLARO;SIMPLES;"CURVA;DECLIVE";NÃO;0
PR;BR-369;LONDRINA;1;1;QUINTA-FEIRA;3;0;9;09H-11H;MANHA;PLENO DIA;ULTRAPASSAGEM INDEVIDA;COLISÃO LATERAL MESMO SENTIDO;CÉU CLARO;DUPLA;"RETA;EM OBRAS";SIM;0
PR;BR-277;CURITIBA;1;1;QUINTA-FEIRA;3;0;8;06H-08H;MANHA;PLENO DIA;REAÇÃO TARDIA OU INEFICIENTE DO CONDUTOR;COLISÃO TRASEIRA;CÉU CLARO;DUPLA;RETA;SIM;0
GO;BR-060;ALEXANIA;1;1;QUINTA-FEIRA;3;0;9;09H-11H;MANHA;PLENO DIA;ACUMULO DE ÁGUA SOBRE O PAVIMENTO;SAÍDA DE LEITO CARROÇÁVEL;CHUVA;DUPLA;"RETA;DECLIVE";NÃO;0
MG;BR-050;ARAGUARI;1;1;QUINTA-FEIRA;3;0;8;06H-08H;MANHA;PLENO DIA;CONDUTOR DORMINDO;COLISÃO COM OBJETO;CÉU CLARO;DUPLA;RETA;NÃO;0
PR;BR-153;SANTO ANTONIO DA PLATINA;1;1;QUINTA-FEIRA;3;0;9;09H-11H;MANHA;PLENO DIA;AUSÊNCIA DE REAÇÃO DO CONDUTOR;COLISÃO TRASEIRA;CÉU CLARO;SIMPLES;RETA;NÃO;0
GO;BR-060;ALEXANIA;1;1;QUINTA-FEIRA;3;0;10;09H-11H;MANHA;PLENO DIA;ACUMULO DE ÁGUA SOBRE O PAVIMENTO;SAÍDA DE LEITO CARROÇÁVEL;NUBLADO;DUPLA;RETA;NÃO;0
ES;BR-101;CARIACICA;1;1;QUINTA-FEIRA;3;0;11;09H-11H;MANHA;PLENO DIA;AUSÊNCIA DE REAÇÃO DO CONDUTOR;COLISÃO TRASEIRA;CÉU CLARO;SIMPLES;RETA;SIM;0
PR;BR-116;CAMPINA GRANDE DO SUL;1;1;QUINTA-FEIRA;3;0;10;09H-11H;MANHA;PLENO DIA;REAÇÃO TARDIA OU INEFICIENTE DO CONDUTOR;SAÍDA DE LEITO CARROÇÁVEL;GAROA/CHUVISCO;DUPLA;"CURVA;DECLIVE";NÃO;1
CE;BR-222;FORTALEZA;1;1;QUINTA-FEIRA;3;0;10;09H-11H;MANHA;PLENO DIA;CONDUTOR DESRESPEITOU A ILUMINAÇÃO VERMELHA DO SEMÁFORO;COLISÃO TRANSVERSAL;CÉU CLARO;MÚLTIPLA;"INTERSEÇÃO DE VIAS;RETA";NÃO;0