uf;br_formatada;municipio;mes;trimestre;dia_semana;dia_semana_num;fim_de_semana;hora;faixa_horaria;turno;fase_dia;causa_acidente;tipo_acidente;condicao_metereologica;tipo_pista;tracado_via;uso_solo;acidente_fatal
PR;BR-369;CORNELIO PROCOPIO;2;1;SÁBADO;5;1;6;06H-08H;MANHA;PLENO DIA;DESRESPEITAR A PREFERÊNCIA NO CRUZAMENTO;COLISÃO TRANSVERSAL;NUBLADO;SIMPLES;INTERSEÇÃO DE VIAS;SIM;0
BA;BR-116;ITATIM;2;1;SÁBADO;5;1;1;00H-02H;MADRUGADA;PLENA NOITE;ANIMAIS NA PISTA;ATROPELAMENTO DE ANIMAL;CÉU CLARO;SIMPLES;RETA;NÃO;0
RO;BR-364;JARU;2;1;SÁBADO;5;1;4;03H-05H;MADRUGADA;PLENA NOITE;AUSÊNCIA DE REAÇÃO DO CONDUTOR;SAÍDA DE LEITO CARROÇÁVEL;GAROA/CHUVISCO;SIMPLES;RETA;SIM;0
PR;BR-277;CURITIBA;2;1;SÁBADO;5;1;5;03H-05H;MADRUGADA;AMANHECER;AUSÊNCIA DE REAÇÃO DO CONDUTOR;COLISÃO COM OBJETO;CÉU CLARO;DUPLA;RETA;NÃO;0
RJ;BR-116;QUEIMADOS;2;1;SÁBADO;5;1;5;03H-05H;MADRUGADA;PLENO DIA;ANIMAIS NA PISTA;ATROPELAMENTO DE ANIMAL;CÉU CLARO;DUPLA;RETA;NÃO;0
CE;BR-116;PACAJUS;2;1;SÁBADO;5;1;5;03H-05H;MADRUGADA;AMANHECER;AUSÊNCIA DE REAÇÃO DO CONDUTOR;COLISÃO COM OBJETO;CÉU CLARO;DUPLA;CURVA;SIM;1
SC;BR-282;AGUAS MORNAS;2;1;SÁBADO;5;1;4;03H-05H;MADRUGADA;PLENA NOITE;DEMAIS FALHAS MECÂNICAS OU ELÉTRICAS;INCÊNDIO;CÉU CLARO;SIMPLES;"DECLIVE;CURVA";NÃO;0
MG;BR-050;UBERABA;2;1;SÁBADO;5;1;6;06H-08H;MANHA;PLENO DIA;PEDESTRE CRUZAVA A PISTA FORA DA FAIXA;SAÍDA DE LEITO CARROÇÁVEL;CÉU CLARO;DUPLA;RETA;SIM;0
CE;BR-230;IPAUMIRIM;2;1;SÁBADO;5;1;6;06H-08H;MANHA;PLENO DIA;PISTA ESBURACADA;SAÍDA DE LEITO CARROÇÁVEL;CÉU CLARO;SIMPLES;"RETA;ACLIVE";NÃO;0
SP;BR-116;ARUJA;2;1;SÁBADO;5;1;6;06H-08H;MANHA;PLENO DIA;REAÇÃO TARDIA OU INEFICIENTE DO CONDUTOR;SAÍDA DE LEITO CARROÇÁVEL;GAROA/CHUVISCO;MÚLTIPLA;RETA;SIM;0
MG;BR-040;PARACATU;2;1;SÁBADO;5;1;6;06H-08H;MANHA;PLENO DIA;ACESSAR A VIA SEM OBSERVAR A PRESENÇA DOS OUTROS VEÍCULOS;COLISÃO TRANSVERSAL;CÉU CLARO;SIMPLES;INTERSEÇÃO DE VIAS;NÃO;0
SC;BR-470;NAVEGANTES;2;1;SÁBADO;5;1;6;06H-08H;MANHA;AMANHECER;VELOCIDADE INCOMPATÍVEL;COLISÃO TRANSVERSAL;NUBLADO;SIMPLES;"EM OBRAS;INTERSEÇÃO DE VIAS";SIM;0
SC;BR-470;LONTRAS;2;1;SÁBADO;5;1;7;06H-08H;MANHA;PLENO DIA;CONDUTOR DEIXOU DE MANTER DISTÂNCIA DO VEÍCULO DA FRENTE;COLISÃO TRASEIRA;CÉU CLARO;SIMPLES;RETA;SIM;0
MG;BR-262;IBIA;2;1;SÁBADO;5;1;4;03H-05H;MADRUGADA;PLENA NOITE;CONDUTOR DORMINDO;SAÍDA DE LEITO CARROÇÁVEL;CHUVA;SIMPLES;CURVA;NÃO;0
BA;BR-367;PORTO SEGURO;1;1;SEXTA-FEIRA;4;0;16;15H-17H;TARDE;PLENO DIA;CHUVA;COLISÃO COM OBJETO;CHUVA;SIMPLES;RETA;NÃO;0
TO;BR-235;GUARAI;2;1;SÁBADO;5;1;5;03H-05H;MADRUGADA;PLENA NOITE;AUSÊNCIA DE REAÇÃO DO CONDUTOR;SAÍDA DE LEITO CARROÇÁVEL;IGNORADO;SIMPLES;RETA;NÃO;0
PB;BR-230;CAMPINA GRANDE;2;1;SÁBADO;5;1;6;06H-08H;MANHA;PLENO DIA;ACESSAR A VIA SEM OBSERVAR A PRESENÇA DOS OUTROS VEÍCULOS;COLISÃO TRANSVERSAL;CÉU CLARO;SIMPLES;"CURVA;ACLIVE";NÃO;0
PB;BR-101;BAYEUX;2;1;SÁBADO;5;1;7;06H-08H;MANHA;PLENO DIA;ACESSAR A VIA SEM OBSERVAR A PRESENÇA DOS OUTROS VEÍCULOS;EVENTOS ATÍPICOS;SOL;SIMPLES;RETA;SIM;0
PA;BR-316;CASTANHAL;2;1;SÁBADO;5;1;6;06H-08H;MANHA;AMANHECER;AUSÊNCIA DE REAÇÃO DO CONDUTOR;COLISÃO LATERAL MESMO SENTIDO;CÉU CLARO;DUPLA;RETA;SIM;0
RJ;BR-116;MAGE;2;1;SÁBADO;5;1;7;06H-08H;MANHA;PLENO DIA;MANOBRA DE MUDANÇA DE FAIXA;SAÍDA DE LEITO CARROÇÁVEL;NUBLADO;DUPLA;CURVA;SIM;0
PR;BR-376;TIBAGI;1;1;SEXTA-FEIRA;4;0;17;15H-17H;TARDE;ANOITECER;AUSÊNCIA DE REAÇÃO DO CONDUTOR;COLISÃO COM OBJETO;CHUVA;DUPLA;"CURVA;ACLIVE";NÃO;1
RN;BR-304;MOSSORO;2;1;SÁBADO;5;1;7;06H-08H;MANHA;PLENO DIA;ESTACIONAR OU PARAR EM LOCAL PROIBIDO;COLISÃO TRASEIRA;CÉU CLARO;DUPLA;VIADUTO;SIM;0
PB;BR-230;CAMPINA GRANDE;2;1;SÁBADO;5;1;8;06H-08H;MANHA;PLENO DIA;REAÇÃO TARDIA OU INEFICIENTE DO CONDUTOR;TOMBAMENTO;CÉU CLARO;SIMPLES;"CURVA;EM OBRAS";SIM;0
PB;BR-101;SANTA RITA;2;1;SÁBADO;5;1;8;06H-08H;MANHA;PLENO DIA;AUSÊNCIA DE SINALIZAÇÃO;COLISÃO COM OBJETO;CÉU CLARO;DUPLA;"CURVA;ACLIVE";SIM;0
RS;BR-293;DOM PEDRITO;2;1;SÁBADO;5;1;7;06H-08H;MANHA;PLENO DIA;FREAR BRUSCAMENTE;SAÍDA DE LEITO CARROÇÁVEL;SOL;SIMPLES;RETA;SIM;0
MG;BR-040;RIBEIRAO DAS NEVES;2;1;SÁBADO;5;1;7;06H-08H;MANHA;PLENO DIA;CONDUTOR DORMINDO;SAÍDA DE LEITO CARROÇÁVEL;NUBLADO;DUPLA;RETA;NÃO;0
MG;BR-040;CARANDAI;1;1;DOMINGO;6;1;15;15H-17H;TARDE;PLENO DIA;CHUVA;SAÍDA DE LEITO CARROÇÁVEL;CHUVA;SIMPLES;RETA;NÃO;0
BA;BR-116;FEIRA DE SANTANA;2;1;SÁBADO;5;1;8;06H-08H;MANHA;PLENO DIA;AUSÊNCIA DE REAÇÃO DO CONDUTOR;QUEDA DE OCUPANTE DE VEÍCULO;CÉU CLARO;DUPLA;RETA;SIM;0
PA;BR-163;TRAIRAO;1;1;QUINTA-FEIRA;3;0;13;12H-14H;TARDE;PLENO DIA;ACESSAR A VIA SEM OBSERVAR A PRESENÇA DOS OUTROS VEÍCULOS;COLISÃO TRANSVERSAL;NUBLADO;SIMPLES;"RETA;DECLIVE";NÃO;0
RS;BR-290;ROSARIO DO SUL;2;1;SÁBADO;5;1;9;09H-11H;MANHA;PLENO DIA;CONDUTOR DEIXOU DE MANTER DISTÂNCIA DO VEÍCULO DA FRENTE;COLISÃO TRASEIRA;CÉU CLARO;SIMPLES;"RETA;ACLIVE";SIM;0
ES;BR-101;SAO MATEUS;2;1;SÁBADO;5;1;9;09H-11H;MANHA;PLENO DIA;ACESSAR A VIA SEM OBSERVAR A PRESENÇA DOS OUTROS VEÍCULOS;COLISÃO LATERAL MESMO SENTIDO;CÉU CLARO;SIMPLES;RETA;NÃO;0
SP;BR-101;UBATUBA;2;1;SÁBADO;5;1;9;09H-11H;MANHA;PLENO DIA;ACUMULO DE ÓLEO SOBRE O PAVIMENTO;QUEDA DE OCUPANTE DE VEÍCULO;CÉU CLARO;SIMPLES;INTERSEÇÃO DE VIAS;SIM;0
BA;BR-324;AMELIA RODRIGUES;2;1;SÁBADO;5;1;9;09H-11H;MANHA;PLENO DIA;VELOCIDADE INCOMPATÍVEL;ENGAVETAMENTO;CÉU CLARO;DUPLA;RETA;SIM;0
PB;BR-101;MAMANGUAPE;2;1;SÁBADO;5;1;9;09H-11H;MANHA;PLENO DIA;REAÇÃO TARDIA OU INEFICIENTE DO CONDUTOR;COLISÃO TRANSVERSAL;CÉU CLARO;SIMPLES;RETA;SIM;0
RN;BR-406;GUAMARE;2;1;SÁBADO;5;1;10;09H-11H;MANHA;PLENO DIA;REAÇÃO TARDIA OU INEFICIENTE DO CONDUTOR;COLISÃO TRASEIRA;CÉU CLARO;SIMPLES;"ACLIVE;RETA";SIM;0
BA;BR-110;CICERO DANTAS;2;1;SÁBADO;5;1;8;06H-08H;MANHA;PLENO DIA;ACESSAR A VIA SEM OBSERVAR A PRESENÇA DOS OUTROS VEÍCULOS;COLISÃO FRONTAL;CÉU CLARO;SIMPLES;"RETA;INTERSEÇÃO DE VIAS";SIM;1
BA;BR-242;IBOTIRAMA;2;1;SÁBADO;5;1;9;09H-11H;MANHA;PLENO DIA;CONDUTOR DORMINDO;COLISÃO FRONTAL;CÉU CLARO;SIMPLES;RETA;NÃO;0
PB;BR-101;JOAO PESSOA;2;1;SÁBADO;5;1;10;09H-11H;MANHA;PLENO DIA;CONDUTOR DEIXOU DE MANTER DISTÂNCIA DO VEÍCULO DA FRENTE;COLISÃO TRASEIRA;CÉU CLARO;DUPLA;RETA;SIM;0
PE;BR-101;IGARASSU;2;1;SÁBADO;5;1;10;09H-11H;MANHA;PLENO DIA;INGESTÃO DE ÁLCOOL PELO CONDUTOR;COLISÃO LATERAL MESMO SENTIDO;NUBLADO;MÚLTIPLA;RETA;SIM;0
GO;BR-040;LUZIANIA;2;1;SÁBADO;5;1;9;09H-11H;MANHA;PLENO DIA;PEDESTRE CRUZAVA A PISTA FORA DA FAIXA;ATROPELAMENTO DE PEDESTRE;NUBLADO;DUPLA;RETA;SIM;1
ES;BR-262;MARECHAL FLORIANO;2;1;SÁBADO;5;1;11;09H-11H;MANHA;PLENO DIA;AVARIAS E/OU DESGASTE EXCESSIVO NO PNEU;QUEDA DE OCUPANTE DE VEÍCULO;CÉU CLARO;SIMPLES;"CURVA;ACLIVE";NÃO;0
SC;BR-101;JOINVILLE;2;1;SÁBADO;5;1;11;09H-11H;MANHA;PLENO DIA;AUSÊNCIA DE REAÇÃO DO CONDUTOR;COLISÃO TRASEIRA;NUBLADO;DUPLA;RETA;SIM;0
MG;BR-381;CAMBUI;2;1;SÁBADO;5;1;11;09H-11H;MANHA;PLENO DIA;VELOCIDADE INCOMPATÍVEL;QUEDA DE OCUPANTE DE VEÍCULO;CHUVA;DUPLA;"ACLIVE;CURVA";NÃO;0
PE;BR-101;RECIFE;2;1;SÁBADO;5;1;12;12H-14H;TARDE;PLENO DIA;AUSÊNCIA DE REAÇÃO DO CONDUTOR;TOMBAMENTO;CHUVA;DUPLA;RETA;SIM;0
MG;BR-050;ARAGUARI;2;1;SÁBADO;5;1;11;09H-11H;MANHA;PLENO DIA;VELOCIDADE INCOMPATÍVEL;SAÍDA DE LEITO CARROÇÁVEL;NUBLADO;DUPLA;CURVA;NÃO;0
PI;BR-343;PARNAIBA;2;1;SÁBADO;5;1;8;06H-08H;MANHA;PLENO DIA;CONDUTOR DEIXOU DE MANTER DISTÂNCIA DO VEÍCULO DA FRENTE;COLISÃO TRANSVERSAL;CÉU CLARO;DUPLA;RETA;SIM;0
DF;BR-080;BRASILIA;2;1;SÁBADO;5;1;12;12H-14H;TARDE;PLENO DIA;ACESSAR A VIA SEM OBSERVAR A PRESENÇA DOS OUTROS VEÍCULOS;COLISÃO TRANSVERSAL;NUBLADO;SIMPLES;INTERSEÇÃO DE VIAS;NÃO;0
CE;BR-222;CAUCAIA;2;1;SÁBADO;5;1;12;12H-14H;TARDE;PLENO DIA;CONDUTOR DEIXOU DE MANTER DISTÂNCIA DO VEÍCULO DA FRENTE;ENGAVETAMENTO;CÉU CLARO;MÚLTIPLA;"ACLIVE;RETA;VIADUTO";SIM;0
MG;BR-381;POUSO ALEGRE;2;1;SÁBADO;5;1;11;09H-11H;MANHA;PLENO DIA;AUSÊNCIA DE REAÇÃO DO CONDUTOR;COLISÃO COM OBJETO;CHUVA;DUPLA;RETA;NÃO;0
RS;BR-290;PORTO ALEGRE;2;1;SÁBADO;5;1;13;12H-14H;TARDE;PLENO DIA;CONDUTOR DEIXOU DE MANTER DISTÂNCIA DO VEÍCULO DA FRENTE;COLISÃO TRASEIRA;CÉU CLARO;SIMPLES;ACLIVE;SIM;0
CE;BR-116;PACAJUS;1;1;SEXTA-FEIRA;4;0;14;12H-14H;TARDE;PLENO DIA;ACUMULO DE AREIA OU DETRITOS SOBRE O PAVIMENTO;TOMBAMENTO;CÉU CLARO;DUPLA;RETORNO REGULAMENTADO;NÃO;0
PA;BR-230;MARABA;2;1;SÁBADO;5;1;11;09H-11H;MANHA;PLENO DIA;CONVERSÃO PROIBIDA;COLISÃO FRONTAL;CÉU CLARO;SIMPLES;RETA;NÃO;0
MG;BR-040;EWBANK DA CAMARA;2;1;SÁBADO;5;1;13;12H-14H;TARDE;PLENO DIA;CHUVA;COLISÃO COM OBJETO;CHUVA;SIMPLES;CURVA;NÃO;0
SC;BR-282;FLORIANOPOLIS;2;1;SÁBADO;5;1;13;12H-14H;TARDE;PLENO DIA;AUSÊNCIA DE REAÇÃO DO CONDUTOR;ENGAVETAMENTO;CÉU CLARO;MÚLTIPLA;RETA;SIM;0
RO;BR-364;JARU;2;1;SÁBADO;5;1;11;09H-11H;MANHA;PLENO DIA;ACESSAR A VIA SEM OBSERVAR A PRESENÇA DOS OUTROS VEÍCULOS;COLISÃO TRANSVERSAL;CHUVA;SIMPLES;ROTATÓRIA;SIM;0
SE;BR-235;ARACAJU;2;1;SÁBADO;5;1;13;12H-14H;TARDE;PLENO DIA;TRANSITAR NA CONTRAMÃO;ATROPELAMENTO DE PEDESTRE;CÉU CLARO;DUPLA;"ACLIVE;RETA";NÃO;0
RJ;BR-040;PETROPOLIS;2;1;SÁBADO;5;1;10;09H-11H;MANHA;PLENO DIA;PISTA ESCORREGADIA;TOMBAMENTO;NUBLADO;SIMPLES;"RETA;ACLIVE";NÃO;0
SP;BR-101;UBATUBA;2;1;SÁBADO;5;1;9;09H-11H;MANHA;PLENO DIA;REAÇÃO TARDIA OU INEFICIENTE DO CONDUTOR;COLISÃO TRANSVERSAL;NUBLADO;SIMPLES;RETA;SIM;0
PR;BR-116;MANDIRITUBA;2;1;SÁBADO;5;1;14;12H-14H;TARDE;PLENO DIA;REAÇÃO TARDIA OU INEFICIENTE DO CONDUTOR;SAÍDA DE LEITO CARROÇÁVEL;CHUVA;SIMPLES;"RETA;ACLIVE";SIM;0
RO;BR-364;JARU;2;1;SÁBADO;5;1;12;12H-14H;TARDE;PLENO DIA;INGESTÃO DE SUBSTÂNCIAS PSICOATIVAS PELO CONDUTOR;COLISÃO TRASEIRA;NUBLADO;SIMPLES;"DECLIVE;ROTATÓRIA";SIM;0
PR;BR-277;SANTA TEREZA DO OESTE;2;1;SÁBADO;5;1;13;12H-14H;TARDE;PLENO DIA;ULTRAPASSAGEM INDEVIDA;COLISÃO LATERAL MESMO SENTIDO;CÉU CLARO;SIMPLES;RETA;NÃO;0
SC;BR-470;INDAIAL;2;1;SÁBADO;5;1;14;12H-14H;TARDE;PLENO DIA;ACESSO IRREGULAR;COLISÃO FRONTAL;NUBLADO;SIMPLES;RETA;NÃO;0
RS;BR-290;ELDORADO DO SUL;2;1;SÁBADO;5;1;15;15H-17H;TARDE;PLENO DIA;ACESSO IRREGULAR;COLISÃO TRANSVERSAL;CÉU CLARO;SIMPLES;RETA;SIM;0
PE;BR-101;RIBEIRAO;2;1;SÁBADO;5;1;14;12H-14H;TARDE;PLENO DIA;ACUMULO DE ÁGUA SOBRE O PAVIMENTO;SAÍDA DE LEITO CARROÇÁVEL;NUBLADO;DUPLA;RETA;SIM;0
MG;BR-381;BETIM;2;1;SÁBADO;5;1;14;12H-14H;TARDE;PLENO DIA;AUSÊNCIA DE SINALIZAÇÃO;COLISÃO COM OBJETO;NUBLADO;MÚLTIPLA;RETA;NÃO;0
PB;BR-230;JOAO PESSOA;2;1;SÁBADO;5;1;16;15H-17H;TARDE;PLENO DIA;ACUMULO DE AREIA OU DETRITOS SOBRE O PAVIMENTO;EVENTOS ATÍPICOS;SOL;DUPLA;"DECLIVE;CURVA;INTERSEÇÃO DE VIAS;VIADUTO";SIM;0
SC;BR-470;POUSO REDONDO;2;1;SÁBADO;5;1;15;15H-17H;TARDE;PLENO DIA;ACESSAR A VIA SEM OBSERVAR A PRESENÇA DOS OUTROS VEÍCULOS;COLISÃO TRANSVERSAL;CÉU CLARO;DUPLA;"ACLIVE;RETA";NÃO;0
PR;BR-277;CASCAVEL;2;1;SÁBADO;5;1;16;15H-17H;TARDE;PLENO DIA;INGESTÃO DE ÁLCOOL PELO CONDUTOR;COLISÃO TRASEIRA;CÉU CLARO;SIMPLES;RETA;SIM;0
SC;BR-101;ITAPEMA;2;1;SÁBADO;5;1;17;15H-17H;TARDE;PLENO DIA;TRAFEGAR COM MOTOCICLETA (OU SIMILAR) ENTRE AS FAIXAS;COLISÃO LATERAL MESMO SENTIDO;NUBLADO;MÚLTIPLA;RETA;SIM;0
SP;BR-116;GUARULHOS;2;1;SÁBADO;5;1;17;15H-17H;TARDE;PLENO DIA;TRAFEGAR COM MOTOCICLETA (OU SIMILAR) ENTRE AS FAIXAS;COLISÃO TRASEIRA;NUBLADO;MÚLTIPLA;RETA;SIM;0
SC;BR-282;ALFREDO WAGNER;2;1;SÁBADO;5;1;17;15H-17H;TARDE;PLENO DIA;VELOCIDADE INCOMPATÍVEL;SAÍDA DE LEITO CARROÇÁVEL;NUBLADO;SIMPLES;"CURVA;DECLIVE";NÃO;0
RS;BR-392;PELOTAS;2;1;SÁBADO;5;1;17;15H-17H;TARDE;PLENO DIA;ACESSAR A VIA SEM OBSERVAR A PRESENÇA DOS OUTROS VEÍCULOS;COLISÃO TRANSVERSAL;SOL;SIMPLES;RETA;NÃO;0
MG;BR-381;BETIM;2;1;SÁBADO;5;1;11;09H-11H;MANHA;PLENO DIA;AUSÊNCIA DE REAÇÃO DO CONDUTOR;COLISÃO TRASEIRA;NUBLADO;MÚLTIPLA;RETA;SIM;0
BA;BR-116;POCOES;2;1;SÁBADO;5;1;10;09H-11H;MANHA;PLENO DIA;INGESTÃO DE ÁLCOOL PELO CONDUTOR;CAPOTAMENTO;CÉU CLARO;SIMPLES;DECLIVE;NÃO;0
PR;BR-277;MATELANDIA;2;1;SÁBADO;5;1;15;15H-17H;TARDE;PLENO DIA;CONDUTOR DORMINDO;COLISÃO LATERAL SENTIDO OPOSTO;NUBLADO;SIMPLES;"RETA;ACLIVE";NÃO;0
MG;BR-040;RIBEIRAO DAS NEVES;2;1;SÁBADO;5;1;18;18H-20H;NOITE;ANOITECER;DEMAIS FALHAS MECÂNICAS OU ELÉTRICAS;INCÊNDIO;NUBLADO;DUPLA;RETA;SIM;0
MT;BR-174;PONTES E LACERDA;2;1;SÁBADO;5;1;15;15H-17H;TARDE;PLENO DIA;ACESSAR A VIA SEM OBSERVAR A PRESENÇA DOS OUTROS VEÍCULOS;COLISÃO TRANSVERSAL;CÉU CLARO;SIMPLES;"RETA;INTERSEÇÃO DE VIAS";SIM;0
MG;BR-381;POUSO ALEGRE;2;1;SÁBADO;5;1;16;15H-17H;TARDE;PLENO DIA;VELOCIDADE INCOMPATÍVEL;SAÍDA DE LEITO CARROÇÁVEL;CHUVA;DUPLA;RETA;NÃO;0
SC;BR-470;GASPAR;2;1;SÁBADO;5;1;17;15H-17H;TARDE;PLENO DIA;AUSÊNCIA DE REAÇÃO DO CONDUTOR;COLISÃO TRASEIRA;CÉU CLARO;DUPLA;RETA;NÃO;0
PR;BR-277;SAO JOSE DOS PINHAIS;2;1;SÁBADO;5;1;18;18H-20H;NOITE;ANOITECER;AUSÊNCIA DE REAÇÃO DO CONDUTOR;SAÍDA DE LEITO CARROÇÁVEL;GAROA/CHUVISCO;DUPLA;RETA;NÃO;0
MG;BR-116;GOVERNADOR VALADARES;2;1;SÁBADO;5;1;18;18H-20H;NOITE;ANOITECER;AUSÊNCIA DE REAÇÃO DO CONDUTOR;COLISÃO TRASEIRA;CÉU CLARO;SIMPLES;RETA;SIM;0
PE;BR-428;CABROBO;2;1;SÁBADO;5;1;18;18H-20H;NOITE;PLENA NOITE;AUSÊNCIA DE SINALIZAÇÃO;COLISÃO FRONTAL;CÉU CLARO;SIMPLES;"RETA;EM OBRAS;ACLIVE";NÃO;0
RN;BR-101;NATAL;2;1;SÁBADO;5;1;19;18H-20H;NOITE;PLENA NOITE;CONDUTOR DEIXOU DE MANTER DISTÂNCIA DO VEÍCULO DA FRENTE;COLISÃO TRASEIRA;CÉU CLARO;MÚLTIPLA;RETA;SIM;0
MG;BR-262;NOVA SERRANA;2;1;SÁBADO;5;1;18;18H-20H;NOITE;ANOITECER;CONDUTOR DEIXOU DE MANTER DISTÂNCIA DO VEÍCULO DA FRENTE;COLISÃO TRASEIRA;NUBLADO;MÚLTIPLA;RETA;SIM;0
PR;BR-158;PATO BRANCO;2;1;SÁBADO;5;1;16;15H-17H;TARDE;PLENO DIA;FREAR BRUSCAMENTE;COLISÃO TRASEIRA;CÉU CLARO;DUPLA;"RETA;VIADUTO";NÃO;0
RJ;BR-101;SAO GONCALO;2;1;SÁBADO;5;1;18;18H-20H;NOITE;PLENA NOITE;REAÇÃO TARDIA OU INEFICIENTE DO CONDUTOR;TOMBAMENTO;CÉU CLARO;DUPLA;RETA;SIM;0
PB;BR-104;BARRA DE SANTA ROSA;2;1;SÁBADO;5;1;17;15H-17H;TARDE;ANOITECER;AUSÊNCIA DE REAÇÃO DO CONDUTOR;TOMBAMENTO;CÉU CLARO;DUPLA;RETA;SIM;0
RS;BR-285;SAO LUIZ GONZAGA;2;1;SÁBADO;5;1;15;15H-17H;TARDE;PLENO DIA;ENTRADA INOPINADA DO PEDESTRE;ATROPELAMENTO DE PEDESTRE;CÉU CLARO;SIMPLES;RETA;SIM;0
MS;BR-158;TRES LAGOAS;2;1;SÁBADO;5;1;18;18H-20H;NOITE;ANOITECER;AUSÊNCIA DE REAÇÃO DO CONDUTOR;SAÍDA DE LEITO CARROÇÁVEL;CÉU CLARO;DUPLA;RETA;NÃO;0
DF;BR-020;BRASILIA;2;1;SÁBADO;5;1;7;06H-08H;MANHA;PLENO DIA;AUSÊNCIA DE REAÇÃO DO CONDUTOR;QUEDA DE OCUPANTE DE VEÍCULO;CÉU CLARO;DUPLA;RETA;SIM;0
SP;BR-116;SAO LOURENCO DA SERRA;2;1;SÁBADO;5;1;19;18H-20H;NOITE;PLENA NOITE;OBJETO ESTÁTICO SOBRE O LEITO CARROÇÁVEL;COLISÃO COM OBJETO;CHUVA;DUPLA;RETA;NÃO;0
AL;BR-101;JUNQUEIRO;2;1;SÁBADO;5;1;18;18H-20H;NOITE;PLENA NOITE;TRANSITAR NO ACOSTAMENTO;COLISÃO TRASEIRA;CÉU CLARO;DUPLA;RETA;NÃO;1
RJ;BR-040;PETROPOLIS;2;1;SÁBADO;5;1;17;15H-17H;TARDE;PLENO DIA;CURVA ACENTUADA;SAÍDA DE LEITO CARROÇÁVEL;CHUVA;SIMPLES;"CURVA;DECLIVE";NÃO;0
RS;BR-392;GUARANI DAS MISSOES;2;1;SÁBADO;5;1;20;18H-20H;NOITE;PLENA NOITE;REAÇÃO TARDIA OU INEFICIENTE DO CONDUTOR;COLISÃO TRASEIRA;CÉU CLARO;SIMPLES;"RETA;DECLIVE";NÃO;0
SC;BR-101;SAO JOSE;2;1;SÁBADO;5;1;19;18H-20H;NOITE;PLENA NOITE;INGESTÃO DE ÁLCOOL PELO CONDUTOR;SAÍDA DE LEITO CARROÇÁVEL;CÉU CLARO;SIMPLES;RETA;SIM;0
PR;BR-373;PRUDENTOPOLIS;2;1;SÁBADO;5;1;19;18H-20H;NOITE;PLENA NOITE;AUSÊNCIA DE REAÇÃO DO CONDUTOR;SAÍDA DE LEITO CARROÇÁVEL;NUBLADO;SIMPLES;RETA;NÃO;0
AP;BR-210;MACAPA;2;1;SÁBADO;5;1;20;18H-20H;NOITE;PLENA NOITE;REAÇÃO TARDIA OU INEFICIENTE DO CONDUTOR;COLISÃO TRASEIRA;CÉU CLARO;MÚLTIPLA;RETA;SIM;0
RS;BR-116;CAXIAS DO SUL;2;1;SÁBADO;5;1;20;18H-20H;NOITE;PLENA NOITE;REAÇÃO TARDIA OU INEFICIENTE DO CONDUTOR;SAÍDA DE LEITO CARROÇÁVEL;CÉU CLARO;DUPLA;RETA;SIM;0
RJ;BR-040;COMENDADOR LEVY GASPARIAN;2;1;SÁBADO;5;1;17;15H-17H;TARDE;ANOITECER;AUSÊNCIA DE REAÇÃO DO CONDUTOR;COLISÃO COM OBJETO;NUBLADO;DUPLA;"CURVA;ACLIVE";NÃO;0
ES;BR-101;LINHARES;2;1;SÁBADO;5;1;20;18H-20H;NOITE;PLENA NOITE;MANOBRA DE MUDANÇA DE FAIXA;COLISÃO LATERAL MESMO SENTIDO;NUBLADO;MÚLTIPLA;RETA;SIM;0
MS;BR-163;CAMPO GRANDE;2;1;SÁBADO;5;1;19;18H-20H;NOITE;PLENA NOITE;AUSÊNCIA DE REAÇÃO DO CONDUTOR;COLISÃO COM OBJETO;CÉU CLARO;DUPLA;RETORNO REGULAMENTADO;NÃO;0
RJ;BR-465;SEROPEDICA;2;1;SÁBADO;5;1;21;21H-23H;NOITE;PLENA NOITE;PEDESTRE CRUZAVA A PISTA FORA DA FAIXA;ATROPELAMENTO DE PEDESTRE;CÉU CLARO;SIMPLES;RETA;SIM;0
GO;BR-050;CRISTALINA;2;1;SÁBADO;5;1;21;21H-23H;NOITE;ANOITECER;INGESTÃO DE ÁLCOOL PELO CONDUTOR;SAÍDA DE LEITO CARROÇÁVEL;CHUVA;DUPLA;RETA;NÃO;0
RS;BR-290;PORTO ALEGRE;2;1;SÁBADO;5;1;21;21H-23H;NOITE;PLENA NOITE;MANOBRA DE MUDANÇA DE FAIXA;COLISÃO LATERAL MESMO SENTIDO;CÉU CLARO;DUPLA;RETORNO REGULAMENTADO;SIM;0
SP;BR-116;SANTA ISABEL;2;1;SÁBADO;5;1;22;21H-23H;NOITE;PLENA NOITE;DEMAIS FALHAS MECÂNICAS OU ELÉTRICAS;INCÊNDIO;GAROA/CHUVISCO;DUPLA;RETA;NÃO;0
RJ;BR-116;NOVA IGUACU;2;1;SÁBADO;5;1;20;18H-20H;NOITE;PLENA NOITE;CONDUTOR DORMINDO;COLISÃO COM OBJETO;CÉU CLARO;DUPLA;RETA;SIM;0
BA;BR-116;PLANALTO;2;1;SÁBADO;5;1;20;18H-20H;NOITE;PLENA NOITE;REAÇÃO TARDIA OU INEFICIENTE DO CONDUTOR;TOMBAMENTO;NUBLADO;SIMPLES;RETA;SIM;0
MT;BR-163;SINOP;2;1;SÁBADO;5;1;20;18H-20H;NOITE;PLENA NOITE;AUSÊNCIA DE REAÇÃO DO CONDUTOR;COLISÃO TRASEIRA;NUBLADO;DUPLA;RETORNO REGULAMENTADO;SIM;0