uf;br_formatada;municipio;mes;trimestre;dia_semana;dia_semana_num;fim_de_semana;hora;faixa_horaria;turno;fase_dia;causa_acidente;tipo_acidente;condicao_metereologica;tipo_pista;tracado_via;uso_solo;acidente_fatal
MG;BR-040;CAETANOPOLIS;2;1;TERÇA-FEIRA;1;0;6;06H-08H;MANHA;PLENO DIA;AVARIAS E/OU DESGASTE EXCESSIVO NO PNEU;COLISÃO COM OBJETO;CÉU CLARO;DUPLA;"DECLIVE;RETA";SIM;0
MG;BR-354;ITAMONTE;2;1;TERÇA-FEIRA;1;0;18;18H-20H;NOITE;PLENA NOITE;VELOCIDADE INCOMPATÍVEL;QUEDA DE OCUPANTE DE VEÍCULO;GAROA/CHUVISCO;SIMPLES;CURVA;NÃO;0
DF;BR-020;BRASILIA;2;1;TERÇA-FEIRA;1;0;22;21H-23H;NOITE;PLENA NOITE;CHUVA;COLISÃO COM OBJETO;CHUVA;DUPLA;"CURVA;DECLIVE";SIM;0
SC;BR-101;PALHOCA;2;1;TERÇA-FEIRA;1;0;22;21H-23H;NOITE;PLENA NOITE;REAÇÃO TARDIA OU INEFICIENTE DO CONDUTOR;COLISÃO COM OBJETO;NUBLADO;MÚLTIPLA;RETA;SIM;0
PI;BR-343;TERESINA;2;1;TERÇA-FEIRA;1;0;18;18H-20H;NOITE;PLENA NOITE;ACESSAR A VIA SEM OBSERVAR A PRESENÇA DOS OUTROS VEÍCULOS;COLISÃO TRANSVERSAL;CÉU CLARO;SIMPLES;RETA;NÃO;0
SC;BR-282;LAGES;2;1;TERÇA-FEIRA;1;0;22;21H-23H;NOITE;PLENA NOITE;REAÇÃO TARDIA OU INEFICIENTE DO CONDUTOR;COLISÃO COM OBJETO;NUBLADO;SIMPLES;ROTATÓRIA;SIM;0
RO;BR-364;PRESIDENTE MEDICI;2;1;TERÇA-FEIRA;1;0;18;18H-20H;NOITE;ANOITECER;ACESSAR A VIA SEM OBSERVAR A PRESENÇA DOS OUTROS VEÍCULOS;COLISÃO TRANSVERSAL;CÉU CLARO;SIMPLES;"RETA;INTERSEÇÃO DE VIAS;DECLIVE";SIM;0
PE;BR-104;CARUARU;2;1;TERÇA-FEIRA;1;0;22;21H-23H;NOITE;PLENA NOITE;AUSÊNCIA DE REAÇÃO DO CONDUTOR;COLISÃO FRONTAL;GAROA/CHUVISCO;SIMPLES;RETA;NÃO;0
SC;BR-101;LAGUNA;2;1;TERÇA-FEIRA;1;0;19;18H-20H;NOITE;PLENA NOITE;AVARIAS E/OU DESGASTE EXCESSIVO NO PNEU;TOMBAMENTO;CÉU CLARO;DUPLA;RETA;NÃO;0
PE;BR-101;RECIFE;2;1;TERÇA-FEIRA;1;0;22;21H-23H;NOITE;PLENA NOITE;REAÇÃO TARDIA OU INEFICIENTE DO CONDUTOR;TOMBAMENTO;NUBLADO;DUPLA;RETA;SIM;0
SC;BR-101;BIGUACU;2;1;TERÇA-FEIRA;1;0;23;21H-23H;NOITE;PLENA NOITE;AUSÊNCIA DE REAÇÃO DO CONDUTOR;COLISÃO LATERAL MESMO SENTIDO;NUBLADO;MÚLTIPLA;RETA;SIM;0
MS;BR-060;SIDROLANDIA;2;1;TERÇA-FEIRA;1;0;21;21H-23H;NOITE;PLENA NOITE;AUSÊNCIA DE REAÇÃO DO CONDUTOR;COLISÃO TRASEIRA;CÉU CLARO;SIMPLES;RETA;SIM;0
SC;BR-280;CANOINHAS;2;1;QUARTA-FEIRA;2;0;1;00H-02H;MADRUGADA;PLENA NOITE;REAÇÃO TARDIA OU INEFICIENTE DO CONDUTOR;COLISÃO COM OBJETO;NUBLADO;SIMPLES;RETA;SIM;0
PE;BR-232;POMBOS;2;1;QUARTA-FEIRA;2;0;4;03H-05H;MADRUGADA;AMANHECER;ANIMAIS NA PISTA;ATROPELAMENTO DE ANIMAL;NUBLADO;DUPLA;"DECLIVE;RETA";SIM;0
BA;BR-101;ESPLANADA;2;1;QUARTA-FEIRA;2;0;3;03H-05H;MADRUGADA;PLENA NOITE;MANOBRA DE MUDANÇA DE FAIXA;COLISÃO TRANSVERSAL;CÉU CLARO;DUPLA;RETA;NÃO;0
SC;BR-470;BLUMENAU;2;1;QUARTA-FEIRA;2;0;4;03H-05H;MADRUGADA;PLENA NOITE;ACESSO IRREGULAR;COLISÃO LATERAL SENTIDO OPOSTO;CÉU CLARO;SIMPLES;DECLIVE;NÃO;0
SC;BR-470;POUSO REDONDO;2;1;TERÇA-FEIRA;1;0;20;18H-20H;NOITE;PLENA NOITE;ACESSAR A VIA SEM OBSERVAR A PRESENÇA DOS OUTROS VEÍCULOS;COLISÃO TRANSVERSAL;GAROA/CHUVISCO;SIMPLES;ROTATÓRIA;SIM;0
GO;BR-153;ANAPOLIS;2;1;QUARTA-FEIRA;2;0;6;06H-08H;MANHA;PLENO DIA;ANIMAIS NA PISTA;ATROPELAMENTO DE ANIMAL;SOL;DUPLA;RETA;SIM;0
MG;BR-116;CAMPANARIO;2;1;QUARTA-FEIRA;2;0;0;00H-02H;MADRUGADA;PLENA NOITE;DEMAIS FALHAS MECÂNICAS OU ELÉTRICAS;INCÊNDIO;CÉU CLARO;SIMPLES;RETORNO REGULAMENTADO;NÃO;0
RJ;BR-116;QUEIMADOS;2;1;QUARTA-FEIRA;2;0;6;06H-08H;MANHA;AMANHECER;PEDESTRE CRUZAVA A PISTA FORA DA FAIXA;ATROPELAMENTO DE PEDESTRE;CÉU CLARO;DUPLA;"RETA;DECLIVE";SIM;1
BA;BR-101;SAO JOSE DA VITORIA;2;1;TERÇA-FEIRA;1;0;16;15H-17H;TARDE;PLENO DIA;ACESSAR A VIA SEM OBSERVAR A PRESENÇA DOS OUTROS VEÍCULOS;COLISÃO TRANSVERSAL;CÉU CLARO;SIMPLES;RETA;SIM;0
SC;BR-282;AGUAS MORNAS;2;1;QUARTA-FEIRA;2;0;6;06H-08H;MANHA;PLENO DIA;ACESSAR A VIA SEM OBSERVAR A PRESENÇA DOS OUTROS VEÍCULOS;COLISÃO TRANSVERSAL;CÉU CLARO;SIMPLES;CURVA;SIM;0
RS;BR-116;CAXIAS DO SUL;2;1;QUARTA-FEIRA;2;0;7;06H-08H;MANHA;PLENO DIA;CONVERSÃO PROIBIDA;COLISÃO TRANSVERSAL;CÉU CLARO;MÚLTIPLA;RETA;SIM;0
MG;BR-040;CONTAGEM;2;1;QUARTA-FEIRA;2;0;7;06H-08H;MANHA;PLENO DIA;CONDUTOR DEIXOU DE MANTER DISTÂNCIA DO VEÍCULO DA FRENTE;QUEDA DE OCUPANTE DE VEÍCULO;CÉU CLARO;DUPLA;"ACLIVE;RETA";NÃO;0
PR;BR-376;MARINGA;2;1;QUARTA-FEIRA;2;0;7;06H-08H;MANHA;PLENO DIA;TRAFEGAR COM MOTOCICLETA (OU SIMILAR) ENTRE AS FAIXAS;COLISÃO LATERAL MESMO SENTIDO;CÉU CLARO;DUPLA;RETA;SIM;0
MG;BR-116;CARATINGA;2;1;QUARTA-FEIRA;2;0;7;06H-08H;MANHA;PLENO DIA;ACESSAR A VIA SEM OBSERVAR A PRESENÇA DOS OUTROS VEÍCULOS;COLISÃO TRANSVERSAL;CÉU CLARO;SIMPLES;RETA;SIM;0
SP;BR-116;GUARULHOS;2;1;QUARTA-FEIRA;2;0;7;06H-08H;MANHA;PLENO DIA;AUSÊNCIA DE REAÇÃO DO CONDUTOR;COLISÃO TRASEIRA;NUBLADO;MÚLTIPLA;RETA;SIM;0
ES;BR-101;VILA VELHA;1;1;QUARTA-FEIRA;2;0;20;18H-20H;NOITE;PLENA NOITE;PEDESTRE ANDAVA NA PISTA;ATROPELAMENTO DE PEDESTRE;CHUVA;DUPLA;"RETA;DECLIVE";NÃO;1
RJ;BR-116;DUQUE DE CAXIAS;2;1;QUARTA-FEIRA;2;0;7;06H-08H;MANHA;AMANHECER;TRAFEGAR COM MOTOCICLETA (OU SIMILAR) ENTRE AS FAIXAS;COLISÃO LATERAL MESMO SENTIDO;CÉU CLARO;SIMPLES;RETA;SIM;0
PR;BR-476;SAO MATEUS DO SUL;2;1;QUARTA-FEIRA;2;0;2;00H-02H;MADRUGADA;PLENA NOITE;REAÇÃO TARDIA OU INEFICIENTE DO CONDUTOR;SAÍDA DE LEITO CARROÇÁVEL;GAROA/CHUVISCO;SIMPLES;RETA;NÃO;0
RS;BR-290;PORTO ALEGRE;2;1;QUARTA-FEIRA;2;0;8;06H-08H;MANHA;PLENO DIA;MANOBRA DE MUDANÇA DE FAIXA;COLISÃO LATERAL MESMO SENTIDO;CÉU CLARO;MÚLTIPLA;RETA;NÃO;0
MG;BR-040;CONTAGEM;2;1;QUARTA-FEIRA;2;0;8;06H-08H;MANHA;PLENO DIA;AUSÊNCIA DE REAÇÃO DO CONDUTOR;COLISÃO TRASEIRA;CÉU CLARO;DUPLA;RETA;SIM;0
PR;BR-376;GUARATUBA;1;1;QUARTA-FEIRA;2;0;13;12H-14H;TARDE;PLENO DIA;AVARIAS E/OU DESGASTE EXCESSIVO NO PNEU;SAÍDA DE LEITO CARROÇÁVEL;CHUVA;DUPLA;DECLIVE;NÃO;0
PE;BR-232;MORENO;2;1;QUARTA-FEIRA;2;0;8;06H-08H;MANHA;PLENO DIA;ACUMULO DE ÁGUA SOBRE O PAVIMENTO;COLISÃO COM OBJETO;CHUVA;DUPLA;CURVA;NÃO;0
DF;BR-251;BRASILIA;2;1;QUARTA-FEIRA;2;0;7;06H-08H;MANHA;PLENO DIA;ACUMULO DE AREIA OU DETRITOS SOBRE O PAVIMENTO;QUEDA DE OCUPANTE DE VEÍCULO;SOL;DUPLA;CURVA;NÃO;0
BA;BR-101;GANDU;2;1;QUARTA-FEIRA;2;0;7;06H-08H;MANHA;AMANHECER;PISTA ESCORREGADIA;SAÍDA DE LEITO CARROÇÁVEL;CÉU CLARO;SIMPLES;"CURVA;DECLIVE";NÃO;0
RJ;BR-040;DUQUE DE CAXIAS;2;1;QUARTA-FEIRA;2;0;5;03H-05H;MADRUGADA;AMANHECER;DEMAIS FALHAS MECÂNICAS OU ELÉTRICAS;INCÊNDIO;NUBLADO;MÚLTIPLA;RETA;SIM;0
SC;BR-101;ITAJAI;2;1;QUARTA-FEIRA;2;0;9;09H-11H;MANHA;PLENO DIA;REAÇÃO TARDIA OU INEFICIENTE DO CONDUTOR;COLISÃO LATERAL MESMO SENTIDO;CÉU CLARO;MÚLTIPLA;"RETA;INTERSEÇÃO DE VIAS";NÃO;0
RJ;BR-101;SAO GONCALO;2;1;QUARTA-FEIRA;2;0;8;06H-08H;MANHA;PLENO DIA;MANOBRA DE MUDANÇA DE FAIXA;COLISÃO TRASEIRA;CÉU CLARO;DUPLA;RETA;NÃO;0
PR;BR-277;CEU AZUL;2;1;QUARTA-FEIRA;2;0;8;06H-08H;MANHA;PLENO DIA;ULTRAPASSAGEM INDEVIDA;CAPOTAMENTO;NUBLADO;SIMPLES;RETA;NÃO;0
SC;BR-282;FLORIANOPOLIS;2;1;QUARTA-FEIRA;2;0;9;09H-11H;MANHA;PLENO DIA;MANOBRA DE MUDANÇA DE FAIXA;COLISÃO LATERAL MESMO SENTIDO;CÉU CLARO;MÚLTIPLA;RETA;SIM;0
PR;BR-277;PARANAGUA;2;1;QUARTA-FEIRA;2;0;8;06H-08H;MANHA;PLENO DIA;TRAFEGAR COM MOTOCICLETA (OU SIMILAR) ENTRE AS FAIXAS;COLISÃO LATERAL MESMO SENTIDO;NUBLADO;DUPLA;RETA;SIM;0
DF;BR-020;BRASILIA;2;1;QUARTA-FEIRA;2;0;8;06H-08H;MANHA;PLENO DIA;CONDUTOR DEIXOU DE MANTER DISTÂNCIA DO VEÍCULO DA FRENTE;COLISÃO TRASEIRA;CÉU CLARO;DUPLA;"RETA;ACLIVE";SIM;0
PR;BR-277;LARANJEIRAS DO SUL;2;1;QUARTA-FEIRA;2;0;7;06H-08H;MANHA;PLENO DIA;REAÇÃO TARDIA OU INEFICIENTE DO CONDUTOR;SAÍDA DE LEITO CARROÇÁVEL;GAROA/CHUVISCO;SIMPLES;"CURVA;ACLIVE";NÃO;0
MS;BR-419;AQUIDAUANA;2;1;QUARTA-FEIRA;2;0;8;06H-08H;MANHA;PLENO DIA;ACESSAR A VIA SEM OBSERVAR A PRESENÇA DOS OUTROS VEÍCULOS;ATROPELAMENTO DE ANIMAL;NUBLADO;SIMPLES;"DECLIVE;RETA";NÃO;0
AC;BR-364;RIO BRANCO;2;1;QUARTA-FEIRA;2;0;7;06H-08H;MANHA;PLENO DIA;MANOBRA DE MUDANÇA DE FAIXA;COLISÃO LATERAL MESMO SENTIDO;CÉU CLARO;DUPLA;RETA;SIM;0
SP;BR-116;APARECIDA;1;1;SEGUNDA-FEIRA;0;0;15;15H-17H;TARDE;PLENO DIA;AUSÊNCIA DE REAÇÃO DO CONDUTOR;COLISÃO TRASEIRA;CÉU CLARO;DUPLA;RETA;NÃO;0
BA;BR-116;VITORIA DA CONQUISTA;2;1;QUARTA-FEIRA;2;0;8;06H-08H;MANHA;PLENO DIA;AVARIAS E/OU DESGASTE EXCESSIVO NO PNEU;TOMBAMENTO;CÉU CLARO;SIMPLES;RETA;NÃO;0
RN;BR-101;NATAL;2;1;QUARTA-FEIRA;2;0;9;09H-11H;MANHA;PLENO DIA;FREAR BRUSCAMENTE;QUEDA DE OCUPANTE DE VEÍCULO;CÉU CLARO;DUPLA;RETA;SIM;0
SC;BR-116;PONTE ALTA;2;1;DOMINGO;6;1;6;06H-08H;MANHA;AMANHECER;AUSÊNCIA DE REAÇÃO DO CONDUTOR;SAÍDA DE LEITO CARROÇÁVEL;NUBLADO;SIMPLES;CURVA;NÃO;0
SC;BR-101;JOINVILLE;2;1;QUARTA-FEIRA;2;0;8;06H-08H;MANHA;PLENO DIA;DESRESPEITAR A PREFERÊNCIA NO CRUZAMENTO;COLISÃO TRANSVERSAL;NUBLADO;DUPLA;INTERSEÇÃO DE VIAS;SIM;0
MG;BR-262;MANHUACU;2;1;QUARTA-FEIRA;2;0;9;09H-11H;MANHA;PLENO DIA;AUSÊNCIA DE REAÇÃO DO CONDUTOR;SAÍDA DE LEITO CARROÇÁVEL;CÉU CLARO;SIMPLES;CURVA;NÃO;0
PB;BR-104;QUEIMADAS;2;1;QUARTA-FEIRA;2;0;10;09H-11H;MANHA;PLENO DIA;ACESSO IRREGULAR;COLISÃO LATERAL SENTIDO OPOSTO;CHUVA;SIMPLES;RETA;SIM;0
MG;BR-040;NOVA LIMA;2;1;QUARTA-FEIRA;2;0;9;09H-11H;MANHA;PLENO DIA;CONDUTOR DEIXOU DE MANTER DISTÂNCIA DO VEÍCULO DA FRENTE;COLISÃO LATERAL MESMO SENTIDO;CÉU CLARO;DUPLA;RETA;NÃO;0
BA;BR-116;VITORIA DA CONQUISTA;2;1;QUARTA-FEIRA;2;0;10;09H-11H;MANHA;PLENO DIA;ACESSAR A VIA SEM OBSERVAR A PRESENÇA DOS OUTROS VEÍCULOS;COLISÃO TRANSVERSAL;CÉU CLARO;SIMPLES;RETA;SIM;0
BA;BR-407;CAPIM GROSSO;2;1;QUARTA-FEIRA;2;0;10;09H-11H;MANHA;PLENO DIA;ACOSTAMENTO EM DESNÍVEL;CAPOTAMENTO;NUBLADO;SIMPLES;RETA;NÃO;0
AL;BR-101;SAO MIGUEL DOS CAMPOS;2;1;QUARTA-FEIRA;2;0;10;09H-11H;MANHA;PLENO DIA;PISTA ESCORREGADIA;COLISÃO COM OBJETO;CHUVA;DUPLA;"RETA;ACLIVE";NÃO;0
PA;BR-230;MARABA;2;1;QUARTA-FEIRA;2;0;10;09H-11H;MANHA;PLENO DIA;AUSÊNCIA DE REAÇÃO DO CONDUTOR;COLISÃO TRANSVERSAL;SOL;SIMPLES;"INTERSEÇÃO DE VIAS;DECLIVE";SIM;1
RJ;BR-493;MAGE;1;1;TERÇA-FEIRA;1;0;9;09H-11H;MANHA;PLENO DIA;TRANSITAR NA CONTRAMÃO;COLISÃO FRONTAL;NUBLADO;SIMPLES;RETA;NÃO;0
RS;BR-285;SAO LUIZ GONZAGA;2;1;QUARTA-FEIRA;2;0;9;09H-11H;MANHA;PLENO DIA;ACESSAR A VIA SEM OBSERVAR A PRESENÇA DOS OUTROS VEÍCULOS;COLISÃO TRANSVERSAL;SOL;SIMPLES;ROTATÓRIA;NÃO;0
PE;BR-104;CARUARU;2;1;QUARTA-FEIRA;2;0;11;09H-11H;MANHA;PLENO DIA;ACUMULO DE ÁGUA SOBRE O PAVIMENTO;CAPOTAMENTO;CHUVA;DUPLA;RETA;NÃO;0
MS;BR-262;CAMPO GRANDE;2;1;QUARTA-FEIRA;2;0;8;06H-08H;MANHA;PLENO DIA;AUSÊNCIA DE REAÇÃO DO CONDUTOR;COLISÃO TRASEIRA;NUBLADO;DUPLA;RETA;SIM;0
AL;BR-101;FLEXEIRAS;2;1;QUARTA-FEIRA;2;0;8;06H-08H;MANHA;PLENO DIA;CHUVA;SAÍDA DE LEITO CARROÇÁVEL;CHUVA;DUPLA;CURVA;NÃO;0
GO;BR-060;SANTO ANTONIO DO DESCOBERTO;2;1;QUARTA-FEIRA;2;0;11;09H-11H;MANHA;PLENO DIA;AUSÊNCIA DE REAÇÃO DO CONDUTOR;SAÍDA DE LEITO CARROÇÁVEL;CÉU CLARO;DUPLA;RETA;NÃO;0
PB;BR-101;PEDRAS DE FOGO;2;1;QUARTA-FEIRA;2;0;12;12H-14H;TARDE;PLENO DIA;REAÇÃO TARDIA OU INEFICIENTE DO CONDUTOR;SAÍDA DE LEITO CARROÇÁVEL;CHUVA;DUPLA;"CURVA;DECLIVE";NÃO;0
MS;BR-163;BANDEIRANTES;2;1;QUARTA-FEIRA;2;0;11;09H-11H;MANHA;PLENO DIA;AUSÊNCIA DE REAÇÃO DO CONDUTOR;SAÍDA DE LEITO CARROÇÁVEL;CÉU CLARO;SIMPLES;RETA;NÃO;0
RS;BR-448;PORTO ALEGRE;2;1;QUARTA-FEIRA;2;0;12;12H-14H;TARDE;PLENO DIA;CONDUTOR DEIXOU DE MANTER DISTÂNCIA DO VEÍCULO DA FRENTE;COLISÃO TRASEIRA;CÉU CLARO;DUPLA;"VIADUTO;CURVA;DECLIVE";SIM;0
RS;BR-290;SANTO ANTONIO DA PATRULHA;2;1;QUARTA-FEIRA;2;0;12;12H-14H;TARDE;PLENO DIA;AUSÊNCIA DE REAÇÃO DO CONDUTOR;SAÍDA DE LEITO CARROÇÁVEL;CÉU CLARO;DUPLA;RETA;NÃO;0
MG;BR-267;ARGIRITA;2;1;QUARTA-FEIRA;2;0;11;09H-11H;MANHA;PLENO DIA;DEMAIS FALHAS MECÂNICAS OU ELÉTRICAS;INCÊNDIO;CÉU CLARO;SIMPLES;"ACLIVE;RETA";NÃO;0
PR;BR-277;CASCAVEL;2;1;QUARTA-FEIRA;2;0;13;12H-14H;TARDE;PLENO DIA;DEMAIS FALHAS MECÂNICAS OU ELÉTRICAS;TOMBAMENTO;SOL;DUPLA;RETA;NÃO;0
RS;BR-116;SAO LEOPOLDO;2;1;QUARTA-FEIRA;2;0;13;12H-14H;TARDE;PLENO DIA;CONDUTOR DEIXOU DE MANTER DISTÂNCIA DO VEÍCULO DA FRENTE;COLISÃO TRASEIRA;SOL;DUPLA;"RETA;INTERSEÇÃO DE VIAS;VIADUTO";NÃO;0
SP;BR-153;SAO JOSE DO RIO PRETO;2;1;QUARTA-FEIRA;2;0;13;12H-14H;TARDE;PLENO DIA;CONDUTOR DEIXOU DE MANTER DISTÂNCIA DO VEÍCULO DA FRENTE;COLISÃO LATERAL MESMO SENTIDO;CÉU CLARO;DUPLA;RETA;NÃO;0
SP;BR-116;GUARULHOS;2;1;QUARTA-FEIRA;2;0;13;12H-14H;TARDE;PLENO DIA;ENTRADA INOPINADA DO PEDESTRE;ATROPELAMENTO DE PEDESTRE;NUBLADO;MÚLTIPLA;RETA;SIM;0
SC;BR-101;BIGUACU;2;1;QUARTA-FEIRA;2;0;13;12H-14H;TARDE;PLENO DIA;REAÇÃO TARDIA OU INEFICIENTE DO CONDUTOR;COLISÃO TRASEIRA;CÉU CLARO;MÚLTIPLA;RETA;SIM;0
ES;BR-101;SAO MATEUS;2;1;QUARTA-FEIRA;2;0;14;12H-14H;TARDE;PLENO DIA;CONDUTOR DEIXOU DE MANTER DISTÂNCIA DO VEÍCULO DA FRENTE;COLISÃO TRASEIRA;CÉU CLARO;SIMPLES;RETA;NÃO;0
MG;BR-050;ARAGUARI;2;1;QUARTA-FEIRA;2;0;13;12H-14H;TARDE;PLENO DIA;TRANSITAR NO ACOSTAMENTO;COLISÃO TRASEIRA;NUBLADO;DUPLA;"RETA;DECLIVE";NÃO;0
PR;BR-163;GUAIRA;2;1;QUARTA-FEIRA;2;0;13;12H-14H;TARDE;PLENO DIA;DEMAIS FALHAS MECÂNICAS OU ELÉTRICAS;COLISÃO COM OBJETO;CÉU CLARO;SIMPLES;RETA;NÃO;0
RN;BR-101;PARNAMIRIM;2;1;QUARTA-FEIRA;2;0;14;12H-14H;TARDE;PLENO DIA;DEMAIS FALHAS NA VIA;QUEDA DE OCUPANTE DE VEÍCULO;GAROA/CHUVISCO;DUPLA;RETA;NÃO;0
PR;BR-376;TIBAGI;2;1;QUARTA-FEIRA;2;0;12;12H-14H;TARDE;PLENO DIA;VELOCIDADE INCOMPATÍVEL;COLISÃO COM OBJETO;CHUVA;DUPLA;"ACLIVE;CURVA";NÃO;0
CE;BR-222;FORTALEZA;2;1;QUARTA-FEIRA;2;0;14;12H-14H;TARDE;PLENO DIA;MANOBRA DE MUDANÇA DE FAIXA;COLISÃO LATERAL MESMO SENTIDO;CÉU CLARO;DUPLA;RETA;SIM;0
MG;BR-262;MANHUACU;2;1;QUARTA-FEIRA;2;0;13;12H-14H;TARDE;PLENO DIA;CONVERSÃO PROIBIDA;COLISÃO TRANSVERSAL;CÉU CLARO;SIMPLES;CURVA;NÃO;0
MG;BR-040;CONGONHAS;2;1;QUARTA-FEIRA;2;0;12;12H-14H;TARDE;PLENO DIA;PISTA ESBURACADA;TOMBAMENTO;SOL;SIMPLES;RETA;NÃO;0
BA;BR-330;JEQUIE;2;1;QUARTA-FEIRA;2;0;12;12H-14H;TARDE;PLENO DIA;REAÇÃO TARDIA OU INEFICIENTE DO CONDUTOR;COLISÃO TRANSVERSAL;CÉU CLARO;SIMPLES;RETA;NÃO;0
SC;BR-163;SAO JOSE DO CEDRO;2;1;QUARTA-FEIRA;2;0;12;12H-14H;TARDE;PLENO DIA;AUSÊNCIA DE REAÇÃO DO CONDUTOR;COLISÃO TRASEIRA;CÉU CLARO;DUPLA;"RETA;ACLIVE";SIM;0
PB;BR-101;CONDE;2;1;QUARTA-FEIRA;2;0;13;12H-14H;TARDE;PLENO DIA;CHUVA;SAÍDA DE LEITO CARROÇÁVEL;CHUVA;DUPLA;"RETORNO REGULAMENTADO;CURVA;INTERSEÇÃO DE VIAS";NÃO;0
MG;BR-262;MATIPO;2;1;QUARTA-FEIRA;2;0;12;12H-14H;TARDE;PLENO DIA;ACESSO IRREGULAR;COLISÃO TRANSVERSAL;CÉU CLARO;SIMPLES;CURVA;SIM;0
SC;BR-282;XAXIM;2;1;QUARTA-FEIRA;2;0;15;15H-17H;TARDE;PLENO DIA;REAÇÃO TARDIA OU INEFICIENTE DO CONDUTOR;SAÍDA DE LEITO CARROÇÁVEL;CÉU CLARO;SIMPLES;"INTERSEÇÃO DE VIAS;ROTATÓRIA";SIM;0
RJ;BR-101;CAMPOS DOS GOYTACAZES;2;1;QUARTA-FEIRA;2;0;15;15H-17H;TARDE;PLENO DIA;ACESSAR A VIA SEM OBSERVAR A PRESENÇA DOS OUTROS VEÍCULOS;ATROPELAMENTO DE PEDESTRE;CÉU CLARO;SIMPLES;RETA;NÃO;0
RS;BR-158;SANTA MARIA;2;1;QUARTA-FEIRA;2;0;16;15H-17H;TARDE;PLENO DIA;DESRESPEITAR A PREFERÊNCIA NO CRUZAMENTO;COLISÃO TRASEIRA;CÉU CLARO;DUPLA;"EM OBRAS;INTERSEÇÃO DE VIAS;ROTATÓRIA";SIM;0
RS;BR-290;PORTO ALEGRE;2;1;QUARTA-FEIRA;2;0;16;15H-17H;TARDE;PLENO DIA;CONDUTOR DEIXOU DE MANTER DISTÂNCIA DO VEÍCULO DA FRENTE;COLISÃO TRASEIRA;CÉU CLARO;MÚLTIPLA;RETA;SIM;0
MT;BR-163;SORRISO;2;1;QUARTA-FEIRA;2;0;13;12H-14H;TARDE;PLENO DIA;ACESSAR A VIA SEM OBSERVAR A PRESENÇA DOS OUTROS VEÍCULOS;COLISÃO TRANSVERSAL;CÉU CLARO;SIMPLES;RETA;NÃO;0
CE;BR-116;FORTALEZA;2;1;QUARTA-FEIRA;2;0;17;15H-17H;TARDE;PLENO DIA;CONDUTOR DEIXOU DE MANTER DISTÂNCIA DO VEÍCULO DA FRENTE;COLISÃO TRASEIRA;CÉU CLARO;MÚLTIPLA;RETA;SIM;0
PR;BR-163;SANTO ANTONIO DO SUDOESTE;2;1;QUARTA-FEIRA;2;0;17;15H-17H;TARDE;PLENO DIA;DESRESPEITAR A PREFERÊNCIA NO CRUZAMENTO;COLISÃO TRANSVERSAL;CÉU CLARO;SIMPLES;"INTERSEÇÃO DE VIAS;RETA";SIM;0
SC;BR-101;SANGAO;2;1;QUARTA-FEIRA;2;0;17;15H-17H;TARDE;PLENO DIA;DEMAIS FALHAS MECÂNICAS OU ELÉTRICAS;SAÍDA DE LEITO CARROÇÁVEL;CÉU CLARO;DUPLA;"ACLIVE;RETA";NÃO;0
RS;BR-116;CAPAO DO LEAO;2;1;QUARTA-FEIRA;2;0;18;18H-20H;NOITE;ANOITECER;ACESSAR A VIA SEM OBSERVAR A PRESENÇA DOS OUTROS VEÍCULOS;COLISÃO TRANSVERSAL;CÉU CLARO;DUPLA;RETA;SIM;0
SP;BR-116;CACAPAVA;2;1;QUARTA-FEIRA;2;0;17;15H-17H;TARDE;PLENO DIA;CONDUTOR DEIXOU DE MANTER DISTÂNCIA DO VEÍCULO DA FRENTE;ENGAVETAMENTO;CÉU CLARO;DUPLA;RETA;NÃO;0
PE;BR-104;CARUARU;2;1;QUARTA-FEIRA;2;0;16;15H-17H;TARDE;PLENO DIA;MANOBRA DE MUDANÇA DE FAIXA;COLISÃO LATERAL MESMO SENTIDO;CÉU CLARO;DUPLA;RETA;NÃO;0
PR;BR-277;VIRMOND;2;1;QUARTA-FEIRA;2;0;17;15H-17H;TARDE;PLENO DIA;VELOCIDADE INCOMPATÍVEL;CAPOTAMENTO;CHUVA;SIMPLES;CURVA;NÃO;0
ES;BR-101;SAO MATEUS;2;1;QUARTA-FEIRA;2;0;18;18H-20H;NOITE;PLENA NOITE;AVARIAS E/OU DESGASTE EXCESSIVO NO PNEU;QUEDA DE OCUPANTE DE VEÍCULO;CÉU CLARO;SIMPLES;RETA;NÃO;0
RJ;BR-101;ANGRA DOS REIS;2;1;QUARTA-FEIRA;2;0;18;18H-20H;NOITE;ANOITECER;CONDUTOR DEIXOU DE MANTER DISTÂNCIA DO VEÍCULO DA FRENTE;COLISÃO TRASEIRA;CÉU CLARO;SIMPLES;RETA;NÃO;0
MG;BR-381;BETIM;2;1;QUARTA-FEIRA;2;0;17;15H-17H;TARDE;ANOITECER;TRAFEGAR COM MOTOCICLETA (OU SIMILAR) ENTRE AS FAIXAS;COLISÃO LATERAL MESMO SENTIDO;CÉU CLARO;DUPLA;RETA;NÃO;0
RS;BR-116;CANOAS;2;1;QUARTA-FEIRA;2;0;18;18H-20H;NOITE;ANOITECER;ACESSAR A VIA SEM OBSERVAR A PRESENÇA DOS OUTROS VEÍCULOS;COLISÃO LATERAL MESMO SENTIDO;CÉU CLARO;DUPLA;RETA;SIM;0