uf;br_formatada;municipio;mes;trimestre;dia_semana;dia_semana_num;fim_de_semana;hora;faixa_horaria;turno;fase_dia;causa_acidente;tipo_acidente;condicao_metereologica;tipo_pista;tracado_via;uso_solo;acidente_fatal
RS;BR-116;CANOAS;2;1;DOMINGO;6;1;23;21H-23H;NOITE;PLENA NOITE;MANOBRA DE MUDANÇA DE FAIXA;COLISÃO COM OBJETO;CÉU CLARO;SIMPLES;RETA;SIM;0
SC;BR-282;VARGEM BONITA;2;1;DOMINGO;6;1;20;18H-20H;NOITE;PLENA NOITE;CONDUTOR DORMINDO;SAÍDA DE LEITO CARROÇÁVEL;CÉU CLARO;SIMPLES;RETA;NÃO;0
PR;BR-153;PORTO VITORIA;2;1;SEGUNDA-FEIRA;0;0;1;00H-02H;MADRUGADA;PLENA NOITE;CONDUTOR DORMINDO;SAÍDA DE LEITO CARROÇÁVEL;NUBLADO;SIMPLES;"RETA;DECLIVE";NÃO;0
PR;BR-272;GOIOERE;2;1;SEGUNDA-FEIRA;0;0;1;00H-02H;MADRUGADA;PLENA NOITE;AUSÊNCIA DE REAÇÃO DO CONDUTOR;COLISÃO COM OBJETO;CÉU CLARO;SIMPLES;"DECLIVE;ROTATÓRIA";SIM;0
MT;BR-070;BARRA DO GARCAS;2;1;DOMINGO;6;1;23;21H-23H;NOITE;PLENA NOITE;ULTRAPASSAGEM INDEVIDA;SAÍDA DE LEITO CARROÇÁVEL;CHUVA;SIMPLES;"INTERSEÇÃO DE VIAS;PONTE;CURVA";SIM;0
SC;BR-101;ICARA;2;1;SEGUNDA-FEIRA;0;0;2;00H-02H;MADRUGADA;PLENA NOITE;REAÇÃO TARDIA OU INEFICIENTE DO CONDUTOR;SAÍDA DE LEITO CARROÇÁVEL;CÉU CLARO;DUPLA;"ACLIVE;RETA";SIM;0
PR;BR-163;LINDOESTE;2;1;SEGUNDA-FEIRA;0;0;5;03H-05H;MADRUGADA;PLENA NOITE;CONDUTOR DORMINDO;CAPOTAMENTO;CÉU CLARO;DUPLA;DECLIVE;NÃO;0
PB;BR-101;SANTA RITA;2;1;SEGUNDA-FEIRA;0;0;5;03H-05H;MADRUGADA;AMANHECER;AUSÊNCIA DE REAÇÃO DO CONDUTOR;COLISÃO COM OBJETO;CÉU CLARO;DUPLA;RETA;NÃO;1
SP;BR-116;GUARULHOS;2;1;SEGUNDA-FEIRA;0;0;6;06H-08H;MANHA;PLENO DIA;REAÇÃO TARDIA OU INEFICIENTE DO CONDUTOR;COLISÃO LATERAL MESMO SENTIDO;CÉU CLARO;DUPLA;RETA;NÃO;0
RJ;BR-101;NITEROI;2;1;SEGUNDA-FEIRA;0;0;6;06H-08H;MANHA;PLENO DIA;CONDUTOR DEIXOU DE MANTER DISTÂNCIA DO VEÍCULO DA FRENTE;COLISÃO TRASEIRA;CÉU CLARO;SIMPLES;"RETA;PONTE";SIM;0
DF;BR-040;BRASILIA;2;1;SEGUNDA-FEIRA;0;0;6;06H-08H;MANHA;PLENO DIA;MANOBRA DE MUDANÇA DE FAIXA;COLISÃO TRASEIRA;CÉU CLARO;DUPLA;"DECLIVE;RETA;VIADUTO";SIM;0
MT;BR-364;ROSARIO OESTE;2;1;DOMINGO;6;1;22;21H-23H;NOITE;PLENA NOITE;REAÇÃO TARDIA OU INEFICIENTE DO CONDUTOR;SAÍDA DE LEITO CARROÇÁVEL;NUBLADO;DUPLA;RETA;NÃO;0
PE;BR-101;GOIANA;2;1;SEGUNDA-FEIRA;0;0;6;06H-08H;MANHA;PLENO DIA;ACESSO IRREGULAR;COLISÃO LATERAL SENTIDO OPOSTO;CÉU CLARO;SIMPLES;RETA;NÃO;0
MG;BR-040;SANTOS DUMONT;2;1;SEGUNDA-FEIRA;0;0;7;06H-08H;MANHA;PLENO DIA;VELOCIDADE INCOMPATÍVEL;SAÍDA DE LEITO CARROÇÁVEL;CÉU CLARO;SIMPLES;CURVA;NÃO;0
MT;BR-364;DIAMANTINO;2;1;SEGUNDA-FEIRA;0;0;6;06H-08H;MANHA;PLENO DIA;CHUVA;SAÍDA DE LEITO CARROÇÁVEL;CHUVA;DUPLA;"RETA;DECLIVE;RETORNO REGULAMENTADO";NÃO;0
PR;BR-277;GUARAPUAVA;2;1;SEGUNDA-FEIRA;0;0;7;06H-08H;MANHA;PLENO DIA;FREAR BRUSCAMENTE;ENGAVETAMENTO;CÉU CLARO;SIMPLES;"ACLIVE;RETA";NÃO;0
PB;BR-101;SANTA RITA;2;1;SEGUNDA-FEIRA;0;0;7;06H-08H;MANHA;PLENO DIA;CONDUTOR DORMINDO;COLISÃO COM OBJETO;CÉU CLARO;DUPLA;DECLIVE;NÃO;0
RO;BR-364;JI-PARANA;2;1;SEGUNDA-FEIRA;0;0;2;00H-02H;MADRUGADA;PLENA NOITE;AUSÊNCIA DE REAÇÃO DO CONDUTOR;COLISÃO TRASEIRA;CÉU CLARO;MÚLTIPLA;RETA;SIM;0
MG;BR-116;ALEM PARAIBA;2;1;SEGUNDA-FEIRA;0;0;7;06H-08H;MANHA;PLENO DIA;ACESSAR A VIA SEM OBSERVAR A PRESENÇA DOS OUTROS VEÍCULOS;COLISÃO TRANSVERSAL;CÉU CLARO;SIMPLES;"RETA;INTERSEÇÃO DE VIAS";NÃO;0
AL;BR-104;MURICI;2;1;SEGUNDA-FEIRA;0;0;7;06H-08H;MANHA;PLENO DIA;DEMAIS FALHAS MECÂNICAS OU ELÉTRICAS;INCÊNDIO;CÉU CLARO;SIMPLES;CURVA;NÃO;0
BA;BR-324;SALVADOR;2;1;SEGUNDA-FEIRA;0;0;8;06H-08H;MANHA;PLENO DIA;MANOBRA DE MUDANÇA DE FAIXA;COLISÃO TRASEIRA;CÉU CLARO;MÚLTIPLA;RETA;SIM;0
MS;BR-060;JARDIM;2;1;SEGUNDA-FEIRA;0;0;6;06H-08H;MANHA;PLENO DIA;ANIMAIS NA PISTA;TOMBAMENTO;CÉU CLARO;SIMPLES;RETA;NÃO;0
MG;BR-116;MURIAE;2;1;SEGUNDA-FEIRA;0;0;7;06H-08H;MANHA;PLENO DIA;CONVERSÃO PROIBIDA;COLISÃO TRANSVERSAL;NUBLADO;SIMPLES;RETA;SIM;0
RJ;BR-101;RIO DE JANEIRO;2;1;SEGUNDA-FEIRA;0;0;7;06H-08H;MANHA;PLENO DIA;AUSÊNCIA DE REAÇÃO DO CONDUTOR;COLISÃO TRASEIRA;CÉU CLARO;DUPLA;"RETA;PONTE";SIM;0
PI;BR-230;FLORIANO;2;1;SEGUNDA-FEIRA;0;0;7;06H-08H;MANHA;PLENO DIA;CONVERSÃO PROIBIDA;COLISÃO TRANSVERSAL;CÉU CLARO;SIMPLES;RETA;SIM;0
RS;BR-386;TRIUNFO;2;1;SEGUNDA-FEIRA;0;0;9;09H-11H;MANHA;PLENO DIA;MAL SÚBITO DO CONDUTOR;SAÍDA DE LEITO CARROÇÁVEL;CÉU CLARO;SIMPLES;CURVA;SIM;0
RJ;BR-040;DUQUE DE CAXIAS;2;1;SEGUNDA-FEIRA;0;0;7;06H-08H;MANHA;PLENO DIA;REAÇÃO TARDIA OU INEFICIENTE DO CONDUTOR;QUEDA DE OCUPANTE DE VEÍCULO;CÉU CLARO;MÚLTIPLA;RETA;SIM;0
MA;BR-316;BOM JARDIM;1;1;TERÇA-FEIRA;1;0;15;15H-17H;TARDE;PLENO DIA;CONVERSÃO PROIBIDA;COLISÃO TRANSVERSAL;CÉU CLARO;SIMPLES;RETA;SIM;0
SC;BR-101;JAGUARUNA;2;1;SEGUNDA-FEIRA;0;0;9;09H-11H;MANHA;PLENO DIA;ACUMULO DE AREIA OU DETRITOS SOBRE O PAVIMENTO;SAÍDA DE LEITO CARROÇÁVEL;CÉU CLARO;SIMPLES;"CURVA;INTERSEÇÃO DE VIAS";SIM;0
SP;BR-116;LORENA;2;1;SEGUNDA-FEIRA;0;0;9;09H-11H;MANHA;PLENO DIA;CONDUTOR DEIXOU DE MANTER DISTÂNCIA DO VEÍCULO DA FRENTE;COLISÃO TRASEIRA;CÉU CLARO;DUPLA;"RETA;EM OBRAS";SIM;0
RJ;BR-040;PETROPOLIS;2;1;SEGUNDA-FEIRA;0;0;6;06H-08H;MANHA;PLENO DIA;REAÇÃO TARDIA OU INEFICIENTE DO CONDUTOR;COLISÃO TRASEIRA;CÉU CLARO;DUPLA;RETA;NÃO;0
SC;BR-101;ARARANGUA;2;1;SEGUNDA-FEIRA;0;0;9;09H-11H;MANHA;PLENO DIA;CONDUTOR DEIXOU DE MANTER DISTÂNCIA DO VEÍCULO DA FRENTE;COLISÃO TRASEIRA;SOL;DUPLA;RETA;NÃO;0
SC;BR-101;ITAPEMA;2;1;SEGUNDA-FEIRA;0;0;10;09H-11H;MANHA;PLENO DIA;REAÇÃO TARDIA OU INEFICIENTE DO CONDUTOR;ENGAVETAMENTO;SOL;MÚLTIPLA;RETA;SIM;0
RN;BR-101;NATAL;2;1;SEGUNDA-FEIRA;0;0;10;09H-11H;MANHA;PLENO DIA;CONDUTOR DEIXOU DE MANTER DISTÂNCIA DO VEÍCULO DA FRENTE;COLISÃO TRASEIRA;CÉU CLARO;SIMPLES;RETA;SIM;0
CE;BR-116;AQUIRAZ;2;1;SEGUNDA-FEIRA;0;0;10;09H-11H;MANHA;PLENO DIA;ACESSAR A VIA SEM OBSERVAR A PRESENÇA DOS OUTROS VEÍCULOS;COLISÃO TRANSVERSAL;CÉU CLARO;DUPLA;RETA;NÃO;0
SC;BR-470;NAVEGANTES;2;1;SEGUNDA-FEIRA;0;0;7;06H-08H;MANHA;PLENO DIA;ACESSAR A VIA SEM OBSERVAR A PRESENÇA DOS OUTROS VEÍCULOS;COLISÃO TRANSVERSAL;CÉU CLARO;SIMPLES;"INTERSEÇÃO DE VIAS;ROTATÓRIA;VIADUTO;RETORNO REGULAMENTADO";SIM;0
RS;BR-290;CACHOEIRINHA;1;1;SÁBADO;5;1;1;00H-02H;MADRUGADA;PLENA NOITE;INGESTÃO DE ÁLCOOL PELO CONDUTOR;COLISÃO TRASEIRA;CÉU CLARO;MÚLTIPLA;RETA;NÃO;0
RS;BR-386;TRIUNFO;2;1;SEGUNDA-FEIRA;0;0;12;12H-14H;TARDE;PLENO DIA;MANOBRA DE MUDANÇA DE FAIXA;COLISÃO TRASEIRA;CÉU CLARO;SIMPLES;RETA;SIM;0
MG;BR-050;UBERLANDIA;2;1;QUARTA-FEIRA;2;0;12;12H-14H;TARDE;PLENO DIA;ULTRAPASSAGEM INDEVIDA;COLISÃO LATERAL MESMO SENTIDO;CÉU CLARO;DUPLA;VIADUTO;SIM;0
RN;BR-101;NATAL;2;1;SEGUNDA-FEIRA;0;0;12;12H-14H;TARDE;PLENO DIA;ACUMULO DE AREIA OU DETRITOS SOBRE O PAVIMENTO;TOMBAMENTO;CÉU CLARO;DUPLA;VIADUTO;SIM;0
AL;BR-101;SAO SEBASTIAO;2;1;SEGUNDA-FEIRA;0;0;11;09H-11H;MANHA;PLENO DIA;VELOCIDADE INCOMPATÍVEL;QUEDA DE OCUPANTE DE VEÍCULO;SOL;DUPLA;"RETA;DECLIVE";NÃO;1
ES;BR-101;VILA VELHA;2;1;SEGUNDA-FEIRA;0;0;12;12H-14H;TARDE;PLENO DIA;DEMAIS FALHAS MECÂNICAS OU ELÉTRICAS;TOMBAMENTO;CÉU CLARO;DUPLA;ACLIVE;NÃO;0
RS;BR-386;TRIUNFO;2;1;SEGUNDA-FEIRA;0;0;12;12H-14H;TARDE;PLENO DIA;DEMAIS FALHAS MECÂNICAS OU ELÉTRICAS;TOMBAMENTO;SOL;DUPLA;CURVA;NÃO;0
RJ;BR-040;DUQUE DE CAXIAS;2;1;SEGUNDA-FEIRA;0;0;11;09H-11H;MANHA;PLENO DIA;ACESSAR A VIA SEM OBSERVAR A PRESENÇA DOS OUTROS VEÍCULOS;COLISÃO LATERAL MESMO SENTIDO;CÉU CLARO;DUPLA;RETA;SIM;0
MG;BR-381;JOAO MONLEVADE;2;1;SEGUNDA-FEIRA;0;0;13;12H-14H;TARDE;PLENO DIA;RETORNO PROIBIDO;COLISÃO TRANSVERSAL;CÉU CLARO;SIMPLES;"RETA;ACLIVE";NÃO;0
BA;BR-116;JEQUIE;2;1;SEGUNDA-FEIRA;0;0;13;12H-14H;TARDE;PLENO DIA;ACESSO IRREGULAR;COLISÃO TRANSVERSAL;NUBLADO;SIMPLES;RETA;NÃO;0
PE;BR-101;PAULISTA;2;1;SEGUNDA-FEIRA;0;0;12;12H-14H;TARDE;PLENO DIA;CONDUTOR DEIXOU DE MANTER DISTÂNCIA DO VEÍCULO DA FRENTE;COLISÃO TRASEIRA;CÉU CLARO;DUPLA;RETA;SIM;0
RJ;BR-101;MANGARATIBA;2;1;SEGUNDA-FEIRA;0;0;11;09H-11H;MANHA;PLENO DIA;REAÇÃO TARDIA OU INEFICIENTE DO CONDUTOR;TOMBAMENTO;SOL;SIMPLES;RETA;NÃO;0
PR;BR-376;MAUA DA SERRA;2;1;SEGUNDA-FEIRA;0;0;11;09H-11H;MANHA;PLENO DIA;AUSÊNCIA DE REAÇÃO DO CONDUTOR;COLISÃO TRASEIRA;CÉU CLARO;DUPLA;"CURVA;DECLIVE";NÃO;0
PR;BR-158;PATO BRANCO;1;1;SEXTA-FEIRA;4;0;19;18H-20H;NOITE;PLENA NOITE;DESRESPEITAR A PREFERÊNCIA NO CRUZAMENTO;COLISÃO TRANSVERSAL;CÉU CLARO;DUPLA;INTERSEÇÃO DE VIAS;SIM;0
PE;BR-101;RECIFE;2;1;SEGUNDA-FEIRA;0;0;14;12H-14H;TARDE;PLENO DIA;REAÇÃO TARDIA OU INEFICIENTE DO CONDUTOR;QUEDA DE OCUPANTE DE VEÍCULO;SOL;MÚLTIPLA;RETA;SIM;0
MA;BR-316;TIMON;2;1;DOMINGO;6;1;17;15H-17H;TARDE;PLENO DIA;AUSÊNCIA DE REAÇÃO DO CONDUTOR;COLISÃO TRASEIRA;NUBLADO;SIMPLES;RETA;SIM;0
TO;BR-153;GUARAI;2;1;SEGUNDA-FEIRA;0;0;11;09H-11H;MANHA;PLENO DIA;AUSÊNCIA DE REAÇÃO DO CONDUTOR;SAÍDA DE LEITO CARROÇÁVEL;CÉU CLARO;SIMPLES;RETA;NÃO;0
RJ;BR-116;PIRAI;2;1;SEGUNDA-FEIRA;0;0;12;12H-14H;TARDE;PLENO DIA;REAÇÃO TARDIA OU INEFICIENTE DO CONDUTOR;ATROPELAMENTO DE PEDESTRE;SOL;DUPLA;RETA;NÃO;0
RS;BR-116;NOVO HAMBURGO;2;1;SEGUNDA-FEIRA;0;0;15;15H-17H;TARDE;PLENO DIA;DEMAIS FALHAS MECÂNICAS OU ELÉTRICAS;QUEDA DE OCUPANTE DE VEÍCULO;CÉU CLARO;DUPLA;"VIADUTO;DECLIVE";SIM;0
RJ;BR-356;CAMPOS DOS GOYTACAZES;2;1;SEGUNDA-FEIRA;0;0;11;09H-11H;MANHA;PLENO DIA;VELOCIDADE INCOMPATÍVEL;COLISÃO COM OBJETO;CÉU CLARO;DUPLA;RETA;SIM;0
PR;BR-476;ARAUCARIA;2;1;SEGUNDA-FEIRA;0;0;14;12H-14H;TARDE;PLENO DIA;ACOSTAMENTO EM DESNÍVEL;TOMBAMENTO;SOL;DUPLA;CURVA;NÃO;0
MG;BR-050;UBERABA;2;1;SEGUNDA-FEIRA;0;0;14;12H-14H;TARDE;PLENO DIA;AUSÊNCIA DE REAÇÃO DO CONDUTOR;COLISÃO COM OBJETO;NUBLADO;DUPLA;CURVA;NÃO;0
RS;BR-386;MONTENEGRO;2;1;SEGUNDA-FEIRA;0;0;15;15H-17H;TARDE;PLENO DIA;RETORNO PROIBIDO;COLISÃO TRANSVERSAL;CÉU CLARO;SIMPLES;RETA;NÃO;0
MA;BR-135;BACABEIRA;2;1;SEGUNDA-FEIRA;0;0;6;06H-08H;MANHA;PLENO DIA;DEMAIS FALHAS MECÂNICAS OU ELÉTRICAS;INCÊNDIO;CÉU CLARO;DUPLA;RETA;NÃO;0
AM;BR-230;HUMAITA;2;1;SEGUNDA-FEIRA;0;0;14;12H-14H;TARDE;PLENO DIA;ACESSAR A VIA SEM OBSERVAR A PRESENÇA DOS OUTROS VEÍCULOS;COLISÃO TRANSVERSAL;CÉU CLARO;DUPLA;INTERSEÇÃO DE VIAS;SIM;0
RJ;BR-101;SAO GONCALO;2;1;SEGUNDA-FEIRA;0;0;10;09H-11H;MANHA;PLENO DIA;CONDUTOR DEIXOU DE MANTER DISTÂNCIA DO VEÍCULO DA FRENTE;ENGAVETAMENTO;CÉU CLARO;MÚLTIPLA;RETA;SIM;0
RS;BR-290;PORTO ALEGRE;2;1;SEGUNDA-FEIRA;0;0;2;00H-02H;MADRUGADA;PLENA NOITE;MANOBRA DE MUDANÇA DE FAIXA;COLISÃO LATERAL MESMO SENTIDO;CÉU CLARO;MÚLTIPLA;RETA;SIM;0
PB;BR-230;SAO MAMEDE;2;1;SEGUNDA-FEIRA;0;0;16;15H-17H;TARDE;PLENO DIA;CONDUTOR DEIXOU DE MANTER DISTÂNCIA DO VEÍCULO DA FRENTE;COLISÃO TRASEIRA;CÉU CLARO;SIMPLES;RETA;NÃO;0
SC;BR-101;PALHOCA;2;1;SEGUNDA-FEIRA;0;0;16;15H-17H;TARDE;PLENO DIA;TRAFEGAR COM MOTOCICLETA (OU SIMILAR) ENTRE AS FAIXAS;QUEDA DE OCUPANTE DE VEÍCULO;CÉU CLARO;DUPLA;RETA;SIM;0
MG;BR-381;CAMBUI;2;1;SEGUNDA-FEIRA;0;0;15;15H-17H;TARDE;PLENO DIA;CONDUTOR DORMINDO;SAÍDA DE LEITO CARROÇÁVEL;CÉU CLARO;DUPLA;RETA;NÃO;0
MG;BR-040;RIBEIRAO DAS NEVES;2;1;SEGUNDA-FEIRA;0;0;15;15H-17H;TARDE;PLENO DIA;TRANSITAR NO ACOSTAMENTO;COLISÃO TRASEIRA;CÉU CLARO;DUPLA;RETA;SIM;0
SP;BR-101;UBATUBA;2;1;SEGUNDA-FEIRA;0;0;13;12H-14H;TARDE;PLENO DIA;TRANSITAR NA CONTRAMÃO;COLISÃO FRONTAL;CÉU CLARO;MÚLTIPLA;CURVA;NÃO;1
PR;BR-153;JACAREZINHO;2;1;SEGUNDA-FEIRA;0;0;15;15H-17H;TARDE;PLENO DIA;ACESSO IRREGULAR;COLISÃO TRANSVERSAL;CÉU CLARO;SIMPLES;RETA;SIM;0
RJ;BR-101;CAMPOS DOS GOYTACAZES;2;1;SEGUNDA-FEIRA;0;0;17;15H-17H;TARDE;PLENO DIA;ACESSAR A VIA SEM OBSERVAR A PRESENÇA DOS OUTROS VEÍCULOS;COLISÃO TRANSVERSAL;CÉU CLARO;DUPLA;"CURVA;ROTATÓRIA";NÃO;0
PR;BR-277;FOZ DO IGUACU;2;1;SEGUNDA-FEIRA;0;0;17;15H-17H;TARDE;PLENO DIA;INGESTÃO DE ÁLCOOL PELO CONDUTOR;ENGAVETAMENTO;CÉU CLARO;SIMPLES;"CURVA;ACLIVE";NÃO;0
SC;BR-470;RIO DO SUL;2;1;SEGUNDA-FEIRA;0;0;18;18H-20H;NOITE;PLENO DIA;TRAFEGAR COM MOTOCICLETA (OU SIMILAR) ENTRE AS FAIXAS;COLISÃO LATERAL MESMO SENTIDO;SOL;SIMPLES;RETORNO REGULAMENTADO;SIM;0
BA;BR-101;ITABUNA;2;1;SEGUNDA-FEIRA;0;0;17;15H-17H;TARDE;ANOITECER;ACESSAR A VIA SEM OBSERVAR A PRESENÇA DOS OUTROS VEÍCULOS;COLISÃO TRANSVERSAL;CÉU CLARO;SIMPLES;VIADUTO;SIM;0
RS;BR-287;SAO VICENTE DO SUL;2;1;SEGUNDA-FEIRA;0;0;16;15H-17H;TARDE;PLENO DIA;CONDUTOR DORMINDO;COLISÃO FRONTAL;SOL;SIMPLES;CURVA;NÃO;0
RJ;BR-101;SAO GONCALO;2;1;SEGUNDA-FEIRA;0;0;17;15H-17H;TARDE;ANOITECER;REAÇÃO TARDIA OU INEFICIENTE DO CONDUTOR;COLISÃO TRASEIRA;CÉU CLARO;DUPLA;RETA;SIM;0
TO;BR-010;PALMAS;2;1;SEGUNDA-FEIRA;0;0;18;18H-20H;NOITE;PLENO DIA;AUSÊNCIA DE REAÇÃO DO CONDUTOR;COLISÃO TRASEIRA;CÉU CLARO;MÚLTIPLA;RETA;SIM;0
SC;BR-280;JARAGUA DO SUL;2;1;SEGUNDA-FEIRA;0;0;17;15H-17H;TARDE;PLENO DIA;DESRESPEITAR A PREFERÊNCIA NO CRUZAMENTO;COLISÃO TRANSVERSAL;CÉU CLARO;SIMPLES;RETA;SIM;0
SC;BR-101;SAO JOSE;2;1;SEGUNDA-FEIRA;0;0;17;15H-17H;TARDE;ANOITECER;TRAFEGAR COM MOTOCICLETA (OU SIMILAR) ENTRE AS FAIXAS;COLISÃO TRASEIRA;CÉU CLARO;MÚLTIPLA;RETA;SIM;0
RO;BR-364;VILHENA;2;1;SEGUNDA-FEIRA;0;0;14;12H-14H;TARDE;PLENO DIA;AUSÊNCIA DE REAÇÃO DO CONDUTOR;COLISÃO TRASEIRA;NUBLADO;SIMPLES;RETA;SIM;0
SC;BR-101;CAMBORIU;2;1;SEGUNDA-FEIRA;0;0;18;18H-20H;NOITE;ANOITECER;CONVERSÃO PROIBIDA;COLISÃO TRANSVERSAL;CÉU CLARO;MÚLTIPLA;INTERSEÇÃO DE VIAS;SIM;0
SP;BR-153;LINS;2;1;SEGUNDA-FEIRA;0;0;17;15H-17H;TARDE;PLENO DIA;ACESSAR A VIA SEM OBSERVAR A PRESENÇA DOS OUTROS VEÍCULOS;COLISÃO TRANSVERSAL;SOL;SIMPLES;INTERSEÇÃO DE VIAS;NÃO;0
GO;BR-060;TEREZOPOLIS DE GOIAS;2;1;SEGUNDA-FEIRA;0;0;18;18H-20H;NOITE;ANOITECER;AVARIAS E/OU DESGASTE EXCESSIVO NO PNEU;SAÍDA DE LEITO CARROÇÁVEL;CHUVA;DUPLA;"CURVA;DECLIVE";NÃO;0
RJ;BR-101;NITEROI;2;1;SEGUNDA-FEIRA;0;0;18;18H-20H;NOITE;PLENA NOITE;MANOBRA DE MUDANÇA DE FAIXA;COLISÃO LATERAL MESMO SENTIDO;CÉU CLARO;MÚLTIPLA;RETA;SIM;0
PE;BR-101;RECIFE;2;1;SEGUNDA-FEIRA;0;0;17;15H-17H;TARDE;ANOITECER;AUSÊNCIA DE REAÇÃO DO CONDUTOR;COLISÃO TRASEIRA;CÉU CLARO;SIMPLES;CURVA;SIM;0
PE;BR-232;RECIFE;2;1;SEGUNDA-FEIRA;0;0;18;18H-20H;NOITE;PLENA NOITE;ILUMINAÇÃO DEFICIENTE;SAÍDA DE LEITO CARROÇÁVEL;CÉU CLARO;DUPLA;RETA;SIM;0
SC;BR-101;ITAJAI;2;1;SEGUNDA-FEIRA;0;0;18;18H-20H;NOITE;ANOITECER;AUSÊNCIA DE REAÇÃO DO CONDUTOR;COLISÃO LATERAL MESMO SENTIDO;NUBLADO;DUPLA;RETA;NÃO;0
RJ;BR-101;MANGARATIBA;2;1;SEGUNDA-FEIRA;0;0;17;15H-17H;TARDE;PLENO DIA;ULTRAPASSAGEM INDEVIDA;COLISÃO LATERAL MESMO SENTIDO;CÉU CLARO;SIMPLES;"CURVA;DECLIVE";SIM;0
RN;BR-101;SAO GONCALO DO AMARANTE;2;1;SEGUNDA-FEIRA;0;0;18;18H-20H;NOITE;ANOITECER;PEDESTRE CRUZAVA A PISTA FORA DA FAIXA;ATROPELAMENTO DE PEDESTRE;CÉU CLARO;DUPLA;RETA;SIM;1
SC;BR-101;SAO JOSE;2;1;SEGUNDA-FEIRA;0;0;18;18H-20H;NOITE;ANOITECER;CONDUTOR DEIXOU DE MANTER DISTÂNCIA DO VEÍCULO DA FRENTE;COLISÃO TRASEIRA;CÉU CLARO;SIMPLES;RETA;SIM;0
SC;BR-282;FLORIANOPOLIS;2;1;SEGUNDA-FEIRA;0;0;17;15H-17H;TARDE;PLENO DIA;CONDUTOR DEIXOU DE MANTER DISTÂNCIA DO VEÍCULO DA FRENTE;COLISÃO TRASEIRA;CÉU CLARO;MÚLTIPLA;RETA;SIM;0
PI;BR-343;TERESINA;2;1;SEGUNDA-FEIRA;0;0;18;18H-20H;NOITE;ANOITECER;OBJETO ESTÁTICO SOBRE O LEITO CARROÇÁVEL;COLISÃO COM OBJETO;CÉU CLARO;SIMPLES;RETA;NÃO;0
MG;BR-262;NOVA SERRANA;1;1;TERÇA-FEIRA;1;0;23;21H-23H;NOITE;PLENA NOITE;DESRESPEITAR A PREFERÊNCIA NO CRUZAMENTO;COLISÃO TRANSVERSAL;IGNORADO;DUPLA;CURVA;SIM;0
PR;BR-116;COLOMBO;2;1;SEGUNDA-FEIRA;0;0;19;18H-20H;NOITE;PLENA NOITE;REAÇÃO TARDIA OU INEFICIENTE DO CONDUTOR;COLISÃO TRASEIRA;CÉU CLARO;DUPLA;RETA;SIM;0
PR;BR-376;MARINGA;2;1;SEGUNDA-FEIRA;0;0;18;18H-20H;NOITE;ANOITECER;AVARIAS E/OU DESGASTE EXCESSIVO NO PNEU;QUEDA DE OCUPANTE DE VEÍCULO;CÉU CLARO;DUPLA;CURVA;SIM;0
PR;BR-116;COLOMBO;2;1;SEGUNDA-FEIRA;0;0;19;18H-20H;NOITE;PLENA NOITE;ANIMAIS NA PISTA;ATROPELAMENTO DE ANIMAL;CÉU CLARO;DUPLA;RETA;SIM;0
RN;BR-110;MOSSORO;2;1;SEGUNDA-FEIRA;0;0;19;18H-20H;NOITE;PLENA NOITE;TRANSITAR NO ACOSTAMENTO;COLISÃO FRONTAL;CÉU CLARO;SIMPLES;RETA;SIM;0
SP;BR-116;JUQUITIBA;2;1;SEGUNDA-FEIRA;0;0;18;18H-20H;NOITE;PLENA NOITE;AUSÊNCIA DE REAÇÃO DO CONDUTOR;ATROPELAMENTO DE PEDESTRE;NUBLADO;DUPLA;RETA;SIM;0
GO;BR-040;LUZIANIA;2;1;SEGUNDA-FEIRA;0;0;18;18H-20H;NOITE;PLENA NOITE;REAÇÃO TARDIA OU INEFICIENTE DO CONDUTOR;CAPOTAMENTO;CÉU CLARO;DUPLA;CURVA;NÃO;0
SC;BR-101;ARARANGUA;2;1;SEGUNDA-FEIRA;0;0;19;18H-20H;NOITE;PLENA NOITE;REAÇÃO TARDIA OU INEFICIENTE DO CONDUTOR;ATROPELAMENTO DE PEDESTRE;CÉU CLARO;MÚLTIPLA;RETA;SIM;0
PE;BR-407;PETROLINA;2;1;SEGUNDA-FEIRA;0;0;19;18H-20H;NOITE;PLENA NOITE;AUSÊNCIA DE SINALIZAÇÃO;COLISÃO COM OBJETO;CHUVA;DUPLA;EM OBRAS;NÃO;0
GO;BR-080;VILA PROPICIO;2;1;SEGUNDA-FEIRA;0;0;17;15H-17H;TARDE;PLENO DIA;VELOCIDADE INCOMPATÍVEL;CAPOTAMENTO;CÉU CLARO;SIMPLES;CURVA;NÃO;0
MT;BR-158;RIBEIRAO CASCALHEIRA;2;1;SEGUNDA-FEIRA;0;0;18;18H-20H;NOITE;PLENA NOITE;AUSÊNCIA DE REAÇÃO DO CONDUTOR;SAÍDA DE LEITO CARROÇÁVEL;CHUVA;SIMPLES;RETA;NÃO;0
BA;BR-101;RIO REAL;1;1;DOMINGO;6;1;9;09H-11H;MANHA;PLENO DIA;AUSÊNCIA DE REAÇÃO DO CONDUTOR;SAÍDA DE LEITO CARROÇÁVEL;CÉU CLARO;DUPLA;"EM OBRAS;RETA";NÃO;0
MG;BR-040;CONSELHEIRO LAFAIETE;2;1;SEGUNDA-FEIRA;0;0;9;09H-11H;MANHA;PLENO DIA;VELOCIDADE INCOMPATÍVEL;SAÍDA DE LEITO CARROÇÁVEL;CÉU CLARO;SIMPLES;"CURVA;ACLIVE";NÃO;0