uf;br_formatada;municipio;mes;trimestre;dia_semana;dia_semana_num;fim_de_semana;hora;faixa_horaria;turno;fase_dia;causa_acidente;tipo_acidente;condicao_metereologica;tipo_pista;tracado_via;uso_solo;acidente_fatal
MG;BR-459;CALDAS;2;1;SEGUNDA-FEIRA;0;0;18;18H-20H;NOITE;ANOITECER;ENTRADA INOPINADA DO PEDESTRE;ATROPELAMENTO DE PEDESTRE;CÉU CLARO;SIMPLES;"ACLIVE;CURVA";NÃO;0
RS;BR-116;CAXIAS DO SUL;2;1;SEGUNDA-FEIRA;0;0;19;18H-20H;NOITE;PLENA NOITE;MANOBRA DE MUDANÇA DE FAIXA;COLISÃO LATERAL MESMO SENTIDO;CÉU CLARO;DUPLA;ROTATÓRIA;SIM;0
MT;BR-070;CAMPO VERDE;2;1;SEGUNDA-FEIRA;0;0;18;18H-20H;NOITE;PLENA NOITE;REAÇÃO TARDIA OU INEFICIENTE DO CONDUTOR;COLISÃO TRANSVERSAL;IGNORADO;SIMPLES;RETA;SIM;0
SP;BR-116;SAO JOSE DOS CAMPOS;2;1;SEGUNDA-FEIRA;0;0;18;18H-20H;NOITE;ANOITECER;AUSÊNCIA DE REAÇÃO DO CONDUTOR;COLISÃO TRANSVERSAL;CÉU CLARO;DUPLA;RETA;SIM;0
MT;BR-163;PEIXOTO DE AZEVEDO;2;1;SEGUNDA-FEIRA;0;0;18;18H-20H;NOITE;ANOITECER;REAÇÃO TARDIA OU INEFICIENTE DO CONDUTOR;ATROPELAMENTO DE PEDESTRE;VENTO;SIMPLES;RETA;SIM;0
SE;BR-101;ESTANCIA;2;1;SEGUNDA-FEIRA;0;0;7;06H-08H;MANHA;PLENO DIA;CONVERSÃO PROIBIDA;COLISÃO TRANSVERSAL;CÉU CLARO;SIMPLES;RETA;SIM;0
PE;BR-428;PETROLINA;2;1;SEGUNDA-FEIRA;0;0;11;09H-11H;MANHA;PLENO DIA;ACESSAR A VIA SEM OBSERVAR A PRESENÇA DOS OUTROS VEÍCULOS;COLISÃO TRANSVERSAL;CÉU CLARO;MÚLTIPLA;RETA;SIM;0
RJ;BR-040;DUQUE DE CAXIAS;2;1;SEGUNDA-FEIRA;0;0;7;06H-08H;MANHA;PLENO DIA;REAÇÃO TARDIA OU INEFICIENTE DO CONDUTOR;COLISÃO TRASEIRA;CÉU CLARO;MÚLTIPLA;RETA;NÃO;0
BA;BR-324;FEIRA DE SANTANA;2;1;SEGUNDA-FEIRA;0;0;21;21H-23H;NOITE;PLENA NOITE;INGESTÃO DE ÁLCOOL PELO CONDUTOR;COLISÃO TRANSVERSAL;CÉU CLARO;SIMPLES;CURVA;SIM;0
SC;BR-282;SANTO AMARO DA IMPERATRIZ;2;1;SEGUNDA-FEIRA;0;0;17;15H-17H;TARDE;PLENO DIA;REAÇÃO TARDIA OU INEFICIENTE DO CONDUTOR;COLISÃO TRASEIRA;CÉU CLARO;SIMPLES;RETA;SIM;0
RJ;BR-101;ANGRA DOS REIS;2;1;SEGUNDA-FEIRA;0;0;17;15H-17H;TARDE;PLENO DIA;CONDUTOR DEIXOU DE MANTER DISTÂNCIA DO VEÍCULO DA FRENTE;COLISÃO TRASEIRA;NUBLADO;SIMPLES;RETA;SIM;0
PR;BR-369;IBIPORA;2;1;SEGUNDA-FEIRA;0;0;17;15H-17H;TARDE;ANOITECER;CONDUTOR DEIXOU DE MANTER DISTÂNCIA DO VEÍCULO DA FRENTE;COLISÃO TRASEIRA;CÉU CLARO;SIMPLES;RETA;SIM;0
SC;BR-101;SAO JOSE;1;1;SEGUNDA-FEIRA;0;0;22;21H-23H;NOITE;PLENA NOITE;ACESSAR A VIA SEM OBSERVAR A PRESENÇA DOS OUTROS VEÍCULOS;COLISÃO LATERAL MESMO SENTIDO;CÉU CLARO;DUPLA;RETA;SIM;0
PR;BR-272;JANIOPOLIS;2;1;SEGUNDA-FEIRA;0;0;20;18H-20H;NOITE;PLENA NOITE;DEMAIS FALHAS MECÂNICAS OU ELÉTRICAS;INCÊNDIO;CÉU CLARO;SIMPLES;RETA;NÃO;0
RJ;BR-116;VOLTA REDONDA;2;1;SEGUNDA-FEIRA;0;0;20;18H-20H;NOITE;PLENA NOITE;REAÇÃO TARDIA OU INEFICIENTE DO CONDUTOR;COLISÃO LATERAL MESMO SENTIDO;CÉU CLARO;DUPLA;RETA;NÃO;0
RS;BR-471;SANTA CRUZ DO SUL;2;1;SEGUNDA-FEIRA;0;0;21;21H-23H;NOITE;PLENA NOITE;ANIMAIS NA PISTA;ATROPELAMENTO DE ANIMAL;CÉU CLARO;SIMPLES;RETA;NÃO;0
SP;BR-116;GUARULHOS;2;1;SEGUNDA-FEIRA;0;0;23;21H-23H;NOITE;PLENA NOITE;FALTA DE ELEMENTO DE CONTENÇÃO QUE EVITE A SAÍDA DO LEITO CARROÇÁVEL;TOMBAMENTO;CÉU CLARO;MÚLTIPLA;"RETA;EM OBRAS";SIM;0
BA;BR-116;VITORIA DA CONQUISTA;2;1;SEGUNDA-FEIRA;0;0;22;21H-23H;NOITE;PLENO DIA;AUSÊNCIA DE REAÇÃO DO CONDUTOR;TOMBAMENTO;NUBLADO;SIMPLES;"RETA;DECLIVE";NÃO;0
SP;BR-381;VARGEM;2;1;SEGUNDA-FEIRA;0;0;21;21H-23H;NOITE;PLENA NOITE;AUSÊNCIA DE REAÇÃO DO CONDUTOR;COLISÃO LATERAL MESMO SENTIDO;CÉU CLARO;DUPLA;CURVA;NÃO;0
MG;BR-040;BARBACENA;2;1;SEGUNDA-FEIRA;0;0;20;18H-20H;NOITE;PLENA NOITE;AUSÊNCIA DE REAÇÃO DO CONDUTOR;TOMBAMENTO;CÉU CLARO;SIMPLES;"ACLIVE;CURVA";NÃO;0
MT;BR-163;LUCAS DO RIO VERDE;2;1;SEGUNDA-FEIRA;0;0;20;18H-20H;NOITE;PLENA NOITE;ACESSAR A VIA SEM OBSERVAR A PRESENÇA DOS OUTROS VEÍCULOS;COLISÃO TRANSVERSAL;CÉU CLARO;DUPLA;RETA;NÃO;0
PR;BR-376;TIJUCAS DO SUL;2;1;TERÇA-FEIRA;1;0;0;00H-02H;MADRUGADA;PLENA NOITE;REAÇÃO TARDIA OU INEFICIENTE DO CONDUTOR;TOMBAMENTO;CÉU CLARO;DUPLA;"EM OBRAS;RETA";NÃO;0
MG;BR-040;BELO HORIZONTE;2;1;SEGUNDA-FEIRA;0;0;23;21H-23H;NOITE;PLENA NOITE;AUSÊNCIA DE REAÇÃO DO CONDUTOR;COLISÃO COM OBJETO;CÉU CLARO;DUPLA;RETA;SIM;0
RN;BR-304;MOSSORO;2;1;TERÇA-FEIRA;1;0;0;00H-02H;MADRUGADA;PLENA NOITE;CONDUTOR DORMINDO;COLISÃO FRONTAL;CÉU CLARO;SIMPLES;RETA;NÃO;0
MA;BR-135;SAO LUIS;2;1;SEGUNDA-FEIRA;0;0;23;21H-23H;NOITE;PLENA NOITE;CONDUTOR DORMINDO;SAÍDA DE LEITO CARROÇÁVEL;CHUVA;DUPLA;RETA;SIM;0
MT;BR-174;PONTES E LACERDA;1;1;DOMINGO;6;1;14;12H-14H;TARDE;PLENO DIA;CONDUTOR DESRESPEITOU A ILUMINAÇÃO VERMELHA DO SEMÁFORO;COLISÃO TRANSVERSAL;CÉU CLARO;SIMPLES;RETA;SIM;0
SC;BR-101;ICARA;2;1;SEGUNDA-FEIRA;0;0;11;09H-11H;MANHA;PLENO DIA;REAÇÃO TARDIA OU INEFICIENTE DO CONDUTOR;COLISÃO TRASEIRA;CÉU CLARO;DUPLA;RETA;NÃO;0
MT;BR-364;VARZEA GRANDE;2;1;TERÇA-FEIRA;1;0;1;00H-02H;MADRUGADA;PLENA NOITE;PEDESTRE ANDAVA NA PISTA;ATROPELAMENTO DE PEDESTRE;CHUVA;SIMPLES;CURVA;NÃO;1
RO;BR-364;VILHENA;2;1;SEGUNDA-FEIRA;0;0;18;18H-20H;NOITE;ANOITECER;ACESSAR A VIA SEM OBSERVAR A PRESENÇA DOS OUTROS VEÍCULOS;COLISÃO TRANSVERSAL;IGNORADO;DUPLA;"ROTATÓRIA;INTERSEÇÃO DE VIAS";SIM;0
SP;BR-116;CACHOEIRA PAULISTA;2;1;SEGUNDA-FEIRA;0;0;15;15H-17H;TARDE;PLENO DIA;DESVIO TEMPORÁRIO;COLISÃO TRASEIRA;CÉU CLARO;MÚLTIPLA;RETA;SIM;0
PE;BR-232;RECIFE;2;1;TERÇA-FEIRA;1;0;5;03H-05H;MADRUGADA;PLENO DIA;CONDUTOR DEIXOU DE MANTER DISTÂNCIA DO VEÍCULO DA FRENTE;COLISÃO TRASEIRA;SOL;DUPLA;RETA;NÃO;0
GO;BR-080;VILA PROPICIO;2;1;SEGUNDA-FEIRA;0;0;22;21H-23H;NOITE;PLENA NOITE;ACESSAR A VIA SEM OBSERVAR A PRESENÇA DOS OUTROS VEÍCULOS;COLISÃO LATERAL MESMO SENTIDO;IGNORADO;SIMPLES;RETA;NÃO;0
BA;BR-101;ARATACA;2;1;TERÇA-FEIRA;1;0;3;03H-05H;MADRUGADA;PLENA NOITE;ULTRAPASSAGEM INDEVIDA;CAPOTAMENTO;GAROA/CHUVISCO;SIMPLES;CURVA;NÃO;0
PB;BR-230;JOAO PESSOA;1;1;QUARTA-FEIRA;2;0;22;21H-23H;NOITE;PLENA NOITE;CONDUTOR DEIXOU DE MANTER DISTÂNCIA DO VEÍCULO DA FRENTE;COLISÃO TRASEIRA;CÉU CLARO;SIMPLES;RETA;SIM;0
TO;BR-153;ARAGUAINA;2;1;TERÇA-FEIRA;1;0;7;06H-08H;MANHA;PLENO DIA;DESRESPEITAR A PREFERÊNCIA NO CRUZAMENTO;COLISÃO TRANSVERSAL;CÉU CLARO;SIMPLES;ROTATÓRIA;SIM;0
RJ;BR-116;RIO DE JANEIRO;2;1;TERÇA-FEIRA;1;0;7;06H-08H;MANHA;PLENO DIA;AUSÊNCIA DE REAÇÃO DO CONDUTOR;COLISÃO TRASEIRA;CÉU CLARO;MÚLTIPLA;RETA;SIM;0
PB;BR-230;CABEDELO;2;1;TERÇA-FEIRA;1;0;6;06H-08H;MANHA;AMANHECER;AUSÊNCIA DE REAÇÃO DO CONDUTOR;TOMBAMENTO;IGNORADO;DUPLA;"RETA;EM OBRAS";SIM;0
SP;BR-116;SAO JOSE DOS CAMPOS;2;1;TERÇA-FEIRA;1;0;7;06H-08H;MANHA;PLENO DIA;TRAFEGAR COM MOTOCICLETA (OU SIMILAR) ENTRE AS FAIXAS;COLISÃO LATERAL MESMO SENTIDO;SOL;DUPLA;"EM OBRAS;RETA";SIM;0
MG;BR-381;BETIM;2;1;TERÇA-FEIRA;1;0;7;06H-08H;MANHA;PLENO DIA;REAÇÃO TARDIA OU INEFICIENTE DO CONDUTOR;ENGAVETAMENTO;CÉU CLARO;MÚLTIPLA;RETA;SIM;0
CE;BR-116;FORTALEZA;2;1;TERÇA-FEIRA;1;0;7;06H-08H;MANHA;PLENO DIA;CONDUTOR DEIXOU DE MANTER DISTÂNCIA DO VEÍCULO DA FRENTE;COLISÃO LATERAL MESMO SENTIDO;SOL;DUPLA;RETA;SIM;0
MG;BR-040;CONTAGEM;2;1;TERÇA-FEIRA;1;0;7;06H-08H;MANHA;PLENO DIA;ACESSAR A VIA SEM OBSERVAR A PRESENÇA DOS OUTROS VEÍCULOS;COLISÃO TRANSVERSAL;CÉU CLARO;DUPLA;RETA;NÃO;1
SC;BR-101;ITAJAI;2;1;TERÇA-FEIRA;1;0;8;06H-08H;MANHA;PLENO DIA;MANOBRA DE MUDANÇA DE FAIXA;COLISÃO LATERAL MESMO SENTIDO;CÉU CLARO;DUPLA;CURVA;SIM;0
ES;BR-101;CARIACICA;2;1;TERÇA-FEIRA;1;0;8;06H-08H;MANHA;PLENO DIA;AUSÊNCIA DE REAÇÃO DO CONDUTOR;COLISÃO TRASEIRA;CÉU CLARO;DUPLA;RETA;SIM;0
SC;BR-101;PALHOCA;2;1;TERÇA-FEIRA;1;0;8;06H-08H;MANHA;PLENO DIA;REAÇÃO TARDIA OU INEFICIENTE DO CONDUTOR;COLISÃO LATERAL MESMO SENTIDO;CÉU CLARO;DUPLA;RETA;SIM;0
BA;BR-324;GAVIAO;2;1;SEGUNDA-FEIRA;0;0;19;18H-20H;NOITE;PLENA NOITE;VELOCIDADE INCOMPATÍVEL;COLISÃO LATERAL SENTIDO OPOSTO;CÉU CLARO;SIMPLES;RETA;NÃO;0
PE;BR-232;JABOATAO DOS GUARARAPES;2;1;TERÇA-FEIRA;1;0;8;06H-08H;MANHA;PLENO DIA;CONDUTOR DEIXOU DE MANTER DISTÂNCIA DO VEÍCULO DA FRENTE;ENGAVETAMENTO;CÉU CLARO;DUPLA;RETA;NÃO;0
RN;BR-101;PARNAMIRIM;2;1;TERÇA-FEIRA;1;0;9;09H-11H;MANHA;PLENO DIA;AUSÊNCIA DE SINALIZAÇÃO;COLISÃO TRASEIRA;CÉU CLARO;DUPLA;"CURVA;ACLIVE";SIM;0
PR;BR-277;SAO MIGUEL DO IGUACU;2;1;TERÇA-FEIRA;1;0;8;06H-08H;MANHA;PLENO DIA;CONDUTOR DEIXOU DE MANTER DISTÂNCIA DO VEÍCULO DA FRENTE;COLISÃO TRASEIRA;CÉU CLARO;DUPLA;RETA;NÃO;0
DF;BR-020;BRASILIA;2;1;TERÇA-FEIRA;1;0;8;06H-08H;MANHA;PLENO DIA;REAÇÃO TARDIA OU INEFICIENTE DO CONDUTOR;TOMBAMENTO;CÉU CLARO;DUPLA;"DECLIVE;RETA";NÃO;0
GO;BR-153;CAMPINORTE;2;1;TERÇA-FEIRA;1;0;7;06H-08H;MANHA;PLENO DIA;ACUMULO DE ÁGUA SOBRE O PAVIMENTO;SAÍDA DE LEITO CARROÇÁVEL;CHUVA;SIMPLES;RETA;NÃO;0
RO;BR-364;OURO PRETO DO OESTE;2;1;TERÇA-FEIRA;1;0;8;06H-08H;MANHA;PLENO DIA;ULTRAPASSAGEM INDEVIDA;COLISÃO FRONTAL;NUBLADO;SIMPLES;RETA;NÃO;0
RJ;BR-116;NOVA IGUACU;2;1;TERÇA-FEIRA;1;0;9;09H-11H;MANHA;PLENO DIA;TRAFEGAR COM MOTOCICLETA (OU SIMILAR) ENTRE AS FAIXAS;COLISÃO LATERAL MESMO SENTIDO;CÉU CLARO;DUPLA;RETA;SIM;0
MS;BR-267;NOVA ANDRADINA;2;1;TERÇA-FEIRA;1;0;7;06H-08H;MANHA;PLENO DIA;ACESSAR A VIA SEM OBSERVAR A PRESENÇA DOS OUTROS VEÍCULOS;EVENTOS ATÍPICOS;CÉU CLARO;SIMPLES;RETA;NÃO;0
RJ;BR-101;TANGUA;2;1;TERÇA-FEIRA;1;0;8;06H-08H;MANHA;PLENO DIA;AVARIAS E/OU DESGASTE EXCESSIVO NO PNEU;QUEDA DE OCUPANTE DE VEÍCULO;SOL;DUPLA;RETA;NÃO;0
PB;BR-230;CRUZ DO ESPIRITO SANTO;2;1;TERÇA-FEIRA;1;0;9;09H-11H;MANHA;PLENO DIA;CONDUTOR DEIXOU DE MANTER DISTÂNCIA DO VEÍCULO DA FRENTE;COLISÃO TRASEIRA;CÉU CLARO;DUPLA;RETA;NÃO;1
SP;BR-381;MAIRIPORA;2;1;SEXTA-FEIRA;4;0;23;21H-23H;NOITE;PLENA NOITE;DEMAIS FALHAS MECÂNICAS OU ELÉTRICAS;INCÊNDIO;CÉU CLARO;SIMPLES;RETA;SIM;0
AC;BR-364;RIO BRANCO;2;1;TERÇA-FEIRA;1;0;8;06H-08H;MANHA;PLENO DIA;ACESSAR A VIA SEM OBSERVAR A PRESENÇA DOS OUTROS VEÍCULOS;COLISÃO TRANSVERSAL;CHUVA;DUPLA;"RETORNO REGULAMENTADO;RETA";SIM;0
PI;BR-343;TERESINA;2;1;TERÇA-FEIRA;1;0;10;09H-11H;MANHA;PLENO DIA;REAÇÃO TARDIA OU INEFICIENTE DO CONDUTOR;COLISÃO TRASEIRA;CÉU CLARO;DUPLA;RETA;SIM;0
PR;BR-277;GUARANIACU;2;1;TERÇA-FEIRA;1;0;8;06H-08H;MANHA;PLENO DIA;DESRESPEITAR A PREFERÊNCIA NO CRUZAMENTO;COLISÃO TRANSVERSAL;CÉU CLARO;SIMPLES;CURVA;NÃO;0
DF;BR-070;BRASILIA;1;1;QUARTA-FEIRA;2;0;11;09H-11H;MANHA;PLENO DIA;TRANSITAR NO ACOSTAMENTO;COLISÃO TRASEIRA;CÉU CLARO;DUPLA;RETA;SIM;0
SP;BR-116;CAJATI;2;1;TERÇA-FEIRA;1;0;11;09H-11H;MANHA;PLENO DIA;REAÇÃO TARDIA OU INEFICIENTE DO CONDUTOR;SAÍDA DE LEITO CARROÇÁVEL;CÉU CLARO;MÚLTIPLA;CURVA;NÃO;0
SC;BR-470;BLUMENAU;1;1;SEXTA-FEIRA;4;0;19;18H-20H;NOITE;PLENA NOITE;AUSÊNCIA DE REAÇÃO DO CONDUTOR;CAPOTAMENTO;CÉU CLARO;SIMPLES;"RETA;INTERSEÇÃO DE VIAS;ROTATÓRIA";NÃO;0
MG;BR-381;EXTREMA;2;1;TERÇA-FEIRA;1;0;8;06H-08H;MANHA;PLENO DIA;DEMAIS FALHAS MECÂNICAS OU ELÉTRICAS;TOMBAMENTO;CÉU CLARO;MÚLTIPLA;"CURVA;ACLIVE";NÃO;0
SP;BR-116;GUARULHOS;2;1;TERÇA-FEIRA;1;0;11;09H-11H;MANHA;PLENO DIA;ESTACIONAR OU PARAR EM LOCAL PROIBIDO;COLISÃO TRASEIRA;CÉU CLARO;MÚLTIPLA;"RETA;EM OBRAS";SIM;0
PR;BR-163;PRANCHITA;2;1;TERÇA-FEIRA;1;0;11;09H-11H;MANHA;PLENO DIA;ACESSAR A VIA SEM OBSERVAR A PRESENÇA DOS OUTROS VEÍCULOS;COLISÃO LATERAL SENTIDO OPOSTO;CÉU CLARO;SIMPLES;RETA;NÃO;0
PA;BR-230;ALTAMIRA;2;1;TERÇA-FEIRA;1;0;7;06H-08H;MANHA;PLENO DIA;REAÇÃO TARDIA OU INEFICIENTE DO CONDUTOR;SAÍDA DE LEITO CARROÇÁVEL;SOL;SIMPLES;"DECLIVE;RETA";NÃO;0
MG;BR-040;SANTOS DUMONT;2;1;TERÇA-FEIRA;1;0;9;09H-11H;MANHA;PLENO DIA;ACESSO IRREGULAR;COLISÃO LATERAL MESMO SENTIDO;CÉU CLARO;SIMPLES;CURVA;NÃO;0
SC;BR-163;SAO MIGUEL DO OESTE;2;1;TERÇA-FEIRA;1;0;10;09H-11H;MANHA;PLENO DIA;ACESSAR A VIA SEM OBSERVAR A PRESENÇA DOS OUTROS VEÍCULOS;COLISÃO TRANSVERSAL;CÉU CLARO;DUPLA;"RETA;ACLIVE";SIM;0
SC;BR-101;MARACAJA;2;1;TERÇA-FEIRA;1;0;8;06H-08H;MANHA;PLENO DIA;DEMAIS FALHAS MECÂNICAS OU ELÉTRICAS;INCÊNDIO;CÉU CLARO;DUPLA;"RETA;ACLIVE";SIM;0
ES;BR-101;LINHARES;2;1;TERÇA-FEIRA;1;0;12;12H-14H;TARDE;PLENO DIA;ACESSAR A VIA SEM OBSERVAR A PRESENÇA DOS OUTROS VEÍCULOS;COLISÃO TRANSVERSAL;CHUVA;DUPLA;INTERSEÇÃO DE VIAS;NÃO;0
MS;BR-060;CAMAPUA;2;1;TERÇA-FEIRA;1;0;9;09H-11H;MANHA;PLENO DIA;REAÇÃO TARDIA OU INEFICIENTE DO CONDUTOR;SAÍDA DE LEITO CARROÇÁVEL;NUBLADO;SIMPLES;CURVA;NÃO;0
SC;BR-280;JARAGUA DO SUL;2;1;TERÇA-FEIRA;1;0;12;12H-14H;TARDE;PLENO DIA;ACESSAR A VIA SEM OBSERVAR A PRESENÇA DOS OUTROS VEÍCULOS;COLISÃO TRANSVERSAL;CÉU CLARO;SIMPLES;RETA;SIM;0
RJ;BR-101;MACAE;2;1;TERÇA-FEIRA;1;0;9;09H-11H;MANHA;PLENO DIA;OBJETO ESTÁTICO SOBRE O LEITO CARROÇÁVEL;COLISÃO COM OBJETO;CÉU CLARO;DUPLA;RETA;NÃO;0
PB;BR-230;CABEDELO;2;1;TERÇA-FEIRA;1;0;12;12H-14H;TARDE;PLENO DIA;VELOCIDADE INCOMPATÍVEL;COLISÃO TRASEIRA;CÉU CLARO;MÚLTIPLA;RETA;SIM;0
RJ;BR-101;SAO GONCALO;2;1;TERÇA-FEIRA;1;0;12;12H-14H;TARDE;PLENO DIA;FREAR BRUSCAMENTE;COLISÃO TRASEIRA;CÉU CLARO;DUPLA;RETA;SIM;0
RS;BR-285;PASSO FUNDO;2;1;TERÇA-FEIRA;1;0;13;12H-14H;TARDE;PLENO DIA;ACESSAR A VIA SEM OBSERVAR A PRESENÇA DOS OUTROS VEÍCULOS;COLISÃO LATERAL MESMO SENTIDO;CÉU CLARO;DUPLA;INTERSEÇÃO DE VIAS;SIM;0
PR;BR-369;ARAPONGAS;2;1;TERÇA-FEIRA;1;0;13;12H-14H;TARDE;PLENO DIA;CONDUTOR DEIXOU DE MANTER DISTÂNCIA DO VEÍCULO DA FRENTE;COLISÃO TRASEIRA;CÉU CLARO;SIMPLES;"RETA;INTERSEÇÃO DE VIAS";SIM;0
TO;BR-153;ALIANCA DO TOCANTINS;2;1;TERÇA-FEIRA;1;0;13;12H-14H;TARDE;PLENO DIA;PISTA ESCORREGADIA;COLISÃO COM OBJETO;CHUVA;SIMPLES;RETA;NÃO;0
ES;BR-262;BREJETUBA;2;1;TERÇA-FEIRA;1;0;11;09H-11H;MANHA;PLENO DIA;CONDUTOR DORMINDO;SAÍDA DE LEITO CARROÇÁVEL;CÉU CLARO;SIMPLES;CURVA;NÃO;0
RJ;BR-101;SILVA JARDIM;2;1;TERÇA-FEIRA;1;0;9;09H-11H;MANHA;PLENO DIA;DEMAIS FALHAS MECÂNICAS OU ELÉTRICAS;QUEDA DE OCUPANTE DE VEÍCULO;CÉU CLARO;DUPLA;RETA;NÃO;0
PB;BR-230;JOAO PESSOA;2;1;TERÇA-FEIRA;1;0;13;12H-14H;TARDE;PLENO DIA;AUSÊNCIA DE REAÇÃO DO CONDUTOR;COLISÃO TRASEIRA;CÉU CLARO;DUPLA;RETA;SIM;0
RS;BR-116;SAO LOURENCO DO SUL;2;1;TERÇA-FEIRA;1;0;13;12H-14H;TARDE;PLENO DIA;DEMAIS FALHAS MECÂNICAS OU ELÉTRICAS;INCÊNDIO;NUBLADO;DUPLA;RETA;NÃO;0
ES;BR-101;CARIACICA;2;1;TERÇA-FEIRA;1;0;14;12H-14H;TARDE;PLENO DIA;ACUMULO DE AREIA OU DETRITOS SOBRE O PAVIMENTO;QUEDA DE OCUPANTE DE VEÍCULO;CÉU CLARO;SIMPLES;RETA;NÃO;0
PR;BR-369;ARAPONGAS;2;1;TERÇA-FEIRA;1;0;14;12H-14H;TARDE;PLENO DIA;CONDUTOR DORMINDO;COLISÃO COM OBJETO;CÉU CLARO;SIMPLES;RETA;SIM;0
RJ;BR-040;DUQUE DE CAXIAS;2;1;TERÇA-FEIRA;1;0;13;12H-14H;TARDE;PLENO DIA;DEMAIS FALHAS MECÂNICAS OU ELÉTRICAS;TOMBAMENTO;CÉU CLARO;DUPLA;RETA;NÃO;0
CE;BR-222;ITAPAJE;2;1;TERÇA-FEIRA;1;0;12;12H-14H;TARDE;PLENO DIA;DEMAIS FALHAS NA VIA;QUEDA DE OCUPANTE DE VEÍCULO;CÉU CLARO;SIMPLES;RETA;SIM;0
GO;BR-040;CIDADE OCIDENTAL;2;1;TERÇA-FEIRA;1;0;12;12H-14H;TARDE;PLENO DIA;AUSÊNCIA DE REAÇÃO DO CONDUTOR;SAÍDA DE LEITO CARROÇÁVEL;GAROA/CHUVISCO;DUPLA;RETA;SIM;0
RJ;BR-116;SAO JOAO DE MERITI;2;1;TERÇA-FEIRA;1;0;14;12H-14H;TARDE;PLENO DIA;DEMAIS FALHAS MECÂNICAS OU ELÉTRICAS;TOMBAMENTO;SOL;MÚLTIPLA;RETA;SIM;0
SC;BR-101;SAO JOSE;2;1;TERÇA-FEIRA;1;0;14;12H-14H;TARDE;PLENO DIA;MANOBRA DE MUDANÇA DE FAIXA;COLISÃO LATERAL MESMO SENTIDO;SOL;MÚLTIPLA;"RETA;INTERSEÇÃO DE VIAS";SIM;0
MG;BR-040;BELO HORIZONTE;2;1;TERÇA-FEIRA;1;0;13;12H-14H;TARDE;PLENO DIA;MANOBRA DE MUDANÇA DE FAIXA;COLISÃO LATERAL MESMO SENTIDO;CÉU CLARO;DUPLA;"RETA;DECLIVE";SIM;0
MG;BR-116;MEDINA;2;1;TERÇA-FEIRA;1;0;14;12H-14H;TARDE;PLENO DIA;AVARIAS E/OU DESGASTE EXCESSIVO NO PNEU;QUEDA DE OCUPANTE DE VEÍCULO;CÉU CLARO;SIMPLES;RETA;NÃO;0
SC;BR-163;SAO MIGUEL DO OESTE;2;1;TERÇA-FEIRA;1;0;13;12H-14H;TARDE;PLENO DIA;CONDUTOR DEIXOU DE MANTER DISTÂNCIA DO VEÍCULO DA FRENTE;COLISÃO TRASEIRA;CÉU CLARO;DUPLA;RETA;SIM;0
RJ;BR-101;NITEROI;2;1;TERÇA-FEIRA;1;0;15;15H-17H;TARDE;PLENO DIA;VELOCIDADE INCOMPATÍVEL;QUEDA DE OCUPANTE DE VEÍCULO;CÉU CLARO;DUPLA;CURVA;SIM;0
PR;BR-116;SAO JOSE DOS PINHAIS;2;1;TERÇA-FEIRA;1;0;14;12H-14H;TARDE;PLENO DIA;AUSÊNCIA DE REAÇÃO DO CONDUTOR;TOMBAMENTO;CÉU CLARO;DUPLA;RETA;SIM;0
SP;BR-116;SAO PAULO;2;1;TERÇA-FEIRA;1;0;16;15H-17H;TARDE;PLENO DIA;AUSÊNCIA DE REAÇÃO DO CONDUTOR;COLISÃO TRASEIRA;CÉU CLARO;MÚLTIPLA;RETA;SIM;0
PR;BR-153;IRATI;2;1;TERÇA-FEIRA;1;0;12;12H-14H;TARDE;PLENO DIA;ACESSAR A VIA SEM OBSERVAR A PRESENÇA DOS OUTROS VEÍCULOS;COLISÃO TRANSVERSAL;CÉU CLARO;SIMPLES;"RETA;INTERSEÇÃO DE VIAS";SIM;0
PR;BR-277;SAO JOSE DOS PINHAIS;2;1;TERÇA-FEIRA;1;0;16;15H-17H;TARDE;PLENO DIA;CONDUTOR DEIXOU DE MANTER DISTÂNCIA DO VEÍCULO DA FRENTE;COLISÃO TRASEIRA;NUBLADO;DUPLA;RETA;NÃO;0
ES;BR-101;ANCHIETA;2;1;TERÇA-FEIRA;1;0;15;15H-17H;TARDE;PLENO DIA;DESRESPEITAR A PREFERÊNCIA NO CRUZAMENTO;COLISÃO TRANSVERSAL;NUBLADO;SIMPLES;RETA;NÃO;0
MS;BR-163;CAMPO GRANDE;2;1;TERÇA-FEIRA;1;0;14;12H-14H;TARDE;PLENO DIA;DEMAIS FALHAS MECÂNICAS OU ELÉTRICAS;INCÊNDIO;CÉU CLARO;SIMPLES;RETA;NÃO;0
PE;BR-232;GRAVATA;2;1;TERÇA-FEIRA;1;0;17;15H-17H;TARDE;PLENO DIA;AUSÊNCIA DE REAÇÃO DO CONDUTOR;COLISÃO COM OBJETO;CÉU CLARO;DUPLA;"EM OBRAS;RETA";NÃO;0
SC;BR-101;PALHOCA;1;1;SEXTA-FEIRA;4;0;14;12H-14H;TARDE;PLENO DIA;ACESSAR A VIA SEM OBSERVAR A PRESENÇA DOS OUTROS VEÍCULOS;COLISÃO COM OBJETO;CÉU CLARO;DUPLA;RETA;SIM;0
PB;BR-230;JOAO PESSOA;2;1;SEXTA-FEIRA;4;0;15;15H-17H;TARDE;PLENO DIA;AUSÊNCIA DE REAÇÃO DO CONDUTOR;COLISÃO TRASEIRA;CÉU CLARO;DUPLA;DECLIVE;SIM;0