uf;br_formatada;municipio;mes;trimestre;dia_semana;dia_semana_num;fim_de_semana;hora;faixa_horaria;turno;fase_dia;causa_acidente;tipo_acidente;condicao_metereologica;tipo_pista;tracado_via;uso_solo;acidente_fatal
MG;BR-262;JUATUBA;2;1;DOMINGO;6;1;9;09H-11H;MANHA;PLENO DIA;AUSÊNCIA DE REAÇÃO DO CONDUTOR;TOMBAMENTO;CÉU CLARO;DUPLA;CURVA;NÃO;0
SC;BR-101;ITAJAI;2;1;DOMINGO;6;1;9;09H-11H;MANHA;PLENO DIA;REAÇÃO TARDIA OU INEFICIENTE DO CONDUTOR;QUEDA DE OCUPANTE DE VEÍCULO;CÉU CLARO;SIMPLES;INTERSEÇÃO DE VIAS;SIM;0
RJ;BR-465;SEROPEDICA;2;1;DOMINGO;6;1;6;06H-08H;MANHA;PLENO DIA;AUSÊNCIA DE REAÇÃO DO CONDUTOR;QUEDA DE OCUPANTE DE VEÍCULO;CÉU CLARO;DUPLA;RETA;NÃO;0
RS;BR-116;PICADA CAFE;2;1;DOMINGO;6;1;10;09H-11H;MANHA;PLENO DIA;CONVERSÃO PROIBIDA;COLISÃO TRANSVERSAL;CÉU CLARO;SIMPLES;RETA;NÃO;0
PR;BR-277;CURITIBA;2;1;DOMINGO;6;1;10;09H-11H;MANHA;PLENO DIA;TRAFEGAR COM MOTOCICLETA (OU SIMILAR) ENTRE AS FAIXAS;COLISÃO LATERAL MESMO SENTIDO;CÉU CLARO;DUPLA;RETA;SIM;0
RN;BR-304;ITAJA;2;1;DOMINGO;6;1;9;09H-11H;MANHA;PLENO DIA;REAÇÃO TARDIA OU INEFICIENTE DO CONDUTOR;TOMBAMENTO;CÉU CLARO;SIMPLES;RETA;NÃO;0
AL;BR-101;FLEXEIRAS;2;1;DOMINGO;6;1;9;09H-11H;MANHA;PLENO DIA;ACUMULO DE ÁGUA SOBRE O PAVIMENTO;COLISÃO COM OBJETO;CHUVA;DUPLA;RETA;NÃO;0
SC;BR-101;JOINVILLE;2;1;DOMINGO;6;1;9;09H-11H;MANHA;PLENO DIA;CONDUTOR DEIXOU DE MANTER DISTÂNCIA DO VEÍCULO DA FRENTE;COLISÃO LATERAL MESMO SENTIDO;CÉU CLARO;DUPLA;"ACLIVE;RETA";NÃO;0
BA;BR-116;VITORIA DA CONQUISTA;2;1;DOMINGO;6;1;9;09H-11H;MANHA;PLENO DIA;ACESSAR A VIA SEM OBSERVAR A PRESENÇA DOS OUTROS VEÍCULOS;COLISÃO TRANSVERSAL;CÉU CLARO;SIMPLES;RETA;NÃO;0
PE;BR-232;GRAVATA;2;1;DOMINGO;6;1;9;09H-11H;MANHA;PLENO DIA;MANOBRA DE MUDANÇA DE FAIXA;COLISÃO LATERAL MESMO SENTIDO;CÉU CLARO;DUPLA;"ACLIVE;RETA";NÃO;0
SC;BR-282;ALFREDO WAGNER;2;1;SÁBADO;5;1;5;03H-05H;MADRUGADA;AMANHECER;REAÇÃO TARDIA OU INEFICIENTE DO CONDUTOR;SAÍDA DE LEITO CARROÇÁVEL;SOL;SIMPLES;RETA;NÃO;0
PE;BR-232;MORENO;2;1;DOMINGO;6;1;10;09H-11H;MANHA;PLENO DIA;AUSÊNCIA DE REAÇÃO DO CONDUTOR;COLISÃO TRASEIRA;CÉU CLARO;DUPLA;RETA;NÃO;0
SP;BR-381;SAO PAULO;2;1;DOMINGO;6;1;7;06H-08H;MANHA;PLENO DIA;REAÇÃO TARDIA OU INEFICIENTE DO CONDUTOR;CAPOTAMENTO;CÉU CLARO;MÚLTIPLA;RETA;SIM;0
MG;BR-381;CARMOPOLIS DE MINAS;2;1;DOMINGO;6;1;11;09H-11H;MANHA;PLENO DIA;AUSÊNCIA DE REAÇÃO DO CONDUTOR;TOMBAMENTO;CÉU CLARO;DUPLA;RETA;NÃO;0
ES;BR-262;VIANA;2;1;DOMINGO;6;1;11;09H-11H;MANHA;PLENO DIA;VELOCIDADE INCOMPATÍVEL;TOMBAMENTO;SOL;SIMPLES;"ACLIVE;CURVA";SIM;0
BA;BR-116;JEQUIE;2;1;DOMINGO;6;1;12;12H-14H;TARDE;PLENO DIA;VELOCIDADE INCOMPATÍVEL;QUEDA DE OCUPANTE DE VEÍCULO;CÉU CLARO;SIMPLES;CURVA;SIM;0
ES;BR-101;VIANA;2;1;DOMINGO;6;1;12;12H-14H;TARDE;PLENO DIA;AVARIAS E/OU DESGASTE EXCESSIVO NO PNEU;SAÍDA DE LEITO CARROÇÁVEL;SOL;DUPLA;RETA;SIM;0
RN;BR-110;MOSSORO;2;1;DOMINGO;6;1;12;12H-14H;TARDE;PLENO DIA;ACESSAR A VIA SEM OBSERVAR A PRESENÇA DOS OUTROS VEÍCULOS;COLISÃO TRANSVERSAL;CÉU CLARO;SIMPLES;ROTATÓRIA;SIM;0
PI;BR-316;VALENCA DO PIAUI;2;1;DOMINGO;6;1;1;00H-02H;MADRUGADA;PLENA NOITE;ANIMAIS NA PISTA;ATROPELAMENTO DE ANIMAL;CÉU CLARO;SIMPLES;RETA;NÃO;0
RJ;BR-040;DUQUE DE CAXIAS;2;1;DOMINGO;6;1;12;12H-14H;TARDE;PLENO DIA;DEMAIS FALHAS MECÂNICAS OU ELÉTRICAS;QUEDA DE OCUPANTE DE VEÍCULO;SOL;DUPLA;RETA;NÃO;0
SC;BR-101;BIGUACU;2;1;DOMINGO;6;1;13;12H-14H;TARDE;PLENO DIA;CONDUTOR DORMINDO;SAÍDA DE LEITO CARROÇÁVEL;CÉU CLARO;DUPLA;RETA;NÃO;0
RS;BR-116;CANOAS;2;1;DOMINGO;6;1;13;12H-14H;TARDE;PLENO DIA;REAÇÃO TARDIA OU INEFICIENTE DO CONDUTOR;COLISÃO TRANSVERSAL;CÉU CLARO;DUPLA;"RETA;INTERSEÇÃO DE VIAS";SIM;0
ES;BR-262;MUNIZ FREIRE;2;1;DOMINGO;6;1;12;12H-14H;TARDE;PLENO DIA;ACESSAR A VIA SEM OBSERVAR A PRESENÇA DOS OUTROS VEÍCULOS;COLISÃO TRANSVERSAL;CÉU CLARO;SIMPLES;RETA;NÃO;0
RS;BR-290;GRAVATAI;2;1;DOMINGO;6;1;14;12H-14H;TARDE;PLENO DIA;REAÇÃO TARDIA OU INEFICIENTE DO CONDUTOR;COLISÃO LATERAL MESMO SENTIDO;CÉU CLARO;MÚLTIPLA;RETA;NÃO;0
SP;BR-116;JACAREI;2;1;DOMINGO;6;1;13;12H-14H;TARDE;PLENO DIA;REAÇÃO TARDIA OU INEFICIENTE DO CONDUTOR;SAÍDA DE LEITO CARROÇÁVEL;CÉU CLARO;SIMPLES;"CURVA;INTERSEÇÃO DE VIAS";NÃO;0
ES;BR-101;RIO NOVO DO SUL;2;1;DOMINGO;6;1;14;12H-14H;TARDE;PLENO DIA;ACESSAR A VIA SEM OBSERVAR A PRESENÇA DOS OUTROS VEÍCULOS;COLISÃO TRANSVERSAL;CÉU CLARO;SIMPLES;CURVA;SIM;0
BA;BR-407;JAGUARARI;2;1;DOMINGO;6;1;13;12H-14H;TARDE;PLENO DIA;TRAFEGAR COM MOTOCICLETA (OU SIMILAR) ENTRE AS FAIXAS;COLISÃO LATERAL MESMO SENTIDO;CÉU CLARO;SIMPLES;RETA;NÃO;0
MG;BR-262;NOVA SERRANA;2;1;DOMINGO;6;1;14;12H-14H;TARDE;PLENO DIA;ANIMAIS NA PISTA;TOMBAMENTO;SOL;DUPLA;RETA;SIM;0
RS;BR-386;POUSO NOVO;2;1;DOMINGO;6;1;14;12H-14H;TARDE;PLENO DIA;ACUMULO DE ÁGUA SOBRE O PAVIMENTO;SAÍDA DE LEITO CARROÇÁVEL;NUBLADO;SIMPLES;CURVA;NÃO;0
CE;BR-116;EUSEBIO;2;1;DOMINGO;6;1;13;12H-14H;TARDE;PLENO DIA;ACOSTAMENTO EM DESNÍVEL;QUEDA DE OCUPANTE DE VEÍCULO;CÉU CLARO;DUPLA;RETA;SIM;0
PE;BR-232;GRAVATA;2;1;DOMINGO;6;1;15;15H-17H;TARDE;PLENO DIA;AUSÊNCIA DE REAÇÃO DO CONDUTOR;COLISÃO TRASEIRA;SOL;DUPLA;RETA;NÃO;0
MS;BR-163;DOURADOS;2;1;DOMINGO;6;1;14;12H-14H;TARDE;PLENO DIA;TRANSITAR NO ACOSTAMENTO;COLISÃO COM OBJETO;CÉU CLARO;SIMPLES;RETA;SIM;0
PR;BR-153;UNIAO DA VITORIA;2;1;DOMINGO;6;1;15;15H-17H;TARDE;PLENO DIA;ACESSAR A VIA SEM OBSERVAR A PRESENÇA DOS OUTROS VEÍCULOS;COLISÃO TRANSVERSAL;CÉU CLARO;SIMPLES;INTERSEÇÃO DE VIAS;NÃO;0
BA;BR-116;FEIRA DE SANTANA;2;1;DOMINGO;6;1;16;15H-17H;TARDE;PLENO DIA;INGESTÃO DE ÁLCOOL PELO CONDUTOR;COLISÃO TRASEIRA;CÉU CLARO;SIMPLES;RETORNO REGULAMENTADO;SIM;0
SP;BR-116;EMBU DAS ARTES;2;1;DOMINGO;6;1;14;12H-14H;TARDE;PLENO DIA;FREAR BRUSCAMENTE;COLISÃO TRASEIRA;CÉU CLARO;DUPLA;CURVA;SIM;0
PR;BR-277;CASCAVEL;2;1;DOMINGO;6;1;15;15H-17H;TARDE;PLENO DIA;MANOBRA DE MUDANÇA DE FAIXA;COLISÃO TRANSVERSAL;CÉU CLARO;DUPLA;RETA;SIM;0
SC;BR-101;PALHOCA;2;1;DOMINGO;6;1;16;15H-17H;TARDE;PLENO DIA;TRAFEGAR COM MOTOCICLETA (OU SIMILAR) ENTRE AS FAIXAS;COLISÃO LATERAL MESMO SENTIDO;CÉU CLARO;DUPLA;RETA;NÃO;0
GO;BR-153;ANAPOLIS;2;1;DOMINGO;6;1;17;15H-17H;TARDE;PLENO DIA;INGESTÃO DE ÁLCOOL PELO CONDUTOR;TOMBAMENTO;CÉU CLARO;DUPLA;DECLIVE;SIM;0
BA;BR-110;POJUCA;2;1;SEXTA-FEIRA;4;0;19;18H-20H;NOITE;PLENA NOITE;REAÇÃO TARDIA OU INEFICIENTE DO CONDUTOR;COLISÃO TRANSVERSAL;NUBLADO;SIMPLES;"CURVA;DECLIVE";NÃO;0
ES;BR-101;IBIRACU;2;1;DOMINGO;6;1;17;15H-17H;TARDE;PLENO DIA;ACESSAR A VIA SEM OBSERVAR A PRESENÇA DOS OUTROS VEÍCULOS;COLISÃO TRANSVERSAL;CÉU CLARO;SIMPLES;"RETORNO REGULAMENTADO;RETA;INTERSEÇÃO DE VIAS";SIM;0
PE;BR-423;JUCATI;2;1;DOMINGO;6;1;17;15H-17H;TARDE;PLENO DIA;DEMAIS FALHAS MECÂNICAS OU ELÉTRICAS;TOMBAMENTO;CÉU CLARO;SIMPLES;RETA;NÃO;0
SP;BR-116;CAJATI;2;1;DOMINGO;6;1;16;15H-17H;TARDE;PLENO DIA;REAÇÃO TARDIA OU INEFICIENTE DO CONDUTOR;QUEDA DE OCUPANTE DE VEÍCULO;CHUVA;SIMPLES;"CURVA;DECLIVE";NÃO;0
SP;BR-116;EMBU DAS ARTES;2;1;DOMINGO;6;1;17;15H-17H;TARDE;PLENO DIA;REAÇÃO TARDIA OU INEFICIENTE DO CONDUTOR;TOMBAMENTO;CÉU CLARO;DUPLA;RETA;SIM;0
AL;BR-101;MESSIAS;2;1;DOMINGO;6;1;15;15H-17H;TARDE;PLENO DIA;INGESTÃO DE ÁLCOOL PELO CONDUTOR;SAÍDA DE LEITO CARROÇÁVEL;CÉU CLARO;DUPLA;CURVA;NÃO;0
SC;BR-101;JOINVILLE;2;1;DOMINGO;6;1;16;15H-17H;TARDE;PLENO DIA;OBJETO ESTÁTICO SOBRE O LEITO CARROÇÁVEL;COLISÃO COM OBJETO;CÉU CLARO;DUPLA;CURVA;NÃO;0
BA;BR-367;PORTO SEGURO;2;1;DOMINGO;6;1;13;12H-14H;TARDE;PLENO DIA;AUSÊNCIA DE REAÇÃO DO CONDUTOR;QUEDA DE OCUPANTE DE VEÍCULO;CÉU CLARO;SIMPLES;CURVA;NÃO;0
CE;BR-222;CAUCAIA;2;1;DOMINGO;6;1;17;15H-17H;TARDE;ANOITECER;REAÇÃO TARDIA OU INEFICIENTE DO CONDUTOR;QUEDA DE OCUPANTE DE VEÍCULO;CÉU CLARO;SIMPLES;"EM OBRAS;RETA";NÃO;0
ES;BR-262;BREJETUBA;2;1;DOMINGO;6;1;18;18H-20H;NOITE;ANOITECER;AUSÊNCIA DE REAÇÃO DO CONDUTOR;QUEDA DE OCUPANTE DE VEÍCULO;CÉU CLARO;SIMPLES;CURVA;NÃO;0
SP;BR-381;MAIRIPORA;2;1;DOMINGO;6;1;18;18H-20H;NOITE;PLENO DIA;INGESTÃO DE ÁLCOOL PELO CONDUTOR;QUEDA DE OCUPANTE DE VEÍCULO;CÉU CLARO;SIMPLES;CURVA;NÃO;0
PR;BR-376;GUAIRACA;2;1;DOMINGO;6;1;17;15H-17H;TARDE;PLENO DIA;CONVERSÃO PROIBIDA;COLISÃO TRANSVERSAL;CÉU CLARO;SIMPLES;RETA;NÃO;0
RS;BR-290;BUTIA;2;1;DOMINGO;6;1;15;15H-17H;TARDE;PLENO DIA;CONDUTOR DEIXOU DE MANTER DISTÂNCIA DO VEÍCULO DA FRENTE;COLISÃO LATERAL MESMO SENTIDO;CHUVA;SIMPLES;RETA;NÃO;0
PB;BR-412;MONTEIRO;2;1;DOMINGO;6;1;12;12H-14H;TARDE;PLENO DIA;AUSÊNCIA DE REAÇÃO DO CONDUTOR;COLISÃO TRASEIRA;CÉU CLARO;SIMPLES;RETA;SIM;0
MG;BR-116;SANTA RITA DE MINAS;2;1;DOMINGO;6;1;11;09H-11H;MANHA;PLENO DIA;OBJETO ESTÁTICO SOBRE O LEITO CARROÇÁVEL;COLISÃO LATERAL SENTIDO OPOSTO;CÉU CLARO;SIMPLES;CURVA;NÃO;0
RO;BR-435;VILHENA;2;1;DOMINGO;6;1;14;12H-14H;TARDE;PLENO DIA;PISTA ESBURACADA;SAÍDA DE LEITO CARROÇÁVEL;NUBLADO;SIMPLES;"ACLIVE;RETA";NÃO;0
RJ;BR-116;GUAPIMIRIM;2;1;DOMINGO;6;1;18;18H-20H;NOITE;ANOITECER;AUSÊNCIA DE REAÇÃO DO CONDUTOR;SAÍDA DE LEITO CARROÇÁVEL;CÉU CLARO;DUPLA;CURVA;NÃO;0
SC;BR-101;SANGAO;2;1;DOMINGO;6;1;18;18H-20H;NOITE;PLENA NOITE;DEMAIS FALHAS MECÂNICAS OU ELÉTRICAS;TOMBAMENTO;CHUVA;MÚLTIPLA;CURVA;SIM;0
BA;BR-101;ESPLANADA;2;1;DOMINGO;6;1;17;15H-17H;TARDE;ANOITECER;AUSÊNCIA DE REAÇÃO DO CONDUTOR;COLISÃO LATERAL MESMO SENTIDO;CÉU CLARO;SIMPLES;"DESVIO TEMPORÁRIO;RETA";NÃO;0
SP;BR-116;EMBU DAS ARTES;2;1;DOMINGO;6;1;18;18H-20H;NOITE;PLENO DIA;REAÇÃO TARDIA OU INEFICIENTE DO CONDUTOR;ENGAVETAMENTO;CÉU CLARO;DUPLA;RETA;SIM;0
PR;BR-369;SANTA MARIANA;2;1;TERÇA-FEIRA;1;0;19;18H-20H;NOITE;PLENA NOITE;CONDUTOR DEIXOU DE MANTER DISTÂNCIA DO VEÍCULO DA FRENTE;COLISÃO TRASEIRA;CHUVA;SIMPLES;"ACLIVE;RETA";NÃO;0
RJ;BR-101;MACAE;2;1;DOMINGO;6;1;17;15H-17H;TARDE;PLENO DIA;AVARIAS E/OU DESGASTE EXCESSIVO NO PNEU;TOMBAMENTO;CÉU CLARO;SIMPLES;RETA;NÃO;0
RR;BR-401;CANTA;2;1;DOMINGO;6;1;18;18H-20H;NOITE;PLENO DIA;ACESSAR A VIA SEM OBSERVAR A PRESENÇA DOS OUTROS VEÍCULOS;COLISÃO TRASEIRA;NUBLADO;DUPLA;RETA;NÃO;0
RJ;BR-116;MAGE;2;1;DOMINGO;6;1;18;18H-20H;NOITE;ANOITECER;ULTRAPASSAGEM INDEVIDA;COLISÃO LATERAL MESMO SENTIDO;CÉU CLARO;DUPLA;RETA;NÃO;0
AC;BR-364;RIO BRANCO;2;1;DOMINGO;6;1;17;15H-17H;TARDE;PLENO DIA;AUSÊNCIA DE REAÇÃO DO CONDUTOR;COLISÃO FRONTAL;CHUVA;SIMPLES;CURVA;SIM;1
RJ;BR-101;MANGARATIBA;2;1;DOMINGO;6;1;18;18H-20H;NOITE;ANOITECER;CONDUTOR DEIXOU DE MANTER DISTÂNCIA DO VEÍCULO DA FRENTE;COLISÃO TRASEIRA;CÉU CLARO;SIMPLES;RETA;NÃO;0
MT;BR-163;SINOP;2;1;DOMINGO;6;1;18;18H-20H;NOITE;PLENA NOITE;ULTRAPASSAGEM INDEVIDA;COLISÃO FRONTAL;NUBLADO;SIMPLES;"RETA;DECLIVE";NÃO;0
BA;BR-367;PORTO SEGURO;2;1;DOMINGO;6;1;18;18H-20H;NOITE;PLENA NOITE;REAÇÃO TARDIA OU INEFICIENTE DO CONDUTOR;COLISÃO TRASEIRA;CÉU CLARO;SIMPLES;"RETA;ACLIVE";NÃO;0
RJ;BR-040;PETROPOLIS;2;1;DOMINGO;6;1;17;15H-17H;TARDE;PLENO DIA;INGESTÃO DE ÁLCOOL PELO CONDUTOR;SAÍDA DE LEITO CARROÇÁVEL;CÉU CLARO;DUPLA;CURVA;NÃO;0
PR;BR-277;FOZ DO IGUACU;2;1;DOMINGO;6;1;20;18H-20H;NOITE;PLENA NOITE;AUSÊNCIA DE REAÇÃO DO CONDUTOR;TOMBAMENTO;CÉU CLARO;SIMPLES;"VIADUTO;CURVA;DECLIVE";SIM;0
MG;BR-262;MATIPO;2;1;DOMINGO;6;1;12;12H-14H;TARDE;PLENO DIA;AUSÊNCIA DE REAÇÃO DO CONDUTOR;COLISÃO TRANSVERSAL;CÉU CLARO;SIMPLES;CURVA;NÃO;0
AP;BR-156;OIAPOQUE;2;1;DOMINGO;6;1;19;18H-20H;NOITE;PLENA NOITE;RETORNO PROIBIDO;COLISÃO TRANSVERSAL;CHUVA;SIMPLES;RETA;SIM;0
MG;BR-116;PADRE PARAISO;2;1;DOMINGO;6;1;17;15H-17H;TARDE;ANOITECER;REAÇÃO TARDIA OU INEFICIENTE DO CONDUTOR;SAÍDA DE LEITO CARROÇÁVEL;CÉU CLARO;SIMPLES;RETA;NÃO;0
MG;BR-381;SANTA LUZIA;2;1;DOMINGO;6;1;20;18H-20H;NOITE;PLENA NOITE;DEMAIS FALHAS MECÂNICAS OU ELÉTRICAS;INCÊNDIO;CÉU CLARO;DUPLA;"RETA;DECLIVE";SIM;0
PB;BR-104;LAGOA SECA;2;1;DOMINGO;6;1;19;18H-20H;NOITE;PLENA NOITE;REAÇÃO TARDIA OU INEFICIENTE DO CONDUTOR;ATROPELAMENTO DE PEDESTRE;CÉU CLARO;SIMPLES;"RETA;INTERSEÇÃO DE VIAS";SIM;0
RS;BR-386;SOLEDADE;2;1;DOMINGO;6;1;19;18H-20H;NOITE;ANOITECER;INGESTÃO DE ÁLCOOL PELO CONDUTOR;COLISÃO COM OBJETO;NUBLADO;SIMPLES;"ACLIVE;RETA";NÃO;0
SC;BR-470;APIUNA;2;1;DOMINGO;6;1;16;15H-17H;TARDE;PLENO DIA;VELOCIDADE INCOMPATÍVEL;SAÍDA DE LEITO CARROÇÁVEL;CÉU CLARO;SIMPLES;CURVA;NÃO;0
DF;BR-080;BRASILIA;2;1;DOMINGO;6;1;20;18H-20H;NOITE;PLENA NOITE;ACESSAR A VIA SEM OBSERVAR A PRESENÇA DOS OUTROS VEÍCULOS;COLISÃO TRANSVERSAL;NUBLADO;SIMPLES;RETA;NÃO;0
RJ;BR-101;ITAGUAI;2;1;DOMINGO;6;1;20;18H-20H;NOITE;PLENO DIA;MANOBRA DE MUDANÇA DE FAIXA;COLISÃO LATERAL MESMO SENTIDO;CÉU CLARO;MÚLTIPLA;RETA;NÃO;0
SC;BR-153;CONCORDIA;2;1;DOMINGO;6;1;19;18H-20H;NOITE;PLENA NOITE;AUSÊNCIA DE REAÇÃO DO CONDUTOR;SAÍDA DE LEITO CARROÇÁVEL;CÉU CLARO;SIMPLES;CURVA;NÃO;0
RJ;BR-101;MANGARATIBA;2;1;DOMINGO;6;1;20;18H-20H;NOITE;PLENA NOITE;DESRESPEITAR A PREFERÊNCIA NO CRUZAMENTO;COLISÃO FRONTAL;CÉU CLARO;SIMPLES;INTERSEÇÃO DE VIAS;NÃO;0
PI;BR-316;PICOS;2;1;DOMINGO;6;1;19;18H-20H;NOITE;PLENA NOITE;AUSÊNCIA DE REAÇÃO DO CONDUTOR;TOMBAMENTO;CÉU CLARO;SIMPLES;RETA;SIM;0
MG;BR-116;CATUJI;2;1;DOMINGO;6;1;20;18H-20H;NOITE;PLENA NOITE;PEDESTRE ANDAVA NA PISTA;ATROPELAMENTO DE PEDESTRE;CÉU CLARO;SIMPLES;"RETA;ACLIVE";NÃO;0
RS;BR-158;JULIO DE CASTILHOS;2;1;DOMINGO;6;1;20;18H-20H;NOITE;PLENA NOITE;INGESTÃO DE ÁLCOOL PELO CONDUTOR;COLISÃO TRASEIRA;NUBLADO;SIMPLES;RETA;SIM;0
RJ;BR-101;MANGARATIBA;2;1;DOMINGO;6;1;18;18H-20H;NOITE;ANOITECER;AUSÊNCIA DE REAÇÃO DO CONDUTOR;QUEDA DE OCUPANTE DE VEÍCULO;CÉU CLARO;SIMPLES;"CURVA;DECLIVE";NÃO;0
RJ;BR-101;MANGARATIBA;2;1;DOMINGO;6;1;19;18H-20H;NOITE;PLENA NOITE;ACESSAR A VIA SEM OBSERVAR A PRESENÇA DOS OUTROS VEÍCULOS;COLISÃO TRANSVERSAL;CÉU CLARO;DUPLA;"RETA;INTERSEÇÃO DE VIAS";NÃO;0
AL;BR-316;PALMEIRA DOS INDIOS;2;1;DOMINGO;6;1;18;18H-20H;NOITE;PLENA NOITE;INGESTÃO DE ÁLCOOL PELO CONDUTOR;COLISÃO LATERAL SENTIDO OPOSTO;CÉU CLARO;SIMPLES;RETA;NÃO;0
MG;BR-459;CALDAS;2;1;DOMINGO;6;1;19;18H-20H;NOITE;PLENA NOITE;ANIMAIS NA PISTA;ATROPELAMENTO DE ANIMAL;CÉU CLARO;SIMPLES;RETA;NÃO;0
GO;BR-070;ITABERAI;2;1;DOMINGO;6;1;21;21H-23H;NOITE;PLENA NOITE;ANIMAIS NA PISTA;ATROPELAMENTO DE ANIMAL;CÉU CLARO;SIMPLES;RETA;NÃO;0
SP;BR-116;GUARULHOS;2;1;DOMINGO;6;1;21;21H-23H;NOITE;PLENA NOITE;CONDUTOR DEIXOU DE MANTER DISTÂNCIA DO VEÍCULO DA FRENTE;COLISÃO TRASEIRA;CÉU CLARO;MÚLTIPLA;"RETA;EM OBRAS";SIM;0
PR;BR-277;CAMPO LARGO;2;1;DOMINGO;6;1;21;21H-23H;NOITE;PLENA NOITE;ILUMINAÇÃO DEFICIENTE;ATROPELAMENTO DE PEDESTRE;NUBLADO;DUPLA;RETA;NÃO;1
MA;BR-316;NOVA OLINDA DO MARANHAO;2;1;DOMINGO;6;1;21;21H-23H;NOITE;PLENA NOITE;ANIMAIS NA PISTA;ATROPELAMENTO DE ANIMAL;CÉU CLARO;SIMPLES;RETA;NÃO;0
RO;BR-364;PORTO VELHO;2;1;DOMINGO;6;1;20;18H-20H;NOITE;PLENA NOITE;DEMAIS FALHAS NA VIA;COLISÃO COM OBJETO;CÉU CLARO;SIMPLES;RETA;SIM;0
MG;BR-381;CARMOPOLIS DE MINAS;2;1;DOMINGO;6;1;21;21H-23H;NOITE;PLENA NOITE;VELOCIDADE INCOMPATÍVEL;SAÍDA DE LEITO CARROÇÁVEL;CÉU CLARO;DUPLA;RETA;SIM;0
SC;BR-101;PORTO BELO;2;1;DOMINGO;6;1;20;18H-20H;NOITE;PLENA NOITE;ACESSAR A VIA SEM OBSERVAR A PRESENÇA DOS OUTROS VEÍCULOS;COLISÃO LATERAL MESMO SENTIDO;NUBLADO;DUPLA;RETA;NÃO;0
RJ;BR-040;DUQUE DE CAXIAS;2;1;DOMINGO;6;1;21;21H-23H;NOITE;PLENA NOITE;DEMAIS FALHAS MECÂNICAS OU ELÉTRICAS;INCÊNDIO;CÉU CLARO;DUPLA;RETA;SIM;0
SC;BR-470;GASPAR;2;1;DOMINGO;6;1;20;18H-20H;NOITE;PLENA NOITE;CONDUTOR DEIXOU DE MANTER DISTÂNCIA DO VEÍCULO DA FRENTE;COLISÃO TRASEIRA;CÉU CLARO;SIMPLES;RETA;NÃO;0
RS;BR-290;OSORIO;2;1;DOMINGO;6;1;21;21H-23H;NOITE;PLENA NOITE;DEMAIS FENÔMENOS DA NATUREZA;COLISÃO COM OBJETO;CHUVA;DUPLA;RETA;NÃO;0
PA;BR-230;ALTAMIRA;2;1;DOMINGO;6;1;18;18H-20H;NOITE;PLENO DIA;REAÇÃO TARDIA OU INEFICIENTE DO CONDUTOR;SAÍDA DE LEITO CARROÇÁVEL;CÉU CLARO;SIMPLES;DECLIVE;SIM;0
PA;BR-230;ALTAMIRA;2;1;DOMINGO;6;1;20;18H-20H;NOITE;PLENA NOITE;CONDUTOR DEIXOU DE MANTER DISTÂNCIA DO VEÍCULO DA FRENTE;COLISÃO TRASEIRA;CÉU CLARO;SIMPLES;"PONTE;RETA";SIM;0
SP;BR-116;EMBU DAS ARTES;2;1;DOMINGO;6;1;21;21H-23H;NOITE;PLENA NOITE;ACESSAR A VIA SEM OBSERVAR A PRESENÇA DOS OUTROS VEÍCULOS;COLISÃO TRASEIRA;CÉU CLARO;DUPLA;RETA;SIM;0
RS;BR-290;OSORIO;2;1;DOMINGO;6;1;22;21H-23H;NOITE;PLENA NOITE;CHUVA;COLISÃO COM OBJETO;CHUVA;DUPLA;RETA;NÃO;0
SC;BR-470;GASPAR;2;1;DOMINGO;6;1;19;18H-20H;NOITE;PLENA NOITE;DEMAIS FALHAS MECÂNICAS OU ELÉTRICAS;TOMBAMENTO;NEVOEIRO/NEBLINA;DUPLA;RETA;NÃO;0
PI;BR-316;PICOS;2;1;DOMINGO;6;1;21;21H-23H;NOITE;PLENA NOITE;AUSÊNCIA DE SINALIZAÇÃO;TOMBAMENTO;NUBLADO;SIMPLES;"RETA;EM OBRAS";SIM;0
MT;BR-163;SINOP;2;1;DOMINGO;6;1;18;18H-20H;NOITE;PLENA NOITE;ULTRAPASSAGEM INDEVIDA;QUEDA DE OCUPANTE DE VEÍCULO;NUBLADO;SIMPLES;RETA;NÃO;0
SC;BR-470;BLUMENAU;2;1;DOMINGO;6;1;19;18H-20H;NOITE;PLENA NOITE;ACUMULO DE AREIA OU DETRITOS SOBRE O PAVIMENTO;QUEDA DE OCUPANTE DE VEÍCULO;CÉU CLARO;SIMPLES;"RETA;EM OBRAS";SIM;0
PR;BR-277;SAO MIGUEL DO IGUACU;2;1;DOMINGO;6;1;22;21H-23H;NOITE;PLENA NOITE;CONDUTOR DEIXOU DE MANTER DISTÂNCIA DO VEÍCULO DA FRENTE;COLISÃO TRASEIRA;CÉU CLARO;DUPLA;RETA;SIM;0
MG;BR-381;CONTAGEM;2;1;DOMINGO;6;1;22;21H-23H;NOITE;PLENA NOITE;AUSÊNCIA DE REAÇÃO DO CONDUTOR;COLISÃO LATERAL MESMO SENTIDO;CÉU CLARO;DUPLA;RETA;SIM;0