uf;br_formatada;municipio;mes;trimestre;dia_semana;dia_semana_num;fim_de_semana;hora;faixa_horaria;turno;fase_dia;causa_acidente;tipo_acidente;condicao_metereologica;tipo_pista;tracado_via;uso_solo;acidente_fatal
CE;BR-116;AQUIRAZ;2;1;SÁBADO;5;1;22;21H-23H;NOITE;PLENA NOITE;ACUMULO DE AREIA OU DETRITOS SOBRE O PAVIMENTO;TOMBAMENTO;CÉU CLARO;DUPLA;"RETA;EM OBRAS";NÃO;0
SC;BR-470;GASPAR;2;1;SÁBADO;5;1;21;21H-23H;NOITE;PLENA NOITE;INGESTÃO DE ÁLCOOL PELO CONDUTOR;COLISÃO FRONTAL;CÉU CLARO;SIMPLES;RETA;NÃO;0
PB;BR-101;BAYEUX;2;1;SÁBADO;5;1;22;21H-23H;NOITE;PLENA NOITE;DEMAIS FALHAS MECÂNICAS OU ELÉTRICAS;TOMBAMENTO;CÉU CLARO;DUPLA;RETA;SIM;0
MA;BR-135;BACABEIRA;2;1;SÁBADO;5;1;18;18H-20H;NOITE;ANOITECER;AUSÊNCIA DE REAÇÃO DO CONDUTOR;SAÍDA DE LEITO CARROÇÁVEL;CHUVA;DUPLA;RETA;NÃO;0
MG;BR-381;ANTONIO DIAS;2;1;SÁBADO;5;1;21;21H-23H;NOITE;PLENA NOITE;ILUMINAÇÃO DEFICIENTE;COLISÃO TRANSVERSAL;CÉU CLARO;SIMPLES;RETA;NÃO;0
PR;BR-476;BOCAIUVA DO SUL;2;1;SÁBADO;5;1;21;21H-23H;NOITE;PLENA NOITE;INGESTÃO DE ÁLCOOL PELO CONDUTOR;SAÍDA DE LEITO CARROÇÁVEL;CÉU CLARO;SIMPLES;CURVA;NÃO;0
PR;BR-277;CASCAVEL;2;1;SÁBADO;5;1;22;21H-23H;NOITE;PLENA NOITE;INGESTÃO DE ÁLCOOL PELO CONDUTOR;COLISÃO FRONTAL;CÉU CLARO;SIMPLES;RETA;SIM;0
SP;BR-116;EMBU DAS ARTES;2;1;SÁBADO;5;1;22;21H-23H;NOITE;PLENA NOITE;REAÇÃO TARDIA OU INEFICIENTE DO CONDUTOR;QUEDA DE OCUPANTE DE VEÍCULO;NUBLADO;DUPLA;RETA;SIM;0
RJ;BR-116;QUEIMADOS;1;1;QUARTA-FEIRA;2;0;11;09H-11H;MANHA;PLENO DIA;AVARIAS E/OU DESGASTE EXCESSIVO NO PNEU;QUEDA DE OCUPANTE DE VEÍCULO;CÉU CLARO;DUPLA;RETA;NÃO;0
MG;BR-262;CONTAGEM;2;1;SÁBADO;5;1;22;21H-23H;NOITE;PLENA NOITE;AUSÊNCIA DE REAÇÃO DO CONDUTOR;QUEDA DE OCUPANTE DE VEÍCULO;CÉU CLARO;DUPLA;DECLIVE;NÃO;0
MG;BR-116;MURIAE;2;1;SÁBADO;5;1;21;21H-23H;NOITE;PLENA NOITE;DESRESPEITAR A PREFERÊNCIA NO CRUZAMENTO;COLISÃO TRANSVERSAL;CÉU CLARO;SIMPLES;"CURVA;INTERSEÇÃO DE VIAS";SIM;0
RJ;BR-116;ITATIAIA;2;1;SÁBADO;5;1;18;18H-20H;NOITE;ANOITECER;REAÇÃO TARDIA OU INEFICIENTE DO CONDUTOR;SAÍDA DE LEITO CARROÇÁVEL;CÉU CLARO;DUPLA;RETA;SIM;0
SC;BR-282;XAXIM;2;1;SÁBADO;5;1;22;21H-23H;NOITE;PLENA NOITE;AUSÊNCIA DE REAÇÃO DO CONDUTOR;COLISÃO TRASEIRA;CÉU CLARO;SIMPLES;"RETA;DECLIVE";NÃO;0
SC;BR-101;SAO JOSE;2;1;SÁBADO;5;1;22;21H-23H;NOITE;PLENA NOITE;DESRESPEITAR A PREFERÊNCIA NO CRUZAMENTO;COLISÃO TRANSVERSAL;CHUVA;MÚLTIPLA;"INTERSEÇÃO DE VIAS;VIADUTO";SIM;0
RS;BR-116;CAXIAS DO SUL;2;1;SÁBADO;5;1;23;21H-23H;NOITE;PLENA NOITE;INGESTÃO DE ÁLCOOL PELO CONDUTOR;SAÍDA DE LEITO CARROÇÁVEL;CÉU CLARO;SIMPLES;CURVA;SIM;0
RJ;BR-116;DUQUE DE CAXIAS;2;1;SÁBADO;5;1;22;21H-23H;NOITE;PLENA NOITE;REAÇÃO TARDIA OU INEFICIENTE DO CONDUTOR;QUEDA DE OCUPANTE DE VEÍCULO;CÉU CLARO;SIMPLES;"CURVA;ACLIVE;VIADUTO";SIM;0
BA;BR-116;FEIRA DE SANTANA;2;1;DOMINGO;6;1;0;00H-02H;MADRUGADA;PLENA NOITE;INGESTÃO DE ÁLCOOL PELO CONDUTOR;QUEDA DE OCUPANTE DE VEÍCULO;CÉU CLARO;SIMPLES;ROTATÓRIA;NÃO;0
RS;BR-287;SANTA MARIA;2;1;SÁBADO;5;1;23;21H-23H;NOITE;PLENA NOITE;FALTA DE ELEMENTO DE CONTENÇÃO QUE EVITE A SAÍDA DO LEITO CARROÇÁVEL;SAÍDA DE LEITO CARROÇÁVEL;CÉU CLARO;SIMPLES;RETA;SIM;0
SP;BR-116;TAUBATE;2;1;SÁBADO;5;1;23;21H-23H;NOITE;PLENA NOITE;REAÇÃO TARDIA OU INEFICIENTE DO CONDUTOR;COLISÃO COM OBJETO;NUBLADO;DUPLA;RETA;SIM;0
RJ;BR-101;CAMPOS DOS GOYTACAZES;2;1;SÁBADO;5;1;23;21H-23H;NOITE;PLENA NOITE;AUSÊNCIA DE REAÇÃO DO CONDUTOR;COLISÃO TRASEIRA;CÉU CLARO;SIMPLES;RETA;NÃO;0
PI;BR-222;PIRIPIRI;2;1;SÁBADO;5;1;20;18H-20H;NOITE;PLENA NOITE;AFUNDAMENTO OU ONDULAÇÃO NO PAVIMENTO;TOMBAMENTO;CÉU CLARO;DUPLA;RETA;NÃO;0
MG;BR-381;ESTIVA;2;1;DOMINGO;6;1;0;00H-02H;MADRUGADA;PLENA NOITE;AUSÊNCIA DE REAÇÃO DO CONDUTOR;SAÍDA DE LEITO CARROÇÁVEL;CÉU CLARO;DUPLA;CURVA;NÃO;0
PR;BR-373;IMBITUVA;2;1;SÁBADO;5;1;21;21H-23H;NOITE;PLENA NOITE;INGESTÃO DE ÁLCOOL PELO CONDUTOR;QUEDA DE OCUPANTE DE VEÍCULO;CÉU CLARO;SIMPLES;RETA;NÃO;0
BA;BR-415;ITABUNA;2;1;SÁBADO;5;1;23;21H-23H;NOITE;PLENA NOITE;ACESSO IRREGULAR;COLISÃO FRONTAL;GAROA/CHUVISCO;SIMPLES;RETA;SIM;1
PB;BR-101;JOAO PESSOA;2;1;DOMINGO;6;1;0;00H-02H;MADRUGADA;PLENA NOITE;AUSÊNCIA DE REAÇÃO DO CONDUTOR;TOMBAMENTO;GAROA/CHUVISCO;DUPLA;"DECLIVE;RETA";SIM;0
SP;BR-116;SAO JOSE DOS CAMPOS;2;1;DOMINGO;6;1;0;00H-02H;MADRUGADA;PLENA NOITE;REAÇÃO TARDIA OU INEFICIENTE DO CONDUTOR;COLISÃO COM OBJETO;CÉU CLARO;DUPLA;RETA;SIM;0
DF;BR-040;BRASILIA;2;1;DOMINGO;6;1;1;00H-02H;MADRUGADA;PLENA NOITE;VELOCIDADE INCOMPATÍVEL;COLISÃO COM OBJETO;CÉU CLARO;DUPLA;"VIADUTO;CURVA;ACLIVE";SIM;0
SP;BR-116;GUARULHOS;2;1;DOMINGO;6;1;1;00H-02H;MADRUGADA;PLENA NOITE;ACESSAR A VIA SEM OBSERVAR A PRESENÇA DOS OUTROS VEÍCULOS;COLISÃO LATERAL MESMO SENTIDO;CÉU CLARO;MÚLTIPLA;RETA;SIM;0
ES;BR-101;SERRA;2;1;DOMINGO;6;1;1;00H-02H;MADRUGADA;PLENA NOITE;MANOBRA DE MUDANÇA DE FAIXA;TOMBAMENTO;CÉU CLARO;DUPLA;RETA;SIM;0
PB;BR-104;CAMPINA GRANDE;2;1;DOMINGO;6;1;0;00H-02H;MADRUGADA;PLENA NOITE;ANIMAIS NA PISTA;ATROPELAMENTO DE ANIMAL;CÉU CLARO;SIMPLES;"RETA;ACLIVE";SIM;0
BA;BR-324;SALVADOR;2;1;DOMINGO;6;1;2;00H-02H;MADRUGADA;PLENA NOITE;AUSÊNCIA DE REAÇÃO DO CONDUTOR;SAÍDA DE LEITO CARROÇÁVEL;CÉU CLARO;DUPLA;RETA;NÃO;0
RJ;BR-116;RIO DE JANEIRO;2;1;DOMINGO;6;1;2;00H-02H;MADRUGADA;PLENA NOITE;AUSÊNCIA DE REAÇÃO DO CONDUTOR;ENGAVETAMENTO;CÉU CLARO;DUPLA;RETA;SIM;0
SC;BR-101;BARRA VELHA;2;1;SÁBADO;5;1;23;21H-23H;NOITE;PLENA NOITE;MANOBRA DE MUDANÇA DE FAIXA;COLISÃO LATERAL MESMO SENTIDO;NUBLADO;DUPLA;RETA;NÃO;0
SC;BR-280;GUARAMIRIM;2;1;DOMINGO;6;1;1;00H-02H;MADRUGADA;PLENA NOITE;INGESTÃO DE ÁLCOOL PELO CONDUTOR;COLISÃO COM OBJETO;NUBLADO;DUPLA;"EM OBRAS;ACLIVE;DESVIO TEMPORÁRIO;RETA";NÃO;0
GO;BR-153;ANAPOLIS;2;1;DOMINGO;6;1;2;00H-02H;MADRUGADA;PLENA NOITE;INGESTÃO DE ÁLCOOL PELO CONDUTOR;COLISÃO COM OBJETO;CÉU CLARO;DUPLA;"ACLIVE;RETA";NÃO;0
RS;BR-290;BUTIA;2;1;DOMINGO;6;1;2;00H-02H;MADRUGADA;PLENA NOITE;ILUMINAÇÃO DEFICIENTE;COLISÃO TRASEIRA;NUBLADO;SIMPLES;RETA;SIM;0
BA;BR-135;FORMOSA DO RIO PRETO;2;1;DOMINGO;6;1;0;00H-02H;MADRUGADA;PLENA NOITE;REAÇÃO TARDIA OU INEFICIENTE DO CONDUTOR;COLISÃO COM OBJETO;CÉU CLARO;SIMPLES;RETA;NÃO;1
SP;BR-116;REGISTRO;2;1;DOMINGO;6;1;1;00H-02H;MADRUGADA;PLENA NOITE;INGESTÃO DE ÁLCOOL PELO CONDUTOR;COLISÃO TRASEIRA;CÉU CLARO;DUPLA;RETA;SIM;0
PR;BR-116;CURITIBA;2;1;DOMINGO;6;1;3;03H-05H;MADRUGADA;PLENA NOITE;ENTRADA INOPINADA DO PEDESTRE;ATROPELAMENTO DE PEDESTRE;CÉU CLARO;MÚLTIPLA;RETA;SIM;0
MG;BR-365;PATOS DE MINAS;2;1;DOMINGO;6;1;1;00H-02H;MADRUGADA;PLENA NOITE;TRANSITAR NA CONTRAMÃO;COLISÃO FRONTAL;CÉU CLARO;SIMPLES;RETA;NÃO;1
MG;BR-116;CARATINGA;2;1;DOMINGO;6;1;3;03H-05H;MADRUGADA;PLENA NOITE;AUSÊNCIA DE REAÇÃO DO CONDUTOR;COLISÃO COM OBJETO;CÉU CLARO;SIMPLES;RETA;SIM;0
CE;BR-116;RUSSAS;2;1;SÁBADO;5;1;18;18H-20H;NOITE;PLENA NOITE;AUSÊNCIA DE REAÇÃO DO CONDUTOR;COLISÃO TRASEIRA;NUBLADO;SIMPLES;RETA;NÃO;0
PI;BR-316;DEMERVAL LOBAO;2;1;DOMINGO;6;1;4;03H-05H;MADRUGADA;PLENA NOITE;TRANSITAR NA CONTRAMÃO;COLISÃO FRONTAL;NUBLADO;MÚLTIPLA;RETA;SIM;1
SP;BR-381;MAIRIPORA;2;1;DOMINGO;6;1;4;03H-05H;MADRUGADA;PLENA NOITE;PEDESTRE ANDAVA NA PISTA;ATROPELAMENTO DE PEDESTRE;CÉU CLARO;DUPLA;"ACLIVE;RETA";NÃO;1
MG;BR-381;BETIM;2;1;DOMINGO;6;1;4;03H-05H;MADRUGADA;AMANHECER;INGESTÃO DE ÁLCOOL PELO CONDUTOR;COLISÃO LATERAL MESMO SENTIDO;CÉU CLARO;DUPLA;"ACLIVE;RETA";SIM;0
SC;BR-101;SAO JOSE;1;1;SEGUNDA-FEIRA;0;0;5;03H-05H;MADRUGADA;AMANHECER;VELOCIDADE INCOMPATÍVEL;CAPOTAMENTO;CÉU CLARO;MÚLTIPLA;RETA;SIM;0
RJ;BR-040;PETROPOLIS;2;1;DOMINGO;6;1;4;03H-05H;MADRUGADA;PLENA NOITE;INGESTÃO DE ÁLCOOL PELO CONDUTOR;COLISÃO COM OBJETO;CÉU CLARO;DUPLA;RETA;NÃO;0
MG;BR-381;ITAPEVA;2;1;DOMINGO;6;1;4;03H-05H;MADRUGADA;AMANHECER;VELOCIDADE INCOMPATÍVEL;COLISÃO COM OBJETO;NUBLADO;DUPLA;"ACLIVE;RETA";NÃO;0
PR;BR-369;UBIRATA;2;1;DOMINGO;6;1;4;03H-05H;MADRUGADA;PLENA NOITE;AUSÊNCIA DE REAÇÃO DO CONDUTOR;COLISÃO COM OBJETO;CÉU CLARO;SIMPLES;"ACLIVE;RETA";NÃO;0
PR;BR-163;REALEZA;2;1;DOMINGO;6;1;2;00H-02H;MADRUGADA;PLENA NOITE;VELOCIDADE INCOMPATÍVEL;COLISÃO COM OBJETO;CÉU CLARO;SIMPLES;"RETA;DECLIVE";NÃO;0
BA;BR-324;FEIRA DE SANTANA;2;1;DOMINGO;6;1;5;03H-05H;MADRUGADA;PLENO DIA;AUSÊNCIA DE REAÇÃO DO CONDUTOR;SAÍDA DE LEITO CARROÇÁVEL;CÉU CLARO;DUPLA;RETA;SIM;0
SP;BR-153;SAO JOSE DO RIO PRETO;2;1;DOMINGO;6;1;5;03H-05H;MADRUGADA;AMANHECER;ANIMAIS NA PISTA;ATROPELAMENTO DE ANIMAL;CÉU CLARO;DUPLA;RETA;SIM;0
MT;BR-163;JUSCIMEIRA;2;1;DOMINGO;6;1;3;03H-05H;MADRUGADA;PLENA NOITE;REAÇÃO TARDIA OU INEFICIENTE DO CONDUTOR;TOMBAMENTO;CÉU CLARO;DUPLA;RETA;NÃO;0
BA;BR-101;EUNAPOLIS;2;1;DOMINGO;6;1;5;03H-05H;MADRUGADA;PLENO DIA;TRANSITAR NA CONTRAMÃO;COLISÃO LATERAL SENTIDO OPOSTO;CÉU CLARO;SIMPLES;"DECLIVE;RETA";SIM;0
BA;BR-367;PORTO SEGURO;2;1;DOMINGO;6;1;3;03H-05H;MADRUGADA;PLENA NOITE;REAÇÃO TARDIA OU INEFICIENTE DO CONDUTOR;COLISÃO COM OBJETO;CÉU CLARO;SIMPLES;RETA;SIM;0
PI;BR-316;TERESINA;2;1;DOMINGO;6;1;5;03H-05H;MADRUGADA;AMANHECER;TRANSITAR NA CONTRAMÃO;COLISÃO FRONTAL;CÉU CLARO;DUPLA;RETA;SIM;0
RJ;BR-101;PARATY;2;1;DOMINGO;6;1;5;03H-05H;MADRUGADA;AMANHECER;CONDUTOR DORMINDO;COLISÃO COM OBJETO;CÉU CLARO;DUPLA;CURVA;NÃO;0
RN;BR-304;PARNAMIRIM;2;1;DOMINGO;6;1;6;06H-08H;MANHA;PLENO DIA;DEMAIS FALHAS MECÂNICAS OU ELÉTRICAS;QUEDA DE OCUPANTE DE VEÍCULO;CÉU CLARO;DUPLA;RETA;SIM;0
PE;BR-424;GARANHUNS;2;1;DOMINGO;6;1;4;03H-05H;MADRUGADA;AMANHECER;INGESTÃO DE ÁLCOOL PELO CONDUTOR;COLISÃO COM OBJETO;CÉU CLARO;SIMPLES;"CURVA;ACLIVE";SIM;0
BA;BR-324;AMELIA RODRIGUES;2;1;DOMINGO;6;1;3;03H-05H;MADRUGADA;PLENA NOITE;INGESTÃO DE ÁLCOOL PELO CONDUTOR;COLISÃO COM OBJETO;CÉU CLARO;DUPLA;ACLIVE;NÃO;0
SP;BR-116;JACAREI;2;1;DOMINGO;6;1;5;03H-05H;MADRUGADA;AMANHECER;AUSÊNCIA DE REAÇÃO DO CONDUTOR;TOMBAMENTO;CÉU CLARO;SIMPLES;RETORNO REGULAMENTADO;SIM;0
MG;BR-116;INHAPIM;2;1;SÁBADO;5;1;23;21H-23H;NOITE;PLENA NOITE;VELOCIDADE INCOMPATÍVEL;SAÍDA DE LEITO CARROÇÁVEL;CÉU CLARO;SIMPLES;CURVA;NÃO;0
MA;BR-230;BALSAS;2;1;DOMINGO;6;1;4;03H-05H;MADRUGADA;PLENA NOITE;REAÇÃO TARDIA OU INEFICIENTE DO CONDUTOR;QUEDA DE OCUPANTE DE VEÍCULO;NUBLADO;SIMPLES;RETA;SIM;1
MS;BR-163;SAO GABRIEL DO OESTE;2;1;DOMINGO;6;1;5;03H-05H;MADRUGADA;AMANHECER;CONDUTOR DORMINDO;SAÍDA DE LEITO CARROÇÁVEL;CÉU CLARO;DUPLA;RETA;NÃO;0
MA;BR-222;BELA VISTA DO MARANHAO;2;1;SÁBADO;5;1;18;18H-20H;NOITE;PLENA NOITE;INGESTÃO DE ÁLCOOL PELO CONDUTOR;COLISÃO TRASEIRA;GAROA/CHUVISCO;SIMPLES;RETA;NÃO;0
PB;BR-104;CAMPINA GRANDE;2;1;DOMINGO;6;1;5;03H-05H;MADRUGADA;AMANHECER;MANOBRA DE MUDANÇA DE FAIXA;COLISÃO LATERAL MESMO SENTIDO;CÉU CLARO;SIMPLES;"RETA;VIADUTO";NÃO;0
RJ;BR-356;SAO JOAO DA BARRA;2;1;SÁBADO;5;1;18;18H-20H;NOITE;PLENA NOITE;VELOCIDADE INCOMPATÍVEL;CAPOTAMENTO;CÉU CLARO;DUPLA;CURVA;NÃO;0
RO;BR-364;JI-PARANA;2;1;SÁBADO;5;1;21;21H-23H;NOITE;PLENA NOITE;AUSÊNCIA DE REAÇÃO DO CONDUTOR;COLISÃO TRASEIRA;CÉU CLARO;DUPLA;"INTERSEÇÃO DE VIAS;RETA";SIM;0
RJ;BR-356;SAO JOAO DA BARRA;2;1;DOMINGO;6;1;2;00H-02H;MADRUGADA;PLENA NOITE;ULTRAPASSAGEM INDEVIDA;COLISÃO FRONTAL;CÉU CLARO;SIMPLES;RETA;NÃO;0
MG;BR-381;ITATIAIUCU;2;1;DOMINGO;6;1;1;00H-02H;MADRUGADA;PLENA NOITE;CONDUTOR DORMINDO;SAÍDA DE LEITO CARROÇÁVEL;CÉU CLARO;DUPLA;"CURVA;DECLIVE";NÃO;0
AP;BR-210;MACAPA;2;1;DOMINGO;6;1;6;06H-08H;MANHA;PLENO DIA;AUSÊNCIA DE REAÇÃO DO CONDUTOR;SAÍDA DE LEITO CARROÇÁVEL;CÉU CLARO;SIMPLES;CURVA;SIM;0
RJ;BR-465;NOVA IGUACU;2;1;SÁBADO;5;1;22;21H-23H;NOITE;PLENA NOITE;AUSÊNCIA DE REAÇÃO DO CONDUTOR;QUEDA DE OCUPANTE DE VEÍCULO;CÉU CLARO;SIMPLES;RETA;NÃO;0
MG;BR-262;MANHUACU;2;1;SÁBADO;5;1;21;21H-23H;NOITE;PLENA NOITE;REAÇÃO TARDIA OU INEFICIENTE DO CONDUTOR;SAÍDA DE LEITO CARROÇÁVEL;CHUVA;SIMPLES;CURVA;NÃO;0
RJ;BR-101;RIO DE JANEIRO;2;1;DOMINGO;6;1;5;03H-05H;MADRUGADA;AMANHECER;CONDUTOR DEIXOU DE MANTER DISTÂNCIA DO VEÍCULO DA FRENTE;COLISÃO LATERAL MESMO SENTIDO;CÉU CLARO;DUPLA;"PONTE;RETA";NÃO;0
RJ;BR-393;CARMO;2;1;DOMINGO;6;1;5;03H-05H;MADRUGADA;AMANHECER;AUSÊNCIA DE REAÇÃO DO CONDUTOR;QUEDA DE OCUPANTE DE VEÍCULO;IGNORADO;SIMPLES;RETA;NÃO;0
RO;BR-364;JI-PARANA;2;1;DOMINGO;6;1;6;06H-08H;MANHA;PLENO DIA;ACESSAR A VIA SEM OBSERVAR A PRESENÇA DOS OUTROS VEÍCULOS;COLISÃO LATERAL MESMO SENTIDO;CÉU CLARO;DUPLA;"RETA;PONTE";NÃO;0
PB;BR-230;JOAO PESSOA;2;1;DOMINGO;6;1;7;06H-08H;MANHA;PLENO DIA;CONDUTOR DEIXOU DE MANTER DISTÂNCIA DO VEÍCULO DA FRENTE;COLISÃO TRASEIRA;CÉU CLARO;DUPLA;RETA;SIM;0
BA;BR-324;SALVADOR;2;1;DOMINGO;6;1;8;06H-08H;MANHA;PLENO DIA;AUSÊNCIA DE REAÇÃO DO CONDUTOR;COLISÃO TRASEIRA;NUBLADO;MÚLTIPLA;CURVA;SIM;0
PB;BR-230;CRUZ DO ESPIRITO SANTO;2;1;DOMINGO;6;1;8;06H-08H;MANHA;PLENO DIA;MANOBRA DE MUDANÇA DE FAIXA;COLISÃO TRASEIRA;CÉU CLARO;DUPLA;RETA;NÃO;0
SP;BR-116;SAO JOSE DOS CAMPOS;2;1;SÁBADO;5;1;9;09H-11H;MANHA;PLENO DIA;SUICÍDIO (PRESUMIDO);SINISTRO PESSOAL DE TRÂNSITO;CÉU CLARO;DUPLA;RETA;SIM;0
SC;BR-470;RIO DO SUL;1;1;QUARTA-FEIRA;2;0;6;06H-08H;MANHA;PLENO DIA;CONVERSÃO PROIBIDA;COLISÃO TRANSVERSAL;CÉU CLARO;SIMPLES;RETA;SIM;0
RS;BR-293;PELOTAS;2;1;DOMINGO;6;1;9;09H-11H;MANHA;PLENO DIA;ACUMULO DE AREIA OU DETRITOS SOBRE O PAVIMENTO;TOMBAMENTO;CÉU CLARO;SIMPLES;CURVA;SIM;0
PE;BR-232;MORENO;2;1;DOMINGO;6;1;9;09H-11H;MANHA;PLENO DIA;AUSÊNCIA DE REAÇÃO DO CONDUTOR;TOMBAMENTO;CÉU CLARO;DUPLA;RETA;NÃO;0
PR;BR-376;PARANAVAI;2;1;DOMINGO;6;1;9;09H-11H;MANHA;PLENO DIA;ACESSAR A VIA SEM OBSERVAR A PRESENÇA DOS OUTROS VEÍCULOS;COLISÃO TRANSVERSAL;CÉU CLARO;SIMPLES;"ROTATÓRIA;RETA";NÃO;0
RJ;BR-116;NOVA IGUACU;2;1;DOMINGO;6;1;10;09H-11H;MANHA;PLENO DIA;AUSÊNCIA DE REAÇÃO DO CONDUTOR;TOMBAMENTO;SOL;MÚLTIPLA;RETA;NÃO;0
RS;BR-101;TERRA DE AREIA;2;1;DOMINGO;6;1;9;09H-11H;MANHA;PLENO DIA;REAÇÃO TARDIA OU INEFICIENTE DO CONDUTOR;COLISÃO COM OBJETO;CÉU CLARO;DUPLA;CURVA;NÃO;0
SC;BR-101;ARAQUARI;2;1;DOMINGO;6;1;10;09H-11H;MANHA;PLENO DIA;AVARIAS E/OU DESGASTE EXCESSIVO NO PNEU;QUEDA DE OCUPANTE DE VEÍCULO;CÉU CLARO;DUPLA;RETA;NÃO;0
RJ;BR-356;ITAPERUNA;2;1;DOMINGO;6;1;10;09H-11H;MANHA;PLENO DIA;ACESSAR A VIA SEM OBSERVAR A PRESENÇA DOS OUTROS VEÍCULOS;COLISÃO TRANSVERSAL;CÉU CLARO;SIMPLES;RETA;NÃO;0
AC;BR-IGNORADA;RIO BRANCO;2;1;SEXTA-FEIRA;4;0;7;06H-08H;MANHA;PLENO DIA;AUSÊNCIA DE REAÇÃO DO CONDUTOR;COLISÃO TRASEIRA;CÉU CLARO;DUPLA;RETA;SIM;0
MG;BR-381;EXTREMA;2;1;DOMINGO;6;1;7;06H-08H;MANHA;PLENO DIA;INGESTÃO DE ÁLCOOL PELO CONDUTOR;COLISÃO LATERAL MESMO SENTIDO;CÉU CLARO;DUPLA;CURVA;NÃO;0
RS;BR-158;SANTANA DO LIVRAMENTO;2;1;DOMINGO;6;1;10;09H-11H;MANHA;PLENO DIA;VELOCIDADE INCOMPATÍVEL;SAÍDA DE LEITO CARROÇÁVEL;CÉU CLARO;SIMPLES;"CURVA;ACLIVE";NÃO;0
MS;BR-158;APARECIDA DO TABOADO;2;1;DOMINGO;6;1;6;06H-08H;MANHA;AMANHECER;INGESTÃO DE ÁLCOOL PELO CONDUTOR;SAÍDA DE LEITO CARROÇÁVEL;CÉU CLARO;SIMPLES;RETA;NÃO;0
RJ;BR-116;TERESOPOLIS;2;1;DOMINGO;6;1;10;09H-11H;MANHA;PLENO DIA;AUSÊNCIA DE REAÇÃO DO CONDUTOR;ATROPELAMENTO DE PEDESTRE;CÉU CLARO;SIMPLES;CURVA;SIM;0
PR;BR-277;MORRETES;2;1;DOMINGO;6;1;11;09H-11H;MANHA;PLENO DIA;REAÇÃO TARDIA OU INEFICIENTE DO CONDUTOR;COLISÃO TRASEIRA;SOL;DUPLA;"RETA;DECLIVE";NÃO;0
GO;BR-153;MORRINHOS;2;1;DOMINGO;6;1;11;09H-11H;MANHA;PLENO DIA;AUSÊNCIA DE REAÇÃO DO CONDUTOR;COLISÃO TRASEIRA;SOL;DUPLA;RETA;NÃO;0
SP;BR-116;GUARULHOS;2;1;DOMINGO;6;1;11;09H-11H;MANHA;PLENO DIA;MANOBRA DE MUDANÇA DE FAIXA;TOMBAMENTO;CÉU CLARO;MÚLTIPLA;"RETORNO REGULAMENTADO;INTERSEÇÃO DE VIAS";SIM;0
SC;BR-282;SAO MIGUEL DO OESTE;2;1;DOMINGO;6;1;11;09H-11H;MANHA;PLENO DIA;DESRESPEITAR A PREFERÊNCIA NO CRUZAMENTO;COLISÃO TRANSVERSAL;CÉU CLARO;SIMPLES;INTERSEÇÃO DE VIAS;NÃO;0
RJ;BR-101;TANGUA;2;1;DOMINGO;6;1;11;09H-11H;MANHA;PLENO DIA;REAÇÃO TARDIA OU INEFICIENTE DO CONDUTOR;COLISÃO TRASEIRA;SOL;DUPLA;RETA;NÃO;0
BA;BR-367;PORTO SEGURO;2;1;DOMINGO;6;1;9;09H-11H;MANHA;PLENO DIA;ANIMAIS NA PISTA;ATROPELAMENTO DE ANIMAL;CÉU CLARO;SIMPLES;CURVA;NÃO;0
SC;BR-470;RODEIO;2;1;DOMINGO;6;1;11;09H-11H;MANHA;PLENO DIA;AFUNDAMENTO OU ONDULAÇÃO NO PAVIMENTO;SAÍDA DE LEITO CARROÇÁVEL;CÉU CLARO;SIMPLES;CURVA;NÃO;0
MS;BR-267;BATAGUASSU;2;1;DOMINGO;6;1;12;12H-14H;TARDE;PLENO DIA;AVARIAS E/OU DESGASTE EXCESSIVO NO PNEU;TOMBAMENTO;CÉU CLARO;SIMPLES;RETA;NÃO;0
ES;BR-101;SERRA;2;1;DOMINGO;6;1;13;12H-14H;TARDE;PLENO DIA;REAÇÃO TARDIA OU INEFICIENTE DO CONDUTOR;COLISÃO TRANSVERSAL;CÉU CLARO;DUPLA;INTERSEÇÃO DE VIAS;SIM;0
AL;BR-101;FLEXEIRAS;2;1;DOMINGO;6;1;13;12H-14H;TARDE;PLENO DIA;DEMAIS FALHAS MECÂNICAS OU ELÉTRICAS;INCÊNDIO;CÉU CLARO;DUPLA;RETA;NÃO;0
BA;BR-324;SALVADOR;2;1;DOMINGO;6;1;0;00H-02H;MADRUGADA;PLENA NOITE;INGESTÃO DE ÁLCOOL PELO CONDUTOR;COLISÃO LATERAL MESMO SENTIDO;CHUVA;DUPLA;RETA;SIM;0
MG;BR-116;INHAPIM;2;1;DOMINGO;6;1;11;09H-11H;MANHA;PLENO DIA;VELOCIDADE INCOMPATÍVEL;COLISÃO FRONTAL;CHUVA;SIMPLES;CURVA;NÃO;0
PA;BR-222;RONDON DO PARA;2;1;DOMINGO;6;1;11;09H-11H;MANHA;PLENO DIA;DESRESPEITAR A PREFERÊNCIA NO CRUZAMENTO;COLISÃO TRANSVERSAL;CÉU CLARO;SIMPLES;"INTERSEÇÃO DE VIAS;RETA";NÃO;0
CE;BR-403;SOBRAL;2;1;DOMINGO;6;1;10;09H-11H;MANHA;PLENO DIA;INGESTÃO DE ÁLCOOL PELO CONDUTOR;COLISÃO FRONTAL;CÉU CLARO;SIMPLES;RETA;NÃO;0