uf;br_formatada;municipio;mes;trimestre;dia_semana;dia_semana_num;fim_de_semana;hora;faixa_horaria;turno;fase_dia;causa_acidente;tipo_acidente;condicao_metereologica;tipo_pista;tracado_via;uso_solo;acidente_fatal
TO;BR-230;ARAGUATINS;2;1;SEXTA-FEIRA;4;0;20;18H-20H;NOITE;PLENA NOITE;DESRESPEITAR A PREFERÊNCIA NO CRUZAMENTO;COLISÃO TRANSVERSAL;CÉU CLARO;SIMPLES;RETA;SIM;0
MS;BR-060;CAMPO GRANDE;2;1;SEXTA-FEIRA;4;0;14;12H-14H;TARDE;PLENO DIA;CHUVA;SAÍDA DE LEITO CARROÇÁVEL;CHUVA;SIMPLES;DECLIVE;NÃO;0
MG;BR-040;PARAOPEBA;2;1;SEXTA-FEIRA;4;0;19;18H-20H;NOITE;PLENA NOITE;MANOBRA DE MUDANÇA DE FAIXA;COLISÃO LATERAL MESMO SENTIDO;CÉU CLARO;DUPLA;"ACLIVE;RETA";NÃO;0
SP;BR-101;UBATUBA;2;1;SEXTA-FEIRA;4;0;19;18H-20H;NOITE;PLENA NOITE;VELOCIDADE INCOMPATÍVEL;COLISÃO COM OBJETO;CÉU CLARO;SIMPLES;RETA;NÃO;0
SP;BR-381;MAIRIPORA;2;1;SEXTA-FEIRA;4;0;20;18H-20H;NOITE;PLENA NOITE;REAÇÃO TARDIA OU INEFICIENTE DO CONDUTOR;COLISÃO LATERAL MESMO SENTIDO;CÉU CLARO;DUPLA;"DECLIVE;CURVA";NÃO;0
MG;BR-262;JUATUBA;2;1;SEXTA-FEIRA;4;0;20;18H-20H;NOITE;PLENA NOITE;INGESTÃO DE ÁLCOOL PELO CONDUTOR;COLISÃO TRASEIRA;CÉU CLARO;DUPLA;RETA;SIM;0
SP;BR-IGNORADA;ITAPECERICA DA SERRA;2;1;SEXTA-FEIRA;4;0;10;09H-11H;MANHA;PLENO DIA;DEMAIS FALHAS MECÂNICAS OU ELÉTRICAS;COLISÃO TRASEIRA;CÉU CLARO;MÚLTIPLA;"INTERSEÇÃO DE VIAS;RETA";SIM;0
RS;BR-392;RIO GRANDE;2;1;SEXTA-FEIRA;4;0;18;18H-20H;NOITE;PLENO DIA;REAÇÃO TARDIA OU INEFICIENTE DO CONDUTOR;COLISÃO TRANSVERSAL;CÉU CLARO;SIMPLES;RETA;SIM;0
MG;BR-040;CRISTIANO OTONI;2;1;SEXTA-FEIRA;4;0;18;18H-20H;NOITE;ANOITECER;ACESSO IRREGULAR;COLISÃO TRANSVERSAL;CÉU CLARO;SIMPLES;RETA;NÃO;0
RJ;BR-116;DUQUE DE CAXIAS;2;1;SEXTA-FEIRA;4;0;16;15H-17H;TARDE;PLENO DIA;TRAFEGAR COM MOTOCICLETA (OU SIMILAR) ENTRE AS FAIXAS;QUEDA DE OCUPANTE DE VEÍCULO;CÉU CLARO;DUPLA;RETA;NÃO;0
PR;BR-116;FAZENDA RIO GRANDE;2;1;SEXTA-FEIRA;4;0;21;21H-23H;NOITE;PLENA NOITE;AUSÊNCIA DE REAÇÃO DO CONDUTOR;ATROPELAMENTO DE PEDESTRE;CÉU CLARO;DUPLA;RETA;NÃO;0
MG;BR-381;NOVA ERA;2;1;SEXTA-FEIRA;4;0;19;18H-20H;NOITE;PLENA NOITE;REAÇÃO TARDIA OU INEFICIENTE DO CONDUTOR;COLISÃO TRANSVERSAL;GAROA/CHUVISCO;SIMPLES;"DECLIVE;RETA";NÃO;1
MG;BR-040;CONGONHAS;2;1;SEXTA-FEIRA;4;0;20;18H-20H;NOITE;PLENA NOITE;REAÇÃO TARDIA OU INEFICIENTE DO CONDUTOR;ENGAVETAMENTO;CÉU CLARO;SIMPLES;RETA;NÃO;0
MG;BR-116;MANHUACU;2;1;SEXTA-FEIRA;4;0;18;18H-20H;NOITE;PLENA NOITE;REAÇÃO TARDIA OU INEFICIENTE DO CONDUTOR;COLISÃO TRANSVERSAL;CÉU CLARO;SIMPLES;RETA;NÃO;0
AC;BR-317;EPITACIOLANDIA;2;1;SEXTA-FEIRA;4;0;19;18H-20H;NOITE;PLENA NOITE;REAÇÃO TARDIA OU INEFICIENTE DO CONDUTOR;COLISÃO TRASEIRA;CÉU CLARO;SIMPLES;RETA;NÃO;0
RN;BR-101;SAO GONCALO DO AMARANTE;2;1;SEXTA-FEIRA;4;0;20;18H-20H;NOITE;PLENA NOITE;ACESSAR A VIA SEM OBSERVAR A PRESENÇA DOS OUTROS VEÍCULOS;COLISÃO LATERAL MESMO SENTIDO;CHUVA;DUPLA;ACLIVE;NÃO;0
BA;BR-101;URUCUCA;2;1;SEXTA-FEIRA;4;0;21;21H-23H;NOITE;PLENA NOITE;TRANSITAR NA CONTRAMÃO;COLISÃO FRONTAL;CÉU CLARO;SIMPLES;"ACLIVE;RETA";NÃO;1
SC;BR-470;CURITIBANOS;2;1;SEXTA-FEIRA;4;0;19;18H-20H;NOITE;PLENA NOITE;DEMAIS FALHAS NA VIA;QUEDA DE OCUPANTE DE VEÍCULO;CÉU CLARO;SIMPLES;CURVA;NÃO;1
MT;BR-163;SINOP;2;1;SEXTA-FEIRA;4;0;19;18H-20H;NOITE;PLENA NOITE;REAÇÃO TARDIA OU INEFICIENTE DO CONDUTOR;QUEDA DE OCUPANTE DE VEÍCULO;GAROA/CHUVISCO;DUPLA;ROTATÓRIA;SIM;0
CE;BR-222;FORTALEZA;2;1;SEXTA-FEIRA;4;0;21;21H-23H;NOITE;PLENA NOITE;REAÇÃO TARDIA OU INEFICIENTE DO CONDUTOR;COLISÃO TRASEIRA;CÉU CLARO;MÚLTIPLA;RETA;SIM;0
MT;BR-070;PRIMAVERA DO LESTE;2;1;SEXTA-FEIRA;4;0;15;15H-17H;TARDE;PLENO DIA;ACESSAR A VIA SEM OBSERVAR A PRESENÇA DOS OUTROS VEÍCULOS;COLISÃO TRANSVERSAL;CHUVA;SIMPLES;RETA;SIM;0
SC;BR-282;PONTE SERRADA;2;1;SEXTA-FEIRA;4;0;21;21H-23H;NOITE;PLENA NOITE;MANOBRA DE MUDANÇA DE FAIXA;COLISÃO LATERAL MESMO SENTIDO;CÉU CLARO;DUPLA;CURVA;NÃO;0
PR;BR-476;LAPA;2;1;SEXTA-FEIRA;4;0;21;21H-23H;NOITE;PLENA NOITE;INGESTÃO DE ÁLCOOL PELO CONDUTOR;COLISÃO FRONTAL;NUBLADO;SIMPLES;RETA;NÃO;0
RJ;BR-116;DUQUE DE CAXIAS;2;1;SEXTA-FEIRA;4;0;21;21H-23H;NOITE;PLENA NOITE;AUSÊNCIA DE REAÇÃO DO CONDUTOR;COLISÃO TRASEIRA;CÉU CLARO;DUPLA;RETA;SIM;0
GO;BR-153;URUACU;2;1;SEXTA-FEIRA;4;0;21;21H-23H;NOITE;PLENA NOITE;PEDESTRE - INGESTÃO DE ÁLCOOL/ SUBSTÂNCIAS PSICOATIVAS;ATROPELAMENTO DE PEDESTRE;CÉU CLARO;SIMPLES;RETA;SIM;0
MG;BR-040;RESSAQUINHA;2;1;SEXTA-FEIRA;4;0;21;21H-23H;NOITE;PLENA NOITE;FALTA DE ACOSTAMENTO;ATROPELAMENTO DE PEDESTRE;CÉU CLARO;SIMPLES;RETA;NÃO;0
PR;BR-277;PRUDENTOPOLIS;2;1;SEXTA-FEIRA;4;0;21;21H-23H;NOITE;PLENA NOITE;AUSÊNCIA DE REAÇÃO DO CONDUTOR;SAÍDA DE LEITO CARROÇÁVEL;CÉU CLARO;SIMPLES;ACLIVE;NÃO;0
PR;BR-277;MATELANDIA;2;1;SEXTA-FEIRA;4;0;23;21H-23H;NOITE;PLENA NOITE;TRANSITAR NA CONTRAMÃO;COLISÃO LATERAL SENTIDO OPOSTO;CÉU CLARO;SIMPLES;RETA;NÃO;0
MT;BR-163;DIAMANTINO;2;1;SEXTA-FEIRA;4;0;20;18H-20H;NOITE;PLENA NOITE;ACESSAR A VIA SEM OBSERVAR A PRESENÇA DOS OUTROS VEÍCULOS;COLISÃO TRANSVERSAL;NUBLADO;SIMPLES;"EM OBRAS;RETA";NÃO;0
PE;BR-408;SAO LOURENCO DA MATA;2;1;SEXTA-FEIRA;4;0;23;21H-23H;NOITE;PLENA NOITE;OBJETO ESTÁTICO SOBRE O LEITO CARROÇÁVEL;COLISÃO FRONTAL;CHUVA;DUPLA;RETA;NÃO;1
RS;BR-116;ELDORADO DO SUL;2;1;SEXTA-FEIRA;4;0;23;21H-23H;NOITE;PLENA NOITE;VELOCIDADE INCOMPATÍVEL;CAPOTAMENTO;CÉU CLARO;DUPLA;RETA;NÃO;0
MG;BR-365;UBERLANDIA;2;1;SEXTA-FEIRA;4;0;23;21H-23H;NOITE;PLENA NOITE;REAÇÃO TARDIA OU INEFICIENTE DO CONDUTOR;COLISÃO TRASEIRA;CÉU CLARO;DUPLA;DECLIVE;NÃO;0
RJ;BR-493;JAPERI;2;1;SEXTA-FEIRA;4;0;22;21H-23H;NOITE;PLENA NOITE;ANIMAIS NA PISTA;ATROPELAMENTO DE ANIMAL;CÉU CLARO;DUPLA;RETA;NÃO;0
RJ;BR-040;PETROPOLIS;2;1;SEXTA-FEIRA;4;0;23;21H-23H;NOITE;PLENA NOITE;INGESTÃO DE ÁLCOOL PELO CONDUTOR;COLISÃO COM OBJETO;CÉU CLARO;DUPLA;"RETA;DECLIVE";NÃO;0
RJ;BR-493;DUQUE DE CAXIAS;2;1;SEXTA-FEIRA;4;0;23;21H-23H;NOITE;PLENA NOITE;ANIMAIS NA PISTA;ATROPELAMENTO DE ANIMAL;NUBLADO;DUPLA;RETA;NÃO;0
SC;BR-470;BLUMENAU;3;1;SÁBADO;5;1;0;00H-02H;MADRUGADA;PLENA NOITE;AUSÊNCIA DE SINALIZAÇÃO;SAÍDA DE LEITO CARROÇÁVEL;NUBLADO;MÚLTIPLA;RETA;SIM;0
SP;BR-116;CAJATI;3;1;SÁBADO;5;1;0;00H-02H;MADRUGADA;PLENA NOITE;AUSÊNCIA DE REAÇÃO DO CONDUTOR;COLISÃO TRASEIRA;CÉU CLARO;DUPLA;RETA;NÃO;0
SC;BR-116;SANTA CECILIA;2;1;SEXTA-FEIRA;4;0;23;21H-23H;NOITE;PLENA NOITE;REAÇÃO TARDIA OU INEFICIENTE DO CONDUTOR;COLISÃO COM OBJETO;NUBLADO;SIMPLES;"CURVA;DECLIVE";NÃO;0
PR;BR-277;PARANAGUA;3;1;SÁBADO;5;1;1;00H-02H;MADRUGADA;PLENA NOITE;AUSÊNCIA DE REAÇÃO DO CONDUTOR;TOMBAMENTO;CÉU CLARO;DUPLA;RETA;NÃO;0
PR;BR-373;FOZ DO JORDAO;2;1;SEXTA-FEIRA;4;0;19;18H-20H;NOITE;PLENA NOITE;AUSÊNCIA DE REAÇÃO DO CONDUTOR;SAÍDA DE LEITO CARROÇÁVEL;CÉU CLARO;SIMPLES;CURVA;NÃO;0
SC;BR-101;ARAQUARI;2;1;SEXTA-FEIRA;4;0;16;15H-17H;TARDE;PLENO DIA;REAÇÃO TARDIA OU INEFICIENTE DO CONDUTOR;COLISÃO TRASEIRA;SOL;DUPLA;RETA;NÃO;0
SC;BR-282;SAO JOSE;3;1;SÁBADO;5;1;1;00H-02H;MADRUGADA;PLENA NOITE;MANOBRA DE MUDANÇA DE FAIXA;COLISÃO TRASEIRA;CÉU CLARO;MÚLTIPLA;"ACLIVE;RETA";NÃO;0
MG;BR-381;GOVERNADOR VALADARES;3;1;SÁBADO;5;1;0;00H-02H;MADRUGADA;PLENA NOITE;ENTRADA INOPINADA DO PEDESTRE;ATROPELAMENTO DE PEDESTRE;NUBLADO;SIMPLES;RETA;SIM;1
BA;BR-407;JUAZEIRO;3;1;SÁBADO;5;1;0;00H-02H;MADRUGADA;PLENA NOITE;INGESTÃO DE ÁLCOOL PELO CONDUTOR;COLISÃO TRASEIRA;CÉU CLARO;SIMPLES;RETA;NÃO;0
MG;BR-116;GOVERNADOR VALADARES;2;1;SEXTA-FEIRA;4;0;22;21H-23H;NOITE;PLENA NOITE;DEMAIS FALHAS MECÂNICAS OU ELÉTRICAS;QUEDA DE OCUPANTE DE VEÍCULO;CÉU CLARO;SIMPLES;RETA;NÃO;0
MG;BR-116;MANHUACU;3;1;SÁBADO;5;1;0;00H-02H;MADRUGADA;PLENA NOITE;REAÇÃO TARDIA OU INEFICIENTE DO CONDUTOR;COLISÃO TRASEIRA;CÉU CLARO;SIMPLES;"RETA;ACLIVE";NÃO;1
GO;BR-020;POSSE;3;1;SÁBADO;5;1;0;00H-02H;MADRUGADA;PLENA NOITE;INGESTÃO DE ÁLCOOL PELO CONDUTOR;COLISÃO TRANSVERSAL;CÉU CLARO;SIMPLES;RETA;NÃO;0
MG;BR-116;UBAPORANGA;3;1;SÁBADO;5;1;0;00H-02H;MADRUGADA;PLENA NOITE;INGESTÃO DE ÁLCOOL PELO CONDUTOR;COLISÃO FRONTAL;CÉU CLARO;SIMPLES;CURVA;NÃO;1
MG;BR-153;CENTRALINA;3;1;SÁBADO;5;1;2;00H-02H;MADRUGADA;PLENA NOITE;AFUNDAMENTO OU ONDULAÇÃO NO PAVIMENTO;QUEDA DE OCUPANTE DE VEÍCULO;CÉU CLARO;DUPLA;RETA;NÃO;0
MS;BR-163;DOURADOS;3;1;SÁBADO;5;1;1;00H-02H;MADRUGADA;PLENA NOITE;INGESTÃO DE ÁLCOOL PELO CONDUTOR;SAÍDA DE LEITO CARROÇÁVEL;CÉU CLARO;DUPLA;ROTATÓRIA;SIM;0
GO;BR-153;APARECIDA DE GOIANIA;3;1;SÁBADO;5;1;2;00H-02H;MADRUGADA;PLENA NOITE;INGESTÃO DE ÁLCOOL PELO CONDUTOR;SAÍDA DE LEITO CARROÇÁVEL;IGNORADO;DUPLA;RETA;SIM;0
PR;BR-277;SAO JOSE DOS PINHAIS;3;1;SÁBADO;5;1;1;00H-02H;MADRUGADA;PLENA NOITE;VELOCIDADE INCOMPATÍVEL;SAÍDA DE LEITO CARROÇÁVEL;CÉU CLARO;DUPLA;RETA;NÃO;1
PR;BR-277;SAO JOSE DOS PINHAIS;3;1;SÁBADO;5;1;3;03H-05H;MADRUGADA;PLENA NOITE;INGESTÃO DE ÁLCOOL PELO CONDUTOR;COLISÃO TRASEIRA;CÉU CLARO;DUPLA;RETA;SIM;0
RS;BR-116;BARRA DO RIBEIRO;3;1;SÁBADO;5;1;2;00H-02H;MADRUGADA;PLENA NOITE;OBJETO ESTÁTICO SOBRE O LEITO CARROÇÁVEL;SAÍDA DE LEITO CARROÇÁVEL;NUBLADO;DUPLA;RETA;NÃO;0
SP;BR-101;UBATUBA;3;1;SÁBADO;5;1;4;03H-05H;MADRUGADA;PLENA NOITE;VELOCIDADE INCOMPATÍVEL;COLISÃO TRASEIRA;CÉU CLARO;SIMPLES;RETA;SIM;0
PB;BR-101;JOAO PESSOA;3;1;SÁBADO;5;1;4;03H-05H;MADRUGADA;PLENA NOITE;CONDUTOR DORMINDO;SAÍDA DE LEITO CARROÇÁVEL;CHUVA;MÚLTIPLA;RETA;SIM;0
RS;BR-116;NOVO HAMBURGO;3;1;SÁBADO;5;1;4;03H-05H;MADRUGADA;PLENA NOITE;AUSÊNCIA DE REAÇÃO DO CONDUTOR;COLISÃO COM OBJETO;CÉU CLARO;SIMPLES;RETA;SIM;0
MS;BR-163;COXIM;3;1;SÁBADO;5;1;3;03H-05H;MADRUGADA;AMANHECER;INGESTÃO DE ÁLCOOL PELO CONDUTOR;SAÍDA DE LEITO CARROÇÁVEL;CÉU CLARO;DUPLA;RETA;NÃO;0
RJ;BR-493;ITABORAI;2;1;SEXTA-FEIRA;4;0;7;06H-08H;MANHA;AMANHECER;AUSÊNCIA DE REAÇÃO DO CONDUTOR;COLISÃO LATERAL MESMO SENTIDO;SOL;SIMPLES;RETA;SIM;0
SP;BR-116;APARECIDA;3;1;SÁBADO;5;1;4;03H-05H;MADRUGADA;PLENA NOITE;PEDESTRE ANDAVA NA PISTA;ATROPELAMENTO DE PEDESTRE;CÉU CLARO;DUPLA;RETA;NÃO;1
PE;BR-104;CARUARU;3;1;SÁBADO;5;1;4;03H-05H;MADRUGADA;AMANHECER;REAÇÃO TARDIA OU INEFICIENTE DO CONDUTOR;CAPOTAMENTO;CÉU CLARO;MÚLTIPLA;RETA;SIM;0
PR;BR-277;SANTA TEREZINHA DE ITAIPU;3;1;SÁBADO;5;1;5;03H-05H;MADRUGADA;PLENA NOITE;AUSÊNCIA DE REAÇÃO DO CONDUTOR;COLISÃO COM OBJETO;CÉU CLARO;DUPLA;RETA;NÃO;0
PR;BR-116;CAMPINA GRANDE DO SUL;3;1;SÁBADO;5;1;4;03H-05H;MADRUGADA;PLENA NOITE;REAÇÃO TARDIA OU INEFICIENTE DO CONDUTOR;CAPOTAMENTO;NEVOEIRO/NEBLINA;DUPLA;CURVA;NÃO;0
RS;BR-116;CAMPESTRE DA SERRA;3;1;SÁBADO;5;1;4;03H-05H;MADRUGADA;PLENA NOITE;TRANSITAR NA CONTRAMÃO;COLISÃO TRANSVERSAL;CÉU CLARO;SIMPLES;"RETA;ACLIVE";NÃO;0
RS;BR-116;DOIS IRMAOS;3;1;SÁBADO;5;1;5;03H-05H;MADRUGADA;PLENA NOITE;INGESTÃO DE ÁLCOOL PELO CONDUTOR;COLISÃO COM OBJETO;CÉU CLARO;SIMPLES;CURVA;NÃO;0
PR;BR-277;LARANJEIRAS DO SUL;3;1;SÁBADO;5;1;4;03H-05H;MADRUGADA;PLENA NOITE;PEDESTRE ANDAVA NA PISTA;ATROPELAMENTO DE PEDESTRE;CÉU CLARO;SIMPLES;CURVA;NÃO;1
MG;BR-040;CONTAGEM;3;1;SÁBADO;5;1;4;03H-05H;MADRUGADA;AMANHECER;CONDUTOR DORMINDO;COLISÃO COM OBJETO;CÉU CLARO;DUPLA;RETA;SIM;0
PR;BR-116;CAMPINA GRANDE DO SUL;3;1;SÁBADO;5;1;4;03H-05H;MADRUGADA;PLENA NOITE;REAÇÃO TARDIA OU INEFICIENTE DO CONDUTOR;COLISÃO COM OBJETO;NEVOEIRO/NEBLINA;DUPLA;"CURVA;INTERSEÇÃO DE VIAS";NÃO;0
ES;BR-101;SERRA;3;1;SÁBADO;5;1;6;06H-08H;MANHA;AMANHECER;AUSÊNCIA DE REAÇÃO DO CONDUTOR;COLISÃO FRONTAL;NUBLADO;SIMPLES;RETA;SIM;0
ES;BR-262;DOMINGOS MARTINS;3;1;SÁBADO;5;1;6;06H-08H;MANHA;PLENO DIA;AUSÊNCIA DE REAÇÃO DO CONDUTOR;COLISÃO LATERAL SENTIDO OPOSTO;CÉU CLARO;SIMPLES;CURVA;NÃO;0
PR;BR-376;MARINGA;3;1;SÁBADO;5;1;5;03H-05H;MADRUGADA;AMANHECER;INGESTÃO DE ÁLCOOL PELO CONDUTOR;QUEDA DE OCUPANTE DE VEÍCULO;CÉU CLARO;MÚLTIPLA;"RETA;DECLIVE";NÃO;0
RS;BR-101;DOM PEDRO DE ALCANTARA;3;1;SÁBADO;5;1;5;03H-05H;MADRUGADA;AMANHECER;AUSÊNCIA DE REAÇÃO DO CONDUTOR;COLISÃO COM OBJETO;CÉU CLARO;SIMPLES;RETA;NÃO;0
BA;BR-324;SALVADOR;3;1;SÁBADO;5;1;6;06H-08H;MANHA;PLENO DIA;ACUMULO DE AREIA OU DETRITOS SOBRE O PAVIMENTO;QUEDA DE OCUPANTE DE VEÍCULO;CHUVA;MÚLTIPLA;RETA;SIM;0
SP;BR-116;GUARULHOS;3;1;SÁBADO;5;1;6;06H-08H;MANHA;PLENO DIA;AUSÊNCIA DE REAÇÃO DO CONDUTOR;TOMBAMENTO;CÉU CLARO;MÚLTIPLA;"RETA;DECLIVE;EM OBRAS";SIM;0
SP;BR-116;GUARULHOS;3;1;SÁBADO;5;1;5;03H-05H;MADRUGADA;AMANHECER;CONDUTOR DEIXOU DE MANTER DISTÂNCIA DO VEÍCULO DA FRENTE;COLISÃO TRASEIRA;CÉU CLARO;MÚLTIPLA;RETA;SIM;0
AL;BR-104;BRANQUINHA;3;1;SÁBADO;5;1;7;06H-08H;MANHA;PLENO DIA;CONDUTOR DEIXOU DE MANTER DISTÂNCIA DO VEÍCULO DA FRENTE;COLISÃO TRASEIRA;SOL;SIMPLES;RETA;NÃO;0
MG;BR-364;FRUTAL;3;1;SÁBADO;5;1;1;00H-02H;MADRUGADA;PLENA NOITE;TRANSITAR NA CONTRAMÃO;COLISÃO LATERAL SENTIDO OPOSTO;NUBLADO;SIMPLES;RETA;NÃO;0
MG;BR-116;CARATINGA;3;1;SÁBADO;5;1;6;06H-08H;MANHA;PLENO DIA;VELOCIDADE INCOMPATÍVEL;TOMBAMENTO;CHUVA;SIMPLES;"CURVA;RETORNO REGULAMENTADO";SIM;0
GO;BR-060;GUAPO;3;1;SÁBADO;5;1;6;06H-08H;MANHA;PLENO DIA;VELOCIDADE INCOMPATÍVEL;COLISÃO TRASEIRA;CÉU CLARO;DUPLA;"RETA;DECLIVE";NÃO;0
BA;BR-367;PORTO SEGURO;3;1;SÁBADO;5;1;1;00H-02H;MADRUGADA;PLENA NOITE;INGESTÃO DE ÁLCOOL PELO CONDUTOR;SAÍDA DE LEITO CARROÇÁVEL;CÉU CLARO;SIMPLES;CURVA;SIM;0
CE;BR-222;CAUCAIA;3;1;SÁBADO;5;1;7;06H-08H;MANHA;PLENO DIA;DESRESPEITAR A PREFERÊNCIA NO CRUZAMENTO;COLISÃO TRANSVERSAL;CHUVA;SIMPLES;"EM OBRAS;RETA";NÃO;0
SP;BR-116;SAO LOURENCO DA SERRA;3;1;SÁBADO;5;1;7;06H-08H;MANHA;PLENO DIA;CONDUTOR DEIXOU DE MANTER DISTÂNCIA DO VEÍCULO DA FRENTE;ENGAVETAMENTO;CÉU CLARO;DUPLA;"DECLIVE;CURVA";NÃO;0
MG;BR-365;CLARO DOS POCOES;3;1;SÁBADO;5;1;8;06H-08H;MANHA;PLENO DIA;AUSÊNCIA DE REAÇÃO DO CONDUTOR;COLISÃO FRONTAL;CÉU CLARO;SIMPLES;CURVA;NÃO;0
CE;BR-020;CANINDE;3;1;SÁBADO;5;1;7;06H-08H;MANHA;PLENO DIA;CONDUTOR DEIXOU DE MANTER DISTÂNCIA DO VEÍCULO DA FRENTE;COLISÃO TRASEIRA;NUBLADO;SIMPLES;"DECLIVE;RETA";SIM;0
PR;BR-369;CAMBARA;3;1;SÁBADO;5;1;5;03H-05H;MADRUGADA;AMANHECER;ANIMAIS NA PISTA;ATROPELAMENTO DE ANIMAL;CÉU CLARO;SIMPLES;"RETA;DECLIVE";NÃO;0
MG;BR-116;MANHUACU;3;1;SÁBADO;5;1;4;03H-05H;MADRUGADA;PLENA NOITE;CONDUTOR DORMINDO;SAÍDA DE LEITO CARROÇÁVEL;NUBLADO;SIMPLES;CURVA;NÃO;0
RJ;BR-116;NOVA IGUACU;3;1;SÁBADO;5;1;5;03H-05H;MADRUGADA;PLENO DIA;MANOBRA DE MUDANÇA DE FAIXA;COLISÃO TRASEIRA;CÉU CLARO;DUPLA;RETA;SIM;0
PB;BR-412;SERRA BRANCA;3;1;SÁBADO;5;1;4;03H-05H;MADRUGADA;PLENO DIA;CONDUTOR DORMINDO;SAÍDA DE LEITO CARROÇÁVEL;CÉU CLARO;SIMPLES;CURVA;NÃO;0
PR;BR-277;FOZ DO IGUACU;3;1;SÁBADO;5;1;8;06H-08H;MANHA;PLENO DIA;ACESSAR A VIA SEM OBSERVAR A PRESENÇA DOS OUTROS VEÍCULOS;COLISÃO TRANSVERSAL;CÉU CLARO;DUPLA;"RETA;RETORNO REGULAMENTADO";SIM;0
RN;BR-406;JOAO CAMARA;3;1;SÁBADO;5;1;8;06H-08H;MANHA;PLENO DIA;CONDUTOR DORMINDO;COLISÃO COM OBJETO;CHUVA;SIMPLES;RETA;NÃO;0
PI;BR-316;TERESINA;3;1;SÁBADO;5;1;8;06H-08H;MANHA;PLENO DIA;MANOBRA DE MUDANÇA DE FAIXA;COLISÃO LATERAL MESMO SENTIDO;CÉU CLARO;MÚLTIPLA;"ROTATÓRIA;VIADUTO";SIM;0
RS;BR-290;URUGUAIANA;3;1;SÁBADO;5;1;8;06H-08H;MANHA;PLENO DIA;ACESSAR A VIA SEM OBSERVAR A PRESENÇA DOS OUTROS VEÍCULOS;ATROPELAMENTO DE PEDESTRE;NUBLADO;SIMPLES;RETA;NÃO;0
PR;BR-277;SAO JOSE DOS PINHAIS;3;1;SÁBADO;5;1;8;06H-08H;MANHA;PLENO DIA;AUSÊNCIA DE REAÇÃO DO CONDUTOR;QUEDA DE OCUPANTE DE VEÍCULO;CÉU CLARO;DUPLA;"RETA;DECLIVE";NÃO;0
SP;BR-116;PINDAMONHANGABA;3;1;SÁBADO;5;1;8;06H-08H;MANHA;PLENO DIA;REAÇÃO TARDIA OU INEFICIENTE DO CONDUTOR;COLISÃO TRASEIRA;SOL;MÚLTIPLA;"RETA;ACLIVE";NÃO;0
PR;BR-373;IMBITUVA;3;1;SÁBADO;5;1;8;06H-08H;MANHA;PLENO DIA;ULTRAPASSAGEM INDEVIDA;COLISÃO LATERAL SENTIDO OPOSTO;CÉU CLARO;SIMPLES;"CURVA;DECLIVE";NÃO;0
SC;BR-101;PALHOCA;3;1;SÁBADO;5;1;8;06H-08H;MANHA;PLENO DIA;DEMAIS FALHAS MECÂNICAS OU ELÉTRICAS;INCÊNDIO;CÉU CLARO;DUPLA;RETA;NÃO;0
RJ;BR-101;TANGUA;3;1;SÁBADO;5;1;7;06H-08H;MANHA;PLENO DIA;TRAFEGAR COM MOTOCICLETA (OU SIMILAR) ENTRE AS FAIXAS;COLISÃO LATERAL MESMO SENTIDO;CÉU CLARO;DUPLA;RETA;NÃO;0
RJ;BR-101;ITABORAI;3;1;SÁBADO;5;1;8;06H-08H;MANHA;PLENO DIA;TRAFEGAR COM MOTOCICLETA (OU SIMILAR) ENTRE AS FAIXAS;TOMBAMENTO;CÉU CLARO;DUPLA;RETA;NÃO;1
MA;BR-226;BARRA DO CORDA;3;1;SÁBADO;5;1;7;06H-08H;MANHA;PLENO DIA;CURVA ACENTUADA;SAÍDA DE LEITO CARROÇÁVEL;NUBLADO;SIMPLES;"CURVA;DECLIVE";NÃO;1
PR;BR-116;CAMPINA GRANDE DO SUL;2;1;SEGUNDA-FEIRA;0;0;7;06H-08H;MANHA;PLENO DIA;AUSÊNCIA DE REAÇÃO DO CONDUTOR;COLISÃO LATERAL MESMO SENTIDO;NUBLADO;DUPLA;"DECLIVE;RETA";SIM;0
RS;BR-392;SAO SEPE;3;1;SÁBADO;5;1;9;09H-11H;MANHA;PLENO DIA;DESRESPEITAR A PREFERÊNCIA NO CRUZAMENTO;COLISÃO TRANSVERSAL;SOL;SIMPLES;"INTERSEÇÃO DE VIAS;DECLIVE;RETA";SIM;0
PR;BR-369;CAMPO MOURAO;3;1;SÁBADO;5;1;8;06H-08H;MANHA;PLENO DIA;AUSÊNCIA DE REAÇÃO DO CONDUTOR;COLISÃO TRASEIRA;CÉU CLARO;SIMPLES;ACLIVE;NÃO;0
PB;BR-101;CAAPORA;3;1;SÁBADO;5;1;7;06H-08H;MANHA;PLENO DIA;REAÇÃO TARDIA OU INEFICIENTE DO CONDUTOR;SAÍDA DE LEITO CARROÇÁVEL;CÉU CLARO;DUPLA;"ACLIVE;CURVA";NÃO;0
MG;BR-381;BETIM;3;1;SÁBADO;5;1;9;09H-11H;MANHA;PLENO DIA;AUSÊNCIA DE REAÇÃO DO CONDUTOR;COLISÃO TRASEIRA;CÉU CLARO;DUPLA;"ACLIVE;RETA";NÃO;0
RJ;BR-101;MACAE;3;1;SÁBADO;5;1;8;06H-08H;MANHA;PLENO DIA;CONDUTOR DEIXOU DE MANTER DISTÂNCIA DO VEÍCULO DA FRENTE;COLISÃO FRONTAL;GAROA/CHUVISCO;SIMPLES;"RETA;PONTE";NÃO;0