uf;br_formatada;municipio;mes;trimestre;dia_semana;dia_semana_num;fim_de_semana;hora;faixa_horaria;turno;fase_dia;causa_acidente;tipo_acidente;condicao_metereologica;tipo_pista;tracado_via;uso_solo;acidente_fatal
MG;BR-116;ENGENHEIRO CALDAS;3;1;SEGUNDA-FEIRA;0;0;18;18H-20H;NOITE;PLENA NOITE;ACESSAR A VIA SEM OBSERVAR A PRESENÇA DOS OUTROS VEÍCULOS;COLISÃO FRONTAL;CHUVA;SIMPLES;RETA;NÃO;0
MT;BR-070;CACERES;3;1;SEGUNDA-FEIRA;0;0;20;18H-20H;NOITE;PLENA NOITE;ANIMAIS NA PISTA;COLISÃO COM OBJETO;GAROA/CHUVISCO;SIMPLES;RETA;NÃO;0
PB;BR-230;PATOS;3;1;SEGUNDA-FEIRA;0;0;23;21H-23H;NOITE;PLENA NOITE;INGESTÃO DE ÁLCOOL PELO CONDUTOR;SAÍDA DE LEITO CARROÇÁVEL;CÉU CLARO;SIMPLES;"ACLIVE;CURVA";NÃO;0
PB;BR-230;CAMPINA GRANDE;3;1;SEGUNDA-FEIRA;0;0;22;21H-23H;NOITE;PLENA NOITE;ACESSAR A VIA SEM OBSERVAR A PRESENÇA DOS OUTROS VEÍCULOS;COLISÃO TRASEIRA;CÉU CLARO;SIMPLES;RETA;SIM;0
SP;BR-116;GUARULHOS;3;1;SEGUNDA-FEIRA;0;0;23;21H-23H;NOITE;PLENA NOITE;AUSÊNCIA DE SINALIZAÇÃO;COLISÃO COM OBJETO;CÉU CLARO;MÚLTIPLA;"EM OBRAS;RETA";SIM;0
GO;BR-060;ANAPOLIS;3;1;SEGUNDA-FEIRA;0;0;22;21H-23H;NOITE;PLENA NOITE;REAÇÃO TARDIA OU INEFICIENTE DO CONDUTOR;SAÍDA DE LEITO CARROÇÁVEL;CÉU CLARO;DUPLA;"CURVA;ACLIVE";SIM;0
MG;BR-381;BELO ORIENTE;3;1;SEGUNDA-FEIRA;0;0;22;21H-23H;NOITE;PLENA NOITE;VELOCIDADE INCOMPATÍVEL;SAÍDA DE LEITO CARROÇÁVEL;CHUVA;SIMPLES;CURVA;NÃO;1
RS;BR-290;PORTO ALEGRE;3;1;SEGUNDA-FEIRA;0;0;20;18H-20H;NOITE;PLENA NOITE;PEDESTRE ANDAVA NA PISTA;ATROPELAMENTO DE PEDESTRE;CÉU CLARO;DUPLA;"DECLIVE;RETA";SIM;1
SC;BR-101;IMBITUBA;3;1;SEGUNDA-FEIRA;0;0;22;21H-23H;NOITE;PLENA NOITE;INGESTÃO DE ÁLCOOL PELO CONDUTOR;SAÍDA DE LEITO CARROÇÁVEL;CÉU CLARO;DUPLA;"RETA;ACLIVE";SIM;0
MS;BR-376;IVINHEMA;3;1;SEGUNDA-FEIRA;0;0;22;21H-23H;NOITE;PLENA NOITE;CONDUTOR DEIXOU DE MANTER DISTÂNCIA DO VEÍCULO DA FRENTE;COLISÃO TRASEIRA;IGNORADO;SIMPLES;DECLIVE;NÃO;0
SC;BR-282;ALFREDO WAGNER;3;1;SEGUNDA-FEIRA;0;0;23;21H-23H;NOITE;PLENA NOITE;VELOCIDADE INCOMPATÍVEL;QUEDA DE OCUPANTE DE VEÍCULO;CÉU CLARO;SIMPLES;CURVA;NÃO;0
SE;BR-235;NOSSA SENHORA DO SOCORRO;3;1;TERÇA-FEIRA;1;0;0;00H-02H;MADRUGADA;PLENA NOITE;AUSÊNCIA DE REAÇÃO DO CONDUTOR;COLISÃO TRASEIRA;CÉU CLARO;DUPLA;RETA;SIM;0
RJ;BR-493;JAPERI;3;1;SEGUNDA-FEIRA;0;0;23;21H-23H;NOITE;PLENA NOITE;AUSÊNCIA DE REAÇÃO DO CONDUTOR;SAÍDA DE LEITO CARROÇÁVEL;CÉU CLARO;DUPLA;RETA;NÃO;0
MS;BR-163;COXIM;3;1;SEGUNDA-FEIRA;0;0;23;21H-23H;NOITE;PLENA NOITE;AUSÊNCIA DE REAÇÃO DO CONDUTOR;COLISÃO COM OBJETO;NUBLADO;SIMPLES;RETA;NÃO;0
PR;BR-376;SAO JOSE DOS PINHAIS;3;1;TERÇA-FEIRA;1;0;0;00H-02H;MADRUGADA;PLENA NOITE;VELOCIDADE INCOMPATÍVEL;SAÍDA DE LEITO CARROÇÁVEL;CÉU CLARO;SIMPLES;"INTERSEÇÃO DE VIAS;VIADUTO";NÃO;0
SP;BR-101;UBATUBA;3;1;TERÇA-FEIRA;1;0;1;00H-02H;MADRUGADA;PLENA NOITE;AUSÊNCIA DE REAÇÃO DO CONDUTOR;SAÍDA DE LEITO CARROÇÁVEL;CÉU CLARO;SIMPLES;ROTATÓRIA;SIM;0
MG;BR-040;ALFREDO VASCONCELOS;3;1;TERÇA-FEIRA;1;0;0;00H-02H;MADRUGADA;PLENA NOITE;ANIMAIS NA PISTA;ATROPELAMENTO DE ANIMAL;CÉU CLARO;SIMPLES;CURVA;NÃO;0
MG;BR-381;SANTO ANTONIO DO AMPARO;3;1;TERÇA-FEIRA;1;0;3;03H-05H;MADRUGADA;PLENA NOITE;REAÇÃO TARDIA OU INEFICIENTE DO CONDUTOR;COLISÃO COM OBJETO;NUBLADO;DUPLA;RETA;NÃO;0
GO;BR-153;GOIANIA;3;1;TERÇA-FEIRA;1;0;3;03H-05H;MADRUGADA;PLENA NOITE;INGESTÃO DE ÁLCOOL PELO CONDUTOR;COLISÃO TRASEIRA;CÉU CLARO;DUPLA;RETA;SIM;0
MG;BR-381;LAVRAS;3;1;TERÇA-FEIRA;1;0;4;03H-05H;MADRUGADA;AMANHECER;REAÇÃO TARDIA OU INEFICIENTE DO CONDUTOR;COLISÃO COM OBJETO;CÉU CLARO;DUPLA;CURVA;NÃO;0
PR;BR-476;CONTENDA;3;1;TERÇA-FEIRA;1;0;4;03H-05H;MADRUGADA;AMANHECER;REAÇÃO TARDIA OU INEFICIENTE DO CONDUTOR;SAÍDA DE LEITO CARROÇÁVEL;CÉU CLARO;SIMPLES;RETA;NÃO;0
GO;BR-153;ANAPOLIS;3;1;TERÇA-FEIRA;1;0;5;03H-05H;MADRUGADA;PLENA NOITE;INGESTÃO DE ÁLCOOL PELO CONDUTOR;SAÍDA DE LEITO CARROÇÁVEL;CÉU CLARO;DUPLA;RETORNO REGULAMENTADO;SIM;0
PR;BR-153;SANTO ANTONIO DA PLATINA;3;1;TERÇA-FEIRA;1;0;4;03H-05H;MADRUGADA;AMANHECER;CONDUTOR DORMINDO;SAÍDA DE LEITO CARROÇÁVEL;CÉU CLARO;SIMPLES;"RETA;ACLIVE";NÃO;0
PE;BR-101;ITAPISSUMA;3;1;TERÇA-FEIRA;1;0;6;06H-08H;MANHA;PLENO DIA;MANOBRA DE MUDANÇA DE FAIXA;COLISÃO TRASEIRA;CÉU CLARO;SIMPLES;RETA;NÃO;0
SP;BR-381;MAIRIPORA;3;1;TERÇA-FEIRA;1;0;6;06H-08H;MANHA;PLENA NOITE;REAÇÃO TARDIA OU INEFICIENTE DO CONDUTOR;COLISÃO COM OBJETO;CÉU CLARO;MÚLTIPLA;"ACLIVE;RETA";NÃO;0
PE;BR-101;ABREU E LIMA;3;1;TERÇA-FEIRA;1;0;6;06H-08H;MANHA;PLENO DIA;PEDESTRE CRUZAVA A PISTA FORA DA FAIXA;TOMBAMENTO;CÉU CLARO;MÚLTIPLA;RETA;SIM;0
RJ;BR-356;CARDOSO MOREIRA;3;1;TERÇA-FEIRA;1;0;6;06H-08H;MANHA;AMANHECER;AUSÊNCIA DE REAÇÃO DO CONDUTOR;COLISÃO COM OBJETO;NUBLADO;SIMPLES;RETA;NÃO;0
RJ;BR-101;MANGARATIBA;3;1;TERÇA-FEIRA;1;0;6;06H-08H;MANHA;PLENO DIA;DEMAIS FALHAS MECÂNICAS OU ELÉTRICAS;SAÍDA DE LEITO CARROÇÁVEL;CÉU CLARO;SIMPLES;CURVA;SIM;0
MT;BR-174;PONTES E LACERDA;3;1;TERÇA-FEIRA;1;0;5;03H-05H;MADRUGADA;AMANHECER;INGESTÃO DE ÁLCOOL PELO CONDUTOR;ATROPELAMENTO DE PEDESTRE;NUBLADO;SIMPLES;RETA;SIM;0
RJ;BR-101;CAMPOS DOS GOYTACAZES;3;1;TERÇA-FEIRA;1;0;5;03H-05H;MADRUGADA;AMANHECER;REAÇÃO TARDIA OU INEFICIENTE DO CONDUTOR;COLISÃO FRONTAL;NUBLADO;SIMPLES;RETA;SIM;0
MT;BR-163;RONDONOPOLIS;3;1;TERÇA-FEIRA;1;0;5;03H-05H;MADRUGADA;AMANHECER;ANIMAIS NA PISTA;ATROPELAMENTO DE ANIMAL;CÉU CLARO;DUPLA;RETA;NÃO;0
SC;BR-101;PAULO LOPES;3;1;TERÇA-FEIRA;1;0;6;06H-08H;MANHA;AMANHECER;AUSÊNCIA DE REAÇÃO DO CONDUTOR;CAPOTAMENTO;CÉU CLARO;DUPLA;RETA;NÃO;0
PR;BR-116;CURITIBA;3;1;TERÇA-FEIRA;1;0;7;06H-08H;MANHA;PLENO DIA;CONDUTOR DEIXOU DE MANTER DISTÂNCIA DO VEÍCULO DA FRENTE;COLISÃO TRASEIRA;CÉU CLARO;SIMPLES;RETA;SIM;0
SP;BR-116;JUQUITIBA;3;1;TERÇA-FEIRA;1;0;7;06H-08H;MANHA;PLENO DIA;REAÇÃO TARDIA OU INEFICIENTE DO CONDUTOR;COLISÃO TRASEIRA;CÉU CLARO;DUPLA;"RETA;DECLIVE";NÃO;0
PR;BR-277;SAO JOSE DOS PINHAIS;3;1;TERÇA-FEIRA;1;0;7;06H-08H;MANHA;PLENO DIA;AVARIAS E/OU DESGASTE EXCESSIVO NO PNEU;TOMBAMENTO;CÉU CLARO;DUPLA;RETA;NÃO;0
MG;BR-040;NOVA LIMA;3;1;TERÇA-FEIRA;1;0;8;06H-08H;MANHA;PLENO DIA;AVARIAS E/OU DESGASTE EXCESSIVO NO PNEU;TOMBAMENTO;NUBLADO;DUPLA;CURVA;NÃO;0
RN;BR-304;ANGICOS;3;1;TERÇA-FEIRA;1;0;6;06H-08H;MANHA;PLENO DIA;REAÇÃO TARDIA OU INEFICIENTE DO CONDUTOR;SAÍDA DE LEITO CARROÇÁVEL;CÉU CLARO;SIMPLES;RETA;NÃO;0
AC;BR-364;FEIJO;3;1;SEGUNDA-FEIRA;0;0;20;18H-20H;NOITE;PLENA NOITE;INGESTÃO DE ÁLCOOL PELO CONDUTOR;COLISÃO TRASEIRA;IGNORADO;SIMPLES;RETA;NÃO;0
MG;BR-365;ITUIUTABA;3;1;TERÇA-FEIRA;1;0;7;06H-08H;MANHA;AMANHECER;CONDUTOR DORMINDO;SAÍDA DE LEITO CARROÇÁVEL;CÉU CLARO;SIMPLES;RETA;NÃO;0
PR;BR-487;CAMPO MOURAO;3;1;TERÇA-FEIRA;1;0;9;09H-11H;MANHA;PLENO DIA;ACESSAR A VIA SEM OBSERVAR A PRESENÇA DOS OUTROS VEÍCULOS;COLISÃO TRANSVERSAL;CÉU CLARO;SIMPLES;"RETA;DECLIVE";NÃO;0
PB;BR-230;RIACHAO DO BACAMARTE;3;1;TERÇA-FEIRA;1;0;9;09H-11H;MANHA;PLENO DIA;REAÇÃO TARDIA OU INEFICIENTE DO CONDUTOR;SAÍDA DE LEITO CARROÇÁVEL;SOL;DUPLA;RETA;NÃO;0
SP;BR-116;GUARULHOS;3;1;TERÇA-FEIRA;1;0;10;09H-11H;MANHA;PLENO DIA;ESTACIONAR OU PARAR EM LOCAL PROIBIDO;COLISÃO TRANSVERSAL;SOL;MÚLTIPLA;RETA;SIM;0
AL;BR-101;FLEXEIRAS;3;1;TERÇA-FEIRA;1;0;8;06H-08H;MANHA;PLENO DIA;VELOCIDADE INCOMPATÍVEL;SAÍDA DE LEITO CARROÇÁVEL;CHUVA;DUPLA;CURVA;NÃO;0
MT;BR-163;SINOP;3;1;TERÇA-FEIRA;1;0;9;09H-11H;MANHA;PLENO DIA;REAÇÃO TARDIA OU INEFICIENTE DO CONDUTOR;COLISÃO COM OBJETO;NUBLADO;DUPLA;"RETORNO REGULAMENTADO;ROTATÓRIA";SIM;0
RS;BR-392;RIO GRANDE;3;1;TERÇA-FEIRA;1;0;10;09H-11H;MANHA;PLENO DIA;AUSÊNCIA DE REAÇÃO DO CONDUTOR;COLISÃO COM OBJETO;SOL;SIMPLES;CURVA;SIM;0
MG;BR-262;SAO DOMINGOS DO PRATA;3;1;TERÇA-FEIRA;1;0;10;09H-11H;MANHA;PLENO DIA;ACESSAR A VIA SEM OBSERVAR A PRESENÇA DOS OUTROS VEÍCULOS;COLISÃO TRANSVERSAL;CÉU CLARO;SIMPLES;RETA;NÃO;0
ES;BR-101;SERRA;3;1;TERÇA-FEIRA;1;0;11;09H-11H;MANHA;PLENO DIA;AUSÊNCIA DE REAÇÃO DO CONDUTOR;SAÍDA DE LEITO CARROÇÁVEL;CHUVA;SIMPLES;"CURVA;ACLIVE;VIADUTO";NÃO;0
ES;BR-259;JOAO NEIVA;3;1;TERÇA-FEIRA;1;0;10;09H-11H;MANHA;PLENO DIA;TRANSITAR NA CONTRAMÃO;COLISÃO LATERAL SENTIDO OPOSTO;CÉU CLARO;SIMPLES;CURVA;NÃO;0
BA;BR-101;EUNAPOLIS;3;1;TERÇA-FEIRA;1;0;11;09H-11H;MANHA;PLENO DIA;ACESSAR A VIA SEM OBSERVAR A PRESENÇA DOS OUTROS VEÍCULOS;COLISÃO TRANSVERSAL;NUBLADO;SIMPLES;RETA;SIM;0
SC;BR-280;MAFRA;3;1;TERÇA-FEIRA;1;0;10;09H-11H;MANHA;PLENO DIA;AUSÊNCIA DE REAÇÃO DO CONDUTOR;TOMBAMENTO;CÉU CLARO;SIMPLES;RETA;NÃO;0
MS;BR-463;PONTA PORA;2;1;DOMINGO;6;1;1;00H-02H;MADRUGADA;PLENA NOITE;ANIMAIS NA PISTA;ATROPELAMENTO DE ANIMAL;CÉU CLARO;SIMPLES;RETA;NÃO;0
SP;BR-101;UBATUBA;3;1;TERÇA-FEIRA;1;0;11;09H-11H;MANHA;PLENO DIA;VELOCIDADE INCOMPATÍVEL;COLISÃO LATERAL SENTIDO OPOSTO;CÉU CLARO;SIMPLES;CURVA;NÃO;0
AL;BR-104;MESSIAS;3;1;TERÇA-FEIRA;1;0;11;09H-11H;MANHA;PLENO DIA;VELOCIDADE INCOMPATÍVEL;SAÍDA DE LEITO CARROÇÁVEL;NUBLADO;SIMPLES;"ACLIVE;VIADUTO;CURVA";NÃO;0
SC;BR-282;CORDILHEIRA ALTA;3;1;TERÇA-FEIRA;1;0;10;09H-11H;MANHA;PLENO DIA;REAÇÃO TARDIA OU INEFICIENTE DO CONDUTOR;TOMBAMENTO;CÉU CLARO;SIMPLES;CURVA;NÃO;0
GO;BR-060;TEREZOPOLIS DE GOIAS;3;1;TERÇA-FEIRA;1;0;11;09H-11H;MANHA;PLENO DIA;MANOBRA DE MUDANÇA DE FAIXA;COLISÃO TRASEIRA;SOL;DUPLA;RETA;SIM;0
RJ;BR-116;DUQUE DE CAXIAS;3;1;TERÇA-FEIRA;1;0;10;09H-11H;MANHA;PLENO DIA;AUSÊNCIA DE REAÇÃO DO CONDUTOR;COLISÃO COM OBJETO;CÉU CLARO;DUPLA;RETA;SIM;0
SC;BR-101;BALNEARIO CAMBORIU;3;1;TERÇA-FEIRA;1;0;12;12H-14H;TARDE;PLENO DIA;ACESSAR A VIA SEM OBSERVAR A PRESENÇA DOS OUTROS VEÍCULOS;COLISÃO LATERAL MESMO SENTIDO;CÉU CLARO;MÚLTIPLA;CURVA;SIM;0
RJ;BR-116;MAGE;3;1;TERÇA-FEIRA;1;0;12;12H-14H;TARDE;PLENO DIA;MANOBRA DE MUDANÇA DE FAIXA;COLISÃO TRASEIRA;CÉU CLARO;DUPLA;RETA;SIM;0
BA;BR-116;MILAGRES;3;1;TERÇA-FEIRA;1;0;11;09H-11H;MANHA;PLENO DIA;VELOCIDADE INCOMPATÍVEL;SAÍDA DE LEITO CARROÇÁVEL;CHUVA;SIMPLES;"DECLIVE;CURVA";NÃO;0
MG;BR-262;JUATUBA;3;1;TERÇA-FEIRA;1;0;12;12H-14H;TARDE;PLENO DIA;AUSÊNCIA DE REAÇÃO DO CONDUTOR;SAÍDA DE LEITO CARROÇÁVEL;CÉU CLARO;DUPLA;RETA;SIM;0
MS;BR-060;BANDEIRANTES;3;1;TERÇA-FEIRA;1;0;12;12H-14H;TARDE;PLENO DIA;VELOCIDADE INCOMPATÍVEL;SAÍDA DE LEITO CARROÇÁVEL;CÉU CLARO;SIMPLES;"RETA;DECLIVE";NÃO;0
MG;BR-381;SANTANA DO PARAISO;3;1;TERÇA-FEIRA;1;0;7;06H-08H;MANHA;PLENO DIA;ULTRAPASSAGEM INDEVIDA;COLISÃO FRONTAL;CHUVA;SIMPLES;RETA;NÃO;0
RJ;BR-101;TANGUA;3;1;TERÇA-FEIRA;1;0;12;12H-14H;TARDE;PLENO DIA;CONDUTOR DORMINDO;COLISÃO COM OBJETO;SOL;DUPLA;RETA;SIM;0
SC;BR-101;JOINVILLE;3;1;TERÇA-FEIRA;1;0;7;06H-08H;MANHA;PLENO DIA;TRANSITAR NA CONTRAMÃO;COLISÃO TRANSVERSAL;SOL;DUPLA;"INTERSEÇÃO DE VIAS;VIADUTO;ROTATÓRIA";SIM;0
RS;BR-472;SAO JOSE DO INHACORA;3;1;TERÇA-FEIRA;1;0;10;09H-11H;MANHA;PLENO DIA;ANIMAIS NA PISTA;SAÍDA DE LEITO CARROÇÁVEL;CÉU CLARO;SIMPLES;CURVA;NÃO;0
RS;BR-116;DOIS IRMAOS;3;1;TERÇA-FEIRA;1;0;14;12H-14H;TARDE;PLENO DIA;AUSÊNCIA DE REAÇÃO DO CONDUTOR;SAÍDA DE LEITO CARROÇÁVEL;CÉU CLARO;SIMPLES;CURVA;SIM;0
MG;BR-040;NOVA LIMA;3;1;TERÇA-FEIRA;1;0;14;12H-14H;TARDE;PLENO DIA;RETORNO PROIBIDO;COLISÃO LATERAL MESMO SENTIDO;CÉU CLARO;DUPLA;CURVA;NÃO;0
RJ;BR-040;DUQUE DE CAXIAS;3;1;TERÇA-FEIRA;1;0;4;03H-05H;MADRUGADA;PLENA NOITE;INGESTÃO DE ÁLCOOL PELO CONDUTOR;SAÍDA DE LEITO CARROÇÁVEL;CÉU CLARO;MÚLTIPLA;RETA;NÃO;0
DF;BR-040;BRASILIA;3;1;TERÇA-FEIRA;1;0;14;12H-14H;TARDE;PLENO DIA;MANOBRA DE MUDANÇA DE FAIXA;COLISÃO TRASEIRA;CÉU CLARO;DUPLA;RETA;SIM;0
RN;BR-101;PARNAMIRIM;3;1;TERÇA-FEIRA;1;0;15;15H-17H;TARDE;PLENO DIA;VELOCIDADE INCOMPATÍVEL;CAPOTAMENTO;CÉU CLARO;DUPLA;CURVA;SIM;0
SP;BR-116;GUARULHOS;3;1;TERÇA-FEIRA;1;0;14;12H-14H;TARDE;PLENO DIA;AUSÊNCIA DE SINALIZAÇÃO;QUEDA DE OCUPANTE DE VEÍCULO;CÉU CLARO;DUPLA;RETA;NÃO;0
RJ;BR-101;RIO DE JANEIRO;3;1;TERÇA-FEIRA;1;0;13;12H-14H;TARDE;PLENO DIA;AUSÊNCIA DE REAÇÃO DO CONDUTOR;QUEDA DE OCUPANTE DE VEÍCULO;CÉU CLARO;MÚLTIPLA;"PONTE;RETA";SIM;0
RS;BR-290;BUTIA;3;1;TERÇA-FEIRA;1;0;15;15H-17H;TARDE;PLENO DIA;DESRESPEITAR A PREFERÊNCIA NO CRUZAMENTO;COLISÃO TRANSVERSAL;CÉU CLARO;SIMPLES;RETA;SIM;0
RJ;BR-465;NOVA IGUACU;3;1;TERÇA-FEIRA;1;0;10;09H-11H;MANHA;PLENA NOITE;TRANSITAR NO ACOSTAMENTO;ATROPELAMENTO DE PEDESTRE;IGNORADO;SIMPLES;CURVA;SIM;0
MG;BR-040;TRES MARIAS;3;1;TERÇA-FEIRA;1;0;13;12H-14H;TARDE;PLENO DIA;REAÇÃO TARDIA OU INEFICIENTE DO CONDUTOR;SAÍDA DE LEITO CARROÇÁVEL;CÉU CLARO;SIMPLES;RETA;NÃO;0
SC;BR-101;ITAPEMA;3;1;TERÇA-FEIRA;1;0;13;12H-14H;TARDE;PLENO DIA;TRAFEGAR COM MOTOCICLETA (OU SIMILAR) ENTRE AS FAIXAS;COLISÃO LATERAL MESMO SENTIDO;CÉU CLARO;MÚLTIPLA;RETA;SIM;0
SC;BR-101;BALNEARIO CAMBORIU;3;1;SÁBADO;5;1;1;00H-02H;MADRUGADA;PLENA NOITE;TRANSITAR NA CONTRAMÃO;COLISÃO LATERAL SENTIDO OPOSTO;CÉU CLARO;MÚLTIPLA;"INTERSEÇÃO DE VIAS;RETA";SIM;0
MG;BR-040;CONSELHEIRO LAFAIETE;3;1;TERÇA-FEIRA;1;0;14;12H-14H;TARDE;PLENO DIA;DEMAIS FALHAS MECÂNICAS OU ELÉTRICAS;SAÍDA DE LEITO CARROÇÁVEL;SOL;SIMPLES;"DECLIVE;RETA";NÃO;0
CE;BR-222;CAUCAIA;3;1;TERÇA-FEIRA;1;0;15;15H-17H;TARDE;PLENO DIA;ACESSAR A VIA SEM OBSERVAR A PRESENÇA DOS OUTROS VEÍCULOS;COLISÃO TRANSVERSAL;NUBLADO;SIMPLES;"EM OBRAS;RETA";NÃO;0
RJ;BR-101;PARATY;3;1;TERÇA-FEIRA;1;0;15;15H-17H;TARDE;PLENO DIA;ACESSAR A VIA SEM OBSERVAR A PRESENÇA DOS OUTROS VEÍCULOS;COLISÃO LATERAL MESMO SENTIDO;CÉU CLARO;SIMPLES;CURVA;SIM;0
PR;BR-369;CORNELIO PROCOPIO;3;1;TERÇA-FEIRA;1;0;16;15H-17H;TARDE;PLENO DIA;REAÇÃO TARDIA OU INEFICIENTE DO CONDUTOR;TOMBAMENTO;CÉU CLARO;SIMPLES;RETA;NÃO;0
SC;BR-101;BARRA VELHA;3;1;TERÇA-FEIRA;1;0;16;15H-17H;TARDE;PLENO DIA;TRANSITAR NA CONTRAMÃO;COLISÃO TRANSVERSAL;SOL;DUPLA;"INTERSEÇÃO DE VIAS;RETA";SIM;0
ES;BR-101;FUNDAO;3;1;TERÇA-FEIRA;1;0;16;15H-17H;TARDE;PLENO DIA;CONDUTOR DESRESPEITOU A ILUMINAÇÃO VERMELHA DO SEMÁFORO;COLISÃO TRANSVERSAL;GAROA/CHUVISCO;DUPLA;RETA;SIM;0
RS;BR-386;MONTENEGRO;3;1;TERÇA-FEIRA;1;0;16;15H-17H;TARDE;PLENO DIA;AFUNDAMENTO OU ONDULAÇÃO NO PAVIMENTO;TOMBAMENTO;CÉU CLARO;DUPLA;CURVA;NÃO;0
RS;BR-386;MONTENEGRO;3;1;TERÇA-FEIRA;1;0;16;15H-17H;TARDE;PLENO DIA;AUSÊNCIA DE REAÇÃO DO CONDUTOR;COLISÃO TRASEIRA;CÉU CLARO;DUPLA;CURVA;NÃO;0
PR;BR-376;SAO JOSE DOS PINHAIS;3;1;TERÇA-FEIRA;1;0;16;15H-17H;TARDE;PLENO DIA;CONDUTOR DEIXOU DE MANTER DISTÂNCIA DO VEÍCULO DA FRENTE;COLISÃO TRASEIRA;CÉU CLARO;DUPLA;RETA;SIM;0
RN;BR-226;SENADOR ELOI DE SOUZA;3;1;TERÇA-FEIRA;1;0;16;15H-17H;TARDE;PLENO DIA;AUSÊNCIA DE REAÇÃO DO CONDUTOR;ENGAVETAMENTO;SOL;SIMPLES;RETA;NÃO;0
SC;BR-101;BIGUACU;3;1;TERÇA-FEIRA;1;0;16;15H-17H;TARDE;PLENO DIA;PEDESTRE ANDAVA NA PISTA;ATROPELAMENTO DE PEDESTRE;CÉU CLARO;DUPLA;RETA;SIM;0
MS;BR-163;RIO VERDE DE MATO GROSSO;3;1;TERÇA-FEIRA;1;0;15;15H-17H;TARDE;PLENO DIA;AUSÊNCIA DE REAÇÃO DO CONDUTOR;COLISÃO TRASEIRA;CÉU CLARO;SIMPLES;RETA;NÃO;0
GO;BR-060;ANAPOLIS;3;1;TERÇA-FEIRA;1;0;17;15H-17H;TARDE;PLENO DIA;INGESTÃO DE ÁLCOOL PELO CONDUTOR;ENGAVETAMENTO;SOL;DUPLA;RETA;SIM;0
MT;BR-163;SORRISO;3;1;TERÇA-FEIRA;1;0;12;12H-14H;TARDE;PLENO DIA;CONDUTOR DORMINDO;SAÍDA DE LEITO CARROÇÁVEL;NUBLADO;SIMPLES;RETA;NÃO;0
PR;BR-277;SAO JOSE DOS PINHAIS;3;1;TERÇA-FEIRA;1;0;17;15H-17H;TARDE;PLENO DIA;AVARIAS E/OU DESGASTE EXCESSIVO NO PNEU;TOMBAMENTO;CÉU CLARO;DUPLA;RETA;NÃO;0
MT;BR-163;SORRISO;2;1;DOMINGO;6;1;5;03H-05H;MADRUGADA;PLENO DIA;DEMAIS FALHAS NA VIA;TOMBAMENTO;NUBLADO;DUPLA;"EM OBRAS;RETA;DESVIO TEMPORÁRIO";SIM;0
MG;BR-040;EWBANK DA CAMARA;3;1;TERÇA-FEIRA;1;0;16;15H-17H;TARDE;PLENO DIA;REAÇÃO TARDIA OU INEFICIENTE DO CONDUTOR;COLISÃO COM OBJETO;CÉU CLARO;SIMPLES;CURVA;NÃO;0
RS;BR-290;SANTO ANTONIO DA PATRULHA;3;1;TERÇA-FEIRA;1;0;16;15H-17H;TARDE;PLENO DIA;CONDUTOR DEIXOU DE MANTER DISTÂNCIA DO VEÍCULO DA FRENTE;COLISÃO LATERAL MESMO SENTIDO;CÉU CLARO;DUPLA;RETA;NÃO;0
SP;BR-116;GUARAREMA;3;1;TERÇA-FEIRA;1;0;17;15H-17H;TARDE;PLENO DIA;AUSÊNCIA DE REAÇÃO DO CONDUTOR;QUEDA DE OCUPANTE DE VEÍCULO;CÉU CLARO;DUPLA;CURVA;NÃO;0
CE;BR-222;CAUCAIA;3;1;TERÇA-FEIRA;1;0;17;15H-17H;TARDE;ANOITECER;ACESSAR A VIA SEM OBSERVAR A PRESENÇA DOS OUTROS VEÍCULOS;COLISÃO LATERAL MESMO SENTIDO;NUBLADO;MÚLTIPLA;RETA;NÃO;0
MT;BR-163;ITIQUIRA;3;1;TERÇA-FEIRA;1;0;14;12H-14H;TARDE;PLENO DIA;ACUMULO DE ÁGUA SOBRE O PAVIMENTO;SAÍDA DE LEITO CARROÇÁVEL;NUBLADO;DUPLA;"DECLIVE;RETA";NÃO;0
MA;BR-010;IMPERATRIZ;3;1;TERÇA-FEIRA;1;0;14;12H-14H;TARDE;PLENO DIA;DESRESPEITAR A PREFERÊNCIA NO CRUZAMENTO;COLISÃO TRANSVERSAL;CÉU CLARO;SIMPLES;"INTERSEÇÃO DE VIAS;RETA";SIM;0
BA;BR-324;SALVADOR;3;1;TERÇA-FEIRA;1;0;17;15H-17H;TARDE;PLENO DIA;AVARIAS E/OU DESGASTE EXCESSIVO NO PNEU;QUEDA DE OCUPANTE DE VEÍCULO;CÉU CLARO;DUPLA;RETA;NÃO;0
PB;BR-230;SOBRADO;3;1;TERÇA-FEIRA;1;0;17;15H-17H;TARDE;ANOITECER;CONDUTOR DEIXOU DE MANTER DISTÂNCIA DO VEÍCULO DA FRENTE;COLISÃO TRASEIRA;CÉU CLARO;DUPLA;RETA;NÃO;0
RJ;BR-040;PETROPOLIS;3;1;TERÇA-FEIRA;1;0;17;15H-17H;TARDE;PLENO DIA;ACUMULO DE ÓLEO SOBRE O PAVIMENTO;QUEDA DE OCUPANTE DE VEÍCULO;CÉU CLARO;SIMPLES;CURVA;NÃO;0
MG;BR-040;RIBEIRAO DAS NEVES;3;1;TERÇA-FEIRA;1;0;17;15H-17H;TARDE;ANOITECER;REAÇÃO TARDIA OU INEFICIENTE DO CONDUTOR;COLISÃO TRASEIRA;CÉU CLARO;DUPLA;"INTERSEÇÃO DE VIAS;RETA";SIM;0
SP;BR-101;UBATUBA;3;1;TERÇA-FEIRA;1;0;17;15H-17H;TARDE;PLENO DIA;AUSÊNCIA DE REAÇÃO DO CONDUTOR;COLISÃO TRASEIRA;CÉU CLARO;SIMPLES;RETA;SIM;0