uf;br_formatada;municipio;mes;trimestre;dia_semana;dia_semana_num;fim_de_semana;hora;faixa_horaria;turno;fase_dia;causa_acidente;tipo_acidente;condicao_metereologica;tipo_pista;tracado_via;uso_solo;acidente_fatal
MT;BR-070;POXOREU;3;1;TERÇA-FEIRA;1;0;15;15H-17H;TARDE;PLENO DIA;ULTRAPASSAGEM INDEVIDA;COLISÃO FRONTAL;GAROA/CHUVISCO;SIMPLES;RETA;NÃO;0
MS;BR-158;TRES LAGOAS;3;1;TERÇA-FEIRA;1;0;16;15H-17H;TARDE;PLENO DIA;AUSÊNCIA DE REAÇÃO DO CONDUTOR;COLISÃO TRASEIRA;CÉU CLARO;SIMPLES;RETA;NÃO;0
MA;BR-135;SAO LUIS;3;1;TERÇA-FEIRA;1;0;17;15H-17H;TARDE;PLENO DIA;AUSÊNCIA DE REAÇÃO DO CONDUTOR;COLISÃO TRASEIRA;CÉU CLARO;DUPLA;RETA;NÃO;0
MG;BR-050;UBERABA;3;1;TERÇA-FEIRA;1;0;17;15H-17H;TARDE;PLENO DIA;AUSÊNCIA DE REAÇÃO DO CONDUTOR;SAÍDA DE LEITO CARROÇÁVEL;CÉU CLARO;DUPLA;RETA;SIM;0
SP;BR-116;TAUBATE;3;1;TERÇA-FEIRA;1;0;17;15H-17H;TARDE;PLENO DIA;AVARIAS E/OU DESGASTE EXCESSIVO NO PNEU;QUEDA DE OCUPANTE DE VEÍCULO;CÉU CLARO;DUPLA;RETA;NÃO;0
MG;BR-040;CURVELO;3;1;TERÇA-FEIRA;1;0;17;15H-17H;TARDE;PLENO DIA;TRANSITAR NA CONTRAMÃO;COLISÃO FRONTAL;CÉU CLARO;SIMPLES;RETA;NÃO;0
MT;BR-070;POCONE;3;1;SEGUNDA-FEIRA;0;0;21;21H-23H;NOITE;PLENA NOITE;REAÇÃO TARDIA OU INEFICIENTE DO CONDUTOR;COLISÃO COM OBJETO;CÉU CLARO;SIMPLES;RETA;NÃO;0
SC;BR-101;TUBARAO;3;1;TERÇA-FEIRA;1;0;16;15H-17H;TARDE;PLENO DIA;DESRESPEITAR A PREFERÊNCIA NO CRUZAMENTO;COLISÃO TRANSVERSAL;CÉU CLARO;MÚLTIPLA;INTERSEÇÃO DE VIAS;NÃO;0
GO;BR-060;ALEXANIA;3;1;TERÇA-FEIRA;1;0;15;15H-17H;TARDE;PLENO DIA;MANOBRA DE MUDANÇA DE FAIXA;COLISÃO TRASEIRA;CÉU CLARO;DUPLA;RETA;NÃO;0
RJ;BR-116;RIO DE JANEIRO;3;1;TERÇA-FEIRA;1;0;19;18H-20H;NOITE;PLENA NOITE;INGESTÃO DE ÁLCOOL PELO CONDUTOR;COLISÃO TRASEIRA;CÉU CLARO;DUPLA;RETA;SIM;0
MG;BR-381;BETIM;3;1;TERÇA-FEIRA;1;0;18;18H-20H;NOITE;PLENA NOITE;MANOBRA DE MUDANÇA DE FAIXA;COLISÃO LATERAL MESMO SENTIDO;CÉU CLARO;DUPLA;"DECLIVE;RETA";SIM;0
PE;BR-104;CARUARU;3;1;TERÇA-FEIRA;1;0;18;18H-20H;NOITE;PLENA NOITE;PISTA ESBURACADA;QUEDA DE OCUPANTE DE VEÍCULO;CÉU CLARO;DUPLA;"ACLIVE;RETA";NÃO;0
RS;BR-290;SANTO ANTONIO DA PATRULHA;3;1;TERÇA-FEIRA;1;0;18;18H-20H;NOITE;ANOITECER;AUSÊNCIA DE REAÇÃO DO CONDUTOR;QUEDA DE OCUPANTE DE VEÍCULO;CÉU CLARO;MÚLTIPLA;RETA;NÃO;0
RJ;BR-101;RIO BONITO;3;1;TERÇA-FEIRA;1;0;19;18H-20H;NOITE;PLENA NOITE;TRAFEGAR COM MOTOCICLETA (OU SIMILAR) ENTRE AS FAIXAS;COLISÃO LATERAL MESMO SENTIDO;CÉU CLARO;DUPLA;RETA;SIM;0
AM;BR-174;MANAUS;3;1;TERÇA-FEIRA;1;0;16;15H-17H;TARDE;ANOITECER;CHUVA;TOMBAMENTO;CHUVA;SIMPLES;RETA;NÃO;0
PB;BR-230;POMBAL;3;1;TERÇA-FEIRA;1;0;19;18H-20H;NOITE;PLENA NOITE;CONDUTOR DESRESPEITOU A ILUMINAÇÃO VERMELHA DO SEMÁFORO;COLISÃO TRANSVERSAL;NUBLADO;SIMPLES;RETA;SIM;0
PI;BR-316;PICOS;3;1;TERÇA-FEIRA;1;0;15;15H-17H;TARDE;PLENO DIA;ANIMAIS NA PISTA;TOMBAMENTO;CÉU CLARO;DUPLA;"RETA;DECLIVE";SIM;0
PE;BR-101;IGARASSU;3;1;TERÇA-FEIRA;1;0;19;18H-20H;NOITE;PLENA NOITE;AVARIAS E/OU DESGASTE EXCESSIVO NO PNEU;TOMBAMENTO;CÉU CLARO;DUPLA;RETA;NÃO;0
SP;BR-381;ATIBAIA;3;1;TERÇA-FEIRA;1;0;19;18H-20H;NOITE;PLENA NOITE;REAÇÃO TARDIA OU INEFICIENTE DO CONDUTOR;QUEDA DE OCUPANTE DE VEÍCULO;CÉU CLARO;SIMPLES;RETA;SIM;0
GO;BR-020;FORMOSA;3;1;TERÇA-FEIRA;1;0;19;18H-20H;NOITE;PLENA NOITE;CONDUTOR DEIXOU DE MANTER DISTÂNCIA DO VEÍCULO DA FRENTE;COLISÃO TRASEIRA;CÉU CLARO;SIMPLES;RETA;NÃO;0
BA;BR-242;CATOLANDIA;3;1;TERÇA-FEIRA;1;0;19;18H-20H;NOITE;PLENA NOITE;ULTRAPASSAGEM INDEVIDA;COLISÃO LATERAL SENTIDO OPOSTO;CÉU CLARO;SIMPLES;RETA;NÃO;0
PB;BR-230;CAMPINA GRANDE;3;1;TERÇA-FEIRA;1;0;17;15H-17H;TARDE;ANOITECER;AUSÊNCIA DE REAÇÃO DO CONDUTOR;COLISÃO TRASEIRA;CÉU CLARO;DUPLA;"INTERSEÇÃO DE VIAS;EM OBRAS;VIADUTO;RETA";SIM;0
RJ;BR-101;TANGUA;3;1;TERÇA-FEIRA;1;0;18;18H-20H;NOITE;PLENA NOITE;TRAFEGAR COM MOTOCICLETA (OU SIMILAR) ENTRE AS FAIXAS;COLISÃO LATERAL MESMO SENTIDO;CÉU CLARO;DUPLA;"RETA;DECLIVE";NÃO;0
SC;BR-101;BIGUACU;3;1;TERÇA-FEIRA;1;0;20;18H-20H;NOITE;PLENA NOITE;SUICÍDIO (PRESUMIDO);ATROPELAMENTO DE PEDESTRE;CÉU CLARO;MÚLTIPLA;RETA;SIM;0
RJ;BR-493;GUAPIMIRIM;3;1;TERÇA-FEIRA;1;0;19;18H-20H;NOITE;PLENA NOITE;AUSÊNCIA DE REAÇÃO DO CONDUTOR;COLISÃO COM OBJETO;CÉU CLARO;SIMPLES;RETA;NÃO;0
MS;BR-163;DOURADOS;3;1;TERÇA-FEIRA;1;0;17;15H-17H;TARDE;ANOITECER;INGESTÃO DE ÁLCOOL PELO CONDUTOR;TOMBAMENTO;CÉU CLARO;SIMPLES;RETA;NÃO;0
SP;BR-116;ITAPECERICA DA SERRA;3;1;TERÇA-FEIRA;1;0;19;18H-20H;NOITE;PLENA NOITE;TRAFEGAR COM MOTOCICLETA (OU SIMILAR) ENTRE AS FAIXAS;COLISÃO LATERAL MESMO SENTIDO;CÉU CLARO;DUPLA;RETA;NÃO;0
SC;BR-470;SAO CRISTOVAO DO SUL;3;1;TERÇA-FEIRA;1;0;19;18H-20H;NOITE;ANOITECER;TRANSITAR NA CONTRAMÃO;COLISÃO FRONTAL;CÉU CLARO;SIMPLES;CURVA;NÃO;0
SC;BR-101;SAO JOSE;3;1;TERÇA-FEIRA;1;0;20;18H-20H;NOITE;PLENA NOITE;ACESSAR A VIA SEM OBSERVAR A PRESENÇA DOS OUTROS VEÍCULOS;COLISÃO TRANSVERSAL;CÉU CLARO;MÚLTIPLA;"RETA;DECLIVE";SIM;0
RN;BR-406;CEARA-MIRIM;3;1;TERÇA-FEIRA;1;0;20;18H-20H;NOITE;PLENA NOITE;ACESSAR A VIA SEM OBSERVAR A PRESENÇA DOS OUTROS VEÍCULOS;ATROPELAMENTO DE PEDESTRE;CÉU CLARO;SIMPLES;RETA;NÃO;1
MA;BR-402;BACABEIRA;3;1;TERÇA-FEIRA;1;0;18;18H-20H;NOITE;PLENA NOITE;AUSÊNCIA DE REAÇÃO DO CONDUTOR;ATROPELAMENTO DE PEDESTRE;NUBLADO;SIMPLES;RETA;SIM;0
MT;BR-364;CUIABA;3;1;TERÇA-FEIRA;1;0;19;18H-20H;NOITE;PLENO DIA;CHUVA;QUEDA DE OCUPANTE DE VEÍCULO;CHUVA;DUPLA;RETA;NÃO;0
MG;BR-381;BELO HORIZONTE;3;1;TERÇA-FEIRA;1;0;21;21H-23H;NOITE;PLENA NOITE;RETORNO PROIBIDO;COLISÃO TRANSVERSAL;NUBLADO;SIMPLES;"RETA;DECLIVE";NÃO;0
PE;BR-101;IGARASSU;3;1;TERÇA-FEIRA;1;0;21;21H-23H;NOITE;PLENA NOITE;ENTRADA INOPINADA DO PEDESTRE;ATROPELAMENTO DE PEDESTRE;CÉU CLARO;MÚLTIPLA;RETA;SIM;0
RO;BR-364;OURO PRETO DO OESTE;3;1;TERÇA-FEIRA;1;0;19;18H-20H;NOITE;PLENA NOITE;ANIMAIS NA PISTA;ATROPELAMENTO DE ANIMAL;CÉU CLARO;SIMPLES;RETA;NÃO;0
PR;BR-476;CONTENDA;3;1;TERÇA-FEIRA;1;0;20;18H-20H;NOITE;PLENA NOITE;VELOCIDADE INCOMPATÍVEL;TOMBAMENTO;NUBLADO;SIMPLES;CURVA;SIM;0
PE;BR-101;RECIFE;3;1;TERÇA-FEIRA;1;0;22;21H-23H;NOITE;PLENA NOITE;INGESTÃO DE SUBSTÂNCIAS PSICOATIVAS PELO CONDUTOR;SAÍDA DE LEITO CARROÇÁVEL;CÉU CLARO;DUPLA;RETA;SIM;0
RO;BR-319;PORTO VELHO;3;1;TERÇA-FEIRA;1;0;20;18H-20H;NOITE;PLENA NOITE;AUSÊNCIA DE REAÇÃO DO CONDUTOR;SAÍDA DE LEITO CARROÇÁVEL;NUBLADO;DUPLA;RETA;NÃO;0
RO;BR-319;PORTO VELHO;3;1;TERÇA-FEIRA;1;0;20;18H-20H;NOITE;PLENA NOITE;CONDUTOR DESRESPEITOU A ILUMINAÇÃO VERMELHA DO SEMÁFORO;COLISÃO TRANSVERSAL;CÉU CLARO;MÚLTIPLA;"RETA;INTERSEÇÃO DE VIAS";SIM;0
PE;BR-116;SALGUEIRO;3;1;TERÇA-FEIRA;1;0;22;21H-23H;NOITE;PLENA NOITE;ANIMAIS NA PISTA;ATROPELAMENTO DE ANIMAL;NUBLADO;SIMPLES;RETA;NÃO;0
SP;BR-381;ATIBAIA;3;1;TERÇA-FEIRA;1;0;22;21H-23H;NOITE;PLENA NOITE;MAL SÚBITO DO CONDUTOR;COLISÃO COM OBJETO;CÉU CLARO;MÚLTIPLA;RETA;SIM;0
MG;BR-116;ORIZANIA;3;1;TERÇA-FEIRA;1;0;20;18H-20H;NOITE;PLENA NOITE;AUSÊNCIA DE REAÇÃO DO CONDUTOR;TOMBAMENTO;CÉU CLARO;SIMPLES;RETA;SIM;0
GO;BR-060;ANAPOLIS;3;1;TERÇA-FEIRA;1;0;22;21H-23H;NOITE;PLENA NOITE;MAL SÚBITO DO CONDUTOR;SAÍDA DE LEITO CARROÇÁVEL;IGNORADO;DUPLA;RETA;NÃO;0
RN;BR-304;ITAU;3;1;TERÇA-FEIRA;1;0;23;21H-23H;NOITE;PLENA NOITE;VELOCIDADE INCOMPATÍVEL;COLISÃO COM OBJETO;CÉU CLARO;SIMPLES;RETA;SIM;0
RJ;BR-116;DUQUE DE CAXIAS;3;1;TERÇA-FEIRA;1;0;20;18H-20H;NOITE;PLENA NOITE;AUSÊNCIA DE REAÇÃO DO CONDUTOR;COLISÃO TRASEIRA;NUBLADO;DUPLA;RETA;SIM;0
PB;BR-230;CRUZ DO ESPIRITO SANTO;3;1;TERÇA-FEIRA;1;0;23;21H-23H;NOITE;PLENA NOITE;TRANSTORNOS MENTAIS (EXCETO SUICIDIO);QUEDA DE OCUPANTE DE VEÍCULO;CÉU CLARO;DUPLA;"DECLIVE;PONTE";NÃO;0
RJ;BR-101;CAMPOS DOS GOYTACAZES;3;1;QUARTA-FEIRA;2;0;0;00H-02H;MADRUGADA;PLENA NOITE;ACOSTAMENTO EM DESNÍVEL;QUEDA DE OCUPANTE DE VEÍCULO;CÉU CLARO;DUPLA;CURVA;NÃO;0
PR;BR-116;COLOMBO;3;1;QUARTA-FEIRA;2;0;0;00H-02H;MADRUGADA;PLENA NOITE;ACESSAR A VIA SEM OBSERVAR A PRESENÇA DOS OUTROS VEÍCULOS;COLISÃO TRASEIRA;NUBLADO;DUPLA;"INTERSEÇÃO DE VIAS;DECLIVE;RETA";SIM;0
MG;BR-262;BETIM;3;1;QUARTA-FEIRA;2;0;0;00H-02H;MADRUGADA;PLENA NOITE;REAÇÃO TARDIA OU INEFICIENTE DO CONDUTOR;COLISÃO COM OBJETO;CÉU CLARO;MÚLTIPLA;"DECLIVE;CURVA";SIM;0
GO;BR-364;JATAI;3;1;QUARTA-FEIRA;2;0;0;00H-02H;MADRUGADA;PLENA NOITE;TRANSITAR NA CONTRAMÃO;COLISÃO FRONTAL;CÉU CLARO;SIMPLES;"RETA;ACLIVE";NÃO;0
RS;BR-290;PORTO ALEGRE;3;1;QUARTA-FEIRA;2;0;1;00H-02H;MADRUGADA;PLENA NOITE;VELOCIDADE INCOMPATÍVEL;SAÍDA DE LEITO CARROÇÁVEL;CÉU CLARO;SIMPLES;CURVA;SIM;0
RJ;BR-485;ITATIAIA;3;1;QUARTA-FEIRA;2;0;0;00H-02H;MADRUGADA;PLENA NOITE;ACESSO IRREGULAR;COLISÃO TRANSVERSAL;NUBLADO;SIMPLES;INTERSEÇÃO DE VIAS;SIM;0
RJ;BR-101;ITAGUAI;3;1;QUARTA-FEIRA;2;0;2;00H-02H;MADRUGADA;PLENA NOITE;CONDUTOR DORMINDO;COLISÃO TRASEIRA;CÉU CLARO;DUPLA;RETA;NÃO;0
MG;BR-365;GURINHATA;3;1;QUARTA-FEIRA;2;0;1;00H-02H;MADRUGADA;PLENA NOITE;CONDUTOR DORMINDO;COLISÃO FRONTAL;CÉU CLARO;SIMPLES;RETA;NÃO;0
RN;BR-427;CAICO;3;1;QUARTA-FEIRA;2;0;1;00H-02H;MADRUGADA;PLENA NOITE;VELOCIDADE INCOMPATÍVEL;COLISÃO COM OBJETO;CÉU CLARO;SIMPLES;ROTATÓRIA;NÃO;1
MT;BR-364;RONDONOPOLIS;3;1;QUARTA-FEIRA;2;0;2;00H-02H;MADRUGADA;PLENA NOITE;CONDUTOR DORMINDO;SAÍDA DE LEITO CARROÇÁVEL;NUBLADO;DUPLA;CURVA;NÃO;0
RN;BR-304;MACAIBA;3;1;QUARTA-FEIRA;2;0;4;03H-05H;MADRUGADA;AMANHECER;ANIMAIS NA PISTA;ATROPELAMENTO DE ANIMAL;NUBLADO;SIMPLES;RETA;NÃO;0
RJ;BR-101;NITEROI;3;1;QUARTA-FEIRA;2;0;0;00H-02H;MADRUGADA;PLENA NOITE;DEMAIS FALHAS MECÂNICAS OU ELÉTRICAS;INCÊNDIO;CÉU CLARO;DUPLA;RETA;SIM;0
CE;BR-116;PENAFORTE;3;1;TERÇA-FEIRA;1;0;19;18H-20H;NOITE;PLENA NOITE;REAÇÃO TARDIA OU INEFICIENTE DO CONDUTOR;EVENTOS ATÍPICOS;CHUVA;SIMPLES;RETA;NÃO;0
SC;BR-101;BIGUACU;3;1;QUARTA-FEIRA;2;0;5;03H-05H;MADRUGADA;PLENO DIA;REAÇÃO TARDIA OU INEFICIENTE DO CONDUTOR;TOMBAMENTO;CÉU CLARO;SIMPLES;RETA;SIM;0
RJ;BR-116;DUQUE DE CAXIAS;3;1;QUARTA-FEIRA;2;0;5;03H-05H;MADRUGADA;AMANHECER;MANOBRA DE MUDANÇA DE FAIXA;COLISÃO TRASEIRA;CÉU CLARO;DUPLA;RETA;SIM;0
SP;BR-116;SAO JOSE DOS CAMPOS;3;1;QUARTA-FEIRA;2;0;6;06H-08H;MANHA;PLENO DIA;MANOBRA DE MUDANÇA DE FAIXA;COLISÃO COM OBJETO;CÉU CLARO;MÚLTIPLA;"RETA;EM OBRAS";SIM;0
PB;BR-230;JOAO PESSOA;3;1;QUARTA-FEIRA;2;0;7;06H-08H;MANHA;PLENO DIA;ACESSAR A VIA SEM OBSERVAR A PRESENÇA DOS OUTROS VEÍCULOS;TOMBAMENTO;CÉU CLARO;SIMPLES;VIADUTO;SIM;0
BA;BR-324;SAO SEBASTIAO DO PASSE;3;1;QUARTA-FEIRA;2;0;6;06H-08H;MANHA;PLENO DIA;REAÇÃO TARDIA OU INEFICIENTE DO CONDUTOR;SAÍDA DE LEITO CARROÇÁVEL;CÉU CLARO;DUPLA;RETA;NÃO;0
RJ;BR-101;SAO GONCALO;3;1;QUARTA-FEIRA;2;0;7;06H-08H;MANHA;PLENO DIA;DEMAIS FALHAS MECÂNICAS OU ELÉTRICAS;QUEDA DE OCUPANTE DE VEÍCULO;CÉU CLARO;DUPLA;RETA;SIM;0
MG;BR-262;ABRE CAMPO;3;1;QUARTA-FEIRA;2;0;5;03H-05H;MADRUGADA;AMANHECER;VELOCIDADE INCOMPATÍVEL;COLISÃO TRASEIRA;CÉU CLARO;SIMPLES;RETA;NÃO;0
ES;BR-101;CARIACICA;3;1;QUARTA-FEIRA;2;0;8;06H-08H;MANHA;PLENO DIA;FREAR BRUSCAMENTE;TOMBAMENTO;CÉU CLARO;DUPLA;"ACLIVE;RETA";SIM;0
SC;BR-101;TUBARAO;3;1;QUARTA-FEIRA;2;0;7;06H-08H;MANHA;PLENO DIA;DEMAIS FALHAS MECÂNICAS OU ELÉTRICAS;QUEDA DE OCUPANTE DE VEÍCULO;CÉU CLARO;MÚLTIPLA;RETA;SIM;0
MG;BR-354;POUSO ALTO;3;1;QUARTA-FEIRA;2;0;8;06H-08H;MANHA;PLENO DIA;AUSÊNCIA DE REAÇÃO DO CONDUTOR;COLISÃO FRONTAL;CÉU CLARO;SIMPLES;CURVA;NÃO;0
RJ;BR-101;MANGARATIBA;3;1;QUARTA-FEIRA;2;0;8;06H-08H;MANHA;PLENO DIA;REAÇÃO TARDIA OU INEFICIENTE DO CONDUTOR;COLISÃO TRASEIRA;CÉU CLARO;SIMPLES;"ACLIVE;RETA";SIM;0
RO;BR-364;PORTO VELHO;3;1;QUARTA-FEIRA;2;0;5;03H-05H;MADRUGADA;AMANHECER;REAÇÃO TARDIA OU INEFICIENTE DO CONDUTOR;COLISÃO TRASEIRA;NUBLADO;SIMPLES;RETA;NÃO;1
GO;BR-153;ANAPOLIS;3;1;QUARTA-FEIRA;2;0;8;06H-08H;MANHA;PLENO DIA;AVARIAS E/OU DESGASTE EXCESSIVO NO PNEU;TOMBAMENTO;CÉU CLARO;DUPLA;"RETA;ACLIVE";SIM;0
BA;BR-116;FEIRA DE SANTANA;3;1;QUARTA-FEIRA;2;0;7;06H-08H;MANHA;PLENO DIA;MANOBRA DE MUDANÇA DE FAIXA;COLISÃO TRANSVERSAL;CÉU CLARO;DUPLA;INTERSEÇÃO DE VIAS;SIM;0
PB;BR-230;JOAO PESSOA;3;1;QUARTA-FEIRA;2;0;8;06H-08H;MANHA;PLENO DIA;REAÇÃO TARDIA OU INEFICIENTE DO CONDUTOR;COLISÃO LATERAL MESMO SENTIDO;CÉU CLARO;SIMPLES;"DESVIO TEMPORÁRIO;EM OBRAS";SIM;0
MG;BR-365;INDIANOPOLIS;3;1;QUARTA-FEIRA;2;0;7;06H-08H;MANHA;PLENO DIA;MANOBRA DE MUDANÇA DE FAIXA;COLISÃO LATERAL SENTIDO OPOSTO;CÉU CLARO;SIMPLES;RETA;NÃO;0
PR;BR-277;CURITIBA;3;1;QUARTA-FEIRA;2;0;7;06H-08H;MANHA;PLENO DIA;MANOBRA DE MUDANÇA DE FAIXA;COLISÃO TRASEIRA;CÉU CLARO;DUPLA;RETA;SIM;0
MG;BR-050;UBERLANDIA;3;1;QUARTA-FEIRA;2;0;8;06H-08H;MANHA;PLENO DIA;INGESTÃO DE ÁLCOOL PELO CONDUTOR;SAÍDA DE LEITO CARROÇÁVEL;NUBLADO;DUPLA;RETORNO REGULAMENTADO;NÃO;0
SP;BR-153;SAO JOSE DO RIO PRETO;3;1;QUARTA-FEIRA;2;0;8;06H-08H;MANHA;PLENO DIA;MANOBRA DE MUDANÇA DE FAIXA;COLISÃO LATERAL MESMO SENTIDO;CÉU CLARO;DUPLA;RETA;NÃO;0
PI;BR-316;PICOS;3;1;QUARTA-FEIRA;2;0;8;06H-08H;MANHA;PLENO DIA;AUSÊNCIA DE REAÇÃO DO CONDUTOR;COLISÃO TRASEIRA;CÉU CLARO;SIMPLES;RETA;SIM;0
SC;BR-282;XANXERE;3;1;DOMINGO;6;1;6;06H-08H;MANHA;PLENO DIA;VELOCIDADE INCOMPATÍVEL;CAPOTAMENTO;CÉU CLARO;SIMPLES;CURVA;NÃO;0
MG;BR-116;CARATINGA;3;1;QUARTA-FEIRA;2;0;9;09H-11H;MANHA;PLENO DIA;AUSÊNCIA DE REAÇÃO DO CONDUTOR;TOMBAMENTO;CÉU CLARO;SIMPLES;CURVA;SIM;0
MG;BR-040;CONTAGEM;3;1;QUARTA-FEIRA;2;0;10;09H-11H;MANHA;PLENO DIA;ACESSAR A VIA SEM OBSERVAR A PRESENÇA DOS OUTROS VEÍCULOS;COLISÃO LATERAL SENTIDO OPOSTO;SOL;DUPLA;RETA;SIM;0
MS;BR-163;ITAQUIRAI;3;1;QUARTA-FEIRA;2;0;9;09H-11H;MANHA;PLENO DIA;TRANSITAR NA CONTRAMÃO;COLISÃO TRANSVERSAL;CÉU CLARO;SIMPLES;INTERSEÇÃO DE VIAS;SIM;0
PE;BR-101;RECIFE;3;1;QUARTA-FEIRA;2;0;9;09H-11H;MANHA;PLENO DIA;AUSÊNCIA DE REAÇÃO DO CONDUTOR;COLISÃO TRASEIRA;CÉU CLARO;SIMPLES;RETA;SIM;0
RO;BR-364;OURO PRETO DO OESTE;3;1;QUARTA-FEIRA;2;0;7;06H-08H;MANHA;PLENO DIA;REAÇÃO TARDIA OU INEFICIENTE DO CONDUTOR;COLISÃO TRASEIRA;CÉU CLARO;SIMPLES;CURVA;NÃO;0
SC;BR-480;CHAPECO;3;1;QUARTA-FEIRA;2;0;7;06H-08H;MANHA;PLENO DIA;CONDUTOR DEIXOU DE MANTER DISTÂNCIA DO VEÍCULO DA FRENTE;COLISÃO TRASEIRA;CÉU CLARO;MÚLTIPLA;RETA;SIM;0
ES;BR-262;VENDA NOVA DO IMIGRANTE;3;1;QUARTA-FEIRA;2;0;10;09H-11H;MANHA;PLENO DIA;REAÇÃO TARDIA OU INEFICIENTE DO CONDUTOR;COLISÃO TRASEIRA;CÉU CLARO;SIMPLES;"RETA;DECLIVE";SIM;0
RS;BR-290;VILA NOVA DO SUL;2;1;QUINTA-FEIRA;3;0;16;15H-17H;TARDE;PLENO DIA;TRANSITAR NO ACOSTAMENTO;COLISÃO TRANSVERSAL;CÉU CLARO;SIMPLES;RETA;NÃO;0
MG;BR-262;MANHUACU;3;1;QUARTA-FEIRA;2;0;10;09H-11H;MANHA;PLENO DIA;ACESSO IRREGULAR;COLISÃO TRANSVERSAL;NUBLADO;SIMPLES;RETA;NÃO;0
GO;BR-060;ANAPOLIS;3;1;QUARTA-FEIRA;2;0;9;09H-11H;MANHA;PLENO DIA;DEMAIS FALHAS MECÂNICAS OU ELÉTRICAS;SAÍDA DE LEITO CARROÇÁVEL;CÉU CLARO;DUPLA;"DECLIVE;RETORNO REGULAMENTADO";SIM;0
RJ;BR-101;TANGUA;3;1;QUARTA-FEIRA;2;0;10;09H-11H;MANHA;PLENO DIA;MANOBRA DE MUDANÇA DE FAIXA;COLISÃO TRASEIRA;CÉU CLARO;DUPLA;RETA;SIM;0
AC;BR-364;RIO BRANCO;3;1;QUARTA-FEIRA;2;0;8;06H-08H;MANHA;PLENO DIA;REAÇÃO TARDIA OU INEFICIENTE DO CONDUTOR;SAÍDA DE LEITO CARROÇÁVEL;CÉU CLARO;DUPLA;RETA;NÃO;0
ES;BR-259;COLATINA;3;1;SÁBADO;5;1;4;03H-05H;MADRUGADA;PLENA NOITE;REAÇÃO TARDIA OU INEFICIENTE DO CONDUTOR;SAÍDA DE LEITO CARROÇÁVEL;CÉU CLARO;SIMPLES;RETA;NÃO;0
BA;BR-324;SAO SEBASTIAO DO PASSE;3;1;QUARTA-FEIRA;2;0;11;09H-11H;MANHA;PLENO DIA;DEMAIS FALHAS MECÂNICAS OU ELÉTRICAS;COLISÃO TRASEIRA;CÉU CLARO;DUPLA;RETA;NÃO;0
SC;BR-101;BALNEARIO CAMBORIU;3;1;QUARTA-FEIRA;2;0;10;09H-11H;MANHA;PLENO DIA;TRAFEGAR COM MOTOCICLETA (OU SIMILAR) ENTRE AS FAIXAS;COLISÃO LATERAL MESMO SENTIDO;CÉU CLARO;DUPLA;RETA;SIM;0
PB;BR-101;BAYEUX;3;1;QUARTA-FEIRA;2;0;11;09H-11H;MANHA;PLENO DIA;TRAFEGAR COM MOTOCICLETA (OU SIMILAR) ENTRE AS FAIXAS;COLISÃO TRASEIRA;CÉU CLARO;DUPLA;RETA;SIM;0
SC;BR-101;JAGUARUNA;3;1;QUARTA-FEIRA;2;0;11;09H-11H;MANHA;PLENO DIA;AUSÊNCIA DE REAÇÃO DO CONDUTOR;COLISÃO COM OBJETO;CÉU CLARO;DUPLA;CURVA;NÃO;0
PI;BR-343;TERESINA;3;1;QUARTA-FEIRA;2;0;12;12H-14H;TARDE;PLENO DIA;AUSÊNCIA DE REAÇÃO DO CONDUTOR;COLISÃO TRASEIRA;CÉU CLARO;DUPLA;"INTERSEÇÃO DE VIAS;DECLIVE";SIM;0
MG;BR-262;UBERABA;3;1;QUARTA-FEIRA;2;0;10;09H-11H;MANHA;PLENO DIA;REAÇÃO TARDIA OU INEFICIENTE DO CONDUTOR;SAÍDA DE LEITO CARROÇÁVEL;CÉU CLARO;DUPLA;RETA;NÃO;0
MG;BR-050;UBERLANDIA;3;1;QUARTA-FEIRA;2;0;9;09H-11H;MANHA;PLENO DIA;DESRESPEITAR A PREFERÊNCIA NO CRUZAMENTO;COLISÃO LATERAL MESMO SENTIDO;SOL;DUPLA;RETA;SIM;0
CE;BR-116;HORIZONTE;3;1;QUARTA-FEIRA;2;0;12;12H-14H;TARDE;PLENO DIA;RETORNO PROIBIDO;COLISÃO TRANSVERSAL;CÉU CLARO;DUPLA;RETA;SIM;0
DF;BR-020;BRASILIA;3;1;QUARTA-FEIRA;2;0;12;12H-14H;TARDE;PLENO DIA;CONDUTOR DEIXOU DE MANTER DISTÂNCIA DO VEÍCULO DA FRENTE;COLISÃO TRASEIRA;CÉU CLARO;SIMPLES;"RETA;INTERSEÇÃO DE VIAS";SIM;0
RJ;BR-116;VOLTA REDONDA;3;1;QUARTA-FEIRA;2;0;10;09H-11H;MANHA;PLENO DIA;AUSÊNCIA DE REAÇÃO DO CONDUTOR;COLISÃO COM OBJETO;SOL;DUPLA;CURVA;NÃO;0
AC;BR-IGNORADA;RIO BRANCO;3;1;QUARTA-FEIRA;2;0;11;09H-11H;MANHA;PLENO DIA;ACESSAR A VIA SEM OBSERVAR A PRESENÇA DOS OUTROS VEÍCULOS;COLISÃO TRANSVERSAL;NUBLADO;DUPLA;ROTATÓRIA;SIM;0
SC;BR-280;RIO NEGRINHO;3;1;QUARTA-FEIRA;2;0;12;12H-14H;TARDE;PLENO DIA;ACESSAR A VIA SEM OBSERVAR A PRESENÇA DOS OUTROS VEÍCULOS;COLISÃO TRANSVERSAL;CÉU CLARO;SIMPLES;INTERSEÇÃO DE VIAS;SIM;0