uf;br_formatada;municipio;mes;trimestre;dia_semana;dia_semana_num;fim_de_semana;hora;faixa_horaria;turno;fase_dia;causa_acidente;tipo_acidente;condicao_metereologica;tipo_pista;tracado_via;uso_solo;acidente_fatal
BA;BR-116;VITORIA DA CONQUISTA;3;1;QUINTA-FEIRA;3;0;8;06H-08H;MANHA;PLENO DIA;ACUMULO DE AREIA OU DETRITOS SOBRE O PAVIMENTO;TOMBAMENTO;NUBLADO;SIMPLES;RETA;SIM;0
RJ;BR-101;RIO BONITO;3;1;QUINTA-FEIRA;3;0;7;06H-08H;MANHA;PLENO DIA;DEMAIS FALHAS MECÂNICAS OU ELÉTRICAS;INCÊNDIO;CÉU CLARO;DUPLA;RETA;NÃO;0
PB;BR-361;CATINGUEIRA;3;1;QUINTA-FEIRA;3;0;6;06H-08H;MANHA;PLENO DIA;REAÇÃO TARDIA OU INEFICIENTE DO CONDUTOR;COLISÃO FRONTAL;CÉU CLARO;SIMPLES;RETA;NÃO;0
RS;BR-116;CANOAS;3;1;QUINTA-FEIRA;3;0;9;09H-11H;MANHA;PLENO DIA;CONVERSÃO PROIBIDA;COLISÃO TRANSVERSAL;CÉU CLARO;DUPLA;VIADUTO;NÃO;0
RJ;BR-101;SILVA JARDIM;2;1;QUINTA-FEIRA;3;0;20;18H-20H;NOITE;PLENA NOITE;DEMAIS FALHAS MECÂNICAS OU ELÉTRICAS;INCÊNDIO;CÉU CLARO;DUPLA;RETA;NÃO;0
SC;BR-101;SAO JOSE;3;1;QUINTA-FEIRA;3;0;9;09H-11H;MANHA;PLENO DIA;CONDUTOR DEIXOU DE MANTER DISTÂNCIA DO VEÍCULO DA FRENTE;COLISÃO TRASEIRA;CÉU CLARO;DUPLA;RETA;SIM;0
SC;BR-101;SOMBRIO;3;1;QUINTA-FEIRA;3;0;7;06H-08H;MANHA;PLENO DIA;DESRESPEITAR A PREFERÊNCIA NO CRUZAMENTO;COLISÃO TRANSVERSAL;CÉU CLARO;MÚLTIPLA;"RETORNO REGULAMENTADO;VIADUTO;ROTATÓRIA";SIM;0
RS;BR-285;CORONEL BARROS;2;1;SEXTA-FEIRA;4;0;0;00H-02H;MADRUGADA;PLENA NOITE;AUSÊNCIA DE REAÇÃO DO CONDUTOR;TOMBAMENTO;CÉU CLARO;SIMPLES;RETA;NÃO;0
RJ;BR-040;DUQUE DE CAXIAS;2;1;SEXTA-FEIRA;4;0;21;21H-23H;NOITE;PLENA NOITE;REAÇÃO TARDIA OU INEFICIENTE DO CONDUTOR;ENGAVETAMENTO;CÉU CLARO;MÚLTIPLA;"DECLIVE;RETA";SIM;0
MG;BR-381;BETIM;3;1;QUINTA-FEIRA;3;0;10;09H-11H;MANHA;PLENO DIA;MANOBRA DE MUDANÇA DE FAIXA;COLISÃO TRASEIRA;CÉU CLARO;DUPLA;RETA;NÃO;0
PB;BR-101;JOAO PESSOA;3;1;QUINTA-FEIRA;3;0;10;09H-11H;MANHA;PLENO DIA;MANOBRA DE MUDANÇA DE FAIXA;COLISÃO LATERAL MESMO SENTIDO;CÉU CLARO;DUPLA;RETA;NÃO;0
RS;BR-448;CANOAS;2;1;QUARTA-FEIRA;2;0;18;18H-20H;NOITE;ANOITECER;DEMAIS FALHAS MECÂNICAS OU ELÉTRICAS;INCÊNDIO;NUBLADO;MÚLTIPLA;RETA;NÃO;0
GO;BR-153;APARECIDA DE GOIANIA;3;1;QUINTA-FEIRA;3;0;10;09H-11H;MANHA;PLENO DIA;REAÇÃO TARDIA OU INEFICIENTE DO CONDUTOR;QUEDA DE OCUPANTE DE VEÍCULO;CÉU CLARO;MÚLTIPLA;"RETA;ACLIVE";NÃO;0
PR;BR-153;SANTO ANTONIO DA PLATINA;3;1;QUINTA-FEIRA;3;0;10;09H-11H;MANHA;PLENO DIA;DESRESPEITAR A PREFERÊNCIA NO CRUZAMENTO;COLISÃO TRANSVERSAL;CÉU CLARO;SIMPLES;"ROTATÓRIA;CURVA";SIM;0
PR;BR-277;CAMPO LARGO;3;1;QUINTA-FEIRA;3;0;10;09H-11H;MANHA;PLENO DIA;REAÇÃO TARDIA OU INEFICIENTE DO CONDUTOR;ENGAVETAMENTO;CÉU CLARO;DUPLA;"ACLIVE;RETA";SIM;0
PA;BR-316;SANTA MARIA DO PARA;3;1;SÁBADO;5;1;8;06H-08H;MANHA;PLENO DIA;ACESSAR A VIA SEM OBSERVAR A PRESENÇA DOS OUTROS VEÍCULOS;COLISÃO LATERAL MESMO SENTIDO;NUBLADO;SIMPLES;"RETA;ACLIVE";NÃO;0
PE;BR-101;RECIFE;3;1;QUINTA-FEIRA;3;0;11;09H-11H;MANHA;PLENO DIA;MANOBRA DE MUDANÇA DE FAIXA;COLISÃO TRANSVERSAL;SOL;DUPLA;RETA;SIM;0
PR;BR-369;CORBELIA;1;1;QUARTA-FEIRA;2;0;5;03H-05H;MADRUGADA;AMANHECER;MANOBRA DE MUDANÇA DE FAIXA;COLISÃO FRONTAL;CÉU CLARO;SIMPLES;CURVA;NÃO;0
RN;BR-101;SAO JOSE DE MIPIBU;3;1;QUINTA-FEIRA;3;0;12;12H-14H;TARDE;PLENO DIA;CONDUTOR DEIXOU DE MANTER DISTÂNCIA DO VEÍCULO DA FRENTE;COLISÃO TRASEIRA;CÉU CLARO;DUPLA;RETA;SIM;0
RS;BR-116;SAO LEOPOLDO;3;1;QUINTA-FEIRA;3;0;12;12H-14H;TARDE;PLENO DIA;ACESSAR A VIA SEM OBSERVAR A PRESENÇA DOS OUTROS VEÍCULOS;COLISÃO LATERAL MESMO SENTIDO;CÉU CLARO;SIMPLES;RETA;SIM;0
ES;BR-262;VIANA;3;1;QUINTA-FEIRA;3;0;12;12H-14H;TARDE;PLENO DIA;ACESSO IRREGULAR;COLISÃO TRANSVERSAL;CÉU CLARO;SIMPLES;RETA;SIM;0
RO;BR-364;PORTO VELHO;3;1;QUINTA-FEIRA;3;0;10;09H-11H;MANHA;PLENO DIA;MANOBRA DE MUDANÇA DE FAIXA;COLISÃO LATERAL MESMO SENTIDO;CÉU CLARO;DUPLA;RETA;NÃO;0
PR;BR-376;TIBAGI;3;1;QUINTA-FEIRA;3;0;12;12H-14H;TARDE;PLENO DIA;ACUMULO DE ÓLEO SOBRE O PAVIMENTO;SAÍDA DE LEITO CARROÇÁVEL;SOL;DUPLA;"DECLIVE;CURVA;PONTE";NÃO;0
RS;BR-392;PELOTAS;3;1;QUINTA-FEIRA;3;0;13;12H-14H;TARDE;PLENO DIA;DESRESPEITAR A PREFERÊNCIA NO CRUZAMENTO;COLISÃO TRANSVERSAL;CÉU CLARO;SIMPLES;INTERSEÇÃO DE VIAS;SIM;0
SC;BR-116;MAFRA;3;1;QUINTA-FEIRA;3;0;9;09H-11H;MANHA;PLENO DIA;ACESSAR A VIA SEM OBSERVAR A PRESENÇA DOS OUTROS VEÍCULOS;COLISÃO TRANSVERSAL;CÉU CLARO;SIMPLES;RETA;SIM;0
PE;BR-407;PETROLINA;3;1;QUINTA-FEIRA;3;0;12;12H-14H;TARDE;PLENO DIA;RETORNO PROIBIDO;COLISÃO TRANSVERSAL;SOL;DUPLA;"RETA;EM OBRAS";SIM;0
CE;BR-222;FORTALEZA;3;1;QUINTA-FEIRA;3;0;13;12H-14H;TARDE;PLENO DIA;ACESSAR A VIA SEM OBSERVAR A PRESENÇA DOS OUTROS VEÍCULOS;ATROPELAMENTO DE PEDESTRE;CÉU CLARO;MÚLTIPLA;RETA;SIM;0
PR;BR-376;PONTA GROSSA;3;1;QUINTA-FEIRA;3;0;12;12H-14H;TARDE;PLENO DIA;VELOCIDADE INCOMPATÍVEL;ENGAVETAMENTO;CÉU CLARO;DUPLA;"ACLIVE;RETA";NÃO;0
RJ;BR-116;MAGE;3;1;QUINTA-FEIRA;3;0;11;09H-11H;MANHA;PLENO DIA;ACUMULO DE ÓLEO SOBRE O PAVIMENTO;QUEDA DE OCUPANTE DE VEÍCULO;SOL;DUPLA;CURVA;SIM;0
SC;BR-280;ARAQUARI;3;1;QUINTA-FEIRA;3;0;12;12H-14H;TARDE;PLENO DIA;REAÇÃO TARDIA OU INEFICIENTE DO CONDUTOR;ATROPELAMENTO DE PEDESTRE;CÉU CLARO;SIMPLES;"EM OBRAS;RETA";SIM;0
RO;BR-174;VILHENA;3;1;QUARTA-FEIRA;2;0;0;00H-02H;MADRUGADA;PLENA NOITE;REAÇÃO TARDIA OU INEFICIENTE DO CONDUTOR;SAÍDA DE LEITO CARROÇÁVEL;NUBLADO;SIMPLES;"INTERSEÇÃO DE VIAS;RETA";NÃO;0
RJ;BR-040;DUQUE DE CAXIAS;3;1;QUINTA-FEIRA;3;0;10;09H-11H;MANHA;PLENO DIA;TRAFEGAR COM MOTOCICLETA (OU SIMILAR) ENTRE AS FAIXAS;COLISÃO TRASEIRA;CÉU CLARO;MÚLTIPLA;RETA;SIM;0
SC;BR-101;TIJUCAS;3;1;QUINTA-FEIRA;3;0;14;12H-14H;TARDE;PLENO DIA;REAÇÃO TARDIA OU INEFICIENTE DO CONDUTOR;TOMBAMENTO;CÉU CLARO;DUPLA;RETORNO REGULAMENTADO;SIM;0
PB;BR-230;JOAO PESSOA;1;1;SEXTA-FEIRA;4;0;22;21H-23H;NOITE;PLENA NOITE;AUSÊNCIA DE REAÇÃO DO CONDUTOR;TOMBAMENTO;CÉU CLARO;MÚLTIPLA;VIADUTO;SIM;0
BA;BR-116;FEIRA DE SANTANA;3;1;QUINTA-FEIRA;3;0;13;12H-14H;TARDE;PLENO DIA;CONDUTOR DEIXOU DE MANTER DISTÂNCIA DO VEÍCULO DA FRENTE;COLISÃO TRASEIRA;CÉU CLARO;SIMPLES;RETA;SIM;0
RJ;BR-116;MESQUITA;3;1;QUINTA-FEIRA;3;0;13;12H-14H;TARDE;PLENO DIA;DEMAIS FALHAS MECÂNICAS OU ELÉTRICAS;QUEDA DE OCUPANTE DE VEÍCULO;CÉU CLARO;MÚLTIPLA;RETA;SIM;0
MS;BR-158;PARANAIBA;3;1;QUINTA-FEIRA;3;0;13;12H-14H;TARDE;PLENO DIA;INGESTÃO DE ÁLCOOL PELO CONDUTOR;SAÍDA DE LEITO CARROÇÁVEL;CÉU CLARO;SIMPLES;RETA;NÃO;0
PE;BR-423;GARANHUNS;3;1;QUINTA-FEIRA;3;0;14;12H-14H;TARDE;PLENO DIA;ACESSAR A VIA SEM OBSERVAR A PRESENÇA DOS OUTROS VEÍCULOS;COLISÃO TRANSVERSAL;CÉU CLARO;SIMPLES;RETA;SIM;0
MA;BR-230;BARAO DE GRAJAU;3;1;QUINTA-FEIRA;3;0;13;12H-14H;TARDE;PLENO DIA;REAÇÃO TARDIA OU INEFICIENTE DO CONDUTOR;TOMBAMENTO;SOL;SIMPLES;"RETA;PONTE";SIM;0
PR;BR-376;MARIALVA;3;1;QUINTA-FEIRA;3;0;14;12H-14H;TARDE;PLENO DIA;TRAFEGAR COM MOTOCICLETA (OU SIMILAR) ENTRE AS FAIXAS;COLISÃO LATERAL MESMO SENTIDO;SOL;DUPLA;"RETA;ACLIVE";NÃO;0
RS;BR-468;CORONEL BICACO;3;1;QUINTA-FEIRA;3;0;13;12H-14H;TARDE;PLENO DIA;AUSÊNCIA DE REAÇÃO DO CONDUTOR;COLISÃO LATERAL MESMO SENTIDO;CÉU CLARO;SIMPLES;ROTATÓRIA;NÃO;0
PE;BR-232;PESQUEIRA;3;1;QUINTA-FEIRA;3;0;15;15H-17H;TARDE;PLENO DIA;ACESSAR A VIA SEM OBSERVAR A PRESENÇA DOS OUTROS VEÍCULOS;COLISÃO TRANSVERSAL;CÉU CLARO;SIMPLES;"RETA;ACLIVE";NÃO;0
SC;BR-280;RIO NEGRINHO;3;1;QUINTA-FEIRA;3;0;15;15H-17H;TARDE;PLENO DIA;ACESSO IRREGULAR;COLISÃO TRANSVERSAL;CÉU CLARO;SIMPLES;"RETA;DECLIVE";NÃO;0
MA;BR-010;IMPERATRIZ;3;1;QUINTA-FEIRA;3;0;13;12H-14H;TARDE;PLENO DIA;SEMÁFORO COM DEFEITO;ATROPELAMENTO DE PEDESTRE;CÉU CLARO;MÚLTIPLA;RETA;SIM;1
SC;BR-101;ITAJAI;3;1;QUINTA-FEIRA;3;0;14;12H-14H;TARDE;PLENO DIA;ACESSAR A VIA SEM OBSERVAR A PRESENÇA DOS OUTROS VEÍCULOS;COLISÃO TRANSVERSAL;CÉU CLARO;SIMPLES;"EM OBRAS;VIADUTO;ROTATÓRIA";SIM;0
MT;BR-163;SINOP;3;1;QUINTA-FEIRA;3;0;13;12H-14H;TARDE;PLENO DIA;ACESSAR A VIA SEM OBSERVAR A PRESENÇA DOS OUTROS VEÍCULOS;COLISÃO TRANSVERSAL;CÉU CLARO;SIMPLES;RETORNO REGULAMENTADO;SIM;0
ES;BR-101;SERRA;3;1;QUINTA-FEIRA;3;0;16;15H-17H;TARDE;PLENO DIA;MANOBRA DE MUDANÇA DE FAIXA;TOMBAMENTO;CÉU CLARO;DUPLA;"ACLIVE;RETA";SIM;0
ES;BR-262;IBATIBA;3;1;QUINTA-FEIRA;3;0;16;15H-17H;TARDE;PLENO DIA;ACESSAR A VIA SEM OBSERVAR A PRESENÇA DOS OUTROS VEÍCULOS;COLISÃO LATERAL MESMO SENTIDO;NUBLADO;SIMPLES;ACLIVE;NÃO;0
RR;BR-401;BONFIM;3;1;QUINTA-FEIRA;3;0;13;12H-14H;TARDE;PLENO DIA;DEMAIS FALHAS MECÂNICAS OU ELÉTRICAS;INCÊNDIO;CÉU CLARO;SIMPLES;RETA;NÃO;0
ES;BR-101;LINHARES;3;1;QUINTA-FEIRA;3;0;16;15H-17H;TARDE;PLENO DIA;DEMAIS FALHAS MECÂNICAS OU ELÉTRICAS;QUEDA DE OCUPANTE DE VEÍCULO;CÉU CLARO;SIMPLES;RETA;NÃO;0
RJ;BR-393;TRES RIOS;2;1;QUARTA-FEIRA;2;0;10;09H-11H;MANHA;PLENO DIA;ACESSAR A VIA SEM OBSERVAR A PRESENÇA DOS OUTROS VEÍCULOS;TOMBAMENTO;SOL;SIMPLES;RETA;SIM;0
MG;BR-365;UBERLANDIA;3;1;QUINTA-FEIRA;3;0;17;15H-17H;TARDE;PLENO DIA;FREAR BRUSCAMENTE;COLISÃO TRASEIRA;CÉU CLARO;DUPLA;RETA;SIM;0
RN;BR-101;SAO JOSE DE MIPIBU;3;1;QUINTA-FEIRA;3;0;17;15H-17H;TARDE;ANOITECER;DESRESPEITAR A PREFERÊNCIA NO CRUZAMENTO;COLISÃO LATERAL MESMO SENTIDO;CÉU CLARO;DUPLA;RETA;NÃO;0
MG;BR-381;BETIM;3;1;QUINTA-FEIRA;3;0;17;15H-17H;TARDE;PLENO DIA;AUSÊNCIA DE REAÇÃO DO CONDUTOR;COLISÃO TRASEIRA;CÉU CLARO;DUPLA;RETA;NÃO;0
AL;BR-101;JOAQUIM GOMES;3;1;QUINTA-FEIRA;3;0;15;15H-17H;TARDE;PLENO DIA;DEMAIS FALHAS MECÂNICAS OU ELÉTRICAS;INCÊNDIO;NUBLADO;SIMPLES;RETA;NÃO;0
SP;BR-116;ITAPECERICA DA SERRA;2;1;QUINTA-FEIRA;3;0;17;15H-17H;TARDE;PLENO DIA;REAÇÃO TARDIA OU INEFICIENTE DO CONDUTOR;COLISÃO LATERAL MESMO SENTIDO;CÉU CLARO;DUPLA;RETA;SIM;0
PR;BR-163;BARRACAO;2;1;DOMINGO;6;1;19;18H-20H;NOITE;PLENO DIA;AUSÊNCIA DE REAÇÃO DO CONDUTOR;CAPOTAMENTO;CÉU CLARO;SIMPLES;RETA;NÃO;0
PR;BR-369;ARAPONGAS;3;1;QUINTA-FEIRA;3;0;17;15H-17H;TARDE;PLENO DIA;REAÇÃO TARDIA OU INEFICIENTE DO CONDUTOR;COLISÃO TRASEIRA;CÉU CLARO;DUPLA;RETA;NÃO;0
SC;BR-101;ITAJAI;3;1;QUINTA-FEIRA;3;0;17;15H-17H;TARDE;ANOITECER;AUSÊNCIA DE REAÇÃO DO CONDUTOR;COLISÃO LATERAL MESMO SENTIDO;NUBLADO;DUPLA;RETA;NÃO;0
PR;BR-369;CORBELIA;1;1;DOMINGO;6;1;13;12H-14H;TARDE;PLENO DIA;REAÇÃO TARDIA OU INEFICIENTE DO CONDUTOR;COLISÃO TRASEIRA;CÉU CLARO;SIMPLES;RETA;SIM;0
GO;BR-040;VALPARAISO DE GOIAS;3;1;QUINTA-FEIRA;3;0;17;15H-17H;TARDE;PLENO DIA;REAÇÃO TARDIA OU INEFICIENTE DO CONDUTOR;COLISÃO TRASEIRA;CÉU CLARO;DUPLA;RETA;SIM;0
SC;BR-282;FLORIANOPOLIS;3;1;QUINTA-FEIRA;3;0;17;15H-17H;TARDE;PLENO DIA;REAÇÃO TARDIA OU INEFICIENTE DO CONDUTOR;COLISÃO TRASEIRA;SOL;DUPLA;RETA;SIM;0
PB;BR-101;CAAPORA;3;1;QUINTA-FEIRA;3;0;17;15H-17H;TARDE;ANOITECER;ACUMULO DE ÁGUA SOBRE O PAVIMENTO;SAÍDA DE LEITO CARROÇÁVEL;CHUVA;DUPLA;RETA;NÃO;0
SP;BR-101;UBATUBA;3;1;QUINTA-FEIRA;3;0;18;18H-20H;NOITE;ANOITECER;ACESSO IRREGULAR;COLISÃO TRANSVERSAL;CÉU CLARO;SIMPLES;INTERSEÇÃO DE VIAS;NÃO;0
SC;BR-470;INDAIAL;3;1;QUINTA-FEIRA;3;0;18;18H-20H;NOITE;PLENO DIA;DEMAIS FALHAS MECÂNICAS OU ELÉTRICAS;TOMBAMENTO;CÉU CLARO;SIMPLES;RETA;SIM;0
SC;BR-282;PALHOCA;3;1;QUINTA-FEIRA;3;0;18;18H-20H;NOITE;ANOITECER;CONDUTOR DEIXOU DE MANTER DISTÂNCIA DO VEÍCULO DA FRENTE;COLISÃO TRASEIRA;CÉU CLARO;SIMPLES;RETA;NÃO;0
PE;BR-423;GARANHUNS;3;1;QUINTA-FEIRA;3;0;17;15H-17H;TARDE;PLENO DIA;INGESTÃO DE ÁLCOOL PELO CONDUTOR;COLISÃO TRASEIRA;CÉU CLARO;SIMPLES;"DECLIVE;RETA";SIM;0
RS;BR-116;VACARIA;3;1;QUINTA-FEIRA;3;0;16;15H-17H;TARDE;PLENO DIA;REAÇÃO TARDIA OU INEFICIENTE DO CONDUTOR;TOMBAMENTO;CÉU CLARO;SIMPLES;CURVA;NÃO;0
RJ;BR-101;ITABORAI;3;1;QUINTA-FEIRA;3;0;15;15H-17H;TARDE;PLENO DIA;MAL SÚBITO DO CONDUTOR;QUEDA DE OCUPANTE DE VEÍCULO;CÉU CLARO;DUPLA;RETA;SIM;0
SC;BR-280;RIO NEGRINHO;3;1;QUINTA-FEIRA;3;0;18;18H-20H;NOITE;PLENO DIA;REAÇÃO TARDIA OU INEFICIENTE DO CONDUTOR;COLISÃO TRANSVERSAL;CÉU CLARO;SIMPLES;"RETA;DECLIVE";SIM;0
SC;BR-470;ASCURRA;3;1;QUINTA-FEIRA;3;0;17;15H-17H;TARDE;ANOITECER;DESRESPEITAR A PREFERÊNCIA NO CRUZAMENTO;COLISÃO TRANSVERSAL;CÉU CLARO;SIMPLES;"ROTATÓRIA;RETA";SIM;0
PE;BR-428;PETROLINA;3;1;QUINTA-FEIRA;3;0;15;15H-17H;TARDE;PLENO DIA;VELOCIDADE INCOMPATÍVEL;SAÍDA DE LEITO CARROÇÁVEL;SOL;SIMPLES;RETA;NÃO;0
MG;BR-381;PERDOES;3;1;QUINTA-FEIRA;3;0;17;15H-17H;TARDE;PLENO DIA;CONDUTOR DEIXOU DE MANTER DISTÂNCIA DO VEÍCULO DA FRENTE;COLISÃO TRASEIRA;CÉU CLARO;SIMPLES;RETA;SIM;0
RS;BR-153;PASSO FUNDO;3;1;QUINTA-FEIRA;3;0;14;12H-14H;TARDE;PLENO DIA;VELOCIDADE INCOMPATÍVEL;SAÍDA DE LEITO CARROÇÁVEL;CÉU CLARO;SIMPLES;RETA;NÃO;0
SP;BR-116;GUARATINGUETA;3;1;QUINTA-FEIRA;3;0;19;18H-20H;NOITE;PLENO DIA;REAÇÃO TARDIA OU INEFICIENTE DO CONDUTOR;TOMBAMENTO;CÉU CLARO;DUPLA;CURVA;SIM;0
PB;BR-230;JOAO PESSOA;3;1;QUINTA-FEIRA;3;0;18;18H-20H;NOITE;PLENA NOITE;AUSÊNCIA DE REAÇÃO DO CONDUTOR;COLISÃO TRASEIRA;CHUVA;DUPLA;RETA;SIM;0
MA;BR-135;SAO LUIS;3;1;QUINTA-FEIRA;3;0;18;18H-20H;NOITE;PLENA NOITE;CONDUTOR DEIXOU DE MANTER DISTÂNCIA DO VEÍCULO DA FRENTE;ENGAVETAMENTO;CHUVA;DUPLA;RETA;SIM;0
BA;BR-101;MASCOTE;3;1;QUINTA-FEIRA;3;0;8;06H-08H;MANHA;PLENO DIA;VELOCIDADE INCOMPATÍVEL;COLISÃO FRONTAL;CÉU CLARO;SIMPLES;CURVA;NÃO;1
RJ;BR-493;NOVA IGUACU;3;1;QUINTA-FEIRA;3;0;18;18H-20H;NOITE;ANOITECER;REAÇÃO TARDIA OU INEFICIENTE DO CONDUTOR;SAÍDA DE LEITO CARROÇÁVEL;CÉU CLARO;DUPLA;CURVA;NÃO;0
CE;BR-304;ARACATI;3;1;QUINTA-FEIRA;3;0;19;18H-20H;NOITE;PLENA NOITE;DEMAIS FALHAS MECÂNICAS OU ELÉTRICAS;INCÊNDIO;CÉU CLARO;SIMPLES;RETA;NÃO;0
BA;BR-324;SANTO AMARO;3;1;QUINTA-FEIRA;3;0;16;15H-17H;TARDE;PLENO DIA;AVARIAS E/OU DESGASTE EXCESSIVO NO PNEU;TOMBAMENTO;CÉU CLARO;DUPLA;RETA;NÃO;0
RS;BR-116;CAPAO DO LEAO;3;1;QUINTA-FEIRA;3;0;19;18H-20H;NOITE;PLENA NOITE;DESRESPEITAR A PREFERÊNCIA NO CRUZAMENTO;COLISÃO TRANSVERSAL;CÉU CLARO;SIMPLES;INTERSEÇÃO DE VIAS;SIM;0
MG;BR-381;IGARAPE;3;1;QUINTA-FEIRA;3;0;19;18H-20H;NOITE;PLENA NOITE;ACESSAR A VIA SEM OBSERVAR A PRESENÇA DOS OUTROS VEÍCULOS;COLISÃO LATERAL SENTIDO OPOSTO;CÉU CLARO;DUPLA;"RETA;ACLIVE";SIM;0
MG;BR-381;CONTAGEM;3;1;QUINTA-FEIRA;3;0;20;18H-20H;NOITE;PLENA NOITE;VELOCIDADE INCOMPATÍVEL;COLISÃO TRASEIRA;CÉU CLARO;MÚLTIPLA;"RETA;DECLIVE";SIM;0
PR;BR-476;ARAUCARIA;3;1;QUINTA-FEIRA;3;0;19;18H-20H;NOITE;PLENA NOITE;ACESSO IRREGULAR;COLISÃO TRASEIRA;CÉU CLARO;SIMPLES;RETA;SIM;0
DF;BR-020;BRASILIA;3;1;QUINTA-FEIRA;3;0;18;18H-20H;NOITE;PLENA NOITE;CHUVA;COLISÃO COM OBJETO;CHUVA;DUPLA;"EM OBRAS;RETA";SIM;0
MG;BR-040;CRISTIANO OTONI;3;1;QUINTA-FEIRA;3;0;20;18H-20H;NOITE;PLENA NOITE;AUSÊNCIA DE REAÇÃO DO CONDUTOR;COLISÃO TRASEIRA;CÉU CLARO;SIMPLES;RETA;NÃO;1
SP;BR-381;MAIRIPORA;3;1;QUINTA-FEIRA;3;0;19;18H-20H;NOITE;PLENA NOITE;AUSÊNCIA DE REAÇÃO DO CONDUTOR;QUEDA DE OCUPANTE DE VEÍCULO;CÉU CLARO;DUPLA;DECLIVE;NÃO;0
MT;BR-070;BARRA DO GARCAS;3;1;QUINTA-FEIRA;3;0;18;18H-20H;NOITE;ANOITECER;INGESTÃO DE ÁLCOOL PELO CONDUTOR;COLISÃO LATERAL MESMO SENTIDO;CÉU CLARO;DUPLA;RETA;SIM;0
RS;BR-290;PORTO ALEGRE;3;1;QUINTA-FEIRA;3;0;20;18H-20H;NOITE;PLENA NOITE;ACESSAR A VIA SEM OBSERVAR A PRESENÇA DOS OUTROS VEÍCULOS;COLISÃO TRASEIRA;CÉU CLARO;MÚLTIPLA;INTERSEÇÃO DE VIAS;NÃO;0
MT;BR-158;BARRA DO GARCAS;3;1;QUINTA-FEIRA;3;0;14;12H-14H;TARDE;PLENO DIA;ACUMULO DE ÓLEO SOBRE O PAVIMENTO;QUEDA DE OCUPANTE DE VEÍCULO;CÉU CLARO;DUPLA;ROTATÓRIA;SIM;0
CE;BR-222;SAO GONCALO DO AMARANTE;3;1;QUINTA-FEIRA;3;0;20;18H-20H;NOITE;PLENA NOITE;ANIMAIS NA PISTA;ATROPELAMENTO DE ANIMAL;CÉU CLARO;SIMPLES;RETA;NÃO;0
SC;BR-101;LAGUNA;3;1;QUINTA-FEIRA;3;0;19;18H-20H;NOITE;PLENA NOITE;INGESTÃO DE ÁLCOOL PELO CONDUTOR;COLISÃO TRASEIRA;CÉU CLARO;SIMPLES;RETA;NÃO;0
GO;BR-070;AGUAS LINDAS DE GOIAS;3;1;QUINTA-FEIRA;3;0;19;18H-20H;NOITE;PLENA NOITE;INGESTÃO DE ÁLCOOL PELO CONDUTOR;COLISÃO TRASEIRA;CÉU CLARO;MÚLTIPLA;RETA;SIM;0
RJ;BR-495;TERESOPOLIS;3;1;QUINTA-FEIRA;3;0;18;18H-20H;NOITE;ANOITECER;CONDUTOR DEIXOU DE MANTER DISTÂNCIA DO VEÍCULO DA FRENTE;COLISÃO TRASEIRA;CÉU CLARO;SIMPLES;RETA;SIM;0
RJ;BR-465;SEROPEDICA;3;1;QUINTA-FEIRA;3;0;21;21H-23H;NOITE;PLENA NOITE;AUSÊNCIA DE REAÇÃO DO CONDUTOR;COLISÃO TRASEIRA;CÉU CLARO;SIMPLES;RETA;SIM;0
GO;BR-153;APARECIDA DE GOIANIA;3;1;QUINTA-FEIRA;3;0;22;21H-23H;NOITE;PLENA NOITE;TRANSITAR NA CONTRAMÃO;COLISÃO FRONTAL;CÉU CLARO;DUPLA;RETA;SIM;0
RJ;BR-040;DUQUE DE CAXIAS;3;1;QUINTA-FEIRA;3;0;18;18H-20H;NOITE;PLENA NOITE;REAÇÃO TARDIA OU INEFICIENTE DO CONDUTOR;TOMBAMENTO;CÉU CLARO;MÚLTIPLA;RETA;NÃO;0
MG;BR-267;ARGIRITA;3;1;QUINTA-FEIRA;3;0;20;18H-20H;NOITE;PLENA NOITE;ULTRAPASSAGEM INDEVIDA;COLISÃO FRONTAL;CÉU CLARO;SIMPLES;RETA;NÃO;0
RJ;BR-101;ANGRA DOS REIS;3;1;QUINTA-FEIRA;3;0;14;12H-14H;TARDE;PLENO DIA;ACESSAR A VIA SEM OBSERVAR A PRESENÇA DOS OUTROS VEÍCULOS;COLISÃO TRANSVERSAL;CÉU CLARO;SIMPLES;RETA;NÃO;0
PR;BR-373;GUAMIRANGA;3;1;QUINTA-FEIRA;3;0;19;18H-20H;NOITE;PLENA NOITE;VELOCIDADE INCOMPATÍVEL;SAÍDA DE LEITO CARROÇÁVEL;CÉU CLARO;SIMPLES;RETA;NÃO;0
RS;BR-158;SANTA MARIA;3;1;SEXTA-FEIRA;4;0;0;00H-02H;MADRUGADA;PLENA NOITE;DESRESPEITAR A PREFERÊNCIA NO CRUZAMENTO;COLISÃO TRANSVERSAL;CÉU CLARO;DUPLA;ROTATÓRIA;SIM;0
MG;BR-050;UBERABA;3;1;SEXTA-FEIRA;4;0;0;00H-02H;MADRUGADA;PLENA NOITE;REAÇÃO TARDIA OU INEFICIENTE DO CONDUTOR;TOMBAMENTO;NUBLADO;SIMPLES;RETA;NÃO;0