uf;br_formatada;municipio;mes;trimestre;dia_semana;dia_semana_num;fim_de_semana;hora;faixa_horaria;turno;fase_dia;causa_acidente;tipo_acidente;condicao_metereologica;tipo_pista;tracado_via;uso_solo;acidente_fatal
RS;BR-290;ROSARIO DO SUL;3;1;DOMINGO;6;1;19;18H-20H;NOITE;PLENA NOITE;VELOCIDADE INCOMPATÍVEL;SAÍDA DE LEITO CARROÇÁVEL;CÉU CLARO;SIMPLES;INTERSEÇÃO DE VIAS;SIM;0
PE;BR-101;IGARASSU;3;1;DOMINGO;6;1;20;18H-20H;NOITE;PLENA NOITE;AUSÊNCIA DE REAÇÃO DO CONDUTOR;COLISÃO TRASEIRA;CÉU CLARO;MÚLTIPLA;RETA;SIM;0
SC;BR-470;BLUMENAU;3;1;DOMINGO;6;1;18;18H-20H;NOITE;ANOITECER;ACESSAR A VIA SEM OBSERVAR A PRESENÇA DOS OUTROS VEÍCULOS;COLISÃO FRONTAL;NUBLADO;SIMPLES;CURVA;NÃO;0
SP;BR-381;MAIRIPORA;3;1;DOMINGO;6;1;20;18H-20H;NOITE;PLENA NOITE;INGESTÃO DE ÁLCOOL PELO CONDUTOR;COLISÃO TRASEIRA;CÉU CLARO;DUPLA;RETA;NÃO;0
PE;BR-232;RECIFE;2;1;DOMINGO;6;1;7;06H-08H;MANHA;PLENO DIA;REAÇÃO TARDIA OU INEFICIENTE DO CONDUTOR;COLISÃO LATERAL MESMO SENTIDO;CÉU CLARO;DUPLA;"VIADUTO;RETA";SIM;0
GO;BR-414;ABADIANIA;3;1;DOMINGO;6;1;20;18H-20H;NOITE;PLENA NOITE;INGESTÃO DE ÁLCOOL PELO CONDUTOR;COLISÃO TRASEIRA;GAROA/CHUVISCO;SIMPLES;"RETA;DECLIVE";NÃO;0
RS;BR-290;URUGUAIANA;3;1;DOMINGO;6;1;20;18H-20H;NOITE;PLENA NOITE;REAÇÃO TARDIA OU INEFICIENTE DO CONDUTOR;SAÍDA DE LEITO CARROÇÁVEL;CÉU CLARO;SIMPLES;RETA;NÃO;0
RN;BR-110;MOSSORO;3;1;DOMINGO;6;1;21;21H-23H;NOITE;PLENA NOITE;INGESTÃO DE ÁLCOOL PELO CONDUTOR;COLISÃO TRASEIRA;NUBLADO;DUPLA;"ROTATÓRIA;RETA";SIM;0
GO;BR-153;APARECIDA DE GOIANIA;3;1;DOMINGO;6;1;21;21H-23H;NOITE;PLENA NOITE;AUSÊNCIA DE REAÇÃO DO CONDUTOR;QUEDA DE OCUPANTE DE VEÍCULO;NUBLADO;DUPLA;RETA;SIM;0
MG;BR-040;SAO GONCALO DO ABAETE;3;1;DOMINGO;6;1;16;15H-17H;TARDE;PLENO DIA;ACESSAR A VIA SEM OBSERVAR A PRESENÇA DOS OUTROS VEÍCULOS;COLISÃO TRANSVERSAL;CÉU CLARO;SIMPLES;RETA;NÃO;0
MS;BR-163;CAMPO GRANDE;3;1;DOMINGO;6;1;21;21H-23H;NOITE;PLENA NOITE;REAÇÃO TARDIA OU INEFICIENTE DO CONDUTOR;TOMBAMENTO;CÉU CLARO;SIMPLES;"DECLIVE;RETA";NÃO;0
SP;BR-101;UBATUBA;3;1;DOMINGO;6;1;21;21H-23H;NOITE;PLENA NOITE;REAÇÃO TARDIA OU INEFICIENTE DO CONDUTOR;COLISÃO LATERAL SENTIDO OPOSTO;NUBLADO;SIMPLES;RETA;SIM;0
RJ;BR-101;SAO GONCALO;3;1;DOMINGO;6;1;16;15H-17H;TARDE;PLENO DIA;REAÇÃO TARDIA OU INEFICIENTE DO CONDUTOR;ENGAVETAMENTO;SOL;DUPLA;RETA;SIM;0
PR;BR-277;IRATI;3;1;DOMINGO;6;1;18;18H-20H;NOITE;PLENA NOITE;INGESTÃO DE ÁLCOOL PELO CONDUTOR;COLISÃO COM OBJETO;CÉU CLARO;SIMPLES;RETA;NÃO;0
SE;BR-101;SAO FRANCISCO;3;1;DOMINGO;6;1;21;21H-23H;NOITE;PLENA NOITE;ACESSAR A VIA SEM OBSERVAR A PRESENÇA DOS OUTROS VEÍCULOS;COLISÃO TRASEIRA;CÉU CLARO;DUPLA;"RETA;INTERSEÇÃO DE VIAS";NÃO;1
MT;BR-163;SORRISO;3;1;DOMINGO;6;1;19;18H-20H;NOITE;PLENA NOITE;ACESSAR A VIA SEM OBSERVAR A PRESENÇA DOS OUTROS VEÍCULOS;COLISÃO TRANSVERSAL;CÉU CLARO;DUPLA;RETA;SIM;1
RJ;BR-101;CONCEICAO DE MACABU;3;1;DOMINGO;6;1;21;21H-23H;NOITE;PLENA NOITE;CHUVA;QUEDA DE OCUPANTE DE VEÍCULO;CHUVA;DUPLA;CURVA;NÃO;0
PA;BR-230;MARABA;3;1;DOMINGO;6;1;22;21H-23H;NOITE;PLENA NOITE;INGESTÃO DE ÁLCOOL PELO CONDUTOR;COLISÃO FRONTAL;CHUVA;SIMPLES;RETA;SIM;0
RO;BR-319;PORTO VELHO;3;1;DOMINGO;6;1;20;18H-20H;NOITE;PLENA NOITE;REAÇÃO TARDIA OU INEFICIENTE DO CONDUTOR;QUEDA DE OCUPANTE DE VEÍCULO;GAROA/CHUVISCO;SIMPLES;RETA;NÃO;0
SC;BR-280;MAFRA;3;1;DOMINGO;6;1;21;21H-23H;NOITE;PLENA NOITE;TRANSITAR NA CONTRAMÃO;COLISÃO FRONTAL;CÉU CLARO;SIMPLES;"RETA;DECLIVE";NÃO;0
RJ;BR-101;SAO GONCALO;3;1;DOMINGO;6;1;22;21H-23H;NOITE;PLENA NOITE;CONDUTOR DORMINDO;COLISÃO COM OBJETO;CÉU CLARO;DUPLA;RETA;SIM;0
RR;BR-432;CANTA;3;1;DOMINGO;6;1;21;21H-23H;NOITE;PLENA NOITE;DEFICIÊNCIA DO SISTEMA DE ILUMINAÇÃO/SINALIZAÇÃO;COLISÃO TRASEIRA;IGNORADO;SIMPLES;RETA;NÃO;0
SC;BR-470;CAMPOS NOVOS;3;1;DOMINGO;6;1;18;18H-20H;NOITE;PLENO DIA;VELOCIDADE INCOMPATÍVEL;COLISÃO COM OBJETO;CÉU CLARO;SIMPLES;RETA;NÃO;0
RS;BR-116;CANOAS;3;1;DOMINGO;6;1;22;21H-23H;NOITE;PLENA NOITE;INGESTÃO DE ÁLCOOL PELO CONDUTOR;COLISÃO LATERAL MESMO SENTIDO;CÉU CLARO;MÚLTIPLA;RETA;SIM;0
PI;BR-407;JACOBINA DO PIAUI;3;1;DOMINGO;6;1;18;18H-20H;NOITE;PLENA NOITE;MANOBRA DE MUDANÇA DE FAIXA;COLISÃO FRONTAL;CÉU CLARO;SIMPLES;RETA;NÃO;0
MG;BR-040;RESSAQUINHA;3;1;DOMINGO;6;1;23;21H-23H;NOITE;PLENA NOITE;AUSÊNCIA DE REAÇÃO DO CONDUTOR;COLISÃO COM OBJETO;CÉU CLARO;SIMPLES;CURVA;NÃO;0
ES;BR-101;LINHARES;3;1;DOMINGO;6;1;23;21H-23H;NOITE;PLENA NOITE;INGESTÃO DE ÁLCOOL PELO CONDUTOR;TOMBAMENTO;CHUVA;SIMPLES;RETA;NÃO;0
RS;BR-101;DOM PEDRO DE ALCANTARA;3;1;DOMINGO;6;1;21;21H-23H;NOITE;PLENA NOITE;INGESTÃO DE ÁLCOOL PELO CONDUTOR;CAPOTAMENTO;CÉU CLARO;SIMPLES;INTERSEÇÃO DE VIAS;SIM;0
RS;BR-116;CANOAS;3;1;SEGUNDA-FEIRA;0;0;0;00H-02H;MADRUGADA;PLENA NOITE;REAÇÃO TARDIA OU INEFICIENTE DO CONDUTOR;CAPOTAMENTO;CÉU CLARO;DUPLA;RETA;SIM;0
SE;BR-235;NOSSA SENHORA DO SOCORRO;3;1;SEGUNDA-FEIRA;0;0;0;00H-02H;MADRUGADA;PLENA NOITE;AUSÊNCIA DE REAÇÃO DO CONDUTOR;QUEDA DE OCUPANTE DE VEÍCULO;CÉU CLARO;DUPLA;"RETA;ACLIVE";SIM;0
SP;BR-116;QUELUZ;3;1;DOMINGO;6;1;23;21H-23H;NOITE;PLENA NOITE;CHUVA;QUEDA DE OCUPANTE DE VEÍCULO;CHUVA;DUPLA;RETA;NÃO;0
SP;BR-116;MIRACATU;3;1;SEGUNDA-FEIRA;0;0;0;00H-02H;MADRUGADA;PLENA NOITE;DEMAIS FALHAS MECÂNICAS OU ELÉTRICAS;INCÊNDIO;NUBLADO;DUPLA;CURVA;NÃO;0
AM;BR-174;PRESIDENTE FIGUEIREDO;3;1;DOMINGO;6;1;18;18H-20H;NOITE;PLENA NOITE;PISTA ESBURACADA;QUEDA DE OCUPANTE DE VEÍCULO;NUBLADO;SIMPLES;DECLIVE;NÃO;0
RJ;BR-040;DUQUE DE CAXIAS;3;1;DOMINGO;6;1;23;21H-23H;NOITE;PLENA NOITE;REAÇÃO TARDIA OU INEFICIENTE DO CONDUTOR;COLISÃO TRASEIRA;NUBLADO;MÚLTIPLA;RETA;SIM;0
AL;BR-104;UNIAO DOS PALMARES;3;1;SEGUNDA-FEIRA;0;0;0;00H-02H;MADRUGADA;PLENA NOITE;ANIMAIS NA PISTA;ATROPELAMENTO DE ANIMAL;NUBLADO;SIMPLES;RETA;SIM;0
MT;BR-364;JUSCIMEIRA;3;1;SEGUNDA-FEIRA;0;0;0;00H-02H;MADRUGADA;PLENA NOITE;ANIMAIS NA PISTA;ATROPELAMENTO DE ANIMAL;CÉU CLARO;DUPLA;RETA;NÃO;0
PE;BR-408;TRACUNHAEM;3;1;DOMINGO;6;1;23;21H-23H;NOITE;PLENA NOITE;CONDUTOR DEIXOU DE MANTER DISTÂNCIA DO VEÍCULO DA FRENTE;COLISÃO TRASEIRA;CÉU CLARO;SIMPLES;RETA;SIM;0
RO;BR-364;PORTO VELHO;3;1;DOMINGO;6;1;23;21H-23H;NOITE;PLENA NOITE;INGESTÃO DE ÁLCOOL PELO CONDUTOR;SAÍDA DE LEITO CARROÇÁVEL;CÉU CLARO;MÚLTIPLA;RETA;SIM;0
RS;BR-116;SAO LEOPOLDO;3;1;SEGUNDA-FEIRA;0;0;3;03H-05H;MADRUGADA;PLENA NOITE;INGESTÃO DE ÁLCOOL PELO CONDUTOR;COLISÃO COM OBJETO;CÉU CLARO;SIMPLES;RETA;SIM;0
BA;BR-101;FEIRA DE SANTANA;3;1;SEGUNDA-FEIRA;0;0;3;03H-05H;MADRUGADA;PLENA NOITE;CONDUTOR DEIXOU DE MANTER DISTÂNCIA DO VEÍCULO DA FRENTE;COLISÃO TRASEIRA;CÉU CLARO;SIMPLES;RETA;SIM;0
GO;BR-364;JATAI;2;1;SEGUNDA-FEIRA;0;0;17;15H-17H;TARDE;PLENO DIA;CONDUTOR DEIXOU DE MANTER DISTÂNCIA DO VEÍCULO DA FRENTE;COLISÃO TRASEIRA;CÉU CLARO;DUPLA;"DECLIVE;RETA";SIM;0
SC;BR-116;CAPAO ALTO;3;1;SEGUNDA-FEIRA;0;0;3;03H-05H;MADRUGADA;PLENA NOITE;VELOCIDADE INCOMPATÍVEL;SAÍDA DE LEITO CARROÇÁVEL;CÉU CLARO;SIMPLES;CURVA;NÃO;0
RN;BR-406;CEARA-MIRIM;3;1;SEGUNDA-FEIRA;0;0;4;03H-05H;MADRUGADA;PLENA NOITE;PEDESTRE ANDAVA NA PISTA;ATROPELAMENTO DE PEDESTRE;CHUVA;SIMPLES;"RETA;DECLIVE";SIM;0
SC;BR-101;IMBITUBA;3;1;SEGUNDA-FEIRA;0;0;5;03H-05H;MADRUGADA;PLENA NOITE;CONDUTOR DORMINDO;SAÍDA DE LEITO CARROÇÁVEL;NUBLADO;MÚLTIPLA;RETA;NÃO;0
PB;BR-101;MAMANGUAPE;3;1;SEGUNDA-FEIRA;0;0;5;03H-05H;MADRUGADA;PLENO DIA;VELOCIDADE INCOMPATÍVEL;COLISÃO COM OBJETO;NUBLADO;DUPLA;"CURVA;DECLIVE";NÃO;0
PB;BR-230;GURINHEM;3;1;SEGUNDA-FEIRA;0;0;4;03H-05H;MADRUGADA;AMANHECER;ACUMULO DE ÁGUA SOBRE O PAVIMENTO;SAÍDA DE LEITO CARROÇÁVEL;CHUVA;DUPLA;RETA;NÃO;0
RJ;BR-116;SEROPEDICA;3;1;SEGUNDA-FEIRA;0;0;4;03H-05H;MADRUGADA;PLENA NOITE;CONDUTOR DORMINDO;COLISÃO COM OBJETO;NUBLADO;DUPLA;RETA;SIM;0
CE;BR-116;LIMOEIRO DO NORTE;3;1;SEGUNDA-FEIRA;0;0;5;03H-05H;MADRUGADA;AMANHECER;ACESSAR A VIA SEM OBSERVAR A PRESENÇA DOS OUTROS VEÍCULOS;COLISÃO FRONTAL;CÉU CLARO;SIMPLES;CURVA;NÃO;1
SP;BR-381;ATIBAIA;3;1;SEGUNDA-FEIRA;0;0;5;03H-05H;MADRUGADA;PLENO DIA;REAÇÃO TARDIA OU INEFICIENTE DO CONDUTOR;COLISÃO COM OBJETO;CÉU CLARO;DUPLA;ACLIVE;SIM;0
SC;BR-280;GUARAMIRIM;3;1;SEGUNDA-FEIRA;0;0;5;03H-05H;MADRUGADA;AMANHECER;ACESSO IRREGULAR;INCÊNDIO;CÉU CLARO;SIMPLES;"RETA;INTERSEÇÃO DE VIAS";NÃO;0
PA;BR-230;MARABA;3;1;DOMINGO;6;1;20;18H-20H;NOITE;PLENA NOITE;AUSÊNCIA DE REAÇÃO DO CONDUTOR;COLISÃO COM OBJETO;CHUVA;SIMPLES;RETA;NÃO;1
RJ;BR-040;DUQUE DE CAXIAS;3;1;SEGUNDA-FEIRA;0;0;4;03H-05H;MADRUGADA;AMANHECER;AUSÊNCIA DE REAÇÃO DO CONDUTOR;COLISÃO LATERAL MESMO SENTIDO;NUBLADO;DUPLA;RETA;SIM;0
SC;BR-282;VARGEM;3;1;DOMINGO;6;1;15;15H-17H;TARDE;PLENO DIA;CONDUTOR USANDO CELULAR;SAÍDA DE LEITO CARROÇÁVEL;CÉU CLARO;SIMPLES;CURVA;NÃO;0
BA;BR-020;LUIS EDUARDO MAGALHAES;3;1;DOMINGO;6;1;18;18H-20H;NOITE;PLENA NOITE;ULTRAPASSAGEM INDEVIDA;COLISÃO LATERAL SENTIDO OPOSTO;CÉU CLARO;SIMPLES;RETA;NÃO;0
PE;BR-232;VITORIA DE SANTO ANTAO;3;1;QUINTA-FEIRA;3;0;21;21H-23H;NOITE;PLENA NOITE;CONDUTOR DORMINDO;SAÍDA DE LEITO CARROÇÁVEL;CÉU CLARO;DUPLA;"DECLIVE;CURVA";NÃO;0
MS;BR-262;CAMPO GRANDE;3;1;SEGUNDA-FEIRA;0;0;6;06H-08H;MANHA;PLENO DIA;ACESSAR A VIA SEM OBSERVAR A PRESENÇA DOS OUTROS VEÍCULOS;COLISÃO TRANSVERSAL;CÉU CLARO;SIMPLES;RETA;SIM;0
SP;BR-153;SAO JOSE DO RIO PRETO;3;1;SEGUNDA-FEIRA;0;0;7;06H-08H;MANHA;PLENO DIA;OBJETO ESTÁTICO SOBRE O LEITO CARROÇÁVEL;COLISÃO COM OBJETO;CÉU CLARO;DUPLA;"ACLIVE;RETA";SIM;0
PE;BR-428;PETROLINA;3;1;SEGUNDA-FEIRA;0;0;7;06H-08H;MANHA;PLENO DIA;ACESSAR A VIA SEM OBSERVAR A PRESENÇA DOS OUTROS VEÍCULOS;COLISÃO TRANSVERSAL;CÉU CLARO;DUPLA;RETA;SIM;0
TO;BR-153;PARAISO DO TOCANTINS;3;1;SEGUNDA-FEIRA;0;0;7;06H-08H;MANHA;PLENO DIA;AUSÊNCIA DE REAÇÃO DO CONDUTOR;COLISÃO FRONTAL;CÉU CLARO;SIMPLES;"RETA;INTERSEÇÃO DE VIAS";SIM;0
DF;BR-020;BRASILIA;3;1;SEGUNDA-FEIRA;0;0;7;06H-08H;MANHA;PLENO DIA;REAÇÃO TARDIA OU INEFICIENTE DO CONDUTOR;COLISÃO LATERAL MESMO SENTIDO;CÉU CLARO;DUPLA;"RETA;DECLIVE";SIM;0
MS;BR-158;APARECIDA DO TABOADO;3;1;SEGUNDA-FEIRA;0;0;5;03H-05H;MADRUGADA;AMANHECER;AUSÊNCIA DE REAÇÃO DO CONDUTOR;COLISÃO LATERAL MESMO SENTIDO;CÉU CLARO;SIMPLES;RETA;NÃO;0
ES;BR-101;LINHARES;3;1;SEGUNDA-FEIRA;0;0;7;06H-08H;MANHA;PLENO DIA;AUSÊNCIA DE REAÇÃO DO CONDUTOR;COLISÃO TRASEIRA;GAROA/CHUVISCO;DUPLA;RETA;SIM;0
PB;BR-230;JOAO PESSOA;3;1;SEGUNDA-FEIRA;0;0;7;06H-08H;MANHA;PLENO DIA;AUSÊNCIA DE REAÇÃO DO CONDUTOR;TOMBAMENTO;CÉU CLARO;DUPLA;RETA;SIM;0
GO;BR-153;GOIANIA;3;1;SEGUNDA-FEIRA;0;0;7;06H-08H;MANHA;PLENO DIA;CONDUTOR DEIXOU DE MANTER DISTÂNCIA DO VEÍCULO DA FRENTE;ENGAVETAMENTO;NUBLADO;MÚLTIPLA;ACLIVE;SIM;0
MG;BR-381;BRUMADINHO;3;1;SEGUNDA-FEIRA;0;0;1;00H-02H;MADRUGADA;PLENA NOITE;PISTA ESCORREGADIA;TOMBAMENTO;NUBLADO;DUPLA;"DECLIVE;CURVA";NÃO;0
SC;BR-101;LAGUNA;3;1;SEGUNDA-FEIRA;0;0;7;06H-08H;MANHA;PLENO DIA;AUSÊNCIA DE REAÇÃO DO CONDUTOR;COLISÃO TRASEIRA;CÉU CLARO;DUPLA;"PONTE;RETA;DECLIVE";NÃO;0
RJ;BR-040;PETROPOLIS;3;1;SEGUNDA-FEIRA;0;0;7;06H-08H;MANHA;PLENO DIA;PISTA ESCORREGADIA;SAÍDA DE LEITO CARROÇÁVEL;CHUVA;SIMPLES;CURVA;NÃO;0
MG;BR-040;CARANDAI;3;1;SEGUNDA-FEIRA;0;0;7;06H-08H;MANHA;PLENO DIA;VELOCIDADE INCOMPATÍVEL;SAÍDA DE LEITO CARROÇÁVEL;GAROA/CHUVISCO;SIMPLES;CURVA;NÃO;0
GO;BR-153;APARECIDA DE GOIANIA;3;1;SEGUNDA-FEIRA;0;0;8;06H-08H;MANHA;PLENO DIA;TRAFEGAR COM MOTOCICLETA (OU SIMILAR) ENTRE AS FAIXAS;TOMBAMENTO;CÉU CLARO;DUPLA;"ACLIVE;RETA";SIM;0
ES;BR-101;VIANA;3;1;SEGUNDA-FEIRA;0;0;7;06H-08H;MANHA;PLENO DIA;VELOCIDADE INCOMPATÍVEL;COLISÃO LATERAL MESMO SENTIDO;CHUVA;DUPLA;RETA;NÃO;0
RJ;BR-465;NOVA IGUACU;3;1;SEGUNDA-FEIRA;0;0;8;06H-08H;MANHA;PLENO DIA;TRAFEGAR COM MOTOCICLETA (OU SIMILAR) ENTRE AS FAIXAS;COLISÃO FRONTAL;IGNORADO;SIMPLES;RETA;SIM;0
RS;BR-471;RIO PARDO;3;1;SEGUNDA-FEIRA;0;0;7;06H-08H;MANHA;PLENO DIA;AUSÊNCIA DE REAÇÃO DO CONDUTOR;COLISÃO TRASEIRA;CÉU CLARO;SIMPLES;"RETA;EM OBRAS";NÃO;0
SC;BR-101;CAMBORIU;3;1;SEGUNDA-FEIRA;0;0;6;06H-08H;MANHA;PLENO DIA;AVARIAS E/OU DESGASTE EXCESSIVO NO PNEU;TOMBAMENTO;CÉU CLARO;DUPLA;RETA;NÃO;0
PR;BR-116;SAO JOSE DOS PINHAIS;3;1;SEGUNDA-FEIRA;0;0;8;06H-08H;MANHA;PLENO DIA;CONDUTOR DEIXOU DE MANTER DISTÂNCIA DO VEÍCULO DA FRENTE;COLISÃO TRASEIRA;CÉU CLARO;DUPLA;RETA;NÃO;0
RJ;BR-040;PETROPOLIS;3;1;SEGUNDA-FEIRA;0;0;7;06H-08H;MANHA;PLENO DIA;PISTA ESCORREGADIA;SAÍDA DE LEITO CARROÇÁVEL;CHUVA;SIMPLES;CURVA;NÃO;0
RJ;BR-040;PETROPOLIS;3;1;SEGUNDA-FEIRA;0;0;8;06H-08H;MANHA;PLENO DIA;VELOCIDADE INCOMPATÍVEL;COLISÃO COM OBJETO;CHUVA;DUPLA;CURVA;SIM;0
PB;BR-230;MASSARANDUBA;3;1;SEGUNDA-FEIRA;0;0;8;06H-08H;MANHA;PLENO DIA;AUSÊNCIA DE REAÇÃO DO CONDUTOR;SAÍDA DE LEITO CARROÇÁVEL;NUBLADO;DUPLA;"RETA;ACLIVE";NÃO;0
AL;BR-316;SANTANA DO IPANEMA;3;1;SEGUNDA-FEIRA;0;0;8;06H-08H;MANHA;PLENO DIA;ACESSAR A VIA SEM OBSERVAR A PRESENÇA DOS OUTROS VEÍCULOS;COLISÃO LATERAL MESMO SENTIDO;CÉU CLARO;SIMPLES;"RETA;DECLIVE";SIM;0
SC;BR-101;SAO JOSE;3;1;SEGUNDA-FEIRA;0;0;8;06H-08H;MANHA;PLENO DIA;REAÇÃO TARDIA OU INEFICIENTE DO CONDUTOR;QUEDA DE OCUPANTE DE VEÍCULO;CÉU CLARO;MÚLTIPLA;DECLIVE;SIM;0
MS;BR-163;CAMPO GRANDE;3;1;SEGUNDA-FEIRA;0;0;7;06H-08H;MANHA;PLENO DIA;AUSÊNCIA DE REAÇÃO DO CONDUTOR;TOMBAMENTO;CÉU CLARO;DUPLA;CURVA;SIM;0
RJ;BR-040;PETROPOLIS;3;1;SEGUNDA-FEIRA;0;0;8;06H-08H;MANHA;PLENO DIA;PISTA ESCORREGADIA;COLISÃO COM OBJETO;GAROA/CHUVISCO;SIMPLES;RETA;NÃO;0
MA;BR-135;BACABEIRA;3;1;SEGUNDA-FEIRA;0;0;8;06H-08H;MANHA;PLENO DIA;REAÇÃO TARDIA OU INEFICIENTE DO CONDUTOR;CAPOTAMENTO;IGNORADO;DUPLA;RETA;NÃO;0
GO;BR-153;URUACU;3;1;SEGUNDA-FEIRA;0;0;7;06H-08H;MANHA;PLENO DIA;ACESSAR A VIA SEM OBSERVAR A PRESENÇA DOS OUTROS VEÍCULOS;COLISÃO TRANSVERSAL;CÉU CLARO;SIMPLES;"RETA;DECLIVE";SIM;0
MG;BR-040;JUIZ DE FORA;3;1;SEGUNDA-FEIRA;0;0;7;06H-08H;MANHA;PLENO DIA;CHUVA;COLISÃO COM OBJETO;CHUVA;DUPLA;CURVA;NÃO;0
ES;BR-101;ARACRUZ;3;1;SEGUNDA-FEIRA;0;0;9;09H-11H;MANHA;PLENO DIA;DEMAIS FALHAS MECÂNICAS OU ELÉTRICAS;SAÍDA DE LEITO CARROÇÁVEL;NUBLADO;SIMPLES;RETA;NÃO;0
MG;BR-459;CONGONHAL;3;1;SEGUNDA-FEIRA;0;0;7;06H-08H;MANHA;PLENO DIA;ACESSAR A VIA SEM OBSERVAR A PRESENÇA DOS OUTROS VEÍCULOS;COLISÃO TRANSVERSAL;CÉU CLARO;SIMPLES;"INTERSEÇÃO DE VIAS;RETA";SIM;0
DF;BR-070;BRASILIA;3;1;DOMINGO;6;1;15;15H-17H;TARDE;PLENO DIA;AUSÊNCIA DE REAÇÃO DO CONDUTOR;COLISÃO LATERAL MESMO SENTIDO;CÉU CLARO;DUPLA;RETA;SIM;0
MG;BR-381;NAQUE;3;1;SEGUNDA-FEIRA;0;0;10;09H-11H;MANHA;PLENO DIA;DEMAIS FALHAS MECÂNICAS OU ELÉTRICAS;SAÍDA DE LEITO CARROÇÁVEL;CÉU CLARO;SIMPLES;RETA;NÃO;0
PE;BR-232;RECIFE;3;1;SEGUNDA-FEIRA;0;0;10;09H-11H;MANHA;PLENO DIA;CONDUTOR DEIXOU DE MANTER DISTÂNCIA DO VEÍCULO DA FRENTE;COLISÃO TRASEIRA;NUBLADO;MÚLTIPLA;"ACLIVE;RETA";SIM;0
MG;BR-381;LAVRAS;3;1;SEGUNDA-FEIRA;0;0;8;06H-08H;MANHA;PLENO DIA;VELOCIDADE INCOMPATÍVEL;SAÍDA DE LEITO CARROÇÁVEL;CHUVA;DUPLA;"CURVA;DECLIVE";NÃO;0
MG;BR-381;BETIM;3;1;SEGUNDA-FEIRA;0;0;10;09H-11H;MANHA;PLENO DIA;AUSÊNCIA DE REAÇÃO DO CONDUTOR;COLISÃO TRASEIRA;CÉU CLARO;DUPLA;RETA;NÃO;0
PE;BR-101;AGUA PRETA;3;1;SEGUNDA-FEIRA;0;0;8;06H-08H;MANHA;PLENO DIA;CONDUTOR DORMINDO;SAÍDA DE LEITO CARROÇÁVEL;NUBLADO;DUPLA;CURVA;NÃO;0
AC;BR-364;RIO BRANCO;3;1;SEGUNDA-FEIRA;0;0;8;06H-08H;MANHA;PLENO DIA;ENTRADA INOPINADA DO PEDESTRE;ATROPELAMENTO DE PEDESTRE;CÉU CLARO;DUPLA;RETA;SIM;0
ES;BR-101;SERRA;3;1;SEGUNDA-FEIRA;0;0;10;09H-11H;MANHA;PLENO DIA;MANOBRA DE MUDANÇA DE FAIXA;COLISÃO LATERAL MESMO SENTIDO;NUBLADO;MÚLTIPLA;RETA;SIM;0
PR;BR-376;SAO JOSE DOS PINHAIS;3;1;DOMINGO;6;1;6;06H-08H;MANHA;PLENO DIA;AUSÊNCIA DE REAÇÃO DO CONDUTOR;SAÍDA DE LEITO CARROÇÁVEL;NUBLADO;DUPLA;RETA;SIM;0
GO;BR-060;ABADIANIA;3;1;SEGUNDA-FEIRA;0;0;10;09H-11H;MANHA;PLENO DIA;PEDESTRE - INGESTÃO DE ÁLCOOL/ SUBSTÂNCIAS PSICOATIVAS;ATROPELAMENTO DE PEDESTRE;CÉU CLARO;DUPLA;CURVA;SIM;0
MG;BR-153;FRUTAL;3;1;SEGUNDA-FEIRA;0;0;6;06H-08H;MANHA;PLENO DIA;ACESSAR A VIA SEM OBSERVAR A PRESENÇA DOS OUTROS VEÍCULOS;COLISÃO TRANSVERSAL;NUBLADO;SIMPLES;"RETA;RETORNO REGULAMENTADO";NÃO;1
MG;BR-364;FRUTAL;3;1;SEGUNDA-FEIRA;0;0;11;09H-11H;MANHA;PLENO DIA;ACUMULO DE ÓLEO SOBRE O PAVIMENTO;TOMBAMENTO;CÉU CLARO;SIMPLES;RETA;SIM;0
RS;BR-290;URUGUAIANA;3;1;SEGUNDA-FEIRA;0;0;12;12H-14H;TARDE;PLENO DIA;TRANSITAR NA CONTRAMÃO;COLISÃO FRONTAL;CÉU CLARO;DUPLA;"ACLIVE;CURVA";NÃO;0
MT;BR-174;NOVA LACERDA;1;1;SEXTA-FEIRA;4;0;23;21H-23H;NOITE;PLENA NOITE;AUSÊNCIA DE REAÇÃO DO CONDUTOR;SAÍDA DE LEITO CARROÇÁVEL;IGNORADO;SIMPLES;RETA;NÃO;0
SC;BR-101;BALNEARIO CAMBORIU;3;1;SEGUNDA-FEIRA;0;0;10;09H-11H;MANHA;PLENO DIA;REAÇÃO TARDIA OU INEFICIENTE DO CONDUTOR;COLISÃO TRASEIRA;SOL;MÚLTIPLA;RETA;SIM;0
MG;BR-116;CARATINGA;3;1;SEGUNDA-FEIRA;0;0;8;06H-08H;MANHA;PLENO DIA;ACESSAR A VIA SEM OBSERVAR A PRESENÇA DOS OUTROS VEÍCULOS;COLISÃO TRANSVERSAL;CÉU CLARO;DUPLA;ROTATÓRIA;SIM;0
MT;BR-158;RIBEIRAO CASCALHEIRA;3;1;SEGUNDA-FEIRA;0;0;5;03H-05H;MADRUGADA;AMANHECER;ANIMAIS NA PISTA;ATROPELAMENTO DE ANIMAL;IGNORADO;SIMPLES;RETA;NÃO;0
PR;BR-369;LONDRINA;3;1;SEGUNDA-FEIRA;0;0;7;06H-08H;MANHA;PLENO DIA;ENTRADA INOPINADA DO PEDESTRE;ATROPELAMENTO DE PEDESTRE;CÉU CLARO;DUPLA;"DECLIVE;RETA";SIM;0