uf;br_formatada;municipio;mes;trimestre;dia_semana;dia_semana_num;fim_de_semana;hora;faixa_horaria;turno;fase_dia;causa_acidente;tipo_acidente;condicao_metereologica;tipo_pista;tracado_via;uso_solo;acidente_fatal
PB;BR-230;APARECIDA;3;1;DOMINGO;6;1;20;18H-20H;NOITE;PLENA NOITE;AUSÊNCIA DE REAÇÃO DO CONDUTOR;SAÍDA DE LEITO CARROÇÁVEL;IGNORADO;SIMPLES;RETA;NÃO;0
GO;BR-060;GUAPO;3;1;SEGUNDA-FEIRA;0;0;13;12H-14H;TARDE;PLENO DIA;AUSÊNCIA DE REAÇÃO DO CONDUTOR;SAÍDA DE LEITO CARROÇÁVEL;CÉU CLARO;DUPLA;"DECLIVE;RETA";SIM;0
MG;BR-050;UBERABA;3;1;SEGUNDA-FEIRA;0;0;13;12H-14H;TARDE;PLENO DIA;VELOCIDADE INCOMPATÍVEL;SAÍDA DE LEITO CARROÇÁVEL;CÉU CLARO;DUPLA;VIADUTO;NÃO;0
RN;BR-101;NATAL;3;1;SEGUNDA-FEIRA;0;0;13;12H-14H;TARDE;PLENO DIA;REAÇÃO TARDIA OU INEFICIENTE DO CONDUTOR;TOMBAMENTO;CÉU CLARO;DUPLA;CURVA;SIM;0
RJ;BR-393;VASSOURAS;3;1;SEGUNDA-FEIRA;0;0;11;09H-11H;MANHA;PLENO DIA;CHUVA;SAÍDA DE LEITO CARROÇÁVEL;CHUVA;SIMPLES;CURVA;NÃO;0
SC;BR-101;PORTO BELO;3;1;SEGUNDA-FEIRA;0;0;13;12H-14H;TARDE;PLENO DIA;TRAFEGAR COM MOTOCICLETA (OU SIMILAR) ENTRE AS FAIXAS;TOMBAMENTO;CÉU CLARO;DUPLA;RETORNO REGULAMENTADO;SIM;0
BA;BR-324;FEIRA DE SANTANA;3;1;SEGUNDA-FEIRA;0;0;9;09H-11H;MANHA;PLENO DIA;ACESSAR A VIA SEM OBSERVAR A PRESENÇA DOS OUTROS VEÍCULOS;TOMBAMENTO;NUBLADO;SIMPLES;INTERSEÇÃO DE VIAS;SIM;0
ES;BR-101;IBIRACU;3;1;SEGUNDA-FEIRA;0;0;14;12H-14H;TARDE;PLENO DIA;CHUVA;COLISÃO COM OBJETO;CHUVA;DUPLA;CURVA;NÃO;0
MT;BR-364;ALTO ARAGUAIA;3;1;SEGUNDA-FEIRA;0;0;11;09H-11H;MANHA;PLENO DIA;CONDUTOR DORMINDO;COLISÃO COM OBJETO;CÉU CLARO;SIMPLES;"RETA;PONTE";NÃO;0
PE;BR-407;PETROLINA;3;1;SEGUNDA-FEIRA;0;0;10;09H-11H;MANHA;PLENO DIA;DESRESPEITAR A PREFERÊNCIA NO CRUZAMENTO;COLISÃO TRANSVERSAL;CÉU CLARO;DUPLA;ROTATÓRIA;SIM;0
CE;BR-020;CAUCAIA;3;1;SEGUNDA-FEIRA;0;0;13;12H-14H;TARDE;PLENO DIA;MODIFICAÇÃO PROIBIDA;COLISÃO TRANSVERSAL;CÉU CLARO;SIMPLES;RETA;NÃO;0
PR;BR-116;CURITIBA;3;1;DOMINGO;6;1;16;15H-17H;TARDE;PLENO DIA;REAÇÃO TARDIA OU INEFICIENTE DO CONDUTOR;COLISÃO TRASEIRA;NUBLADO;MÚLTIPLA;"VIADUTO;INTERSEÇÃO DE VIAS";SIM;0
PR;BR-158;PATO BRANCO;3;1;SEGUNDA-FEIRA;0;0;14;12H-14H;TARDE;PLENO DIA;CONDUTOR USANDO CELULAR;COLISÃO LATERAL MESMO SENTIDO;CÉU CLARO;SIMPLES;CURVA;NÃO;0
SC;BR-101;PALHOCA;3;1;SEGUNDA-FEIRA;0;0;14;12H-14H;TARDE;PLENO DIA;REAÇÃO TARDIA OU INEFICIENTE DO CONDUTOR;COLISÃO TRASEIRA;SOL;DUPLA;RETA;SIM;0
MS;BR-158;PARANAIBA;3;1;SEGUNDA-FEIRA;0;0;13;12H-14H;TARDE;PLENO DIA;ACESSAR A VIA SEM OBSERVAR A PRESENÇA DOS OUTROS VEÍCULOS;COLISÃO TRANSVERSAL;CÉU CLARO;DUPLA;ROTATÓRIA;SIM;0
SP;BR-116;MIRACATU;3;1;SEGUNDA-FEIRA;0;0;13;12H-14H;TARDE;PLENO DIA;CONDUTOR DORMINDO;COLISÃO COM OBJETO;CÉU CLARO;DUPLA;RETA;SIM;0
MT;BR-163;TERRA NOVA DO NORTE;3;1;SEGUNDA-FEIRA;0;0;8;06H-08H;MANHA;PLENO DIA;REAÇÃO TARDIA OU INEFICIENTE DO CONDUTOR;SAÍDA DE LEITO CARROÇÁVEL;CÉU CLARO;SIMPLES;CURVA;NÃO;0
BA;BR-324;FEIRA DE SANTANA;3;1;SEGUNDA-FEIRA;0;0;14;12H-14H;TARDE;PLENO DIA;CONVERSÃO PROIBIDA;COLISÃO LATERAL MESMO SENTIDO;CÉU CLARO;DUPLA;"INTERSEÇÃO DE VIAS;RETA";SIM;0
DF;BR-040;BRASILIA;3;1;SEGUNDA-FEIRA;0;0;15;15H-17H;TARDE;PLENO DIA;CONDUTOR DEIXOU DE MANTER DISTÂNCIA DO VEÍCULO DA FRENTE;COLISÃO TRASEIRA;CÉU CLARO;DUPLA;RETA;SIM;0
CE;BR-116;RUSSAS;3;1;SEGUNDA-FEIRA;0;0;11;09H-11H;MANHA;PLENO DIA;ACESSAR A VIA SEM OBSERVAR A PRESENÇA DOS OUTROS VEÍCULOS;COLISÃO TRANSVERSAL;CÉU CLARO;SIMPLES;INTERSEÇÃO DE VIAS;NÃO;1
RJ;BR-116;RIO DE JANEIRO;3;1;QUARTA-FEIRA;2;0;7;06H-08H;MANHA;PLENO DIA;AUSÊNCIA DE REAÇÃO DO CONDUTOR;COLISÃO TRASEIRA;CÉU CLARO;MÚLTIPLA;RETA;SIM;0
RJ;BR-101;CAMPOS DOS GOYTACAZES;3;1;DOMINGO;6;1;14;12H-14H;TARDE;PLENO DIA;TRANSITAR NO ACOSTAMENTO;ATROPELAMENTO DE PEDESTRE;CÉU CLARO;SIMPLES;RETA;SIM;0
MG;BR-251;FRANCISCO SA;3;1;SEGUNDA-FEIRA;0;0;16;15H-17H;TARDE;PLENO DIA;ACESSAR A VIA SEM OBSERVAR A PRESENÇA DOS OUTROS VEÍCULOS;COLISÃO TRANSVERSAL;CÉU CLARO;SIMPLES;ROTATÓRIA;SIM;0
MS;BR-163;CAMPO GRANDE;3;1;QUARTA-FEIRA;2;0;2;00H-02H;MADRUGADA;PLENA NOITE;ACESSAR A VIA SEM OBSERVAR A PRESENÇA DOS OUTROS VEÍCULOS;COLISÃO TRANSVERSAL;CHUVA;SIMPLES;RETA;SIM;0
GO;BR-060;ANAPOLIS;3;1;SEGUNDA-FEIRA;0;0;16;15H-17H;TARDE;PLENO DIA;CONDUTOR DEIXOU DE MANTER DISTÂNCIA DO VEÍCULO DA FRENTE;COLISÃO TRASEIRA;CÉU CLARO;DUPLA;RETA;SIM;0
RS;BR-290;PORTO ALEGRE;3;1;SEGUNDA-FEIRA;0;0;16;15H-17H;TARDE;PLENO DIA;CONDUTOR DEIXOU DE MANTER DISTÂNCIA DO VEÍCULO DA FRENTE;COLISÃO LATERAL MESMO SENTIDO;CÉU CLARO;MÚLTIPLA;RETA;NÃO;0
MG;BR-262;CAMPO FLORIDO;3;1;SEGUNDA-FEIRA;0;0;15;15H-17H;TARDE;PLENO DIA;ACUMULO DE ÁGUA SOBRE O PAVIMENTO;SAÍDA DE LEITO CARROÇÁVEL;CHUVA;DUPLA;RETA;NÃO;0
PI;BR-407;JAICOS;3;1;SEGUNDA-FEIRA;0;0;15;15H-17H;TARDE;PLENO DIA;ANIMAIS NA PISTA;ATROPELAMENTO DE ANIMAL;CHUVA;SIMPLES;RETA;NÃO;0
SP;BR-116;ARUJA;3;1;SEGUNDA-FEIRA;0;0;17;15H-17H;TARDE;PLENO DIA;REAÇÃO TARDIA OU INEFICIENTE DO CONDUTOR;COLISÃO TRASEIRA;CÉU CLARO;DUPLA;RETA;SIM;0
MG;BR-381;NOVA ERA;3;1;SEGUNDA-FEIRA;0;0;7;06H-08H;MANHA;PLENO DIA;CONDUTOR DORMINDO;SAÍDA DE LEITO CARROÇÁVEL;NUBLADO;SIMPLES;CURVA;NÃO;0
SP;BR-116;BARRA DO TURVO;3;1;SEGUNDA-FEIRA;0;0;17;15H-17H;TARDE;PLENO DIA;REAÇÃO TARDIA OU INEFICIENTE DO CONDUTOR;SAÍDA DE LEITO CARROÇÁVEL;GAROA/CHUVISCO;DUPLA;"ACLIVE;CURVA";NÃO;0
SP;BR-488;APARECIDA;3;1;SEGUNDA-FEIRA;0;0;17;15H-17H;TARDE;ANOITECER;MANOBRA DE MUDANÇA DE FAIXA;COLISÃO TRANSVERSAL;NUBLADO;DUPLA;RETA;SIM;0
PR;BR-116;SAO JOSE DOS PINHAIS;3;1;SEGUNDA-FEIRA;0;0;17;15H-17H;TARDE;PLENO DIA;CONDUTOR DEIXOU DE MANTER DISTÂNCIA DO VEÍCULO DA FRENTE;COLISÃO TRASEIRA;CÉU CLARO;DUPLA;RETA;NÃO;0
SC;BR-101;ITAPEMA;3;1;SEGUNDA-FEIRA;0;0;17;15H-17H;TARDE;PLENO DIA;REAÇÃO TARDIA OU INEFICIENTE DO CONDUTOR;COLISÃO TRASEIRA;SOL;MÚLTIPLA;RETA;SIM;0
RJ;BR-393;SAPUCAIA;3;1;SEGUNDA-FEIRA;0;0;15;15H-17H;TARDE;PLENO DIA;VELOCIDADE INCOMPATÍVEL;SAÍDA DE LEITO CARROÇÁVEL;GAROA/CHUVISCO;SIMPLES;CURVA;NÃO;0
RS;BR-290;CACHOEIRA DO SUL;3;1;SEGUNDA-FEIRA;0;0;18;18H-20H;NOITE;PLENO DIA;AUSÊNCIA DE REAÇÃO DO CONDUTOR;COLISÃO TRASEIRA;CÉU CLARO;SIMPLES;RETA;NÃO;0
MS;BR-163;CAMPO GRANDE;3;1;DOMINGO;6;1;15;15H-17H;TARDE;PLENO DIA;AUSÊNCIA DE REAÇÃO DO CONDUTOR;TOMBAMENTO;CÉU CLARO;SIMPLES;CURVA;NÃO;0
PR;BR-369;LONDRINA;3;1;SEGUNDA-FEIRA;0;0;17;15H-17H;TARDE;PLENO DIA;AUSÊNCIA DE REAÇÃO DO CONDUTOR;COLISÃO TRASEIRA;CÉU CLARO;DUPLA;RETA;SIM;0
MG;BR-365;UBERLANDIA;3;1;SEGUNDA-FEIRA;0;0;18;18H-20H;NOITE;ANOITECER;ULTRAPASSAGEM INDEVIDA;COLISÃO LATERAL MESMO SENTIDO;CÉU CLARO;SIMPLES;INTERSEÇÃO DE VIAS;SIM;0
PR;BR-277;CASCAVEL;3;1;TERÇA-FEIRA;1;0;10;09H-11H;MANHA;PLENO DIA;ACESSAR A VIA SEM OBSERVAR A PRESENÇA DOS OUTROS VEÍCULOS;QUEDA DE OCUPANTE DE VEÍCULO;CÉU CLARO;SIMPLES;RETA;SIM;0
RO;BR-435;CEREJEIRAS;3;1;SEGUNDA-FEIRA;0;0;16;15H-17H;TARDE;PLENO DIA;ACESSAR A VIA SEM OBSERVAR A PRESENÇA DOS OUTROS VEÍCULOS;COLISÃO TRANSVERSAL;CÉU CLARO;DUPLA;RETA;SIM;0
BA;BR-110;ALAGOINHAS;2;1;TERÇA-FEIRA;1;0;16;15H-17H;TARDE;PLENO DIA;RETORNO PROIBIDO;QUEDA DE OCUPANTE DE VEÍCULO;CÉU CLARO;SIMPLES;RETA;SIM;0
RO;BR-364;PORTO VELHO;3;1;SEGUNDA-FEIRA;0;0;18;18H-20H;NOITE;PLENO DIA;OBJETO ESTÁTICO SOBRE O LEITO CARROÇÁVEL;COLISÃO COM OBJETO;NUBLADO;DUPLA;"VIADUTO;ACLIVE";SIM;0
MG;BR-381;JOAO MONLEVADE;3;1;SEGUNDA-FEIRA;0;0;18;18H-20H;NOITE;ANOITECER;RETORNO PROIBIDO;COLISÃO TRASEIRA;NUBLADO;SIMPLES;RETA;NÃO;0
RO;BR-319;PORTO VELHO;3;1;SEGUNDA-FEIRA;0;0;18;18H-20H;NOITE;ANOITECER;CONDUTOR DEIXOU DE MANTER DISTÂNCIA DO VEÍCULO DA FRENTE;COLISÃO TRASEIRA;CÉU CLARO;DUPLA;"ACLIVE;VIADUTO";SIM;0
MG;BR-381;BRUMADINHO;3;1;SEGUNDA-FEIRA;0;0;17;15H-17H;TARDE;PLENO DIA;CHUVA;TOMBAMENTO;CHUVA;DUPLA;CURVA;NÃO;0
SP;BR-101;UBATUBA;3;1;SEGUNDA-FEIRA;0;0;10;09H-11H;MANHA;PLENO DIA;AUSÊNCIA DE REAÇÃO DO CONDUTOR;QUEDA DE OCUPANTE DE VEÍCULO;NUBLADO;SIMPLES;RETA;NÃO;0
PR;BR-277;SAO JOSE DOS PINHAIS;2;1;SEXTA-FEIRA;4;0;18;18H-20H;NOITE;ANOITECER;CONDUTOR DEIXOU DE MANTER DISTÂNCIA DO VEÍCULO DA FRENTE;COLISÃO TRASEIRA;CÉU CLARO;DUPLA;RETA;NÃO;1
MG;BR-116;INHAPIM;3;1;SEGUNDA-FEIRA;0;0;17;15H-17H;TARDE;PLENO DIA;AUSÊNCIA DE REAÇÃO DO CONDUTOR;COLISÃO TRASEIRA;CÉU CLARO;SIMPLES;RETA;NÃO;0
RJ;BR-101;CAMPOS DOS GOYTACAZES;3;1;SEGUNDA-FEIRA;0;0;19;18H-20H;NOITE;PLENA NOITE;TRANSITAR NO ACOSTAMENTO;TOMBAMENTO;NUBLADO;SIMPLES;RETA;SIM;0
DF;BR-020;BRASILIA;3;1;SEGUNDA-FEIRA;0;0;20;18H-20H;NOITE;PLENA NOITE;AUSÊNCIA DE REAÇÃO DO CONDUTOR;SAÍDA DE LEITO CARROÇÁVEL;CÉU CLARO;DUPLA;"DECLIVE;RETA";NÃO;0
PR;BR-376;MARINGA;3;1;SEGUNDA-FEIRA;0;0;17;15H-17H;TARDE;PLENO DIA;AVARIAS E/OU DESGASTE EXCESSIVO NO PNEU;QUEDA DE OCUPANTE DE VEÍCULO;CÉU CLARO;MÚLTIPLA;RETA;SIM;0
MG;BR-354;CAXAMBU;3;1;SEGUNDA-FEIRA;0;0;20;18H-20H;NOITE;PLENA NOITE;DESRESPEITAR A PREFERÊNCIA NO CRUZAMENTO;COLISÃO TRANSVERSAL;CÉU CLARO;SIMPLES;ROTATÓRIA;SIM;0
RO;BR-435;COLORADO DO OESTE;3;1;SEGUNDA-FEIRA;0;0;18;18H-20H;NOITE;PLENO DIA;RETORNO PROIBIDO;COLISÃO FRONTAL;CÉU CLARO;SIMPLES;RETA;SIM;0
MS;BR-163;CAMPO GRANDE;3;1;SEGUNDA-FEIRA;0;0;19;18H-20H;NOITE;PLENA NOITE;ACESSAR A VIA SEM OBSERVAR A PRESENÇA DOS OUTROS VEÍCULOS;COLISÃO TRANSVERSAL;NUBLADO;DUPLA;"RETA;DECLIVE";SIM;1
BA;BR-116;SERRINHA;3;1;SEGUNDA-FEIRA;0;0;19;18H-20H;NOITE;PLENA NOITE;DEFICIÊNCIA DO SISTEMA DE ILUMINAÇÃO/SINALIZAÇÃO;COLISÃO TRASEIRA;CÉU CLARO;SIMPLES;ACLIVE;NÃO;1
SP;BR-153;GUAICARA;3;1;SEGUNDA-FEIRA;0;0;20;18H-20H;NOITE;PLENA NOITE;ANIMAIS NA PISTA;TOMBAMENTO;CÉU CLARO;SIMPLES;RETA;NÃO;0
RO;BR-364;ARIQUEMES;3;1;SEGUNDA-FEIRA;0;0;19;18H-20H;NOITE;PLENA NOITE;ANIMAIS NA PISTA;ATROPELAMENTO DE ANIMAL;NUBLADO;SIMPLES;RETA;NÃO;0
BA;BR-116;VITORIA DA CONQUISTA;3;1;SEGUNDA-FEIRA;0;0;20;18H-20H;NOITE;PLENA NOITE;ENTRADA INOPINADA DO PEDESTRE;ATROPELAMENTO DE PEDESTRE;CÉU CLARO;SIMPLES;CURVA;NÃO;0
RN;BR-101;NATAL;3;1;SEGUNDA-FEIRA;0;0;21;21H-23H;NOITE;PLENA NOITE;AUSÊNCIA DE REAÇÃO DO CONDUTOR;COLISÃO TRASEIRA;CÉU CLARO;MÚLTIPLA;RETA;SIM;0
RS;BR-386;NOVA SANTA RITA;3;1;SEGUNDA-FEIRA;0;0;19;18H-20H;NOITE;PLENA NOITE;DEMAIS FALHAS MECÂNICAS OU ELÉTRICAS;INCÊNDIO;CÉU CLARO;SIMPLES;RETA;SIM;0
PR;BR-376;IMBAU;3;1;QUINTA-FEIRA;3;0;18;18H-20H;NOITE;PLENA NOITE;ACESSO IRREGULAR;COLISÃO COM OBJETO;CÉU CLARO;SIMPLES;"RETA;DESVIO TEMPORÁRIO";NÃO;0
SC;BR-282;SAO JOSE;3;1;SEGUNDA-FEIRA;0;0;22;21H-23H;NOITE;PLENA NOITE;REAÇÃO TARDIA OU INEFICIENTE DO CONDUTOR;COLISÃO TRASEIRA;CÉU CLARO;MÚLTIPLA;RETA;SIM;0
MG;BR-262;MANHUACU;3;1;SEGUNDA-FEIRA;0;0;19;18H-20H;NOITE;PLENA NOITE;DESRESPEITAR A PREFERÊNCIA NO CRUZAMENTO;COLISÃO TRANSVERSAL;CÉU CLARO;SIMPLES;"ROTATÓRIA;INTERSEÇÃO DE VIAS;CURVA";SIM;0
MA;BR-135;SAO LUIS;3;1;SEGUNDA-FEIRA;0;0;21;21H-23H;NOITE;PLENA NOITE;CONDUTOR DEIXOU DE MANTER DISTÂNCIA DO VEÍCULO DA FRENTE;COLISÃO TRASEIRA;NUBLADO;DUPLA;RETA;SIM;0
RS;BR-158;SANTA MARIA;3;1;SEGUNDA-FEIRA;0;0;22;21H-23H;NOITE;PLENA NOITE;INGESTÃO DE ÁLCOOL PELO CONDUTOR;COLISÃO COM OBJETO;CÉU CLARO;DUPLA;VIADUTO;SIM;0
RO;BR-429;SERINGUEIRAS;3;1;SEGUNDA-FEIRA;0;0;21;21H-23H;NOITE;PLENA NOITE;AUSÊNCIA DE REAÇÃO DO CONDUTOR;ATROPELAMENTO DE PEDESTRE;NUBLADO;MÚLTIPLA;RETA;SIM;0
RS;BR-448;ESTEIO;3;1;SEGUNDA-FEIRA;0;0;22;21H-23H;NOITE;PLENA NOITE;DEMAIS FALHAS MECÂNICAS OU ELÉTRICAS;INCÊNDIO;CÉU CLARO;DUPLA;RETA;NÃO;0
RS;BR-116;CAXIAS DO SUL;3;1;SEGUNDA-FEIRA;0;0;22;21H-23H;NOITE;PLENA NOITE;CONDUTOR DESRESPEITOU A ILUMINAÇÃO VERMELHA DO SEMÁFORO;COLISÃO TRANSVERSAL;CÉU CLARO;SIMPLES;INTERSEÇÃO DE VIAS;SIM;0
AL;BR-316;SATUBA;3;1;TERÇA-FEIRA;1;0;0;00H-02H;MADRUGADA;PLENA NOITE;AVARIAS E/OU DESGASTE EXCESSIVO NO PNEU;CAPOTAMENTO;CÉU CLARO;SIMPLES;RETA;NÃO;0
RS;BR-472;URUGUAIANA;3;1;TERÇA-FEIRA;1;0;0;00H-02H;MADRUGADA;PLENA NOITE;AUSÊNCIA DE REAÇÃO DO CONDUTOR;COLISÃO COM OBJETO;CÉU CLARO;SIMPLES;"DECLIVE;RETA;PONTE";NÃO;0
PE;BR-232;RECIFE;3;1;QUINTA-FEIRA;3;0;20;18H-20H;NOITE;PLENA NOITE;MANOBRA DE MUDANÇA DE FAIXA;COLISÃO TRASEIRA;CÉU CLARO;MÚLTIPLA;RETA;SIM;0
MS;BR-267;NOVA ALVORADA DO SUL;3;1;TERÇA-FEIRA;1;0;1;00H-02H;MADRUGADA;PLENA NOITE;CONDUTOR DORMINDO;CAPOTAMENTO;NUBLADO;SIMPLES;RETA;NÃO;0
MG;BR-040;CONGONHAS;3;1;TERÇA-FEIRA;1;0;2;00H-02H;MADRUGADA;PLENA NOITE;AUSÊNCIA DE REAÇÃO DO CONDUTOR;COLISÃO COM OBJETO;CÉU CLARO;SIMPLES;CURVA;NÃO;0
PR;BR-277;IRATI;3;1;TERÇA-FEIRA;1;0;4;03H-05H;MADRUGADA;AMANHECER;CONDUTOR DORMINDO;SAÍDA DE LEITO CARROÇÁVEL;CÉU CLARO;SIMPLES;CURVA;NÃO;0
RJ;BR-101;SAO GONCALO;3;1;SEXTA-FEIRA;4;0;8;06H-08H;MANHA;PLENO DIA;REAÇÃO TARDIA OU INEFICIENTE DO CONDUTOR;COLISÃO TRASEIRA;CÉU CLARO;DUPLA;RETA;SIM;0
SC;BR-101;SAO JOSE;3;1;TERÇA-FEIRA;1;0;6;06H-08H;MANHA;PLENO DIA;REAÇÃO TARDIA OU INEFICIENTE DO CONDUTOR;EVENTOS ATÍPICOS;CÉU CLARO;DUPLA;RETA;SIM;0
GO;BR-060;ANAPOLIS;3;1;TERÇA-FEIRA;1;0;6;06H-08H;MANHA;AMANHECER;AUSÊNCIA DE REAÇÃO DO CONDUTOR;QUEDA DE OCUPANTE DE VEÍCULO;CÉU CLARO;DUPLA;RETA;SIM;0
DF;BR-251;BRASILIA;3;1;TERÇA-FEIRA;1;0;5;03H-05H;MADRUGADA;AMANHECER;CONVERSÃO PROIBIDA;COLISÃO TRASEIRA;SOL;SIMPLES;RETA;SIM;0
MG;BR-381;BETIM;3;1;TERÇA-FEIRA;1;0;5;03H-05H;MADRUGADA;AMANHECER;AUSÊNCIA DE REAÇÃO DO CONDUTOR;COLISÃO COM OBJETO;CÉU CLARO;DUPLA;"RETA;ACLIVE";NÃO;0
SE;BR-235;NOSSA SENHORA DO SOCORRO;3;1;TERÇA-FEIRA;1;0;7;06H-08H;MANHA;PLENO DIA;CONDUTOR DEIXOU DE MANTER DISTÂNCIA DO VEÍCULO DA FRENTE;COLISÃO LATERAL MESMO SENTIDO;CÉU CLARO;DUPLA;RETA;NÃO;0
MG;BR-040;JUIZ DE FORA;3;1;TERÇA-FEIRA;1;0;7;06H-08H;MANHA;PLENO DIA;DEMAIS FALHAS MECÂNICAS OU ELÉTRICAS;QUEDA DE OCUPANTE DE VEÍCULO;NUBLADO;DUPLA;"INTERSEÇÃO DE VIAS;RETA;RETORNO REGULAMENTADO";NÃO;0
PR;BR-277;FOZ DO IGUACU;3;1;TERÇA-FEIRA;1;0;7;06H-08H;MANHA;PLENO DIA;AUSÊNCIA DE REAÇÃO DO CONDUTOR;COLISÃO LATERAL MESMO SENTIDO;CÉU CLARO;DUPLA;RETA;SIM;0
SP;BR-116;GUARULHOS;3;1;TERÇA-FEIRA;1;0;6;06H-08H;MANHA;PLENO DIA;DEMAIS FALHAS MECÂNICAS OU ELÉTRICAS;TOMBAMENTO;NUBLADO;MÚLTIPLA;RETA;SIM;0
SP;BR-116;ITAPECERICA DA SERRA;3;1;TERÇA-FEIRA;1;0;7;06H-08H;MANHA;PLENO DIA;AUSÊNCIA DE REAÇÃO DO CONDUTOR;QUEDA DE OCUPANTE DE VEÍCULO;CÉU CLARO;DUPLA;RETA;SIM;0
PR;BR-376;SARANDI;3;1;TERÇA-FEIRA;1;0;7;06H-08H;MANHA;PLENO DIA;REAÇÃO TARDIA OU INEFICIENTE DO CONDUTOR;TOMBAMENTO;CHUVA;DUPLA;"RETA;DECLIVE";SIM;0
SP;BR-116;SAO JOSE DOS CAMPOS;3;1;TERÇA-FEIRA;1;0;8;06H-08H;MANHA;PLENO DIA;AUSÊNCIA DE REAÇÃO DO CONDUTOR;TOMBAMENTO;NUBLADO;MÚLTIPLA;RETA;NÃO;0
AL;BR-104;UNIAO DOS PALMARES;2;1;DOMINGO;6;1;15;15H-17H;TARDE;PLENO DIA;MAL SÚBITO DO CONDUTOR;SAÍDA DE LEITO CARROÇÁVEL;CÉU CLARO;SIMPLES;RETA;NÃO;1
RS;BR-153;SEVERIANO DE ALMEIDA;3;1;TERÇA-FEIRA;1;0;7;06H-08H;MANHA;PLENO DIA;AUSÊNCIA DE REAÇÃO DO CONDUTOR;COLISÃO TRASEIRA;CÉU CLARO;SIMPLES;RETA;NÃO;0
PI;BR-135;BOM JESUS;3;1;TERÇA-FEIRA;1;0;7;06H-08H;MANHA;PLENO DIA;AUSÊNCIA DE REAÇÃO DO CONDUTOR;COLISÃO TRANSVERSAL;NUBLADO;DUPLA;RETA;SIM;0
ES;BR-101;CARIACICA;3;1;TERÇA-FEIRA;1;0;8;06H-08H;MANHA;PLENO DIA;ACESSAR A VIA SEM OBSERVAR A PRESENÇA DOS OUTROS VEÍCULOS;COLISÃO LATERAL MESMO SENTIDO;CÉU CLARO;DUPLA;"RETA;DECLIVE";SIM;0
GO;BR-153;ANAPOLIS;3;1;TERÇA-FEIRA;1;0;7;06H-08H;MANHA;PLENO DIA;TRAFEGAR COM MOTOCICLETA (OU SIMILAR) ENTRE AS FAIXAS;TOMBAMENTO;CÉU CLARO;DUPLA;EM OBRAS;SIM;0
ES;BR-101;DOMINGOS MARTINS;3;1;TERÇA-FEIRA;1;0;6;06H-08H;MANHA;PLENO DIA;ACESSAR A VIA SEM OBSERVAR A PRESENÇA DOS OUTROS VEÍCULOS;COLISÃO TRANSVERSAL;SOL;SIMPLES;RETA;NÃO;0
RN;BR-101;NATAL;3;1;TERÇA-FEIRA;1;0;8;06H-08H;MANHA;PLENO DIA;AUSÊNCIA DE REAÇÃO DO CONDUTOR;TOMBAMENTO;CÉU CLARO;MÚLTIPLA;VIADUTO;SIM;0
SP;BR-381;ATIBAIA;3;1;TERÇA-FEIRA;1;0;8;06H-08H;MANHA;PLENO DIA;REAÇÃO TARDIA OU INEFICIENTE DO CONDUTOR;COLISÃO TRASEIRA;CÉU CLARO;DUPLA;RETA;SIM;0
MG;BR-116;MURIAE;3;1;TERÇA-FEIRA;1;0;8;06H-08H;MANHA;PLENO DIA;CONVERSÃO PROIBIDA;COLISÃO LATERAL MESMO SENTIDO;CÉU CLARO;SIMPLES;"INTERSEÇÃO DE VIAS;CURVA";SIM;0
AL;BR-101;MESSIAS;3;1;TERÇA-FEIRA;1;0;8;06H-08H;MANHA;PLENO DIA;REAÇÃO TARDIA OU INEFICIENTE DO CONDUTOR;ATROPELAMENTO DE PEDESTRE;CÉU CLARO;DUPLA;RETA;SIM;0
RS;BR-287;SANTA MARIA;3;1;TERÇA-FEIRA;1;0;8;06H-08H;MANHA;PLENO DIA;ACESSAR A VIA SEM OBSERVAR A PRESENÇA DOS OUTROS VEÍCULOS;COLISÃO TRANSVERSAL;CÉU CLARO;DUPLA;"ROTATÓRIA;INTERSEÇÃO DE VIAS";SIM;0
MG;BR-381;CONTAGEM;3;1;TERÇA-FEIRA;1;0;9;09H-11H;MANHA;PLENO DIA;AUSÊNCIA DE REAÇÃO DO CONDUTOR;COLISÃO TRASEIRA;CÉU CLARO;MÚLTIPLA;"DECLIVE;RETA";SIM;0
RS;BR-116;CANOAS;3;1;TERÇA-FEIRA;1;0;9;09H-11H;MANHA;PLENO DIA;AUSÊNCIA DE REAÇÃO DO CONDUTOR;COLISÃO TRASEIRA;CÉU CLARO;MÚLTIPLA;RETA;NÃO;0
RS;BR-116;SAO LEOPOLDO;3;1;TERÇA-FEIRA;1;0;9;09H-11H;MANHA;PLENO DIA;REAÇÃO TARDIA OU INEFICIENTE DO CONDUTOR;COLISÃO LATERAL MESMO SENTIDO;CÉU CLARO;SIMPLES;INTERSEÇÃO DE VIAS;SIM;0
GO;BR-050;CAMPO ALEGRE DE GOIAS;3;1;TERÇA-FEIRA;1;0;9;09H-11H;MANHA;PLENO DIA;DEMAIS FALHAS MECÂNICAS OU ELÉTRICAS;TOMBAMENTO;CÉU CLARO;DUPLA;RETA;NÃO;0
PE;BR-101;RECIFE;3;1;TERÇA-FEIRA;1;0;9;09H-11H;MANHA;PLENO DIA;REAÇÃO TARDIA OU INEFICIENTE DO CONDUTOR;COLISÃO TRASEIRA;CÉU CLARO;DUPLA;RETA;NÃO;0
SP;BR-101;UBATUBA;3;1;TERÇA-FEIRA;1;0;9;09H-11H;MANHA;PLENO DIA;TRANSITAR NA CONTRAMÃO;COLISÃO FRONTAL;CÉU CLARO;DUPLA;"DECLIVE;CURVA";NÃO;1