uf;br_formatada;municipio;mes;trimestre;dia_semana;dia_semana_num;fim_de_semana;hora;faixa_horaria;turno;fase_dia;causa_acidente;tipo_acidente;condicao_metereologica;tipo_pista;tracado_via;uso_solo;acidente_fatal
DF;BR-020;BRASILIA;2;1;QUARTA-FEIRA;2;0;19;18H-20H;NOITE;PLENA NOITE;MANOBRA DE MUDANÇA DE FAIXA;SAÍDA DE LEITO CARROÇÁVEL;CÉU CLARO;DUPLA;CURVA;SIM;0
RS;BR-116;CANOAS;3;1;QUARTA-FEIRA;2;0;8;06H-08H;MANHA;PLENO DIA;CONDUTOR DEIXOU DE MANTER DISTÂNCIA DO VEÍCULO DA FRENTE;COLISÃO TRASEIRA;CÉU CLARO;DUPLA;RETA;SIM;0
PI;BR-343;TERESINA;3;1;QUARTA-FEIRA;2;0;7;06H-08H;MANHA;PLENO DIA;TRANSITAR NO ACOSTAMENTO;ATROPELAMENTO DE PEDESTRE;CÉU CLARO;SIMPLES;RETA;NÃO;0
SC;BR-280;ARAQUARI;3;1;QUARTA-FEIRA;2;0;7;06H-08H;MANHA;PLENO DIA;ACESSAR A VIA SEM OBSERVAR A PRESENÇA DOS OUTROS VEÍCULOS;COLISÃO TRANSVERSAL;CÉU CLARO;SIMPLES;RETA;SIM;0
RS;BR-392;PELOTAS;3;1;QUARTA-FEIRA;2;0;7;06H-08H;MANHA;PLENO DIA;DESRESPEITAR A PREFERÊNCIA NO CRUZAMENTO;COLISÃO TRANSVERSAL;CÉU CLARO;SIMPLES;INTERSEÇÃO DE VIAS;SIM;0
GO;BR-153;GOIANIA;3;1;QUARTA-FEIRA;2;0;8;06H-08H;MANHA;PLENO DIA;CONDUTOR DEIXOU DE MANTER DISTÂNCIA DO VEÍCULO DA FRENTE;COLISÃO TRASEIRA;CÉU CLARO;DUPLA;RETA;SIM;0
RJ;BR-116;DUQUE DE CAXIAS;3;1;QUARTA-FEIRA;2;0;7;06H-08H;MANHA;PLENO DIA;ULTRAPASSAGEM INDEVIDA;COLISÃO LATERAL MESMO SENTIDO;CÉU CLARO;DUPLA;RETA;SIM;0
PE;BR-101;RECIFE;3;1;QUARTA-FEIRA;2;0;7;06H-08H;MANHA;PLENO DIA;CONDUTOR DEIXOU DE MANTER DISTÂNCIA DO VEÍCULO DA FRENTE;COLISÃO TRASEIRA;CÉU CLARO;DUPLA;RETA;SIM;0
MS;BR-163;CAMPO GRANDE;3;1;QUARTA-FEIRA;2;0;7;06H-08H;MANHA;PLENO DIA;ACESSAR A VIA SEM OBSERVAR A PRESENÇA DOS OUTROS VEÍCULOS;COLISÃO TRANSVERSAL;CÉU CLARO;SIMPLES;"INTERSEÇÃO DE VIAS;RETA";SIM;0
RJ;BR-101;ANGRA DOS REIS;3;1;QUARTA-FEIRA;2;0;8;06H-08H;MANHA;PLENO DIA;AUSÊNCIA DE REAÇÃO DO CONDUTOR;COLISÃO TRASEIRA;CÉU CLARO;SIMPLES;RETA;SIM;0
PE;BR-407;PETROLINA;3;1;QUARTA-FEIRA;2;0;9;09H-11H;MANHA;PLENO DIA;ACESSAR A VIA SEM OBSERVAR A PRESENÇA DOS OUTROS VEÍCULOS;COLISÃO FRONTAL;CÉU CLARO;SIMPLES;"EM OBRAS;RETA";SIM;0
RN;BR-101;SAO JOSE DE MIPIBU;3;1;SEXTA-FEIRA;4;0;18;18H-20H;NOITE;PLENA NOITE;AVARIAS E/OU DESGASTE EXCESSIVO NO PNEU;TOMBAMENTO;CÉU CLARO;DUPLA;"DECLIVE;RETA";NÃO;0
PB;BR-230;SOUSA;3;1;QUARTA-FEIRA;2;0;7;06H-08H;MANHA;AMANHECER;CONDUTOR DORMINDO;SAÍDA DE LEITO CARROÇÁVEL;NUBLADO;SIMPLES;RETA;NÃO;0
PR;BR-277;MORRETES;3;1;QUARTA-FEIRA;2;0;9;09H-11H;MANHA;PLENO DIA;DEMAIS FALHAS MECÂNICAS OU ELÉTRICAS;COLISÃO COM OBJETO;SOL;DUPLA;"RETA;DECLIVE";NÃO;0
RJ;BR-040;COMENDADOR LEVY GASPARIAN;3;1;QUARTA-FEIRA;2;0;6;06H-08H;MANHA;PLENO DIA;AUSÊNCIA DE REAÇÃO DO CONDUTOR;QUEDA DE OCUPANTE DE VEÍCULO;GAROA/CHUVISCO;DUPLA;CURVA;NÃO;0
GO;BR-040;VALPARAISO DE GOIAS;3;1;QUARTA-FEIRA;2;0;8;06H-08H;MANHA;PLENO DIA;FREAR BRUSCAMENTE;ENGAVETAMENTO;CÉU CLARO;DUPLA;RETA;SIM;0
RJ;BR-393;BARRA DO PIRAI;3;1;QUARTA-FEIRA;2;0;6;06H-08H;MANHA;AMANHECER;VELOCIDADE INCOMPATÍVEL;COLISÃO LATERAL SENTIDO OPOSTO;NUBLADO;SIMPLES;CURVA;NÃO;0
MG;BR-040;ALFREDO VASCONCELOS;3;1;QUARTA-FEIRA;2;0;6;06H-08H;MANHA;PLENO DIA;ACUMULO DE ÓLEO SOBRE O PAVIMENTO;COLISÃO COM OBJETO;CHUVA;SIMPLES;CURVA;SIM;0
SC;BR-282;SAO JOSE DO CERRITO;3;1;TERÇA-FEIRA;1;0;4;03H-05H;MADRUGADA;PLENA NOITE;CONDUTOR DORMINDO;SAÍDA DE LEITO CARROÇÁVEL;IGNORADO;SIMPLES;"DECLIVE;RETA";NÃO;0
MA;BR-135;SAO LUIS;3;1;QUARTA-FEIRA;2;0;8;06H-08H;MANHA;PLENO DIA;AVARIAS E/OU DESGASTE EXCESSIVO NO PNEU;QUEDA DE OCUPANTE DE VEÍCULO;CÉU CLARO;DUPLA;RETA;SIM;0
MT;BR-163;SINOP;3;1;QUARTA-FEIRA;2;0;8;06H-08H;MANHA;PLENO DIA;RETORNO PROIBIDO;COLISÃO TRANSVERSAL;CÉU CLARO;SIMPLES;RETA;SIM;1
PR;BR-373;PONTA GROSSA;3;1;QUARTA-FEIRA;2;0;8;06H-08H;MANHA;PLENO DIA;REAÇÃO TARDIA OU INEFICIENTE DO CONDUTOR;SAÍDA DE LEITO CARROÇÁVEL;CÉU CLARO;SIMPLES;CURVA;NÃO;0
MG;BR-040;ALFREDO VASCONCELOS;3;1;QUARTA-FEIRA;2;0;7;06H-08H;MANHA;PLENO DIA;ACUMULO DE ÓLEO SOBRE O PAVIMENTO;SAÍDA DE LEITO CARROÇÁVEL;CHUVA;SIMPLES;"DECLIVE;CURVA";NÃO;0
RS;BR-290;OSORIO;3;1;QUARTA-FEIRA;2;0;10;09H-11H;MANHA;PLENO DIA;REAÇÃO TARDIA OU INEFICIENTE DO CONDUTOR;COLISÃO LATERAL MESMO SENTIDO;CÉU CLARO;DUPLA;"RETA;DESVIO TEMPORÁRIO";NÃO;0
SP;BR-153;SAO JOSE DO RIO PRETO;3;1;QUARTA-FEIRA;2;0;10;09H-11H;MANHA;PLENO DIA;INGESTÃO DE ÁLCOOL PELO CONDUTOR;COLISÃO COM OBJETO;CÉU CLARO;DUPLA;RETA;SIM;0
RS;BR-116;ESTEIO;3;1;QUARTA-FEIRA;2;0;7;06H-08H;MANHA;PLENO DIA;REAÇÃO TARDIA OU INEFICIENTE DO CONDUTOR;COLISÃO LATERAL MESMO SENTIDO;CÉU CLARO;MÚLTIPLA;"RETA;EM OBRAS";SIM;0
MS;BR-163;CAMPO GRANDE;3;1;QUARTA-FEIRA;2;0;7;06H-08H;MANHA;PLENO DIA;ACESSAR A VIA SEM OBSERVAR A PRESENÇA DOS OUTROS VEÍCULOS;COLISÃO LATERAL MESMO SENTIDO;CÉU CLARO;SIMPLES;RETA;SIM;0
BA;BR-116;SANTA BARBARA;3;1;QUARTA-FEIRA;2;0;9;09H-11H;MANHA;PLENO DIA;AUSÊNCIA DE REAÇÃO DO CONDUTOR;COLISÃO LATERAL MESMO SENTIDO;SOL;DUPLA;RETA;SIM;0
BA;BR-101;ITABELA;3;1;QUARTA-FEIRA;2;0;10;09H-11H;MANHA;PLENO DIA;REAÇÃO TARDIA OU INEFICIENTE DO CONDUTOR;COLISÃO TRASEIRA;CÉU CLARO;SIMPLES;"DECLIVE;CURVA";NÃO;0
SP;BR-116;CAJATI;3;1;QUARTA-FEIRA;2;0;10;09H-11H;MANHA;PLENO DIA;ACESSAR A VIA SEM OBSERVAR A PRESENÇA DOS OUTROS VEÍCULOS;COLISÃO TRANSVERSAL;CÉU CLARO;DUPLA;"ROTATÓRIA;RETORNO REGULAMENTADO;VIADUTO";SIM;0
PR;BR-277;SANTA TEREZINHA DE ITAIPU;3;1;QUARTA-FEIRA;2;0;10;09H-11H;MANHA;PLENO DIA;REAÇÃO TARDIA OU INEFICIENTE DO CONDUTOR;COLISÃO TRASEIRA;CÉU CLARO;DUPLA;RETA;SIM;0
RJ;BR-393;VOLTA REDONDA;3;1;QUARTA-FEIRA;2;0;6;06H-08H;MANHA;PLENO DIA;ACESSO IRREGULAR;COLISÃO LATERAL SENTIDO OPOSTO;NUBLADO;SIMPLES;RETA;SIM;0
SC;BR-101;TUBARAO;3;1;QUARTA-FEIRA;2;0;11;09H-11H;MANHA;PLENO DIA;MANOBRA DE MUDANÇA DE FAIXA;COLISÃO LATERAL MESMO SENTIDO;CÉU CLARO;MÚLTIPLA;"RETA;EM OBRAS;DESVIO TEMPORÁRIO";SIM;0
RJ;BR-116;RESENDE;3;1;QUARTA-FEIRA;2;0;10;09H-11H;MANHA;PLENO DIA;AVARIAS E/OU DESGASTE EXCESSIVO NO PNEU;TOMBAMENTO;NUBLADO;DUPLA;RETA;SIM;0
MT;BR-364;VARZEA GRANDE;3;1;QUARTA-FEIRA;2;0;10;09H-11H;MANHA;PLENO DIA;AUSÊNCIA DE REAÇÃO DO CONDUTOR;COLISÃO TRASEIRA;SOL;SIMPLES;RETA;SIM;0
PR;BR-277;FOZ DO IGUACU;3;1;QUARTA-FEIRA;2;0;12;12H-14H;TARDE;PLENO DIA;ENTRADA INOPINADA DO PEDESTRE;ATROPELAMENTO DE PEDESTRE;SOL;DUPLA;RETA;SIM;0
ES;BR-101;ANCHIETA;3;1;QUARTA-FEIRA;2;0;12;12H-14H;TARDE;PLENO DIA;CHUVA;TOMBAMENTO;CHUVA;DUPLA;CURVA;NÃO;0
SC;BR-101;PALHOCA;3;1;QUARTA-FEIRA;2;0;12;12H-14H;TARDE;PLENO DIA;REAÇÃO TARDIA OU INEFICIENTE DO CONDUTOR;COLISÃO TRASEIRA;CÉU CLARO;MÚLTIPLA;RETA;SIM;0
SP;BR-116;GUARULHOS;3;1;QUARTA-FEIRA;2;0;13;12H-14H;TARDE;PLENO DIA;CONDUTOR DEIXOU DE MANTER DISTÂNCIA DO VEÍCULO DA FRENTE;COLISÃO LATERAL MESMO SENTIDO;CÉU CLARO;MÚLTIPLA;RETA;SIM;0
RJ;BR-101;PARATY;3;1;QUARTA-FEIRA;2;0;12;12H-14H;TARDE;PLENO DIA;ANIMAIS NA PISTA;COLISÃO TRANSVERSAL;NUBLADO;SIMPLES;CURVA;NÃO;1
PR;BR-277;PARANAGUA;3;1;QUARTA-FEIRA;2;0;13;12H-14H;TARDE;PLENO DIA;OBJETO ESTÁTICO SOBRE O LEITO CARROÇÁVEL;COLISÃO COM OBJETO;CÉU CLARO;SIMPLES;"RETORNO REGULAMENTADO;INTERSEÇÃO DE VIAS;CURVA";NÃO;0
PI;BR-343;TERESINA;3;1;QUARTA-FEIRA;2;0;12;12H-14H;TARDE;PLENO DIA;AVARIAS E/OU DESGASTE EXCESSIVO NO PNEU;QUEDA DE OCUPANTE DE VEÍCULO;CÉU CLARO;MÚLTIPLA;RETA;NÃO;0
PR;BR-116;COLOMBO;3;1;SEXTA-FEIRA;4;0;8;06H-08H;MANHA;PLENO DIA;CONDUTOR DEIXOU DE MANTER DISTÂNCIA DO VEÍCULO DA FRENTE;COLISÃO TRASEIRA;NUBLADO;DUPLA;RETA;SIM;0
ES;BR-262;VIANA;3;1;SEGUNDA-FEIRA;0;0;18;18H-20H;NOITE;PLENA NOITE;PISTA ESCORREGADIA;SAÍDA DE LEITO CARROÇÁVEL;CHUVA;SIMPLES;CURVA;NÃO;0
RJ;BR-116;TERESOPOLIS;3;1;SÁBADO;5;1;19;18H-20H;NOITE;PLENA NOITE;VELOCIDADE INCOMPATÍVEL;COLISÃO LATERAL SENTIDO OPOSTO;CHUVA;SIMPLES;"DECLIVE;RETA";SIM;0
RS;BR-116;ESTEIO;3;1;QUARTA-FEIRA;2;0;9;09H-11H;MANHA;PLENO DIA;ACUMULO DE AREIA OU DETRITOS SOBRE O PAVIMENTO;TOMBAMENTO;CÉU CLARO;DUPLA;RETA;SIM;0
SP;BR-116;JACAREI;3;1;QUARTA-FEIRA;2;0;13;12H-14H;TARDE;PLENO DIA;AUSÊNCIA DE REAÇÃO DO CONDUTOR;COLISÃO COM OBJETO;NUBLADO;DUPLA;RETA;NÃO;0
SC;BR-101;TUBARAO;3;1;QUARTA-FEIRA;2;0;13;12H-14H;TARDE;PLENO DIA;CONDUTOR DEIXOU DE MANTER DISTÂNCIA DO VEÍCULO DA FRENTE;COLISÃO TRASEIRA;CÉU CLARO;MÚLTIPLA;RETA;NÃO;0
BA;BR-324;FEIRA DE SANTANA;2;1;SEGUNDA-FEIRA;0;0;8;06H-08H;MANHA;PLENO DIA;ACESSAR A VIA SEM OBSERVAR A PRESENÇA DOS OUTROS VEÍCULOS;COLISÃO FRONTAL;CÉU CLARO;SIMPLES;RETA;SIM;0
SP;BR-116;GUARATINGUETA;3;1;QUARTA-FEIRA;2;0;13;12H-14H;TARDE;PLENO DIA;AVARIAS E/OU DESGASTE EXCESSIVO NO PNEU;QUEDA DE OCUPANTE DE VEÍCULO;NUBLADO;DUPLA;RETA;SIM;0
GO;BR-153;APARECIDA DE GOIANIA;3;1;QUARTA-FEIRA;2;0;15;15H-17H;TARDE;PLENO DIA;DEMAIS FALHAS MECÂNICAS OU ELÉTRICAS;TOMBAMENTO;CÉU CLARO;DUPLA;RETA;SIM;0
PB;BR-104;REMIGIO;3;1;QUARTA-FEIRA;2;0;15;15H-17H;TARDE;PLENO DIA;CONVERSÃO PROIBIDA;COLISÃO TRANSVERSAL;CÉU CLARO;SIMPLES;RETA;SIM;0
MG;BR-381;IGARAPE;2;1;DOMINGO;6;1;10;09H-11H;MANHA;PLENO DIA;VELOCIDADE INCOMPATÍVEL;TOMBAMENTO;CÉU CLARO;DUPLA;"ACLIVE;CURVA";NÃO;0
PR;BR-476;COLOMBO;3;1;QUARTA-FEIRA;2;0;13;12H-14H;TARDE;PLENO DIA;ACESSAR A VIA SEM OBSERVAR A PRESENÇA DOS OUTROS VEÍCULOS;ATROPELAMENTO DE PEDESTRE;CÉU CLARO;DUPLA;RETA;SIM;0
CE;BR-222;SOBRAL;3;1;QUARTA-FEIRA;2;0;13;12H-14H;TARDE;PLENO DIA;MANOBRA DE MUDANÇA DE FAIXA;SAÍDA DE LEITO CARROÇÁVEL;CÉU CLARO;SIMPLES;RETA;NÃO;0
PI;BR-343;TERESINA;3;1;QUARTA-FEIRA;2;0;14;12H-14H;TARDE;PLENO DIA;AVARIAS E/OU DESGASTE EXCESSIVO NO PNEU;SAÍDA DE LEITO CARROÇÁVEL;NUBLADO;DUPLA;RETA;SIM;0
MG;BR-381;CAREACU;3;1;QUARTA-FEIRA;2;0;15;15H-17H;TARDE;PLENO DIA;VELOCIDADE INCOMPATÍVEL;SAÍDA DE LEITO CARROÇÁVEL;NUBLADO;DUPLA;"CURVA;DECLIVE";NÃO;0
RN;BR-101;NISIA FLORESTA;3;1;QUARTA-FEIRA;2;0;15;15H-17H;TARDE;PLENO DIA;DEMAIS FALHAS MECÂNICAS OU ELÉTRICAS;QUEDA DE OCUPANTE DE VEÍCULO;CÉU CLARO;DUPLA;RETA;NÃO;0
GO;BR-153;PROFESSOR JAMIL;3;1;QUARTA-FEIRA;2;0;15;15H-17H;TARDE;PLENO DIA;VELOCIDADE INCOMPATÍVEL;SAÍDA DE LEITO CARROÇÁVEL;CHUVA;DUPLA;CURVA;NÃO;0
MA;BR-226;LAJEADO NOVO;1;1;TERÇA-FEIRA;1;0;15;15H-17H;TARDE;PLENO DIA;PISTA ESBURACADA;QUEDA DE OCUPANTE DE VEÍCULO;CHUVA;SIMPLES;RETA;NÃO;0
RJ;BR-101;MACAE;3;1;QUARTA-FEIRA;2;0;16;15H-17H;TARDE;PLENO DIA;PISTA ESCORREGADIA;COLISÃO TRANSVERSAL;CHUVA;SIMPLES;CURVA;NÃO;0
MT;BR-163;SINOP;3;1;QUARTA-FEIRA;2;0;15;15H-17H;TARDE;PLENO DIA;AUSÊNCIA DE REAÇÃO DO CONDUTOR;COLISÃO TRASEIRA;CÉU CLARO;SIMPLES;RETA;SIM;0
ES;BR-101;RIO NOVO DO SUL;3;1;QUARTA-FEIRA;2;0;14;12H-14H;TARDE;PLENO DIA;ACUMULO DE ÁGUA SOBRE O PAVIMENTO;SAÍDA DE LEITO CARROÇÁVEL;CHUVA;SIMPLES;"RETA;ACLIVE";NÃO;0
SC;BR-116;MONTE CASTELO;3;1;QUARTA-FEIRA;2;0;14;12H-14H;TARDE;PLENO DIA;AUSÊNCIA DE REAÇÃO DO CONDUTOR;COLISÃO FRONTAL;SOL;SIMPLES;RETA;NÃO;0
RJ;BR-040;DUQUE DE CAXIAS;3;1;QUARTA-FEIRA;2;0;15;15H-17H;TARDE;PLENO DIA;CONDUTOR DEIXOU DE MANTER DISTÂNCIA DO VEÍCULO DA FRENTE;COLISÃO LATERAL MESMO SENTIDO;CHUVA;DUPLA;RETA;SIM;0
MG;BR-381;SABARA;3;1;QUARTA-FEIRA;2;0;16;15H-17H;TARDE;PLENO DIA;AUSÊNCIA DE REAÇÃO DO CONDUTOR;COLISÃO TRASEIRA;NUBLADO;SIMPLES;RETA;NÃO;0
RN;BR-405;MOSSORO;3;1;QUARTA-FEIRA;2;0;16;15H-17H;TARDE;PLENO DIA;ACESSO IRREGULAR;COLISÃO TRANSVERSAL;CÉU CLARO;SIMPLES;RETA;SIM;0
RJ;BR-116;NOVA IGUACU;3;1;QUARTA-FEIRA;2;0;17;15H-17H;TARDE;PLENO DIA;TRAFEGAR COM MOTOCICLETA (OU SIMILAR) ENTRE AS FAIXAS;COLISÃO TRASEIRA;NUBLADO;DUPLA;RETA;SIM;0
MS;BR-163;NAVIRAI;3;1;QUARTA-FEIRA;2;0;15;15H-17H;TARDE;PLENO DIA;AUSÊNCIA DE REAÇÃO DO CONDUTOR;COLISÃO COM OBJETO;CÉU CLARO;DUPLA;INTERSEÇÃO DE VIAS;NÃO;0
SC;BR-280;SAO FRANCISCO DO SUL;3;1;QUARTA-FEIRA;2;0;15;15H-17H;TARDE;PLENO DIA;ACESSAR A VIA SEM OBSERVAR A PRESENÇA DOS OUTROS VEÍCULOS;COLISÃO TRANSVERSAL;SOL;SIMPLES;RETA;NÃO;0
GO;BR-060;ANAPOLIS;3;1;QUARTA-FEIRA;2;0;15;15H-17H;TARDE;PLENO DIA;REAÇÃO TARDIA OU INEFICIENTE DO CONDUTOR;SAÍDA DE LEITO CARROÇÁVEL;CÉU CLARO;DUPLA;"RETA;DECLIVE";NÃO;1
RS;BR-392;RIO GRANDE;3;1;QUARTA-FEIRA;2;0;17;15H-17H;TARDE;PLENO DIA;MANOBRA DE MUDANÇA DE FAIXA;COLISÃO COM OBJETO;CÉU CLARO;DUPLA;RETA;NÃO;0
PR;BR-376;TIBAGI;3;1;QUARTA-FEIRA;2;0;17;15H-17H;TARDE;PLENO DIA;RETORNO PROIBIDO;COLISÃO FRONTAL;CÉU CLARO;SIMPLES;RETA;NÃO;0
PR;BR-376;CURITIBA;3;1;QUARTA-FEIRA;2;0;18;18H-20H;NOITE;ANOITECER;MANOBRA DE MUDANÇA DE FAIXA;COLISÃO LATERAL MESMO SENTIDO;NUBLADO;DUPLA;RETA;SIM;0
PR;BR-116;CURITIBA;3;1;QUARTA-FEIRA;2;0;18;18H-20H;NOITE;PLENA NOITE;REAÇÃO TARDIA OU INEFICIENTE DO CONDUTOR;COLISÃO TRASEIRA;CÉU CLARO;DUPLA;CURVA;SIM;0
MA;BR-316;CAXIAS;3;1;QUARTA-FEIRA;2;0;19;18H-20H;NOITE;PLENA NOITE;ACESSAR A VIA SEM OBSERVAR A PRESENÇA DOS OUTROS VEÍCULOS;COLISÃO TRASEIRA;CÉU CLARO;SIMPLES;RETA;NÃO;0
MG;BR-040;JUIZ DE FORA;3;1;QUARTA-FEIRA;2;0;19;18H-20H;NOITE;PLENA NOITE;AUSÊNCIA DE REAÇÃO DO CONDUTOR;COLISÃO COM OBJETO;CHUVA;DUPLA;RETA;NÃO;0
RN;BR-304;MOSSORO;3;1;QUARTA-FEIRA;2;0;19;18H-20H;NOITE;PLENA NOITE;OBJETO ESTÁTICO SOBRE O LEITO CARROÇÁVEL;COLISÃO TRASEIRA;CÉU CLARO;SIMPLES;RETA;NÃO;0
RS;BR-158;SANTA MARIA;3;1;QUARTA-FEIRA;2;0;19;18H-20H;NOITE;PLENA NOITE;ILUMINAÇÃO DEFICIENTE;COLISÃO TRANSVERSAL;CÉU CLARO;MÚLTIPLA;"EM OBRAS;INTERSEÇÃO DE VIAS;ROTATÓRIA";SIM;0
RJ;BR-101;TANGUA;3;1;QUARTA-FEIRA;2;0;20;18H-20H;NOITE;PLENA NOITE;REAÇÃO TARDIA OU INEFICIENTE DO CONDUTOR;COLISÃO FRONTAL;CHUVA;SIMPLES;RETA;NÃO;0
PR;BR-369;CASCAVEL;3;1;QUARTA-FEIRA;2;0;20;18H-20H;NOITE;PLENA NOITE;AUSÊNCIA DE REAÇÃO DO CONDUTOR;COLISÃO FRONTAL;CÉU CLARO;SIMPLES;"RETA;ACLIVE";SIM;0
TO;BR-153;MIRANORTE;3;1;QUARTA-FEIRA;2;0;20;18H-20H;NOITE;PLENA NOITE;REAÇÃO TARDIA OU INEFICIENTE DO CONDUTOR;TOMBAMENTO;CÉU CLARO;DUPLA;CURVA;SIM;0
MG;BR-040;PARACATU;3;1;QUARTA-FEIRA;2;0;19;18H-20H;NOITE;PLENA NOITE;ACESSO IRREGULAR;COLISÃO FRONTAL;CÉU CLARO;SIMPLES;INTERSEÇÃO DE VIAS;SIM;0
MA;BR-135;SAO LUIS;3;1;QUARTA-FEIRA;2;0;20;18H-20H;NOITE;PLENA NOITE;ACESSAR A VIA SEM OBSERVAR A PRESENÇA DOS OUTROS VEÍCULOS;COLISÃO TRANSVERSAL;CÉU CLARO;DUPLA;ROTATÓRIA;SIM;0
DF;BR-070;BRASILIA;3;1;QUARTA-FEIRA;2;0;20;18H-20H;NOITE;PLENA NOITE;REAÇÃO TARDIA OU INEFICIENTE DO CONDUTOR;COLISÃO TRASEIRA;NUBLADO;DUPLA;CURVA;SIM;0
RJ;BR-116;NOVA IGUACU;3;1;QUARTA-FEIRA;2;0;20;18H-20H;NOITE;PLENA NOITE;DEMAIS FALHAS MECÂNICAS OU ELÉTRICAS;INCÊNDIO;CHUVA;DUPLA;RETA;SIM;0
PI;BR-230;NAZARE DO PIAUI;3;1;QUARTA-FEIRA;2;0;18;18H-20H;NOITE;ANOITECER;AUSÊNCIA DE REAÇÃO DO CONDUTOR;ATROPELAMENTO DE PEDESTRE;CÉU CLARO;SIMPLES;RETA;NÃO;1
RS;BR-290;PORTO ALEGRE;3;1;QUARTA-FEIRA;2;0;20;18H-20H;NOITE;PLENA NOITE;AUSÊNCIA DE REAÇÃO DO CONDUTOR;COLISÃO COM OBJETO;CÉU CLARO;DUPLA;RETA;NÃO;0
SP;BR-116;GUARULHOS;3;1;QUARTA-FEIRA;2;0;22;21H-23H;NOITE;PLENA NOITE;AVARIAS E/OU DESGASTE EXCESSIVO NO PNEU;QUEDA DE OCUPANTE DE VEÍCULO;NUBLADO;DUPLA;RETA;SIM;0
RJ;BR-465;NOVA IGUACU;3;1;QUARTA-FEIRA;2;0;19;18H-20H;NOITE;PLENA NOITE;AUSÊNCIA DE REAÇÃO DO CONDUTOR;COLISÃO LATERAL SENTIDO OPOSTO;CHUVA;SIMPLES;RETA;SIM;0
PR;BR-116;QUATRO BARRAS;3;1;QUARTA-FEIRA;2;0;22;21H-23H;NOITE;PLENA NOITE;REAÇÃO TARDIA OU INEFICIENTE DO CONDUTOR;COLISÃO COM OBJETO;NUBLADO;DUPLA;RETA;SIM;0
RJ;BR-465;SEROPEDICA;3;1;QUARTA-FEIRA;2;0;20;18H-20H;NOITE;PLENA NOITE;AUSÊNCIA DE REAÇÃO DO CONDUTOR;COLISÃO TRANSVERSAL;CÉU CLARO;SIMPLES;INTERSEÇÃO DE VIAS;SIM;0
RJ;BR-101;SAO GONCALO;3;1;QUARTA-FEIRA;2;0;23;21H-23H;NOITE;PLENA NOITE;AUSÊNCIA DE REAÇÃO DO CONDUTOR;TOMBAMENTO;CHUVA;DUPLA;CURVA;NÃO;0
MG;BR-040;JUIZ DE FORA;3;1;QUARTA-FEIRA;2;0;23;21H-23H;NOITE;PLENO DIA;REAÇÃO TARDIA OU INEFICIENTE DO CONDUTOR;COLISÃO COM OBJETO;GAROA/CHUVISCO;DUPLA;CURVA;NÃO;0
AL;BR-101;JUNQUEIRO;3;1;QUARTA-FEIRA;2;0;21;21H-23H;NOITE;PLENA NOITE;REAÇÃO TARDIA OU INEFICIENTE DO CONDUTOR;COLISÃO LATERAL MESMO SENTIDO;CÉU CLARO;SIMPLES;RETA;SIM;0
PR;BR-376;CURITIBA;3;1;QUARTA-FEIRA;2;0;23;21H-23H;NOITE;PLENA NOITE;AUSÊNCIA DE REAÇÃO DO CONDUTOR;COLISÃO LATERAL MESMO SENTIDO;CÉU CLARO;DUPLA;"RETA;DECLIVE";NÃO;0
RJ;BR-116;DUQUE DE CAXIAS;3;1;QUINTA-FEIRA;3;0;0;00H-02H;MADRUGADA;PLENA NOITE;AUSÊNCIA DE REAÇÃO DO CONDUTOR;CAPOTAMENTO;CHUVA;DUPLA;RETA;SIM;0
MG;BR-050;UBERABA;3;1;QUARTA-FEIRA;2;0;23;21H-23H;NOITE;PLENA NOITE;ACESSO IRREGULAR;COLISÃO TRANSVERSAL;CÉU CLARO;DUPLA;RETA;SIM;1
BA;BR-324;CANDEIAS;3;1;QUARTA-FEIRA;2;0;20;18H-20H;NOITE;PLENA NOITE;REAÇÃO TARDIA OU INEFICIENTE DO CONDUTOR;COLISÃO COM OBJETO;CÉU CLARO;DUPLA;RETA;NÃO;0
MT;BR-070;CUIABA;3;1;QUARTA-FEIRA;2;0;22;21H-23H;NOITE;PLENA NOITE;REAÇÃO TARDIA OU INEFICIENTE DO CONDUTOR;QUEDA DE OCUPANTE DE VEÍCULO;NUBLADO;DUPLA;INTERSEÇÃO DE VIAS;NÃO;0
PE;BR-232;MIRANDIBA;3;1;QUINTA-FEIRA;3;0;1;00H-02H;MADRUGADA;PLENA NOITE;ANIMAIS NA PISTA;ATROPELAMENTO DE ANIMAL;CÉU CLARO;SIMPLES;RETA;NÃO;0
MG;BR-364;PLANURA;3;1;QUINTA-FEIRA;3;0;1;00H-02H;MADRUGADA;PLENA NOITE;INGESTÃO DE ÁLCOOL PELO CONDUTOR;COLISÃO FRONTAL;CÉU CLARO;SIMPLES;"RETA;PONTE";NÃO;0
RJ;BR-116;NOVA IGUACU;3;1;QUINTA-FEIRA;3;0;3;03H-05H;MADRUGADA;PLENA NOITE;PEDESTRE ANDAVA NA PISTA;ATROPELAMENTO DE PEDESTRE;CHUVA;MÚLTIPLA;RETA;NÃO;0
MG;BR-365;INDIANOPOLIS;3;1;QUINTA-FEIRA;3;0;1;00H-02H;MADRUGADA;PLENA NOITE;ENTRADA INOPINADA DO PEDESTRE;ATROPELAMENTO DE PEDESTRE;CÉU CLARO;SIMPLES;RETA;NÃO;1