uf;br_formatada;municipio;mes;trimestre;dia_semana;dia_semana_num;fim_de_semana;hora;faixa_horaria;turno;fase_dia;causa_acidente;tipo_acidente;condicao_metereologica;tipo_pista;tracado_via;uso_solo;acidente_fatal
PE;BR-101;PALMARES;3;1;SEXTA-FEIRA;4;0;17;15H-17H;TARDE;PLENA NOITE;CONDUTOR DORMINDO;SAÍDA DE LEITO CARROÇÁVEL;CÉU CLARO;DUPLA;RETA;NÃO;0
GO;BR-153;GOIANIA;3;1;SEXTA-FEIRA;4;0;18;18H-20H;NOITE;PLENO DIA;CONDUTOR DEIXOU DE MANTER DISTÂNCIA DO VEÍCULO DA FRENTE;COLISÃO TRASEIRA;CÉU CLARO;MÚLTIPLA;RETA;SIM;0
SC;BR-101;ITAPEMA;3;1;SEXTA-FEIRA;4;0;17;15H-17H;TARDE;PLENO DIA;REAÇÃO TARDIA OU INEFICIENTE DO CONDUTOR;ENGAVETAMENTO;CÉU CLARO;DUPLA;RETA;SIM;0
MG;BR-040;RIBEIRAO DAS NEVES;3;1;SEXTA-FEIRA;4;0;16;15H-17H;TARDE;PLENO DIA;REAÇÃO TARDIA OU INEFICIENTE DO CONDUTOR;COLISÃO LATERAL MESMO SENTIDO;NUBLADO;DUPLA;RETA;SIM;0
RJ;BR-393;SAPUCAIA;3;1;SEXTA-FEIRA;4;0;18;18H-20H;NOITE;PLENA NOITE;PEDESTRE CRUZAVA A PISTA FORA DA FAIXA;ATROPELAMENTO DE PEDESTRE;CÉU CLARO;DUPLA;RETA;SIM;0
GO;BR-040;CRISTALINA;3;1;SEXTA-FEIRA;4;0;18;18H-20H;NOITE;ANOITECER;PISTA ESCORREGADIA;QUEDA DE OCUPANTE DE VEÍCULO;CÉU CLARO;SIMPLES;RETA;SIM;0
PA;BR-230;MARABA;3;1;SEXTA-FEIRA;4;0;18;18H-20H;NOITE;PLENO DIA;CONDUTOR DEIXOU DE MANTER DISTÂNCIA DO VEÍCULO DA FRENTE;COLISÃO TRASEIRA;NUBLADO;DUPLA;RETA;SIM;0
PA;BR-010;PARAGOMINAS;3;1;SEXTA-FEIRA;4;0;14;12H-14H;TARDE;PLENO DIA;CONDUTOR DEIXOU DE MANTER DISTÂNCIA DO VEÍCULO DA FRENTE;COLISÃO LATERAL MESMO SENTIDO;CÉU CLARO;SIMPLES;RETA;NÃO;0
PA;BR-316;SANTA IZABEL DO PARA;3;1;SEXTA-FEIRA;4;0;18;18H-20H;NOITE;ANOITECER;REAÇÃO TARDIA OU INEFICIENTE DO CONDUTOR;SAÍDA DE LEITO CARROÇÁVEL;GAROA/CHUVISCO;DUPLA;RETA;NÃO;0
BA;BR-101;CARAVELAS;3;1;SEXTA-FEIRA;4;0;16;15H-17H;TARDE;PLENO DIA;REAÇÃO TARDIA OU INEFICIENTE DO CONDUTOR;SAÍDA DE LEITO CARROÇÁVEL;CÉU CLARO;SIMPLES;CURVA;NÃO;0
MS;BR-267;JARDIM;3;1;SEXTA-FEIRA;4;0;18;18H-20H;NOITE;PLENA NOITE;ACESSAR A VIA SEM OBSERVAR A PRESENÇA DOS OUTROS VEÍCULOS;COLISÃO TRANSVERSAL;CÉU CLARO;DUPLA;RETA;SIM;0
MG;BR-116;CARATINGA;3;1;SEXTA-FEIRA;4;0;19;18H-20H;NOITE;PLENA NOITE;REAÇÃO TARDIA OU INEFICIENTE DO CONDUTOR;COLISÃO TRANSVERSAL;CÉU CLARO;SIMPLES;CURVA;SIM;0
PB;BR-230;GURINHEM;3;1;SEXTA-FEIRA;4;0;18;18H-20H;NOITE;PLENA NOITE;AUSÊNCIA DE REAÇÃO DO CONDUTOR;SAÍDA DE LEITO CARROÇÁVEL;NUBLADO;DUPLA;RETA;NÃO;0
BA;BR-324;AMELIA RODRIGUES;3;1;SEXTA-FEIRA;4;0;19;18H-20H;NOITE;PLENA NOITE;ACESSO IRREGULAR;COLISÃO LATERAL MESMO SENTIDO;CÉU CLARO;DUPLA;RETA;SIM;0
RS;BR-468;TRES PASSOS;3;1;SEXTA-FEIRA;4;0;19;18H-20H;NOITE;PLENA NOITE;RETORNO PROIBIDO;COLISÃO TRANSVERSAL;CÉU CLARO;SIMPLES;"RETA;INTERSEÇÃO DE VIAS";SIM;0
SC;BR-101;ITAJAI;3;1;SEXTA-FEIRA;4;0;19;18H-20H;NOITE;PLENA NOITE;AUSÊNCIA DE REAÇÃO DO CONDUTOR;TOMBAMENTO;NUBLADO;DUPLA;RETA;NÃO;0
SC;BR-116;LAGES;3;1;SEXTA-FEIRA;4;0;20;18H-20H;NOITE;PLENA NOITE;ACESSO IRREGULAR;COLISÃO TRANSVERSAL;CÉU CLARO;SIMPLES;"DECLIVE;RETA";SIM;0
SC;BR-101;PALHOCA;3;1;SEXTA-FEIRA;4;0;20;18H-20H;NOITE;PLENA NOITE;AUSÊNCIA DE REAÇÃO DO CONDUTOR;COLISÃO FRONTAL;NUBLADO;DUPLA;RETA;SIM;0
SC;BR-470;APIUNA;3;1;SEXTA-FEIRA;4;0;16;15H-17H;TARDE;PLENO DIA;CONVERSÃO PROIBIDA;COLISÃO TRANSVERSAL;CÉU CLARO;SIMPLES;CURVA;SIM;0
PA;BR-230;MARABA;3;1;SEXTA-FEIRA;4;0;18;18H-20H;NOITE;PLENA NOITE;ACESSAR A VIA SEM OBSERVAR A PRESENÇA DOS OUTROS VEÍCULOS;COLISÃO FRONTAL;NUBLADO;SIMPLES;RETA;SIM;0
RJ;BR-101;ANGRA DOS REIS;3;1;SEXTA-FEIRA;4;0;19;18H-20H;NOITE;PLENA NOITE;ENTRADA INOPINADA DO PEDESTRE;ATROPELAMENTO DE PEDESTRE;CÉU CLARO;SIMPLES;RETA;SIM;0
MG;BR-116;TEOFILO OTONI;3;1;SEXTA-FEIRA;4;0;19;18H-20H;NOITE;PLENA NOITE;VELOCIDADE INCOMPATÍVEL;ATROPELAMENTO DE PEDESTRE;CÉU CLARO;SIMPLES;RETA;SIM;0
SC;BR-470;IBIRAMA;3;1;SEXTA-FEIRA;4;0;19;18H-20H;NOITE;PLENA NOITE;RETORNO PROIBIDO;COLISÃO TRANSVERSAL;CÉU CLARO;SIMPLES;RETA;SIM;0
MG;BR-381;SANTO ANTONIO DO AMPARO;3;1;SEXTA-FEIRA;4;0;19;18H-20H;NOITE;PLENA NOITE;VELOCIDADE INCOMPATÍVEL;SAÍDA DE LEITO CARROÇÁVEL;CÉU CLARO;DUPLA;CURVA;NÃO;0
GO;BR-153;GOIANIA;3;1;QUARTA-FEIRA;2;0;7;06H-08H;MANHA;PLENO DIA;MANOBRA DE MUDANÇA DE FAIXA;COLISÃO TRANSVERSAL;CÉU CLARO;DUPLA;ACLIVE;SIM;0
MG;BR-116;TEOFILO OTONI;3;1;SEXTA-FEIRA;4;0;21;21H-23H;NOITE;PLENA NOITE;ACESSAR A VIA SEM OBSERVAR A PRESENÇA DOS OUTROS VEÍCULOS;COLISÃO TRANSVERSAL;NUBLADO;DUPLA;"INTERSEÇÃO DE VIAS;RETA";SIM;0
MG;BR-116;ITAOBIM;3;1;SEXTA-FEIRA;4;0;19;18H-20H;NOITE;PLENA NOITE;REAÇÃO TARDIA OU INEFICIENTE DO CONDUTOR;SAÍDA DE LEITO CARROÇÁVEL;CÉU CLARO;SIMPLES;CURVA;NÃO;0
SP;BR-116;SAO PAULO;3;1;SEXTA-FEIRA;4;0;21;21H-23H;NOITE;PLENA NOITE;REAÇÃO TARDIA OU INEFICIENTE DO CONDUTOR;COLISÃO TRASEIRA;CÉU CLARO;MÚLTIPLA;"EM OBRAS;RETA";SIM;0
MT;BR-163;SINOP;3;1;SEXTA-FEIRA;4;0;20;18H-20H;NOITE;PLENA NOITE;REAÇÃO TARDIA OU INEFICIENTE DO CONDUTOR;COLISÃO TRANSVERSAL;CÉU CLARO;DUPLA;"INTERSEÇÃO DE VIAS;ROTATÓRIA";SIM;0
MS;BR-163;CAMPO GRANDE;3;1;SEXTA-FEIRA;4;0;17;15H-17H;TARDE;PLENA NOITE;CONDUTOR DORMINDO;SAÍDA DE LEITO CARROÇÁVEL;CÉU CLARO;SIMPLES;RETA;NÃO;0
MG;BR-050;UBERABA;3;1;SEXTA-FEIRA;4;0;18;18H-20H;NOITE;PLENA NOITE;VELOCIDADE INCOMPATÍVEL;SAÍDA DE LEITO CARROÇÁVEL;CHUVA;DUPLA;RETA;NÃO;0
BA;BR-116;VITORIA DA CONQUISTA;3;1;SEXTA-FEIRA;4;0;22;21H-23H;NOITE;PLENA NOITE;TRANSITAR NO ACOSTAMENTO;ATROPELAMENTO DE PEDESTRE;CÉU CLARO;SIMPLES;"RETA;DECLIVE";NÃO;0
SC;BR-101;SOMBRIO;3;1;SEXTA-FEIRA;4;0;22;21H-23H;NOITE;PLENA NOITE;ACESSAR A VIA SEM OBSERVAR A PRESENÇA DOS OUTROS VEÍCULOS;COLISÃO TRANSVERSAL;IGNORADO;SIMPLES;INTERSEÇÃO DE VIAS;NÃO;0
SP;BR-116;SAO JOSE DOS CAMPOS;3;1;SEXTA-FEIRA;4;0;22;21H-23H;NOITE;PLENA NOITE;AVARIAS E/OU DESGASTE EXCESSIVO NO PNEU;TOMBAMENTO;CÉU CLARO;MÚLTIPLA;RETA;NÃO;0
MG;BR-040;CURVELO;3;1;SEXTA-FEIRA;4;0;21;21H-23H;NOITE;PLENA NOITE;CONVERSÃO PROIBIDA;COLISÃO TRANSVERSAL;CÉU CLARO;SIMPLES;"INTERSEÇÃO DE VIAS;RETA";NÃO;0
MG;BR-262;PERDIZES;3;1;SEXTA-FEIRA;4;0;18;18H-20H;NOITE;PLENA NOITE;CHUVA;SAÍDA DE LEITO CARROÇÁVEL;CHUVA;SIMPLES;RETA;NÃO;0
MG;BR-116;SANTA BARBARA DO LESTE;3;1;SEXTA-FEIRA;4;0;19;18H-20H;NOITE;PLENA NOITE;ACESSAR A VIA SEM OBSERVAR A PRESENÇA DOS OUTROS VEÍCULOS;COLISÃO LATERAL MESMO SENTIDO;CÉU CLARO;SIMPLES;RETA;NÃO;0
GO;BR-070;AGUAS LINDAS DE GOIAS;3;1;SEXTA-FEIRA;4;0;23;21H-23H;NOITE;PLENA NOITE;INGESTÃO DE ÁLCOOL PELO CONDUTOR;COLISÃO TRASEIRA;CÉU CLARO;MÚLTIPLA;RETA;SIM;0
RJ;BR-493;DUQUE DE CAXIAS;3;1;SEXTA-FEIRA;4;0;20;18H-20H;NOITE;PLENA NOITE;DEMAIS FALHAS MECÂNICAS OU ELÉTRICAS;INCÊNDIO;CÉU CLARO;DUPLA;RETA;NÃO;0
MG;BR-050;UBERLANDIA;3;1;SEXTA-FEIRA;4;0;23;21H-23H;NOITE;PLENA NOITE;INGESTÃO DE ÁLCOOL PELO CONDUTOR;COLISÃO COM OBJETO;NUBLADO;DUPLA;RETA;SIM;0
RO;BR-364;ALTO PARAISO;3;1;SEXTA-FEIRA;4;0;12;12H-14H;TARDE;PLENO DIA;ACESSAR A VIA SEM OBSERVAR A PRESENÇA DOS OUTROS VEÍCULOS;COLISÃO LATERAL MESMO SENTIDO;CÉU CLARO;SIMPLES;RETA;NÃO;0
SC;BR-101;ICARA;3;1;SEXTA-FEIRA;4;0;22;21H-23H;NOITE;PLENA NOITE;ACUMULO DE AREIA OU DETRITOS SOBRE O PAVIMENTO;TOMBAMENTO;CÉU CLARO;MÚLTIPLA;"INTERSEÇÃO DE VIAS;CURVA";NÃO;0
RJ;BR-040;COMENDADOR LEVY GASPARIAN;3;1;SEXTA-FEIRA;4;0;21;21H-23H;NOITE;PLENA NOITE;AUSÊNCIA DE REAÇÃO DO CONDUTOR;SAÍDA DE LEITO CARROÇÁVEL;IGNORADO;SIMPLES;CURVA;NÃO;0
PE;BR-116;SALGUEIRO;3;1;SEXTA-FEIRA;4;0;22;21H-23H;NOITE;PLENA NOITE;CONDUTOR DEIXOU DE MANTER DISTÂNCIA DO VEÍCULO DA FRENTE;COLISÃO TRASEIRA;NUBLADO;SIMPLES;DECLIVE;NÃO;0
PE;BR-316;FLORESTA;3;1;SEXTA-FEIRA;4;0;18;18H-20H;NOITE;PLENA NOITE;REAÇÃO TARDIA OU INEFICIENTE DO CONDUTOR;EVENTOS ATÍPICOS;NUBLADO;SIMPLES;"RETA;DECLIVE";NÃO;0
RJ;BR-116;MAGE;3;1;SEXTA-FEIRA;4;0;22;21H-23H;NOITE;PLENA NOITE;REAÇÃO TARDIA OU INEFICIENTE DO CONDUTOR;QUEDA DE OCUPANTE DE VEÍCULO;CÉU CLARO;DUPLA;RETA;NÃO;0
PA;BR-230;ALTAMIRA;3;1;SEXTA-FEIRA;4;0;22;21H-23H;NOITE;PLENA NOITE;CONDUTOR DESRESPEITOU A ILUMINAÇÃO VERMELHA DO SEMÁFORO;COLISÃO TRANSVERSAL;NUBLADO;SIMPLES;"RETA;INTERSEÇÃO DE VIAS";SIM;0
PR;BR-277;FOZ DO IGUACU;3;1;SEXTA-FEIRA;4;0;17;15H-17H;TARDE;PLENO DIA;CONDUTOR DEIXOU DE MANTER DISTÂNCIA DO VEÍCULO DA FRENTE;COLISÃO TRASEIRA;CÉU CLARO;DUPLA;RETA;SIM;0
RJ;BR-116;SAO JOAO DE MERITI;3;1;SEXTA-FEIRA;4;0;20;18H-20H;NOITE;PLENA NOITE;AUSÊNCIA DE REAÇÃO DO CONDUTOR;QUEDA DE OCUPANTE DE VEÍCULO;CÉU CLARO;DUPLA;RETA;NÃO;0
GO;BR-060;ANAPOLIS;3;1;SEXTA-FEIRA;4;0;23;21H-23H;NOITE;PLENA NOITE;CHUVA;SAÍDA DE LEITO CARROÇÁVEL;CHUVA;DUPLA;RETA;NÃO;0
ES;BR-101;SERRA;3;1;SÁBADO;5;1;1;00H-02H;MADRUGADA;PLENA NOITE;AUSÊNCIA DE REAÇÃO DO CONDUTOR;COLISÃO COM OBJETO;CÉU CLARO;DUPLA;RETA;SIM;0
PE;BR-423;GARANHUNS;3;1;SÁBADO;5;1;1;00H-02H;MADRUGADA;PLENO DIA;AUSÊNCIA DE REAÇÃO DO CONDUTOR;SAÍDA DE LEITO CARROÇÁVEL;CÉU CLARO;SIMPLES;"RETA;DECLIVE";NÃO;1
RS;BR-392;CANGUCU;3;1;SÁBADO;5;1;2;00H-02H;MADRUGADA;PLENA NOITE;DEMAIS FALHAS MECÂNICAS OU ELÉTRICAS;COLISÃO COM OBJETO;CÉU CLARO;SIMPLES;RETA;NÃO;0
MG;BR-365;UBERLANDIA;3;1;SÁBADO;5;1;2;00H-02H;MADRUGADA;PLENA NOITE;TRANSITAR NA CONTRAMÃO;COLISÃO FRONTAL;CÉU CLARO;DUPLA;RETORNO REGULAMENTADO;SIM;0
MT;BR-163;SORRISO;3;1;SÁBADO;5;1;1;00H-02H;MADRUGADA;PLENA NOITE;ANIMAIS NA PISTA;ATROPELAMENTO DE ANIMAL;CÉU CLARO;SIMPLES;RETA;NÃO;0
BA;BR-407;JAGUARARI;3;1;SÁBADO;5;1;1;00H-02H;MADRUGADA;PLENA NOITE;CONDUTOR DORMINDO;SAÍDA DE LEITO CARROÇÁVEL;CÉU CLARO;SIMPLES;RETA;NÃO;0
ES;BR-262;IBATIBA;2;1;SEXTA-FEIRA;4;0;6;06H-08H;MANHA;PLENO DIA;DESRESPEITAR A PREFERÊNCIA NO CRUZAMENTO;COLISÃO TRANSVERSAL;NUBLADO;SIMPLES;CURVA;NÃO;0
GO;BR-153;ESTRELA DO NORTE;3;1;SÁBADO;5;1;1;00H-02H;MADRUGADA;PLENA NOITE;INGESTÃO DE ÁLCOOL PELO CONDUTOR;SAÍDA DE LEITO CARROÇÁVEL;NUBLADO;SIMPLES;RETA;NÃO;0
MS;BR-163;CAMPO GRANDE;3;1;SÁBADO;5;1;3;03H-05H;MADRUGADA;PLENA NOITE;ANIMAIS NA PISTA;ATROPELAMENTO DE ANIMAL;CÉU CLARO;SIMPLES;RETA;NÃO;0
SC;BR-282;DESCANSO;3;1;SÁBADO;5;1;0;00H-02H;MADRUGADA;PLENA NOITE;INGESTÃO DE ÁLCOOL PELO CONDUTOR;COLISÃO LATERAL SENTIDO OPOSTO;CÉU CLARO;SIMPLES;CURVA;NÃO;0
RS;BR-386;SAO MARCOS;3;1;SEXTA-FEIRA;4;0;18;18H-20H;NOITE;PLENA NOITE;REAÇÃO TARDIA OU INEFICIENTE DO CONDUTOR;COLISÃO TRASEIRA;CÉU CLARO;SIMPLES;RETA;NÃO;0
MG;BR-050;ARAGUARI;3;1;SÁBADO;5;1;4;03H-05H;MADRUGADA;PLENA NOITE;INGESTÃO DE ÁLCOOL PELO CONDUTOR;CAPOTAMENTO;CÉU CLARO;DUPLA;"RETA;RETORNO REGULAMENTADO";NÃO;0
RJ;BR-101;RIO BONITO;3;1;SÁBADO;5;1;4;03H-05H;MADRUGADA;PLENA NOITE;AUSÊNCIA DE REAÇÃO DO CONDUTOR;COLISÃO COM OBJETO;CÉU CLARO;DUPLA;CURVA;SIM;0
ES;BR-259;COLATINA;3;1;SÁBADO;5;1;4;03H-05H;MADRUGADA;AMANHECER;AUSÊNCIA DE REAÇÃO DO CONDUTOR;SAÍDA DE LEITO CARROÇÁVEL;CÉU CLARO;SIMPLES;RETA;NÃO;0
RJ;BR-101;ANGRA DOS REIS;3;1;SÁBADO;5;1;4;03H-05H;MADRUGADA;PLENA NOITE;REAÇÃO TARDIA OU INEFICIENTE DO CONDUTOR;COLISÃO FRONTAL;CÉU CLARO;SIMPLES;CURVA;NÃO;1
PR;BR-116;COLOMBO;3;1;SÁBADO;5;1;5;03H-05H;MADRUGADA;AMANHECER;ENTRADA INOPINADA DO PEDESTRE;ATROPELAMENTO DE PEDESTRE;NUBLADO;DUPLA;"RETA;ACLIVE";SIM;0
MG;BR-040;CONSELHEIRO LAFAIETE;3;1;SÁBADO;5;1;5;03H-05H;MADRUGADA;AMANHECER;AUSÊNCIA DE REAÇÃO DO CONDUTOR;ATROPELAMENTO DE PEDESTRE;NUBLADO;SIMPLES;RETA;NÃO;0
MG;BR-262;NOVA SERRANA;3;1;SEXTA-FEIRA;4;0;22;21H-23H;NOITE;PLENA NOITE;VELOCIDADE INCOMPATÍVEL;CAPOTAMENTO;CHUVA;DUPLA;RETA;NÃO;0
ES;BR-101;SERRA;3;1;SÁBADO;5;1;6;06H-08H;MANHA;AMANHECER;MANOBRA DE MUDANÇA DE FAIXA;TOMBAMENTO;CÉU CLARO;SIMPLES;RETA;SIM;0
PE;BR-104;CARUARU;3;1;SÁBADO;5;1;5;03H-05H;MADRUGADA;AMANHECER;ANIMAIS NA PISTA;ATROPELAMENTO DE ANIMAL;CÉU CLARO;DUPLA;"RETA;DECLIVE";SIM;0
MG;BR-040;SETE LAGOAS;3;1;SÁBADO;5;1;6;06H-08H;MANHA;AMANHECER;PISTA ESCORREGADIA;TOMBAMENTO;CÉU CLARO;MÚLTIPLA;VIADUTO;SIM;0
TO;BR-153;ARAGUAINA;3;1;SÁBADO;5;1;5;03H-05H;MADRUGADA;PLENO DIA;AUSÊNCIA DE REAÇÃO DO CONDUTOR;COLISÃO TRASEIRA;CÉU CLARO;DUPLA;RETA;NÃO;0
PB;BR-230;CAMPINA GRANDE;3;1;SÁBADO;5;1;6;06H-08H;MANHA;PLENO DIA;ACESSAR A VIA SEM OBSERVAR A PRESENÇA DOS OUTROS VEÍCULOS;COLISÃO TRANSVERSAL;NEVOEIRO/NEBLINA;SIMPLES;"RETA;INTERSEÇÃO DE VIAS";SIM;0
BA;BR-324;SIMOES FILHO;3;1;SÁBADO;5;1;5;03H-05H;MADRUGADA;PLENO DIA;ACESSAR A VIA SEM OBSERVAR A PRESENÇA DOS OUTROS VEÍCULOS;ATROPELAMENTO DE PEDESTRE;NUBLADO;MÚLTIPLA;RETA;SIM;0
SC;BR-282;XANXERE;3;1;SÁBADO;5;1;6;06H-08H;MANHA;PLENO DIA;ACESSAR A VIA SEM OBSERVAR A PRESENÇA DOS OUTROS VEÍCULOS;COLISÃO TRANSVERSAL;CÉU CLARO;DUPLA;INTERSEÇÃO DE VIAS;SIM;0
TO;BR-153;ARAGUAINA;3;1;SÁBADO;5;1;6;06H-08H;MANHA;PLENO DIA;INGESTÃO DE ÁLCOOL PELO CONDUTOR;COLISÃO TRASEIRA;CÉU CLARO;DUPLA;RETA;SIM;1
SC;BR-280;TRES BARRAS;3;1;SÁBADO;5;1;3;03H-05H;MADRUGADA;PLENA NOITE;AUSÊNCIA DE REAÇÃO DO CONDUTOR;COLISÃO TRASEIRA;NUBLADO;SIMPLES;RETA;NÃO;0
MG;BR-116;TEOFILO OTONI;3;1;SÁBADO;5;1;6;06H-08H;MANHA;PLENO DIA;MANOBRA DE MUDANÇA DE FAIXA;COLISÃO LATERAL MESMO SENTIDO;CÉU CLARO;DUPLA;CURVA;NÃO;0
MG;BR-356;PATROCINIO DO MURIAE;3;1;SÁBADO;5;1;7;06H-08H;MANHA;PLENO DIA;TRANSITAR NA CONTRAMÃO;COLISÃO LATERAL SENTIDO OPOSTO;CÉU CLARO;SIMPLES;RETA;NÃO;0
RJ;BR-101;CAMPOS DOS GOYTACAZES;3;1;SÁBADO;5;1;8;06H-08H;MANHA;PLENO DIA;DEMAIS FALHAS MECÂNICAS OU ELÉTRICAS;TOMBAMENTO;NUBLADO;DUPLA;RETA;NÃO;0
BA;BR-407;JUAZEIRO;3;1;SÁBADO;5;1;4;03H-05H;MADRUGADA;AMANHECER;ENTRADA INOPINADA DO PEDESTRE;ATROPELAMENTO DE PEDESTRE;CÉU CLARO;SIMPLES;RETA;NÃO;1
GO;BR-040;VALPARAISO DE GOIAS;3;1;SÁBADO;5;1;7;06H-08H;MANHA;PLENO DIA;CONDUTOR DEIXOU DE MANTER DISTÂNCIA DO VEÍCULO DA FRENTE;ENGAVETAMENTO;NUBLADO;DUPLA;RETA;SIM;0
RJ;BR-116;GUAPIMIRIM;3;1;SÁBADO;5;1;7;06H-08H;MANHA;PLENO DIA;PEDESTRE CRUZAVA A PISTA FORA DA FAIXA;ATROPELAMENTO DE PEDESTRE;CÉU CLARO;DUPLA;CURVA;NÃO;0
RS;BR-116;CAXIAS DO SUL;3;1;SÁBADO;5;1;7;06H-08H;MANHA;PLENO DIA;AUSÊNCIA DE REAÇÃO DO CONDUTOR;COLISÃO LATERAL MESMO SENTIDO;CÉU CLARO;SIMPLES;RETA;NÃO;0
SC;BR-282;IRACEMINHA;3;1;SÁBADO;5;1;6;06H-08H;MANHA;AMANHECER;INGESTÃO DE ÁLCOOL PELO CONDUTOR;COLISÃO FRONTAL;CÉU CLARO;SIMPLES;"DECLIVE;CURVA";NÃO;0
BA;BR-324;CAPIM GROSSO;3;1;SÁBADO;5;1;8;06H-08H;MANHA;PLENO DIA;PISTA ESCORREGADIA;QUEDA DE OCUPANTE DE VEÍCULO;NUBLADO;SIMPLES;ROTATÓRIA;SIM;0
RS;BR-470;BARAO;3;1;SÁBADO;5;1;8;06H-08H;MANHA;PLENO DIA;REAÇÃO TARDIA OU INEFICIENTE DO CONDUTOR;SAÍDA DE LEITO CARROÇÁVEL;CÉU CLARO;SIMPLES;CURVA;NÃO;0
SC;BR-101;PALHOCA;3;1;SÁBADO;5;1;8;06H-08H;MANHA;PLENO DIA;VELOCIDADE INCOMPATÍVEL;SAÍDA DE LEITO CARROÇÁVEL;SOL;DUPLA;RETA;NÃO;0
PE;BR-101;RIBEIRAO;3;1;SÁBADO;5;1;8;06H-08H;MANHA;PLENO DIA;REAÇÃO TARDIA OU INEFICIENTE DO CONDUTOR;COLISÃO TRASEIRA;CÉU CLARO;DUPLA;"RETA;ACLIVE";NÃO;0
PB;BR-101;CONDE;3;1;SÁBADO;5;1;9;09H-11H;MANHA;PLENO DIA;AUSÊNCIA DE REAÇÃO DO CONDUTOR;ATROPELAMENTO DE PEDESTRE;CÉU CLARO;DUPLA;RETA;SIM;0
RS;BR-386;MONTENEGRO;3;1;SÁBADO;5;1;9;09H-11H;MANHA;PLENO DIA;ACESSAR A VIA SEM OBSERVAR A PRESENÇA DOS OUTROS VEÍCULOS;COLISÃO TRANSVERSAL;CÉU CLARO;DUPLA;"RETA;ROTATÓRIA";SIM;0
PR;BR-153;REBOUCAS;3;1;SÁBADO;5;1;9;09H-11H;MANHA;PLENO DIA;FALTA DE ELEMENTO DE CONTENÇÃO QUE EVITE A SAÍDA DO LEITO CARROÇÁVEL;SAÍDA DE LEITO CARROÇÁVEL;CÉU CLARO;SIMPLES;RETA;NÃO;0
PI;BR-316;MONSENHOR GIL;3;1;SÁBADO;5;1;9;09H-11H;MANHA;PLENO DIA;AUSÊNCIA DE REAÇÃO DO CONDUTOR;CAPOTAMENTO;SOL;SIMPLES;RETA;NÃO;0
SP;BR-101;UBATUBA;3;1;SÁBADO;5;1;9;09H-11H;MANHA;PLENO DIA;RETORNO PROIBIDO;COLISÃO TRANSVERSAL;CÉU CLARO;SIMPLES;RETA;SIM;0
AL;BR-101;SAO MIGUEL DOS CAMPOS;3;1;SÁBADO;5;1;10;09H-11H;MANHA;PLENO DIA;REAÇÃO TARDIA OU INEFICIENTE DO CONDUTOR;COLISÃO TRANSVERSAL;CÉU CLARO;SIMPLES;RETA;NÃO;0
PI;BR-343;TERESINA;3;1;DOMINGO;6;1;20;18H-20H;NOITE;PLENA NOITE;ACESSAR A VIA SEM OBSERVAR A PRESENÇA DOS OUTROS VEÍCULOS;COLISÃO TRASEIRA;CÉU CLARO;DUPLA;ROTATÓRIA;NÃO;0
PR;BR-153;IRATI;3;1;SÁBADO;5;1;10;09H-11H;MANHA;PLENO DIA;CONVERSÃO PROIBIDA;COLISÃO LATERAL MESMO SENTIDO;SOL;SIMPLES;RETA;SIM;0
RJ;BR-101;SAO GONCALO;3;1;SÁBADO;5;1;11;09H-11H;MANHA;PLENO DIA;DEMAIS FALHAS MECÂNICAS OU ELÉTRICAS;TOMBAMENTO;CÉU CLARO;DUPLA;RETA;SIM;0
RJ;BR-116;TERESOPOLIS;3;1;SÁBADO;5;1;8;06H-08H;MANHA;PLENO DIA;ACESSAR A VIA SEM OBSERVAR A PRESENÇA DOS OUTROS VEÍCULOS;COLISÃO TRANSVERSAL;CÉU CLARO;SIMPLES;RETA;SIM;0
DF;BR-060;BRASILIA;3;1;SÁBADO;5;1;11;09H-11H;MANHA;PLENO DIA;REAÇÃO TARDIA OU INEFICIENTE DO CONDUTOR;TOMBAMENTO;CÉU CLARO;DUPLA;DECLIVE;NÃO;0
PI;BR-343;BURITI DOS LOPES;3;1;SÁBADO;5;1;11;09H-11H;MANHA;PLENO DIA;ACESSAR A VIA SEM OBSERVAR A PRESENÇA DOS OUTROS VEÍCULOS;COLISÃO TRANSVERSAL;SOL;SIMPLES;"RETA;INTERSEÇÃO DE VIAS";NÃO;0
PI;BR-343;TERESINA;3;1;SÁBADO;5;1;12;12H-14H;TARDE;PLENO DIA;CONDUTOR DEIXOU DE MANTER DISTÂNCIA DO VEÍCULO DA FRENTE;COLISÃO TRASEIRA;CÉU CLARO;DUPLA;INTERSEÇÃO DE VIAS;SIM;0
RS;BR-290;GRAVATAI;3;1;SÁBADO;5;1;12;12H-14H;TARDE;PLENO DIA;ANIMAIS NA PISTA;COLISÃO COM OBJETO;CÉU CLARO;MÚLTIPLA;RETA;NÃO;0
RS;BR-287;SAO VICENTE DO SUL;3;1;SÁBADO;5;1;7;06H-08H;MANHA;PLENO DIA;REAÇÃO TARDIA OU INEFICIENTE DO CONDUTOR;SAÍDA DE LEITO CARROÇÁVEL;NUBLADO;SIMPLES;CURVA;NÃO;0
RS;BR-116;CANOAS;3;1;SÁBADO;5;1;12;12H-14H;TARDE;PLENO DIA;ACESSAR A VIA SEM OBSERVAR A PRESENÇA DOS OUTROS VEÍCULOS;QUEDA DE OCUPANTE DE VEÍCULO;CÉU CLARO;DUPLA;RETA;SIM;0