uf;br_formatada;municipio;mes;trimestre;dia_semana;dia_semana_num;fim_de_semana;hora;faixa_horaria;turno;fase_dia;causa_acidente;tipo_acidente;condicao_metereologica;tipo_pista;tracado_via;uso_solo;acidente_fatal
MG;BR-365;UBERLANDIA;3;1;SEXTA-FEIRA;4;0;23;21H-23H;NOITE;PLENA NOITE;VELOCIDADE INCOMPATÍVEL;COLISÃO TRASEIRA;CÉU CLARO;DUPLA;"RETA;DECLIVE";NÃO;0
MG;BR-381;BETIM;3;1;SEXTA-FEIRA;4;0;23;21H-23H;NOITE;PLENO DIA;AVARIAS E/OU DESGASTE EXCESSIVO NO PNEU;TOMBAMENTO;CÉU CLARO;DUPLA;RETA;SIM;0
PR;BR-153;IRATI;3;1;SÁBADO;5;1;0;00H-02H;MADRUGADA;PLENA NOITE;AUSÊNCIA DE REAÇÃO DO CONDUTOR;COLISÃO FRONTAL;NUBLADO;SIMPLES;RETA;SIM;0
PR;BR-369;IBIPORA;3;1;SÁBADO;5;1;0;00H-02H;MADRUGADA;PLENA NOITE;CONVERSÃO PROIBIDA;COLISÃO TRANSVERSAL;CÉU CLARO;SIMPLES;"RETORNO REGULAMENTADO;RETA;INTERSEÇÃO DE VIAS";SIM;0
PB;BR-230;CAMPINA GRANDE;3;1;SÁBADO;5;1;0;00H-02H;MADRUGADA;PLENA NOITE;INGESTÃO DE ÁLCOOL PELO CONDUTOR;SAÍDA DE LEITO CARROÇÁVEL;NUBLADO;DUPLA;"RETA;ACLIVE";NÃO;0
RJ;BR-493;DUQUE DE CAXIAS;3;1;SEXTA-FEIRA;4;0;23;21H-23H;NOITE;PLENA NOITE;AUSÊNCIA DE REAÇÃO DO CONDUTOR;COLISÃO TRASEIRA;CÉU CLARO;DUPLA;RETA;NÃO;1
MS;BR-163;CAMPO GRANDE;3;1;SÁBADO;5;1;0;00H-02H;MADRUGADA;PLENA NOITE;ENTRADA INOPINADA DO PEDESTRE;ATROPELAMENTO DE PEDESTRE;CÉU CLARO;SIMPLES;RETA;NÃO;0
RO;BR-425;GUAJARA-MIRIM;3;1;SÁBADO;5;1;0;00H-02H;MADRUGADA;PLENA NOITE;INGESTÃO DE ÁLCOOL PELO CONDUTOR;COLISÃO TRANSVERSAL;CÉU CLARO;DUPLA;"RETA;INTERSEÇÃO DE VIAS";SIM;0
PE;BR-232;RECIFE;3;1;SÁBADO;5;1;1;00H-02H;MADRUGADA;PLENA NOITE;VELOCIDADE INCOMPATÍVEL;QUEDA DE OCUPANTE DE VEÍCULO;NUBLADO;MÚLTIPLA;RETA;SIM;0
SC;BR-282;ALFREDO WAGNER;3;1;SEXTA-FEIRA;4;0;22;21H-23H;NOITE;PLENA NOITE;VELOCIDADE INCOMPATÍVEL;SAÍDA DE LEITO CARROÇÁVEL;CÉU CLARO;SIMPLES;CURVA;NÃO;0
PR;BR-376;SAO JOSE DOS PINHAIS;3;1;SÁBADO;5;1;3;03H-05H;MADRUGADA;PLENA NOITE;AUSÊNCIA DE REAÇÃO DO CONDUTOR;COLISÃO COM OBJETO;NUBLADO;DUPLA;RETA;SIM;0
GO;BR-364;APARECIDA DO RIO DOCE;3;1;SÁBADO;5;1;2;00H-02H;MADRUGADA;PLENA NOITE;INGESTÃO DE ÁLCOOL PELO CONDUTOR;SAÍDA DE LEITO CARROÇÁVEL;CÉU CLARO;SIMPLES;RETA;NÃO;0
PR;BR-376;TIBAGI;3;1;SÁBADO;5;1;2;00H-02H;MADRUGADA;PLENA NOITE;REAÇÃO TARDIA OU INEFICIENTE DO CONDUTOR;COLISÃO COM OBJETO;CÉU CLARO;DUPLA;"CURVA;DECLIVE";NÃO;0
RS;BR-116;BARRA DO RIBEIRO;3;1;SÁBADO;5;1;2;00H-02H;MADRUGADA;PLENA NOITE;AUSÊNCIA DE REAÇÃO DO CONDUTOR;SAÍDA DE LEITO CARROÇÁVEL;NUBLADO;DUPLA;RETA;NÃO;0
MG;BR-040;RIBEIRAO DAS NEVES;3;1;SÁBADO;5;1;4;03H-05H;MADRUGADA;PLENA NOITE;AUSÊNCIA DE REAÇÃO DO CONDUTOR;COLISÃO TRASEIRA;CÉU CLARO;DUPLA;RETA;NÃO;0
RJ;BR-116;TERESOPOLIS;3;1;SÁBADO;5;1;4;03H-05H;MADRUGADA;PLENA NOITE;AUSÊNCIA DE REAÇÃO DO CONDUTOR;COLISÃO FRONTAL;CÉU CLARO;SIMPLES;RETA;SIM;1
RJ;BR-116;SAO JOAO DE MERITI;3;1;SÁBADO;5;1;4;03H-05H;MADRUGADA;PLENA NOITE;SUICÍDIO (PRESUMIDO);ATROPELAMENTO DE PEDESTRE;CÉU CLARO;DUPLA;RETA;NÃO;1
CE;BR-116;ITAITINGA;3;1;SÁBADO;5;1;4;03H-05H;MADRUGADA;PLENA NOITE;MANOBRA DE MUDANÇA DE FAIXA;COLISÃO LATERAL MESMO SENTIDO;CHUVA;DUPLA;RETA;SIM;0
PR;BR-376;MARINGA;3;1;SÁBADO;5;1;5;03H-05H;MADRUGADA;AMANHECER;REAÇÃO TARDIA OU INEFICIENTE DO CONDUTOR;COLISÃO COM OBJETO;CÉU CLARO;DUPLA;ACLIVE;NÃO;0
RS;BR-158;SANTA MARIA;3;1;SEXTA-FEIRA;4;0;18;18H-20H;NOITE;ANOITECER;AUSÊNCIA DE REAÇÃO DO CONDUTOR;TOMBAMENTO;CÉU CLARO;SIMPLES;ROTATÓRIA;SIM;0
PR;BR-277;PARANAGUA;3;1;SÁBADO;5;1;6;06H-08H;MANHA;AMANHECER;REAÇÃO TARDIA OU INEFICIENTE DO CONDUTOR;COLISÃO COM OBJETO;NUBLADO;SIMPLES;"CURVA;INTERSEÇÃO DE VIAS;VIADUTO;DECLIVE";NÃO;0
PE;BR-232;MORENO;3;1;SÁBADO;5;1;5;03H-05H;MADRUGADA;AMANHECER;ACESSAR A VIA SEM OBSERVAR A PRESENÇA DOS OUTROS VEÍCULOS;COLISÃO TRANSVERSAL;CÉU CLARO;DUPLA;RETA;NÃO;1
PA;BR-316;SANTA MARIA DO PARA;3;1;SEXTA-FEIRA;4;0;21;21H-23H;NOITE;PLENA NOITE;ACESSAR A VIA SEM OBSERVAR A PRESENÇA DOS OUTROS VEÍCULOS;COLISÃO TRANSVERSAL;GAROA/CHUVISCO;SIMPLES;"INTERSEÇÃO DE VIAS;CURVA";NÃO;0
PI;BR-343;AMARANTE;3;1;SEGUNDA-FEIRA;0;0;14;12H-14H;TARDE;PLENO DIA;CHUVA;SAÍDA DE LEITO CARROÇÁVEL;CHUVA;SIMPLES;CURVA;NÃO;0
SC;BR-101;SAO JOSE;3;1;SÁBADO;5;1;7;06H-08H;MANHA;PLENO DIA;AUSÊNCIA DE REAÇÃO DO CONDUTOR;QUEDA DE OCUPANTE DE VEÍCULO;CÉU CLARO;DUPLA;RETA;NÃO;0
PR;BR-376;PONTA GROSSA;3;1;SEXTA-FEIRA;4;0;23;21H-23H;NOITE;PLENA NOITE;AUSÊNCIA DE REAÇÃO DO CONDUTOR;CAPOTAMENTO;IGNORADO;DUPLA;RETA;SIM;0
CE;BR-020;CARIDADE;3;1;SÁBADO;5;1;6;06H-08H;MANHA;PLENO DIA;PISTA ESBURACADA;SAÍDA DE LEITO CARROÇÁVEL;NUBLADO;SIMPLES;RETA;NÃO;0
MG;BR-381;BETIM;3;1;SÁBADO;5;1;7;06H-08H;MANHA;PLENO DIA;REAÇÃO TARDIA OU INEFICIENTE DO CONDUTOR;COLISÃO COM OBJETO;CÉU CLARO;DUPLA;RETA;SIM;0
GO;BR-040;VALPARAISO DE GOIAS;3;1;SÁBADO;5;1;7;06H-08H;MANHA;PLENO DIA;MANOBRA DE MUDANÇA DE FAIXA;COLISÃO LATERAL MESMO SENTIDO;CÉU CLARO;DUPLA;RETA;SIM;0
GO;BR-040;VALPARAISO DE GOIAS;3;1;SÁBADO;5;1;6;06H-08H;MANHA;PLENO DIA;REAÇÃO TARDIA OU INEFICIENTE DO CONDUTOR;SAÍDA DE LEITO CARROÇÁVEL;CÉU CLARO;DUPLA;RETA;SIM;0
MS;BR-158;TRES LAGOAS;3;1;TERÇA-FEIRA;1;0;4;03H-05H;MADRUGADA;AMANHECER;ANIMAIS NA PISTA;SAÍDA DE LEITO CARROÇÁVEL;NUBLADO;SIMPLES;RETORNO REGULAMENTADO;NÃO;0
PR;BR-369;JATAIZINHO;3;1;SÁBADO;5;1;7;06H-08H;MANHA;PLENO DIA;VELOCIDADE INCOMPATÍVEL;COLISÃO LATERAL MESMO SENTIDO;CÉU CLARO;DUPLA;RETA;NÃO;0
MG;BR-381;ITATIAIUCU;3;1;SÁBADO;5;1;7;06H-08H;MANHA;PLENO DIA;REAÇÃO TARDIA OU INEFICIENTE DO CONDUTOR;SAÍDA DE LEITO CARROÇÁVEL;CÉU CLARO;DUPLA;"CURVA;DECLIVE";NÃO;0
PE;BR-101;IGARASSU;3;1;SÁBADO;5;1;8;06H-08H;MANHA;PLENO DIA;ACESSO IRREGULAR;COLISÃO LATERAL MESMO SENTIDO;CÉU CLARO;SIMPLES;RETA;SIM;0
ES;BR-259;COLATINA;3;1;SÁBADO;5;1;7;06H-08H;MANHA;PLENO DIA;CONDUTOR DEIXOU DE MANTER DISTÂNCIA DO VEÍCULO DA FRENTE;TOMBAMENTO;CÉU CLARO;DUPLA;CURVA;SIM;0
MS;BR-163;RIO VERDE DE MATO GROSSO;3;1;SÁBADO;5;1;7;06H-08H;MANHA;PLENO DIA;ACESSAR A VIA SEM OBSERVAR A PRESENÇA DOS OUTROS VEÍCULOS;COLISÃO TRANSVERSAL;SOL;SIMPLES;"INTERSEÇÃO DE VIAS;RETA;DECLIVE";SIM;0
BA;BR-116;VITORIA DA CONQUISTA;3;1;SÁBADO;5;1;7;06H-08H;MANHA;PLENO DIA;MANOBRA DE MUDANÇA DE FAIXA;COLISÃO LATERAL MESMO SENTIDO;CÉU CLARO;DUPLA;RETA;SIM;0
MG;BR-040;NOVA LIMA;3;1;SÁBADO;5;1;8;06H-08H;MANHA;PLENO DIA;FREAR BRUSCAMENTE;COLISÃO TRASEIRA;CÉU CLARO;DUPLA;RETA;SIM;0
RJ;BR-040;DUQUE DE CAXIAS;3;1;SÁBADO;5;1;7;06H-08H;MANHA;PLENO DIA;TRANSITAR NO ACOSTAMENTO;COLISÃO TRANSVERSAL;CÉU CLARO;DUPLA;RETA;SIM;0
SC;BR-101;PAULO LOPES;3;1;SÁBADO;5;1;8;06H-08H;MANHA;PLENO DIA;CONDUTOR DORMINDO;SAÍDA DE LEITO CARROÇÁVEL;CÉU CLARO;DUPLA;CURVA;NÃO;0
BA;BR-418;NOVA VICOSA;3;1;SÁBADO;5;1;9;09H-11H;MANHA;PLENO DIA;ULTRAPASSAGEM INDEVIDA;SAÍDA DE LEITO CARROÇÁVEL;NUBLADO;SIMPLES;RETA;NÃO;0
RS;BR-470;BENTO GONCALVES;3;1;SÁBADO;5;1;9;09H-11H;MANHA;PLENO DIA;REAÇÃO TARDIA OU INEFICIENTE DO CONDUTOR;COLISÃO TRASEIRA;CÉU CLARO;SIMPLES;"DECLIVE;RETA;EM OBRAS";NÃO;0
RO;BR-319;PORTO VELHO;3;1;SÁBADO;5;1;8;06H-08H;MANHA;PLENO DIA;TRAFEGAR COM MOTOCICLETA (OU SIMILAR) ENTRE AS FAIXAS;COLISÃO LATERAL MESMO SENTIDO;CÉU CLARO;DUPLA;"INTERSEÇÃO DE VIAS;RETA";SIM;0
SC;BR-280;GUARAMIRIM;3;1;SÁBADO;5;1;9;09H-11H;MANHA;PLENO DIA;AVARIAS E/OU DESGASTE EXCESSIVO NO PNEU;SAÍDA DE LEITO CARROÇÁVEL;CÉU CLARO;DUPLA;RETA;SIM;0
PR;BR-277;CASCAVEL;3;1;SÁBADO;5;1;9;09H-11H;MANHA;PLENO DIA;ACESSAR A VIA SEM OBSERVAR A PRESENÇA DOS OUTROS VEÍCULOS;COLISÃO TRANSVERSAL;NUBLADO;SIMPLES;INTERSEÇÃO DE VIAS;SIM;0
SP;BR-153;ICEM;3;1;SÁBADO;5;1;9;09H-11H;MANHA;PLENO DIA;CONDUTOR USANDO CELULAR;COLISÃO LATERAL SENTIDO OPOSTO;CÉU CLARO;SIMPLES;RETA;NÃO;0
RS;BR-116;SAO LEOPOLDO;3;1;SÁBADO;5;1;4;03H-05H;MADRUGADA;PLENA NOITE;INGESTÃO DE ÁLCOOL PELO CONDUTOR;COLISÃO COM OBJETO;CÉU CLARO;DUPLA;"CURVA;EM OBRAS";SIM;0
RJ;BR-101;MANGARATIBA;3;1;SÁBADO;5;1;10;09H-11H;MANHA;PLENO DIA;DESRESPEITAR A PREFERÊNCIA NO CRUZAMENTO;COLISÃO FRONTAL;CÉU CLARO;SIMPLES;"RETA;RETORNO REGULAMENTADO";NÃO;0
BA;BR-367;SANTA CRUZ CABRALIA;3;1;SEGUNDA-FEIRA;0;0;10;09H-11H;MANHA;PLENO DIA;CONDUTOR DEIXOU DE MANTER DISTÂNCIA DO VEÍCULO DA FRENTE;COLISÃO TRASEIRA;NUBLADO;SIMPLES;RETA;NÃO;0
SP;BR-116;SAO JOSE DOS CAMPOS;3;1;SÁBADO;5;1;10;09H-11H;MANHA;PLENO DIA;ESTACIONAR OU PARAR EM LOCAL PROIBIDO;COLISÃO TRASEIRA;SOL;MÚLTIPLA;RETA;NÃO;0
AM;BR-IGNORADA;HUMAITA;3;1;SEXTA-FEIRA;4;0;21;21H-23H;NOITE;PLENA NOITE;AUSÊNCIA DE REAÇÃO DO CONDUTOR;COLISÃO COM OBJETO;GAROA/CHUVISCO;SIMPLES;"RETA;INTERSEÇÃO DE VIAS";SIM;0
PR;BR-369;LONDRINA;3;1;SÁBADO;5;1;11;09H-11H;MANHA;PLENO DIA;MANOBRA DE MUDANÇA DE FAIXA;QUEDA DE OCUPANTE DE VEÍCULO;CÉU CLARO;DUPLA;RETA;SIM;0
MT;BR-364;RONDONOPOLIS;3;1;SÁBADO;5;1;9;09H-11H;MANHA;PLENO DIA;MAL SÚBITO DO CONDUTOR;COLISÃO TRANSVERSAL;CÉU CLARO;DUPLA;RETORNO REGULAMENTADO;SIM;0
SC;BR-101;BALNEARIO CAMBORIU;3;1;SÁBADO;5;1;9;09H-11H;MANHA;PLENO DIA;ACESSAR A VIA SEM OBSERVAR A PRESENÇA DOS OUTROS VEÍCULOS;COLISÃO TRANSVERSAL;SOL;MÚLTIPLA;RETA;SIM;0
MS;BR-163;CAMPO GRANDE;3;1;SÁBADO;5;1;10;09H-11H;MANHA;PLENO DIA;AVARIAS E/OU DESGASTE EXCESSIVO NO PNEU;TOMBAMENTO;CÉU CLARO;SIMPLES;RETA;SIM;0
DF;BR-020;BRASILIA;3;1;SÁBADO;5;1;11;09H-11H;MANHA;PLENO DIA;AUSÊNCIA DE REAÇÃO DO CONDUTOR;SAÍDA DE LEITO CARROÇÁVEL;CÉU CLARO;DUPLA;"RETA;ACLIVE";SIM;0
PB;BR-361;PATOS;3;1;SÁBADO;5;1;11;09H-11H;MANHA;PLENO DIA;AUSÊNCIA DE REAÇÃO DO CONDUTOR;COLISÃO TRASEIRA;CÉU CLARO;SIMPLES;RETA;SIM;0
RS;BR-285;IJUI;3;1;SÁBADO;5;1;11;09H-11H;MANHA;PLENO DIA;REAÇÃO TARDIA OU INEFICIENTE DO CONDUTOR;SAÍDA DE LEITO CARROÇÁVEL;SOL;SIMPLES;"CURVA;DECLIVE";NÃO;0
SC;BR-101;BALNEARIO CAMBORIU;3;1;SÁBADO;5;1;9;09H-11H;MANHA;PLENO DIA;VELOCIDADE INCOMPATÍVEL;COLISÃO COM OBJETO;CÉU CLARO;DUPLA;RETA;SIM;0
MA;BR-010;CIDELANDIA;3;1;SÁBADO;5;1;10;09H-11H;MANHA;PLENO DIA;VELOCIDADE INCOMPATÍVEL;SAÍDA DE LEITO CARROÇÁVEL;CÉU CLARO;SIMPLES;RETA;SIM;0
TO;BR-153;DUERE;3;1;SÁBADO;5;1;12;12H-14H;TARDE;PLENO DIA;ULTRAPASSAGEM INDEVIDA;COLISÃO TRANSVERSAL;CÉU CLARO;SIMPLES;RETA;NÃO;0
MA;BR-230;SAO JOAO DOS PATOS;3;1;SÁBADO;5;1;18;18H-20H;NOITE;ANOITECER;PEDESTRE ANDAVA NA PISTA;ATROPELAMENTO DE PEDESTRE;CÉU CLARO;SIMPLES;RETA;SIM;0
RJ;BR-040;DUQUE DE CAXIAS;3;1;SÁBADO;5;1;12;12H-14H;TARDE;PLENO DIA;REAÇÃO TARDIA OU INEFICIENTE DO CONDUTOR;QUEDA DE OCUPANTE DE VEÍCULO;CÉU CLARO;MÚLTIPLA;RETA;NÃO;0
PE;BR-101;CABO DE SANTO AGOSTINHO;3;1;SÁBADO;5;1;12;12H-14H;TARDE;PLENO DIA;ACUMULO DE AREIA OU DETRITOS SOBRE O PAVIMENTO;COLISÃO COM OBJETO;CÉU CLARO;DUPLA;RETA;NÃO;0
RN;BR-406;SAO GONCALO DO AMARANTE;3;1;SÁBADO;5;1;13;12H-14H;TARDE;PLENO DIA;ACESSAR A VIA SEM OBSERVAR A PRESENÇA DOS OUTROS VEÍCULOS;COLISÃO TRANSVERSAL;CÉU CLARO;DUPLA;RETA;NÃO;0
SC;BR-116;LAGES;3;1;SÁBADO;5;1;12;12H-14H;TARDE;PLENO DIA;ACESSAR A VIA SEM OBSERVAR A PRESENÇA DOS OUTROS VEÍCULOS;COLISÃO TRANSVERSAL;CÉU CLARO;SIMPLES;ROTATÓRIA;NÃO;0
MA;BR-010;ACAILANDIA;3;1;SÁBADO;5;1;11;09H-11H;MANHA;PLENO DIA;CONDUTOR DEIXOU DE MANTER DISTÂNCIA DO VEÍCULO DA FRENTE;COLISÃO TRASEIRA;CÉU CLARO;SIMPLES;RETA;SIM;0
ES;BR-259;JOAO NEIVA;3;1;SÁBADO;5;1;13;12H-14H;TARDE;PLENO DIA;REAÇÃO TARDIA OU INEFICIENTE DO CONDUTOR;TOMBAMENTO;CÉU CLARO;SIMPLES;RETA;NÃO;0
RS;BR-285;IJUI;3;1;SÁBADO;5;1;12;12H-14H;TARDE;PLENO DIA;ACESSAR A VIA SEM OBSERVAR A PRESENÇA DOS OUTROS VEÍCULOS;COLISÃO TRANSVERSAL;SOL;SIMPLES;"RETA;EM OBRAS;INTERSEÇÃO DE VIAS";SIM;1
DF;BR-070;BRASILIA;3;1;SÁBADO;5;1;12;12H-14H;TARDE;PLENO DIA;AUSÊNCIA DE REAÇÃO DO CONDUTOR;COLISÃO TRASEIRA;CÉU CLARO;DUPLA;RETA;SIM;0
PR;BR-369;BOM SUCESSO;3;1;SÁBADO;5;1;12;12H-14H;TARDE;PLENO DIA;ACUMULO DE ÁGUA SOBRE O PAVIMENTO;COLISÃO FRONTAL;CHUVA;SIMPLES;"DECLIVE;CURVA";NÃO;1
PE;BR-232;SAO CAITANO;3;1;SÁBADO;5;1;12;12H-14H;TARDE;PLENO DIA;INGESTÃO DE ÁLCOOL PELO CONDUTOR;SAÍDA DE LEITO CARROÇÁVEL;CÉU CLARO;DUPLA;"RETA;ACLIVE";NÃO;0
MA;BR-135;SAO LUIS;3;1;SÁBADO;5;1;11;09H-11H;MANHA;PLENO DIA;ENTRADA INOPINADA DO PEDESTRE;ATROPELAMENTO DE PEDESTRE;CÉU CLARO;DUPLA;RETA;NÃO;0
SC;BR-282;FLORIANOPOLIS;3;1;SÁBADO;5;1;13;12H-14H;TARDE;PLENO DIA;MANOBRA DE MUDANÇA DE FAIXA;COLISÃO LATERAL MESMO SENTIDO;NUBLADO;MÚLTIPLA;RETA;NÃO;0
BA;BR-420;LAJE;3;1;QUINTA-FEIRA;3;0;7;06H-08H;MANHA;PLENO DIA;DEMAIS FALHAS MECÂNICAS OU ELÉTRICAS;SAÍDA DE LEITO CARROÇÁVEL;CÉU CLARO;SIMPLES;RETA;NÃO;0
MG;BR-050;UBERABA;3;1;SÁBADO;5;1;14;12H-14H;TARDE;PLENO DIA;INGESTÃO DE ÁLCOOL PELO CONDUTOR;COLISÃO TRASEIRA;CHUVA;DUPLA;RETA;NÃO;0
CE;BR-116;FORTALEZA;3;1;SÁBADO;5;1;14;12H-14H;TARDE;PLENO DIA;MANOBRA DE MUDANÇA DE FAIXA;COLISÃO LATERAL MESMO SENTIDO;NUBLADO;MÚLTIPLA;RETA;SIM;0
RJ;BR-493;MAGE;3;1;SÁBADO;5;1;14;12H-14H;TARDE;PLENO DIA;AUSÊNCIA DE REAÇÃO DO CONDUTOR;QUEDA DE OCUPANTE DE VEÍCULO;SOL;SIMPLES;RETA;NÃO;0
PR;BR-369;APUCARANA;3;1;SÁBADO;5;1;12;12H-14H;TARDE;PLENO DIA;REAÇÃO TARDIA OU INEFICIENTE DO CONDUTOR;SAÍDA DE LEITO CARROÇÁVEL;NUBLADO;SIMPLES;"RETA;INTERSEÇÃO DE VIAS";SIM;0
PR;BR-376;MARINGA;3;1;SÁBADO;5;1;14;12H-14H;TARDE;PLENO DIA;REAÇÃO TARDIA OU INEFICIENTE DO CONDUTOR;COLISÃO TRASEIRA;CHUVA;DUPLA;RETA;SIM;0
RS;BR-290;GLORINHA;3;1;SÁBADO;5;1;15;15H-17H;TARDE;PLENO DIA;AUSÊNCIA DE REAÇÃO DO CONDUTOR;SAÍDA DE LEITO CARROÇÁVEL;NUBLADO;DUPLA;RETA;NÃO;1
PR;BR-277;SAO JOSE DOS PINHAIS;3;1;SÁBADO;5;1;12;12H-14H;TARDE;PLENO DIA;VELOCIDADE INCOMPATÍVEL;QUEDA DE OCUPANTE DE VEÍCULO;CÉU CLARO;DUPLA;RETA;NÃO;0
SC;BR-470;BLUMENAU;3;1;SÁBADO;5;1;15;15H-17H;TARDE;PLENO DIA;AUSÊNCIA DE REAÇÃO DO CONDUTOR;COLISÃO TRASEIRA;CÉU CLARO;DUPLA;INTERSEÇÃO DE VIAS;NÃO;0
DF;BR-070;BRASILIA;3;1;SÁBADO;5;1;15;15H-17H;TARDE;PLENO DIA;CONDUTOR DEIXOU DE MANTER DISTÂNCIA DO VEÍCULO DA FRENTE;COLISÃO TRASEIRA;CÉU CLARO;DUPLA;RETA;SIM;0
ES;BR-101;SERRA;3;1;SÁBADO;5;1;15;15H-17H;TARDE;PLENO DIA;DEMAIS FALHAS MECÂNICAS OU ELÉTRICAS;TOMBAMENTO;SOL;DUPLA;RETA;NÃO;0
SC;BR-282;GUARACIABA;3;1;SÁBADO;5;1;13;12H-14H;TARDE;PLENO DIA;CONVERSÃO PROIBIDA;COLISÃO TRASEIRA;CÉU CLARO;SIMPLES;ACLIVE;NÃO;0
PE;BR-408;CAMARAGIBE;3;1;SÁBADO;5;1;10;09H-11H;MANHA;PLENO DIA;DEMAIS FALHAS MECÂNICAS OU ELÉTRICAS;INCÊNDIO;CÉU CLARO;DUPLA;CURVA;NÃO;0
GO;BR-060;GOIANIA;3;1;SÁBADO;5;1;15;15H-17H;TARDE;PLENO DIA;ULTRAPASSAGEM INDEVIDA;COLISÃO COM OBJETO;CÉU CLARO;DUPLA;"RETA;ACLIVE";SIM;1
PB;BR-101;BAYEUX;3;1;SÁBADO;5;1;15;15H-17H;TARDE;PLENO DIA;ACESSAR A VIA SEM OBSERVAR A PRESENÇA DOS OUTROS VEÍCULOS;COLISÃO COM OBJETO;CÉU CLARO;DUPLA;RETA;SIM;0
PR;BR-277;CASCAVEL;3;1;SÁBADO;5;1;11;09H-11H;MANHA;PLENO DIA;MANOBRA DE MUDANÇA DE FAIXA;CAPOTAMENTO;CÉU CLARO;DUPLA;RETA;NÃO;0
BA;BR-116;VITORIA DA CONQUISTA;3;1;SÁBADO;5;1;16;15H-17H;TARDE;PLENO DIA;INGESTÃO DE ÁLCOOL PELO CONDUTOR;CAPOTAMENTO;CÉU CLARO;SIMPLES;"RETA;ACLIVE";SIM;0
PE;BR-101;ESCADA;3;1;SÁBADO;5;1;15;15H-17H;TARDE;PLENO DIA;MANOBRA DE MUDANÇA DE FAIXA;COLISÃO TRASEIRA;CÉU CLARO;DUPLA;"RETA;RETORNO REGULAMENTADO";NÃO;0
RS;BR-471;RIO PARDO;3;1;SÁBADO;5;1;16;15H-17H;TARDE;PLENO DIA;ACESSAR A VIA SEM OBSERVAR A PRESENÇA DOS OUTROS VEÍCULOS;COLISÃO TRANSVERSAL;CÉU CLARO;DUPLA;ROTATÓRIA;SIM;0
RS;BR-116;SAPUCAIA DO SUL;3;1;SÁBADO;5;1;16;15H-17H;TARDE;PLENO DIA;PEDESTRE ANDAVA NA PISTA;ATROPELAMENTO DE PEDESTRE;CÉU CLARO;DUPLA;"RETA;DECLIVE";SIM;1
PI;BR-343;TERESINA;3;1;SÁBADO;5;1;16;15H-17H;TARDE;PLENO DIA;DESRESPEITAR A PREFERÊNCIA NO CRUZAMENTO;COLISÃO TRANSVERSAL;CÉU CLARO;DUPLA;RETA;SIM;0
MS;BR-262;CAMPO GRANDE;3;1;SÁBADO;5;1;16;15H-17H;TARDE;PLENO DIA;AUSÊNCIA DE REAÇÃO DO CONDUTOR;TOMBAMENTO;CÉU CLARO;DUPLA;RETA;SIM;0
RS;BR-285;PASSO FUNDO;3;1;SÁBADO;5;1;15;15H-17H;TARDE;PLENO DIA;ULTRAPASSAGEM INDEVIDA;COLISÃO LATERAL SENTIDO OPOSTO;NUBLADO;SIMPLES;RETA;NÃO;0
SP;BR-381;ATIBAIA;3;1;SÁBADO;5;1;17;15H-17H;TARDE;PLENO DIA;MANOBRA DE MUDANÇA DE FAIXA;COLISÃO LATERAL MESMO SENTIDO;CÉU CLARO;DUPLA;RETA;NÃO;0
AL;BR-101;SAO SEBASTIAO;3;1;SÁBADO;5;1;16;15H-17H;TARDE;PLENO DIA;AUSÊNCIA DE REAÇÃO DO CONDUTOR;SAÍDA DE LEITO CARROÇÁVEL;CÉU CLARO;DUPLA;RETA;NÃO;0
SC;BR-470;SAO CRISTOVAO DO SUL;3;1;SÁBADO;5;1;16;15H-17H;TARDE;ANOITECER;ACUMULO DE ÁGUA SOBRE O PAVIMENTO;SAÍDA DE LEITO CARROÇÁVEL;CHUVA;SIMPLES;RETA;NÃO;0
PR;BR-277;PARANAGUA;3;1;SÁBADO;5;1;17;15H-17H;TARDE;ANOITECER;DEMAIS FALHAS MECÂNICAS OU ELÉTRICAS;INCÊNDIO;NUBLADO;DUPLA;RETA;NÃO;0
MS;BR-158;PARANAIBA;3;1;SÁBADO;5;1;16;15H-17H;TARDE;PLENO DIA;INGESTÃO DE ÁLCOOL PELO CONDUTOR;TOMBAMENTO;CÉU CLARO;DUPLA;RETA;SIM;0
RJ;BR-465;SEROPEDICA;3;1;SÁBADO;5;1;17;15H-17H;TARDE;ANOITECER;AUSÊNCIA DE REAÇÃO DO CONDUTOR;QUEDA DE OCUPANTE DE VEÍCULO;CÉU CLARO;SIMPLES;RETA;SIM;0
SP;BR-116;ITAPECERICA DA SERRA;3;1;SÁBADO;5;1;17;15H-17H;TARDE;PLENO DIA;AUSÊNCIA DE REAÇÃO DO CONDUTOR;COLISÃO LATERAL MESMO SENTIDO;CÉU CLARO;DUPLA;RETA;NÃO;0
MG;BR-146;BANDEIRA DO SUL;3;1;SÁBADO;5;1;15;15H-17H;TARDE;PLENO DIA;CONDUTOR DEIXOU DE MANTER DISTÂNCIA DO VEÍCULO DA FRENTE;ENGAVETAMENTO;NUBLADO;SIMPLES;"RETA;PONTE;ACLIVE";NÃO;0
SP;BR-101;UBATUBA;3;1;SÁBADO;5;1;18;18H-20H;NOITE;PLENA NOITE;TRAFEGAR COM MOTOCICLETA (OU SIMILAR) ENTRE AS FAIXAS;COLISÃO LATERAL SENTIDO OPOSTO;CÉU CLARO;SIMPLES;RETA;SIM;0