uf;br_formatada;municipio;mes;trimestre;dia_semana;dia_semana_num;fim_de_semana;hora;faixa_horaria;turno;fase_dia;causa_acidente;tipo_acidente;condicao_metereologica;tipo_pista;tracado_via;uso_solo;acidente_fatal
SC;BR-282;PALHOCA;4;2;QUARTA-FEIRA;2;0;20;18H-20H;NOITE;PLENA NOITE;DESRESPEITAR A PREFERÊNCIA NO CRUZAMENTO;COLISÃO TRANSVERSAL;NUBLADO;SIMPLES;"INTERSEÇÃO DE VIAS;RETORNO REGULAMENTADO;RETA;ROTATÓRIA";SIM;0
MT;BR-364;RONDONOPOLIS;4;2;QUARTA-FEIRA;2;0;17;15H-17H;TARDE;ANOITECER;DEMAIS FALHAS NA VIA;TOMBAMENTO;CÉU CLARO;DUPLA;RETA;SIM;0
RJ;BR-040;PETROPOLIS;4;2;QUARTA-FEIRA;2;0;20;18H-20H;NOITE;PLENA NOITE;FREAR BRUSCAMENTE;COLISÃO TRASEIRA;NUBLADO;SIMPLES;"RETA;RETORNO REGULAMENTADO";NÃO;0
MT;BR-163;SINOP;4;2;QUARTA-FEIRA;2;0;18;18H-20H;NOITE;PLENA NOITE;CONVERSÃO PROIBIDA;COLISÃO TRANSVERSAL;NUBLADO;SIMPLES;RETA;SIM;0
PR;BR-376;MARINGA;4;2;QUARTA-FEIRA;2;0;17;15H-17H;TARDE;PLENO DIA;OBJETO ESTÁTICO SOBRE O LEITO CARROÇÁVEL;QUEDA DE OCUPANTE DE VEÍCULO;CHUVA;DUPLA;"DECLIVE;RETA";NÃO;0
BA;BR-101;SAO GONCALO DOS CAMPOS;4;2;QUARTA-FEIRA;2;0;16;15H-17H;TARDE;PLENO DIA;DEMAIS FALHAS MECÂNICAS OU ELÉTRICAS;INCÊNDIO;CÉU CLARO;SIMPLES;RETA;NÃO;0
SC;BR-101;ITAPEMA;4;2;QUARTA-FEIRA;2;0;20;18H-20H;NOITE;PLENA NOITE;REAÇÃO TARDIA OU INEFICIENTE DO CONDUTOR;COLISÃO LATERAL MESMO SENTIDO;CÉU CLARO;SIMPLES;RETA;SIM;0
BA;BR-324;AMELIA RODRIGUES;4;2;QUARTA-FEIRA;2;0;19;18H-20H;NOITE;PLENA NOITE;CONDUTOR DEIXOU DE MANTER DISTÂNCIA DO VEÍCULO DA FRENTE;COLISÃO TRASEIRA;CÉU CLARO;DUPLA;RETA;NÃO;0
RS;BR-386;POUSO NOVO;4;2;QUARTA-FEIRA;2;0;13;12H-14H;TARDE;PLENO DIA;REAÇÃO TARDIA OU INEFICIENTE DO CONDUTOR;SAÍDA DE LEITO CARROÇÁVEL;CHUVA;SIMPLES;CURVA;NÃO;0
RJ;BR-101;NITEROI;4;2;QUARTA-FEIRA;2;0;20;18H-20H;NOITE;PLENA NOITE;CONDUTOR DEIXOU DE MANTER DISTÂNCIA DO VEÍCULO DA FRENTE;COLISÃO TRASEIRA;CÉU CLARO;DUPLA;RETA;NÃO;0
TO;BR-010;PALMAS;4;2;QUARTA-FEIRA;2;0;21;21H-23H;NOITE;PLENA NOITE;AVARIAS E/OU DESGASTE EXCESSIVO NO PNEU;TOMBAMENTO;CÉU CLARO;DUPLA;RETA;SIM;0
SC;BR-153;CONCORDIA;4;2;QUARTA-FEIRA;2;0;19;18H-20H;NOITE;PLENA NOITE;ACESSAR A VIA SEM OBSERVAR A PRESENÇA DOS OUTROS VEÍCULOS;COLISÃO TRANSVERSAL;CHUVA;SIMPLES;"INTERSEÇÃO DE VIAS;RETORNO REGULAMENTADO;CURVA";SIM;0
SC;BR-101;ITAPEMA;4;2;QUARTA-FEIRA;2;0;21;21H-23H;NOITE;PLENA NOITE;VELOCIDADE INCOMPATÍVEL;TOMBAMENTO;CHUVA;SIMPLES;"DECLIVE;VIADUTO;INTERSEÇÃO DE VIAS";SIM;0
MT;BR-364;JACIARA;4;2;QUARTA-FEIRA;2;0;19;18H-20H;NOITE;PLENA NOITE;AUSÊNCIA DE REAÇÃO DO CONDUTOR;COLISÃO TRASEIRA;NUBLADO;DUPLA;"RETA;EM OBRAS";NÃO;0
RN;BR-304;MOSSORO;4;2;QUARTA-FEIRA;2;0;17;15H-17H;TARDE;PLENO DIA;CONDUTOR DEIXOU DE MANTER DISTÂNCIA DO VEÍCULO DA FRENTE;EVENTOS ATÍPICOS;CÉU CLARO;SIMPLES;RETA;NÃO;0
GO;BR-414;CORUMBA DE GOIAS;4;2;QUARTA-FEIRA;2;0;21;21H-23H;NOITE;PLENA NOITE;REAÇÃO TARDIA OU INEFICIENTE DO CONDUTOR;SAÍDA DE LEITO CARROÇÁVEL;CÉU CLARO;SIMPLES;ACLIVE;NÃO;0
ES;BR-101;SERRA;4;2;QUARTA-FEIRA;2;0;22;21H-23H;NOITE;PLENA NOITE;ACESSAR A VIA SEM OBSERVAR A PRESENÇA DOS OUTROS VEÍCULOS;COLISÃO LATERAL MESMO SENTIDO;CÉU CLARO;MÚLTIPLA;RETA;SIM;0
GO;BR-060;GOIANAPOLIS;4;2;QUARTA-FEIRA;2;0;21;21H-23H;NOITE;PLENA NOITE;ACESSO IRREGULAR;ATROPELAMENTO DE PEDESTRE;CÉU CLARO;MÚLTIPLA;RETA;NÃO;0
MT;BR-070;CACERES;4;2;QUARTA-FEIRA;2;0;18;18H-20H;NOITE;ANOITECER;REAÇÃO TARDIA OU INEFICIENTE DO CONDUTOR;COLISÃO COM OBJETO;CÉU CLARO;SIMPLES;RETA;NÃO;0
RS;BR-290;CACAPAVA DO SUL;4;2;QUARTA-FEIRA;2;0;21;21H-23H;NOITE;PLENA NOITE;AUSÊNCIA DE REAÇÃO DO CONDUTOR;COLISÃO COM OBJETO;GAROA/CHUVISCO;SIMPLES;"RETA;DECLIVE;PONTE";NÃO;0
MT;BR-070;VARZEA GRANDE;4;2;QUARTA-FEIRA;2;0;17;15H-17H;TARDE;PLENO DIA;AUSÊNCIA DE REAÇÃO DO CONDUTOR;COLISÃO TRANSVERSAL;CÉU CLARO;SIMPLES;RETA;NÃO;0
ES;BR-101;RIO NOVO DO SUL;4;2;QUARTA-FEIRA;2;0;21;21H-23H;NOITE;PLENA NOITE;CONDUTOR DORMINDO;SAÍDA DE LEITO CARROÇÁVEL;CÉU CLARO;SIMPLES;CURVA;NÃO;0
RJ;BR-116;DUQUE DE CAXIAS;4;2;QUARTA-FEIRA;2;0;21;21H-23H;NOITE;PLENA NOITE;AUSÊNCIA DE REAÇÃO DO CONDUTOR;COLISÃO COM OBJETO;CÉU CLARO;DUPLA;RETA;SIM;0
RO;BR-364;JARU;4;2;QUARTA-FEIRA;2;0;19;18H-20H;NOITE;PLENA NOITE;ACESSAR A VIA SEM OBSERVAR A PRESENÇA DOS OUTROS VEÍCULOS;COLISÃO FRONTAL;CÉU CLARO;SIMPLES;"DESVIO TEMPORÁRIO;EM OBRAS;RETA";SIM;0
RO;BR-364;JARU;4;2;QUARTA-FEIRA;2;0;15;15H-17H;TARDE;PLENO DIA;CHUVA;SAÍDA DE LEITO CARROÇÁVEL;NUBLADO;SIMPLES;"DECLIVE;CURVA";NÃO;0
MS;BR-163;SAO GABRIEL DO OESTE;4;2;QUARTA-FEIRA;2;0;11;09H-11H;MANHA;PLENO DIA;DESRESPEITAR A PREFERÊNCIA NO CRUZAMENTO;COLISÃO TRANSVERSAL;CÉU CLARO;SIMPLES;"INTERSEÇÃO DE VIAS;RETA";SIM;0
MS;BR-163;NAVIRAI;4;2;QUARTA-FEIRA;2;0;19;18H-20H;NOITE;ANOITECER;AUSÊNCIA DE REAÇÃO DO CONDUTOR;COLISÃO TRASEIRA;GAROA/CHUVISCO;SIMPLES;RETA;NÃO;0
RJ;BR-101;PARATY;4;2;QUARTA-FEIRA;2;0;21;21H-23H;NOITE;PLENA NOITE;CONDUTOR DEIXOU DE MANTER DISTÂNCIA DO VEÍCULO DA FRENTE;COLISÃO TRASEIRA;NUBLADO;SIMPLES;RETA;NÃO;0
MS;BR-163;DOURADOS;4;2;QUARTA-FEIRA;2;0;23;21H-23H;NOITE;PLENA NOITE;REAÇÃO TARDIA OU INEFICIENTE DO CONDUTOR;EVENTOS ATÍPICOS;CHUVA;DUPLA;RETA;NÃO;0
PE;BR-232;TACAIMBO;4;2;QUINTA-FEIRA;3;0;0;00H-02H;MADRUGADA;PLENA NOITE;ANIMAIS NA PISTA;ATROPELAMENTO DE ANIMAL;CÉU CLARO;SIMPLES;"DECLIVE;RETA";NÃO;0
SP;BR-381;MAIRIPORA;4;2;QUINTA-FEIRA;3;0;1;00H-02H;MADRUGADA;PLENA NOITE;VELOCIDADE INCOMPATÍVEL;SAÍDA DE LEITO CARROÇÁVEL;NUBLADO;DUPLA;"CURVA;ACLIVE";NÃO;0
PR;BR-369;ARAPONGAS;4;2;QUINTA-FEIRA;3;0;2;00H-02H;MADRUGADA;PLENA NOITE;ACESSAR A VIA SEM OBSERVAR A PRESENÇA DOS OUTROS VEÍCULOS;COLISÃO TRASEIRA;NUBLADO;DUPLA;RETA;SIM;1
PR;BR-277;SANTA TEREZA DO OESTE;4;2;QUARTA-FEIRA;2;0;19;18H-20H;NOITE;PLENA NOITE;ACESSAR A VIA SEM OBSERVAR A PRESENÇA DOS OUTROS VEÍCULOS;COLISÃO TRANSVERSAL;CÉU CLARO;SIMPLES;RETA;SIM;0
BA;BR-116;VITORIA DA CONQUISTA;4;2;QUINTA-FEIRA;3;0;4;03H-05H;MADRUGADA;PLENA NOITE;ENTRADA INOPINADA DO PEDESTRE;ATROPELAMENTO DE PEDESTRE;NUBLADO;SIMPLES;RETA;NÃO;1
SP;BR-116;JACAREI;4;2;QUINTA-FEIRA;3;0;3;03H-05H;MADRUGADA;PLENA NOITE;INGESTÃO DE ÁLCOOL PELO CONDUTOR;COLISÃO TRASEIRA;NUBLADO;DUPLA;RETA;NÃO;0
ES;BR-101;LINHARES;4;2;QUINTA-FEIRA;3;0;5;03H-05H;MADRUGADA;AMANHECER;REAÇÃO TARDIA OU INEFICIENTE DO CONDUTOR;COLISÃO TRASEIRA;CÉU CLARO;MÚLTIPLA;RETA;SIM;0
RS;BR-116;ELDORADO DO SUL;4;2;QUARTA-FEIRA;2;0;15;15H-17H;TARDE;PLENO DIA;AUSÊNCIA DE REAÇÃO DO CONDUTOR;SAÍDA DE LEITO CARROÇÁVEL;NUBLADO;DUPLA;CURVA;SIM;0
PE;BR-104;CARUARU;4;2;QUINTA-FEIRA;3;0;5;03H-05H;MADRUGADA;PLENO DIA;MANOBRA DE MUDANÇA DE FAIXA;COLISÃO TRANSVERSAL;CÉU CLARO;DUPLA;RETA;SIM;0
SP;BR-116;LORENA;4;2;QUINTA-FEIRA;3;0;5;03H-05H;MADRUGADA;PLENO DIA;AUSÊNCIA DE REAÇÃO DO CONDUTOR;TOMBAMENTO;NUBLADO;DUPLA;RETA;NÃO;0
SP;BR-116;GUARULHOS;4;2;QUINTA-FEIRA;3;0;6;06H-08H;MANHA;PLENO DIA;TRAFEGAR COM MOTOCICLETA (OU SIMILAR) ENTRE AS FAIXAS;COLISÃO LATERAL SENTIDO OPOSTO;GAROA/CHUVISCO;MÚLTIPLA;"RETA;EM OBRAS";NÃO;0
PR;BR-373;PONTA GROSSA;4;2;QUINTA-FEIRA;3;0;6;06H-08H;MANHA;AMANHECER;AUSÊNCIA DE REAÇÃO DO CONDUTOR;COLISÃO LATERAL MESMO SENTIDO;CÉU CLARO;DUPLA;RETA;SIM;0
GO;BR-070;AGUAS LINDAS DE GOIAS;4;2;QUINTA-FEIRA;3;0;7;06H-08H;MANHA;PLENO DIA;AUSÊNCIA DE REAÇÃO DO CONDUTOR;QUEDA DE OCUPANTE DE VEÍCULO;CÉU CLARO;DUPLA;"RETA;DECLIVE";SIM;0
RS;BR-116;PORTO ALEGRE;4;2;QUINTA-FEIRA;3;0;7;06H-08H;MANHA;PLENO DIA;CONDUTOR DEIXOU DE MANTER DISTÂNCIA DO VEÍCULO DA FRENTE;COLISÃO TRANSVERSAL;CÉU CLARO;MÚLTIPLA;RETA;SIM;0
GO;BR-020;FORMOSA;4;2;QUINTA-FEIRA;3;0;6;06H-08H;MANHA;AMANHECER;ACOSTAMENTO EM DESNÍVEL;SAÍDA DE LEITO CARROÇÁVEL;CÉU CLARO;SIMPLES;"RETA;EM OBRAS";NÃO;0
GO;BR-452;RIO VERDE;4;2;QUINTA-FEIRA;3;0;6;06H-08H;MANHA;AMANHECER;AUSÊNCIA DE REAÇÃO DO CONDUTOR;COLISÃO TRASEIRA;CÉU CLARO;DUPLA;"ACLIVE;RETA";SIM;1
CE;BR-116;PACAJUS;4;2;QUINTA-FEIRA;3;0;7;06H-08H;MANHA;PLENO DIA;CONDUTOR DEIXOU DE MANTER DISTÂNCIA DO VEÍCULO DA FRENTE;COLISÃO TRASEIRA;SOL;DUPLA;CURVA;NÃO;0
RS;BR-287;SANTA MARIA;4;2;QUINTA-FEIRA;3;0;8;06H-08H;MANHA;PLENO DIA;REAÇÃO TARDIA OU INEFICIENTE DO CONDUTOR;COLISÃO TRASEIRA;NUBLADO;DUPLA;RETA;SIM;0
RJ;BR-116;NOVA IGUACU;4;2;QUINTA-FEIRA;3;0;2;00H-02H;MADRUGADA;PLENA NOITE;PEDESTRE ANDAVA NA PISTA;ATROPELAMENTO DE PEDESTRE;CÉU CLARO;MÚLTIPLA;RETA;SIM;0
RJ;BR-495;TERESOPOLIS;4;2;QUARTA-FEIRA;2;0;19;18H-20H;NOITE;PLENA NOITE;CONDUTOR DEIXOU DE MANTER DISTÂNCIA DO VEÍCULO DA FRENTE;COLISÃO TRASEIRA;NUBLADO;SIMPLES;RETA;SIM;0
SC;BR-101;SAO JOSE;4;2;QUINTA-FEIRA;3;0;7;06H-08H;MANHA;PLENO DIA;CONDUTOR USANDO CELULAR;COLISÃO TRASEIRA;CHUVA;DUPLA;RETA;SIM;0
PR;BR-376;CURITIBA;4;2;QUINTA-FEIRA;3;0;7;06H-08H;MANHA;PLENO DIA;TRAFEGAR COM MOTOCICLETA (OU SIMILAR) ENTRE AS FAIXAS;COLISÃO TRASEIRA;CÉU CLARO;DUPLA;CURVA;SIM;0
MG;BR-381;ESTIVA;4;2;QUINTA-FEIRA;3;0;8;06H-08H;MANHA;PLENO DIA;VELOCIDADE INCOMPATÍVEL;SAÍDA DE LEITO CARROÇÁVEL;GAROA/CHUVISCO;DUPLA;"DECLIVE;RETA";NÃO;0
RJ;BR-465;SEROPEDICA;4;2;QUARTA-FEIRA;2;0;21;21H-23H;NOITE;PLENA NOITE;ACESSAR A VIA SEM OBSERVAR A PRESENÇA DOS OUTROS VEÍCULOS;ATROPELAMENTO DE PEDESTRE;CÉU CLARO;SIMPLES;RETA;SIM;0
RS;BR-392;RIO GRANDE;4;2;QUINTA-FEIRA;3;0;7;06H-08H;MANHA;PLENO DIA;ACESSAR A VIA SEM OBSERVAR A PRESENÇA DOS OUTROS VEÍCULOS;COLISÃO TRANSVERSAL;NUBLADO;DUPLA;RETA;SIM;0
PB;BR-230;JOAO PESSOA;4;2;QUINTA-FEIRA;3;0;8;06H-08H;MANHA;PLENO DIA;MANOBRA DE MUDANÇA DE FAIXA;COLISÃO LATERAL MESMO SENTIDO;CÉU CLARO;DUPLA;RETA;SIM;0
PR;BR-476;UNIAO DA VITORIA;3;1;DOMINGO;6;1;20;18H-20H;NOITE;PLENA NOITE;VELOCIDADE INCOMPATÍVEL;COLISÃO FRONTAL;NUBLADO;SIMPLES;"CURVA;ACLIVE;VIADUTO";NÃO;0
BA;BR-101;CAMACAN;4;2;QUINTA-FEIRA;3;0;1;00H-02H;MADRUGADA;AMANHECER;DEMAIS FALHAS MECÂNICAS OU ELÉTRICAS;INCÊNDIO;NUBLADO;SIMPLES;RETA;NÃO;0
BA;BR-116;VITORIA DA CONQUISTA;4;2;QUINTA-FEIRA;3;0;6;06H-08H;MANHA;PLENO DIA;AUSÊNCIA DE REAÇÃO DO CONDUTOR;TOMBAMENTO;CÉU CLARO;SIMPLES;RETA;NÃO;0
PA;BR-316;CASTANHAL;4;2;QUINTA-FEIRA;3;0;7;06H-08H;MANHA;PLENO DIA;ACESSAR A VIA SEM OBSERVAR A PRESENÇA DOS OUTROS VEÍCULOS;COLISÃO TRANSVERSAL;SOL;DUPLA;RETA;SIM;0
BA;BR-420;SANTA INES;1;1;QUARTA-FEIRA;2;0;17;15H-17H;TARDE;PLENO DIA;DEMAIS FALHAS NA VIA;QUEDA DE OCUPANTE DE VEÍCULO;IGNORADO;SIMPLES;RETA;NÃO;0
RJ;BR-040;PETROPOLIS;4;2;QUINTA-FEIRA;3;0;8;06H-08H;MANHA;PLENO DIA;REAÇÃO TARDIA OU INEFICIENTE DO CONDUTOR;QUEDA DE OCUPANTE DE VEÍCULO;CÉU CLARO;DUPLA;CURVA;SIM;0
AC;BR-364;RIO BRANCO;4;2;QUINTA-FEIRA;3;0;8;06H-08H;MANHA;PLENO DIA;AUSÊNCIA DE REAÇÃO DO CONDUTOR;QUEDA DE OCUPANTE DE VEÍCULO;CÉU CLARO;DUPLA;ROTATÓRIA;NÃO;0
MS;BR-158;BRASILANDIA;4;2;QUINTA-FEIRA;3;0;8;06H-08H;MANHA;PLENO DIA;REAÇÃO TARDIA OU INEFICIENTE DO CONDUTOR;SAÍDA DE LEITO CARROÇÁVEL;CÉU CLARO;SIMPLES;RETA;NÃO;1
SC;BR-101;SOMBRIO;3;1;SEGUNDA-FEIRA;0;0;15;15H-17H;TARDE;PLENO DIA;MANOBRA DE MUDANÇA DE FAIXA;COLISÃO LATERAL MESMO SENTIDO;NUBLADO;MÚLTIPLA;RETA;SIM;0
PB;BR-230;SOLEDADE;4;2;QUINTA-FEIRA;3;0;9;09H-11H;MANHA;PLENO DIA;CONDUTOR DEIXOU DE MANTER DISTÂNCIA DO VEÍCULO DA FRENTE;COLISÃO TRASEIRA;SOL;SIMPLES;RETA;SIM;0
RJ;BR-116;RIO DE JANEIRO;3;1;DOMINGO;6;1;19;18H-20H;NOITE;PLENA NOITE;ACESSAR A VIA SEM OBSERVAR A PRESENÇA DOS OUTROS VEÍCULOS;CAPOTAMENTO;CÉU CLARO;DUPLA;RETA;NÃO;0
SE;BR-235;NOSSA SENHORA DO SOCORRO;4;2;QUINTA-FEIRA;3;0;11;09H-11H;MANHA;PLENO DIA;DEMAIS FALHAS MECÂNICAS OU ELÉTRICAS;QUEDA DE OCUPANTE DE VEÍCULO;CÉU CLARO;DUPLA;RETA;NÃO;0
MG;BR-365;UBERLANDIA;2;1;SÁBADO;5;1;18;18H-20H;NOITE;PLENA NOITE;OBJETO ESTÁTICO SOBRE O LEITO CARROÇÁVEL;COLISÃO COM OBJETO;CÉU CLARO;DUPLA;RETA;NÃO;0
TO;BR-153;ARAGUAINA;4;2;QUINTA-FEIRA;3;0;11;09H-11H;MANHA;PLENO DIA;AVARIAS E/OU DESGASTE EXCESSIVO NO PNEU;QUEDA DE OCUPANTE DE VEÍCULO;CÉU CLARO;DUPLA;RETA;SIM;0
MA;BR-316;GOVERNADOR NUNES FREIRE;4;2;QUINTA-FEIRA;3;0;6;06H-08H;MANHA;AMANHECER;MANOBRA DE MUDANÇA DE FAIXA;COLISÃO FRONTAL;CÉU CLARO;SIMPLES;RETA;NÃO;1
RS;BR-116;CANOAS;4;2;QUINTA-FEIRA;3;0;11;09H-11H;MANHA;PLENO DIA;REAÇÃO TARDIA OU INEFICIENTE DO CONDUTOR;COLISÃO TRASEIRA;NUBLADO;DUPLA;RETA;NÃO;0
ES;BR-101;LINHARES;4;2;QUINTA-FEIRA;3;0;11;09H-11H;MANHA;PLENO DIA;MANOBRA DE MUDANÇA DE FAIXA;COLISÃO LATERAL MESMO SENTIDO;CÉU CLARO;MÚLTIPLA;RETA;NÃO;0
SC;BR-101;ITAPEMA;4;2;QUINTA-FEIRA;3;0;12;12H-14H;TARDE;PLENO DIA;ACESSO IRREGULAR;COLISÃO LATERAL MESMO SENTIDO;CÉU CLARO;MÚLTIPLA;INTERSEÇÃO DE VIAS;SIM;0
SC;BR-282;SAO JOSE;4;2;QUINTA-FEIRA;3;0;10;09H-11H;MANHA;PLENO DIA;REAÇÃO TARDIA OU INEFICIENTE DO CONDUTOR;COLISÃO COM OBJETO;CÉU CLARO;MÚLTIPLA;RETA;SIM;0
ES;BR-262;VENDA NOVA DO IMIGRANTE;4;2;QUINTA-FEIRA;3;0;12;12H-14H;TARDE;PLENO DIA;CONVERSÃO PROIBIDA;COLISÃO TRANSVERSAL;CÉU CLARO;SIMPLES;RETA;NÃO;0
RJ;BR-101;RIO BONITO;3;1;SEGUNDA-FEIRA;0;0;5;03H-05H;MADRUGADA;AMANHECER;CONDUTOR DORMINDO;SAÍDA DE LEITO CARROÇÁVEL;CÉU CLARO;DUPLA;RETA;NÃO;0
SP;BR-101;UBATUBA;4;2;QUINTA-FEIRA;3;0;13;12H-14H;TARDE;PLENO DIA;CONVERSÃO PROIBIDA;COLISÃO TRANSVERSAL;CÉU CLARO;SIMPLES;RETA;SIM;0
MG;BR-040;RIBEIRAO DAS NEVES;3;1;QUARTA-FEIRA;2;0;7;06H-08H;MANHA;PLENA NOITE;ACESSAR A VIA SEM OBSERVAR A PRESENÇA DOS OUTROS VEÍCULOS;COLISÃO LATERAL MESMO SENTIDO;CÉU CLARO;DUPLA;"DECLIVE;RETA";SIM;0
ES;BR-101;SAO MATEUS;4;2;QUINTA-FEIRA;3;0;12;12H-14H;TARDE;PLENO DIA;AUSÊNCIA DE REAÇÃO DO CONDUTOR;TOMBAMENTO;CÉU CLARO;SIMPLES;CURVA;NÃO;0
RO;BR-435;COLORADO DO OESTE;4;2;QUINTA-FEIRA;3;0;8;06H-08H;MANHA;PLENO DIA;ULTRAPASSAGEM INDEVIDA;COLISÃO LATERAL SENTIDO OPOSTO;CÉU CLARO;SIMPLES;RETA;NÃO;0
PR;BR-153;IRATI;4;2;QUINTA-FEIRA;3;0;13;12H-14H;TARDE;PLENO DIA;CONVERSÃO PROIBIDA;COLISÃO LATERAL SENTIDO OPOSTO;NUBLADO;SIMPLES;RETA;NÃO;0
MA;BR-230;BALSAS;4;2;QUINTA-FEIRA;3;0;10;09H-11H;MANHA;PLENO DIA;ACESSAR A VIA SEM OBSERVAR A PRESENÇA DOS OUTROS VEÍCULOS;COLISÃO TRANSVERSAL;CÉU CLARO;SIMPLES;"RETA;INTERSEÇÃO DE VIAS";SIM;0
MA;BR-010;IMPERATRIZ;4;2;QUINTA-FEIRA;3;0;14;12H-14H;TARDE;PLENO DIA;AUSÊNCIA DE REAÇÃO DO CONDUTOR;COLISÃO TRASEIRA;CHUVA;SIMPLES;RETA;SIM;0
SC;BR-280;GUARAMIRIM;4;2;QUINTA-FEIRA;3;0;14;12H-14H;TARDE;PLENO DIA;INGESTÃO DE ÁLCOOL PELO CONDUTOR;COLISÃO COM OBJETO;CHUVA;DUPLA;"INTERSEÇÃO DE VIAS;ROTATÓRIA";SIM;0
GO;BR-153;SANTA TEREZA DE GOIAS;4;2;QUINTA-FEIRA;3;0;15;15H-17H;TARDE;PLENO DIA;ACUMULO DE ÁGUA SOBRE O PAVIMENTO;COLISÃO COM OBJETO;CHUVA;SIMPLES;CURVA;NÃO;0
PR;BR-116;SAO JOSE DOS PINHAIS;4;2;QUINTA-FEIRA;3;0;15;15H-17H;TARDE;PLENO DIA;DEMAIS FALHAS MECÂNICAS OU ELÉTRICAS;TOMBAMENTO;CÉU CLARO;SIMPLES;"ACLIVE;CURVA";NÃO;0
ES;BR-101;SERRA;4;2;QUINTA-FEIRA;3;0;15;15H-17H;TARDE;PLENO DIA;AUSÊNCIA DE REAÇÃO DO CONDUTOR;COLISÃO TRASEIRA;CÉU CLARO;DUPLA;RETA;SIM;0
RO;BR-364;JI-PARANA;4;2;QUINTA-FEIRA;3;0;10;09H-11H;MANHA;PLENO DIA;ACESSAR A VIA SEM OBSERVAR A PRESENÇA DOS OUTROS VEÍCULOS;COLISÃO TRANSVERSAL;NUBLADO;SIMPLES;"RETA;INTERSEÇÃO DE VIAS";SIM;0
PE;BR-232;SERRA TALHADA;3;1;SEXTA-FEIRA;4;0;2;00H-02H;MADRUGADA;PLENA NOITE;ANIMAIS NA PISTA;ATROPELAMENTO DE ANIMAL;CÉU CLARO;SIMPLES;RETA;NÃO;0
MG;BR-381;ITATIAIUCU;4;2;QUINTA-FEIRA;3;0;16;15H-17H;TARDE;PLENO DIA;AUSÊNCIA DE REAÇÃO DO CONDUTOR;SAÍDA DE LEITO CARROÇÁVEL;CHUVA;DUPLA;"RETA;ACLIVE";NÃO;0
SP;BR-116;SAO JOSE DOS CAMPOS;4;2;QUINTA-FEIRA;3;0;15;15H-17H;TARDE;PLENO DIA;REAÇÃO TARDIA OU INEFICIENTE DO CONDUTOR;COLISÃO TRASEIRA;NUBLADO;DUPLA;RETA;SIM;0
RO;BR-364;JI-PARANA;4;2;QUINTA-FEIRA;3;0;11;09H-11H;MANHA;PLENO DIA;ACESSO IRREGULAR;COLISÃO TRANSVERSAL;CÉU CLARO;MÚLTIPLA;RETA;NÃO;0
SC;BR-101;JOINVILLE;4;2;QUINTA-FEIRA;3;0;16;15H-17H;TARDE;PLENO DIA;ACESSAR A VIA SEM OBSERVAR A PRESENÇA DOS OUTROS VEÍCULOS;TOMBAMENTO;CHUVA;DUPLA;"RETA;INTERSEÇÃO DE VIAS;VIADUTO;ROTATÓRIA";SIM;0
BA;BR-324;ENTRE RIOS;4;2;QUINTA-FEIRA;3;0;15;15H-17H;TARDE;PLENO DIA;TRANSITAR NA CONTRAMÃO;COLISÃO FRONTAL;CÉU CLARO;SIMPLES;RETA;NÃO;0
PR;BR-369;CORBELIA;4;2;QUINTA-FEIRA;3;0;15;15H-17H;TARDE;PLENO DIA;CONDUTOR DEIXOU DE MANTER DISTÂNCIA DO VEÍCULO DA FRENTE;COLISÃO TRASEIRA;CÉU CLARO;SIMPLES;RETA;NÃO;0
GO;BR-070;JUSSARA;4;2;QUINTA-FEIRA;3;0;17;15H-17H;TARDE;PLENO DIA;MANOBRA DE MUDANÇA DE FAIXA;COLISÃO LATERAL MESMO SENTIDO;CÉU CLARO;DUPLA;RETA;NÃO;0
AL;BR-101;PILAR;4;2;QUINTA-FEIRA;3;0;15;15H-17H;TARDE;PLENO DIA;ACESSAR A VIA SEM OBSERVAR A PRESENÇA DOS OUTROS VEÍCULOS;COLISÃO TRANSVERSAL;CÉU CLARO;DUPLA;RETORNO REGULAMENTADO;NÃO;0
RJ;BR-101;NITEROI;4;2;QUINTA-FEIRA;3;0;17;15H-17H;TARDE;ANOITECER;CONDUTOR DEIXOU DE MANTER DISTÂNCIA DO VEÍCULO DA FRENTE;COLISÃO TRASEIRA;NUBLADO;SIMPLES;"PONTE;RETA";SIM;0
PR;BR-376;APUCARANA;4;2;QUINTA-FEIRA;3;0;17;15H-17H;TARDE;PLENO DIA;AFUNDAMENTO OU ONDULAÇÃO NO PAVIMENTO;TOMBAMENTO;NUBLADO;DUPLA;"RETA;DECLIVE";NÃO;0
MG;BR-116;SAO FRANCISCO DO GLORIA;4;2;QUINTA-FEIRA;3;0;11;09H-11H;MANHA;PLENO DIA;AVARIAS E/OU DESGASTE EXCESSIVO NO PNEU;TOMBAMENTO;CÉU CLARO;SIMPLES;CURVA;NÃO;0
RN;BR-110;MOSSORO;4;2;QUINTA-FEIRA;3;0;18;18H-20H;NOITE;PLENA NOITE;ACESSAR A VIA SEM OBSERVAR A PRESENÇA DOS OUTROS VEÍCULOS;COLISÃO TRANSVERSAL;CÉU CLARO;SIMPLES;RETA;SIM;0
MG;BR-365;UBERLANDIA;4;2;QUINTA-FEIRA;3;0;18;18H-20H;NOITE;PLENA NOITE;AUSÊNCIA DE REAÇÃO DO CONDUTOR;COLISÃO TRASEIRA;NUBLADO;DUPLA;"RETA;DECLIVE";SIM;0