uf;br_formatada;municipio;mes;trimestre;dia_semana;dia_semana_num;fim_de_semana;hora;faixa_horaria;turno;fase_dia;causa_acidente;tipo_acidente;condicao_metereologica;tipo_pista;tracado_via;uso_solo;acidente_fatal
SP;BR-153;SAO JOSE DO RIO PRETO;4;2;DOMINGO;6;1;11;09H-11H;MANHA;PLENO DIA;ULTRAPASSAGEM INDEVIDA;COLISÃO TRASEIRA;CÉU CLARO;SIMPLES;RETA;SIM;0
PA;BR-163;SANTAREM;4;2;DOMINGO;6;1;11;09H-11H;MANHA;PLENO DIA;FREAR BRUSCAMENTE;SAÍDA DE LEITO CARROÇÁVEL;CÉU CLARO;SIMPLES;RETA;SIM;0
RJ;BR-101;CAMPOS DOS GOYTACAZES;4;2;DOMINGO;6;1;12;12H-14H;TARDE;PLENO DIA;AUSÊNCIA DE REAÇÃO DO CONDUTOR;COLISÃO TRASEIRA;CHUVA;SIMPLES;ROTATÓRIA;SIM;0
RS;BR-290;GRAVATAI;4;2;DOMINGO;6;1;13;12H-14H;TARDE;PLENO DIA;AUSÊNCIA DE REAÇÃO DO CONDUTOR;SAÍDA DE LEITO CARROÇÁVEL;CÉU CLARO;DUPLA;CURVA;NÃO;0
PB;BR-104;CUITE;4;2;DOMINGO;6;1;12;12H-14H;TARDE;PLENO DIA;INGESTÃO DE ÁLCOOL PELO CONDUTOR;SAÍDA DE LEITO CARROÇÁVEL;CÉU CLARO;SIMPLES;RETA;SIM;0
ES;BR-101;SERRA;4;2;DOMINGO;6;1;13;12H-14H;TARDE;PLENO DIA;CONDUTOR DEIXOU DE MANTER DISTÂNCIA DO VEÍCULO DA FRENTE;COLISÃO TRASEIRA;CÉU CLARO;MÚLTIPLA;RETA;SIM;0
TO;BR-153;COLINAS DO TOCANTINS;4;2;DOMINGO;6;1;12;12H-14H;TARDE;PLENO DIA;TRANSITAR NA CONTRAMÃO;COLISÃO FRONTAL;CÉU CLARO;SIMPLES;RETA;NÃO;1
MA;BR-010;ACAILANDIA;4;2;DOMINGO;6;1;11;09H-11H;MANHA;PLENO DIA;TRANSITAR NA CONTRAMÃO;COLISÃO TRANSVERSAL;CÉU CLARO;SIMPLES;ACLIVE;NÃO;0
SC;BR-480;CHAPECO;4;2;QUARTA-FEIRA;2;0;5;03H-05H;MADRUGADA;AMANHECER;ACESSAR A VIA SEM OBSERVAR A PRESENÇA DOS OUTROS VEÍCULOS;COLISÃO FRONTAL;CÉU CLARO;SIMPLES;DECLIVE;SIM;0
SC;BR-101;BIGUACU;4;2;DOMINGO;6;1;14;12H-14H;TARDE;PLENO DIA;REAÇÃO TARDIA OU INEFICIENTE DO CONDUTOR;COLISÃO TRASEIRA;CÉU CLARO;MÚLTIPLA;CURVA;SIM;0
RJ;BR-116;NOVA IGUACU;4;2;DOMINGO;6;1;13;12H-14H;TARDE;PLENO DIA;REAÇÃO TARDIA OU INEFICIENTE DO CONDUTOR;COLISÃO TRASEIRA;GAROA/CHUVISCO;DUPLA;RETA;NÃO;0
BA;BR-235;JUAZEIRO;4;2;DOMINGO;6;1;13;12H-14H;TARDE;PLENO DIA;TRANSITAR NA CONTRAMÃO;COLISÃO FRONTAL;CÉU CLARO;SIMPLES;RETA;SIM;0
PE;BR-101;RECIFE;4;2;DOMINGO;6;1;15;15H-17H;TARDE;PLENO DIA;MANOBRA DE MUDANÇA DE FAIXA;COLISÃO LATERAL MESMO SENTIDO;CHUVA;DUPLA;RETA;SIM;0
MG;BR-381;SANTANA DO PARAISO;4;2;DOMINGO;6;1;9;09H-11H;MANHA;PLENO DIA;TRANSITAR NA CONTRAMÃO;COLISÃO FRONTAL;CÉU CLARO;SIMPLES;RETA;NÃO;0
MG;BR-040;RIBEIRAO DAS NEVES;4;2;DOMINGO;6;1;15;15H-17H;TARDE;PLENO DIA;DEMAIS FALHAS MECÂNICAS OU ELÉTRICAS;TOMBAMENTO;CÉU CLARO;DUPLA;RETA;SIM;0
SC;BR-470;INDAIAL;4;2;DOMINGO;6;1;15;15H-17H;TARDE;PLENO DIA;CONDUTOR DEIXOU DE MANTER DISTÂNCIA DO VEÍCULO DA FRENTE;COLISÃO TRASEIRA;CÉU CLARO;SIMPLES;RETORNO REGULAMENTADO;NÃO;0
MG;BR-381;BAEPENDI;4;2;DOMINGO;6;1;15;15H-17H;TARDE;PLENO DIA;AUSÊNCIA DE REAÇÃO DO CONDUTOR;QUEDA DE OCUPANTE DE VEÍCULO;NUBLADO;DUPLA;"DECLIVE;CURVA";NÃO;0
PB;BR-230;CABEDELO;4;2;DOMINGO;6;1;15;15H-17H;TARDE;PLENO DIA;AUSÊNCIA DE REAÇÃO DO CONDUTOR;COLISÃO TRASEIRA;CÉU CLARO;DUPLA;RETA;SIM;0
SC;BR-101;CAMBORIU;4;2;DOMINGO;6;1;15;15H-17H;TARDE;PLENO DIA;TRAFEGAR COM MOTOCICLETA (OU SIMILAR) ENTRE AS FAIXAS;COLISÃO LATERAL MESMO SENTIDO;CÉU CLARO;DUPLA;RETA;NÃO;0
SC;BR-282;XAXIM;4;2;DOMINGO;6;1;14;12H-14H;TARDE;PLENO DIA;REAÇÃO TARDIA OU INEFICIENTE DO CONDUTOR;COLISÃO LATERAL MESMO SENTIDO;NUBLADO;SIMPLES;"RETA;DECLIVE";NÃO;0
RS;BR-392;RIO GRANDE;4;2;DOMINGO;6;1;14;12H-14H;TARDE;PLENO DIA;ACESSAR A VIA SEM OBSERVAR A PRESENÇA DOS OUTROS VEÍCULOS;COLISÃO LATERAL MESMO SENTIDO;CÉU CLARO;DUPLA;CURVA;SIM;0
PB;BR-104;CUITE;4;2;DOMINGO;6;1;15;15H-17H;TARDE;PLENO DIA;INGESTÃO DE ÁLCOOL PELO CONDUTOR;COLISÃO TRASEIRA;CÉU CLARO;SIMPLES;RETA;NÃO;0
GO;BR-060;GOIANIA;4;2;DOMINGO;6;1;15;15H-17H;TARDE;PLENO DIA;ACESSAR A VIA SEM OBSERVAR A PRESENÇA DOS OUTROS VEÍCULOS;COLISÃO TRASEIRA;CÉU CLARO;DUPLA;RETA;SIM;1
CE;BR-116;CHOROZINHO;4;2;DOMINGO;6;1;15;15H-17H;TARDE;PLENO DIA;ACESSAR A VIA SEM OBSERVAR A PRESENÇA DOS OUTROS VEÍCULOS;COLISÃO TRANSVERSAL;CÉU CLARO;SIMPLES;"ROTATÓRIA;INTERSEÇÃO DE VIAS";SIM;0
PR;BR-277;GUARAPUAVA;4;2;DOMINGO;6;1;14;12H-14H;TARDE;PLENO DIA;DEMAIS FALHAS NA VIA;COLISÃO COM OBJETO;CÉU CLARO;DUPLA;RETA;SIM;0
ES;BR-262;DOMINGOS MARTINS;4;2;DOMINGO;6;1;14;12H-14H;TARDE;PLENO DIA;CHUVA;TOMBAMENTO;CHUVA;SIMPLES;RETA;NÃO;0
PB;BR-230;CABEDELO;4;2;DOMINGO;6;1;16;15H-17H;TARDE;PLENO DIA;MANOBRA DE MUDANÇA DE FAIXA;COLISÃO LATERAL MESMO SENTIDO;CÉU CLARO;MÚLTIPLA;"INTERSEÇÃO DE VIAS;RETA";SIM;0
AL;BR-104;MURICI;4;2;DOMINGO;6;1;15;15H-17H;TARDE;PLENO DIA;AUSÊNCIA DE REAÇÃO DO CONDUTOR;TOMBAMENTO;CÉU CLARO;SIMPLES;RETA;NÃO;0
MG;BR-040;CONGONHAS;4;2;DOMINGO;6;1;16;15H-17H;TARDE;PLENO DIA;CONVERSÃO PROIBIDA;COLISÃO TRANSVERSAL;NUBLADO;SIMPLES;"RETA;ACLIVE";NÃO;0
ES;BR-101;LINHARES;4;2;DOMINGO;6;1;17;15H-17H;TARDE;PLENO DIA;MANOBRA DE MUDANÇA DE FAIXA;QUEDA DE OCUPANTE DE VEÍCULO;NUBLADO;MÚLTIPLA;RETA;SIM;0
MG;BR-459;SENADOR JOSE BENTO;4;2;DOMINGO;6;1;16;15H-17H;TARDE;PLENO DIA;CURVA ACENTUADA;SAÍDA DE LEITO CARROÇÁVEL;CÉU CLARO;SIMPLES;"DECLIVE;CURVA";NÃO;0
GO;BR-153;PROFESSOR JAMIL;4;2;DOMINGO;6;1;15;15H-17H;TARDE;PLENO DIA;FALTA DE ELEMENTO DE CONTENÇÃO QUE EVITE A SAÍDA DO LEITO CARROÇÁVEL;SAÍDA DE LEITO CARROÇÁVEL;NUBLADO;DUPLA;DECLIVE;NÃO;0
PB;BR-101;JOAO PESSOA;4;2;DOMINGO;6;1;17;15H-17H;TARDE;PLENO DIA;MANOBRA DE MUDANÇA DE FAIXA;QUEDA DE OCUPANTE DE VEÍCULO;CÉU CLARO;DUPLA;RETA;SIM;0
RJ;BR-101;PARATY;4;2;DOMINGO;6;1;17;15H-17H;TARDE;ANOITECER;VELOCIDADE INCOMPATÍVEL;COLISÃO COM OBJETO;CHUVA;SIMPLES;CURVA;NÃO;1
MG;BR-365;UBERLANDIA;4;2;DOMINGO;6;1;17;15H-17H;TARDE;PLENO DIA;VELOCIDADE INCOMPATÍVEL;SAÍDA DE LEITO CARROÇÁVEL;CHUVA;DUPLA;"DECLIVE;RETA";NÃO;0
PR;BR-163;BARRACAO;4;2;DOMINGO;6;1;7;06H-08H;MANHA;AMANHECER;INGESTÃO DE ÁLCOOL PELO CONDUTOR;SAÍDA DE LEITO CARROÇÁVEL;NUBLADO;SIMPLES;RETA;NÃO;0
MG;BR-153;MONTE ALEGRE DE MINAS;4;2;DOMINGO;6;1;17;15H-17H;TARDE;PLENO DIA;VELOCIDADE INCOMPATÍVEL;COLISÃO COM OBJETO;CÉU CLARO;DUPLA;ROTATÓRIA;NÃO;0
SP;BR-153;SAO JOSE DO RIO PRETO;4;2;DOMINGO;6;1;17;15H-17H;TARDE;ANOITECER;FREAR BRUSCAMENTE;TOMBAMENTO;NUBLADO;DUPLA;INTERSEÇÃO DE VIAS;NÃO;0
RJ;BR-040;PETROPOLIS;4;2;DOMINGO;6;1;17;15H-17H;TARDE;PLENA NOITE;CHUVA;SAÍDA DE LEITO CARROÇÁVEL;CHUVA;DUPLA;CURVA;NÃO;0
ES;BR-101;IBIRACU;4;2;DOMINGO;6;1;18;18H-20H;NOITE;PLENA NOITE;CONDUTOR DEIXOU DE MANTER DISTÂNCIA DO VEÍCULO DA FRENTE;COLISÃO TRASEIRA;CHUVA;SIMPLES;RETA;NÃO;0
PR;BR-116;FAZENDA RIO GRANDE;3;1;SÁBADO;5;1;17;15H-17H;TARDE;ANOITECER;CONDUTOR DEIXOU DE MANTER DISTÂNCIA DO VEÍCULO DA FRENTE;COLISÃO TRASEIRA;NUBLADO;DUPLA;RETA;SIM;0
PI;BR-343;TERESINA;4;2;DOMINGO;6;1;18;18H-20H;NOITE;PLENA NOITE;REAÇÃO TARDIA OU INEFICIENTE DO CONDUTOR;COLISÃO LATERAL SENTIDO OPOSTO;CÉU CLARO;SIMPLES;RETA;NÃO;0
RO;BR-364;PORTO VELHO;4;2;DOMINGO;6;1;16;15H-17H;TARDE;PLENO DIA;MANOBRA DE MUDANÇA DE FAIXA;COLISÃO TRASEIRA;CÉU CLARO;DUPLA;"ACLIVE;RETA";NÃO;0
MG;BR-381;ITATIAIUCU;4;2;DOMINGO;6;1;18;18H-20H;NOITE;PLENA NOITE;PEDESTRE ANDAVA NA PISTA;ATROPELAMENTO DE PEDESTRE;CÉU CLARO;DUPLA;"ACLIVE;RETA";NÃO;1
PR;BR-277;FOZ DO IGUACU;4;2;DOMINGO;6;1;18;18H-20H;NOITE;PLENO DIA;ACESSAR A VIA SEM OBSERVAR A PRESENÇA DOS OUTROS VEÍCULOS;COLISÃO TRANSVERSAL;CÉU CLARO;DUPLA;"RETA;RETORNO REGULAMENTADO";NÃO;0
TO;BR-153;MIRANORTE;4;2;DOMINGO;6;1;17;15H-17H;TARDE;PLENO DIA;VELOCIDADE INCOMPATÍVEL;SAÍDA DE LEITO CARROÇÁVEL;GAROA/CHUVISCO;SIMPLES;"ACLIVE;RETA";NÃO;0
SC;BR-101;CAMBORIU;4;2;DOMINGO;6;1;18;18H-20H;NOITE;ANOITECER;INGESTÃO DE ÁLCOOL PELO CONDUTOR;ENGAVETAMENTO;NUBLADO;DUPLA;RETA;NÃO;0
MA;BR-316;CAXIAS;4;2;DOMINGO;6;1;19;18H-20H;NOITE;PLENO DIA;MANOBRA DE MUDANÇA DE FAIXA;COLISÃO FRONTAL;CÉU CLARO;SIMPLES;RETA;NÃO;1
ES;BR-101;SAO MATEUS;4;2;DOMINGO;6;1;19;18H-20H;NOITE;ANOITECER;AUSÊNCIA DE REAÇÃO DO CONDUTOR;EVENTOS ATÍPICOS;CÉU CLARO;DUPLA;RETA;NÃO;0
SP;BR-153;SAO JOSE DO RIO PRETO;4;2;DOMINGO;6;1;19;18H-20H;NOITE;PLENA NOITE;INGESTÃO DE ÁLCOOL PELO CONDUTOR;SAÍDA DE LEITO CARROÇÁVEL;CÉU CLARO;DUPLA;"RETA;ACLIVE";SIM;0
RJ;BR-040;DUQUE DE CAXIAS;4;2;DOMINGO;6;1;17;15H-17H;TARDE;ANOITECER;VELOCIDADE INCOMPATÍVEL;COLISÃO LATERAL MESMO SENTIDO;CHUVA;DUPLA;"DECLIVE;CURVA";NÃO;0
RS;BR-290;ELDORADO DO SUL;4;2;DOMINGO;6;1;19;18H-20H;NOITE;PLENA NOITE;AVARIAS E/OU DESGASTE EXCESSIVO NO PNEU;QUEDA DE OCUPANTE DE VEÍCULO;CÉU CLARO;DUPLA;RETA;SIM;0
MT;BR-070;PRIMAVERA DO LESTE;4;2;DOMINGO;6;1;14;12H-14H;TARDE;PLENO DIA;INGESTÃO DE ÁLCOOL PELO CONDUTOR;SAÍDA DE LEITO CARROÇÁVEL;CÉU CLARO;SIMPLES;RETA;NÃO;0
SC;BR-282;BOM RETIRO;4;2;DOMINGO;6;1;16;15H-17H;TARDE;PLENO DIA;AUSÊNCIA DE REAÇÃO DO CONDUTOR;COLISÃO COM OBJETO;SOL;SIMPLES;CURVA;NÃO;0
RJ;BR-101;ANGRA DOS REIS;4;2;DOMINGO;6;1;18;18H-20H;NOITE;PLENA NOITE;DEMAIS FALHAS MECÂNICAS OU ELÉTRICAS;INCÊNDIO;CHUVA;SIMPLES;RETA;SIM;0
RO;BR-319;PORTO VELHO;4;2;DOMINGO;6;1;18;18H-20H;NOITE;PLENA NOITE;DESRESPEITAR A PREFERÊNCIA NO CRUZAMENTO;COLISÃO TRANSVERSAL;CÉU CLARO;DUPLA;INTERSEÇÃO DE VIAS;SIM;0
SC;BR-101;JOINVILLE;4;2;DOMINGO;6;1;20;18H-20H;NOITE;PLENA NOITE;REAÇÃO TARDIA OU INEFICIENTE DO CONDUTOR;QUEDA DE OCUPANTE DE VEÍCULO;NUBLADO;DUPLA;RETA;SIM;0
SC;BR-101;ITAPEMA;4;2;DOMINGO;6;1;20;18H-20H;NOITE;PLENA NOITE;CONDUTOR USANDO CELULAR;COLISÃO TRASEIRA;NUBLADO;SIMPLES;RETA;SIM;0
MG;BR-364;PLANURA;4;2;DOMINGO;6;1;18;18H-20H;NOITE;ANOITECER;INGESTÃO DE ÁLCOOL PELO CONDUTOR;COLISÃO LATERAL SENTIDO OPOSTO;CÉU CLARO;SIMPLES;RETA;NÃO;0
PE;BR-104;CARUARU;4;2;DOMINGO;6;1;19;18H-20H;NOITE;PLENA NOITE;AVARIAS E/OU DESGASTE EXCESSIVO NO PNEU;QUEDA DE OCUPANTE DE VEÍCULO;NUBLADO;DUPLA;RETA;NÃO;0
MS;BR-419;AQUIDAUANA;4;2;DOMINGO;6;1;18;18H-20H;NOITE;PLENA NOITE;REAÇÃO TARDIA OU INEFICIENTE DO CONDUTOR;COLISÃO TRASEIRA;CÉU CLARO;SIMPLES;"INTERSEÇÃO DE VIAS;RETA;ACLIVE";NÃO;0
BA;BR-407;JUAZEIRO;4;2;DOMINGO;6;1;18;18H-20H;NOITE;PLENA NOITE;ACESSAR A VIA SEM OBSERVAR A PRESENÇA DOS OUTROS VEÍCULOS;COLISÃO FRONTAL;CÉU CLARO;SIMPLES;"INTERSEÇÃO DE VIAS;RETA";NÃO;0
SC;BR-101;ITAJAI;4;2;DOMINGO;6;1;20;18H-20H;NOITE;PLENA NOITE;AUSÊNCIA DE REAÇÃO DO CONDUTOR;COLISÃO TRASEIRA;NUBLADO;DUPLA;RETA;SIM;0
PR;BR-IGNORADA;LONDRINA;4;2;DOMINGO;6;1;17;15H-17H;TARDE;PLENO DIA;REAÇÃO TARDIA OU INEFICIENTE DO CONDUTOR;COLISÃO TRASEIRA;CÉU CLARO;DUPLA;RETA;SIM;0
GO;BR-060;ALEXANIA;4;2;DOMINGO;6;1;20;18H-20H;NOITE;PLENA NOITE;REAÇÃO TARDIA OU INEFICIENTE DO CONDUTOR;COLISÃO TRASEIRA;CÉU CLARO;DUPLA;RETA;NÃO;0
GO;BR-452;ITUMBIARA;4;2;DOMINGO;6;1;19;18H-20H;NOITE;PLENA NOITE;DEFICIÊNCIA DO SISTEMA DE ILUMINAÇÃO/SINALIZAÇÃO;COLISÃO LATERAL MESMO SENTIDO;CÉU CLARO;SIMPLES;DECLIVE;NÃO;0
PR;BR-277;GUARAPUAVA;4;2;DOMINGO;6;1;20;18H-20H;NOITE;PLENA NOITE;DEMAIS FALHAS NA VIA;COLISÃO LATERAL MESMO SENTIDO;CÉU CLARO;DUPLA;RETA;NÃO;0
SC;BR-101;SAO JOSE;4;2;DOMINGO;6;1;20;18H-20H;NOITE;PLENO DIA;ACESSAR A VIA SEM OBSERVAR A PRESENÇA DOS OUTROS VEÍCULOS;QUEDA DE OCUPANTE DE VEÍCULO;CÉU CLARO;MÚLTIPLA;RETA;SIM;0
MT;BR-174;MIRASSOL DOESTE;4;2;DOMINGO;6;1;18;18H-20H;NOITE;ANOITECER;ACESSAR A VIA SEM OBSERVAR A PRESENÇA DOS OUTROS VEÍCULOS;COLISÃO TRANSVERSAL;IGNORADO;SIMPLES;INTERSEÇÃO DE VIAS;NÃO;0
RS;BR-470;BENTO GONCALVES;4;2;DOMINGO;6;1;21;21H-23H;NOITE;PLENA NOITE;ACESSAR A VIA SEM OBSERVAR A PRESENÇA DOS OUTROS VEÍCULOS;COLISÃO TRANSVERSAL;CÉU CLARO;DUPLA;ROTATÓRIA;SIM;0
BA;BR-101;EUNAPOLIS;4;2;DOMINGO;6;1;20;18H-20H;NOITE;PLENA NOITE;TRANSITAR NA CONTRAMÃO;COLISÃO FRONTAL;CÉU CLARO;SIMPLES;RETA;NÃO;0
PR;BR-277;FERNANDES PINHEIRO;4;2;DOMINGO;6;1;19;18H-20H;NOITE;PLENA NOITE;AUSÊNCIA DE REAÇÃO DO CONDUTOR;SAÍDA DE LEITO CARROÇÁVEL;CÉU CLARO;SIMPLES;CURVA;NÃO;0
BA;BR-101;CONCEICAO DA FEIRA;4;2;DOMINGO;6;1;18;18H-20H;NOITE;ANOITECER;AUSÊNCIA DE REAÇÃO DO CONDUTOR;COLISÃO TRASEIRA;CÉU CLARO;SIMPLES;RETA;NÃO;1
PE;BR-232;GRAVATA;4;2;DOMINGO;6;1;21;21H-23H;NOITE;PLENA NOITE;INGESTÃO DE ÁLCOOL PELO CONDUTOR;COLISÃO COM OBJETO;CÉU CLARO;DUPLA;RETA;NÃO;0
PE;BR-428;OROCO;4;2;DOMINGO;6;1;19;18H-20H;NOITE;PLENA NOITE;ANIMAIS NA PISTA;ATROPELAMENTO DE ANIMAL;CÉU CLARO;SIMPLES;RETA;NÃO;0
RS;BR-285;CARAZINHO;4;2;DOMINGO;6;1;20;18H-20H;NOITE;PLENA NOITE;AUSÊNCIA DE REAÇÃO DO CONDUTOR;SAÍDA DE LEITO CARROÇÁVEL;CÉU CLARO;SIMPLES;CURVA;NÃO;0
MT;BR-163;MATUPA;4;2;DOMINGO;6;1;20;18H-20H;NOITE;PLENA NOITE;CONDUTOR DEIXOU DE MANTER DISTÂNCIA DO VEÍCULO DA FRENTE;COLISÃO TRASEIRA;CÉU CLARO;SIMPLES;RETA;NÃO;0
MG;BR-262;MANHUACU;4;2;DOMINGO;6;1;9;09H-11H;MANHA;PLENO DIA;ACESSAR A VIA SEM OBSERVAR A PRESENÇA DOS OUTROS VEÍCULOS;COLISÃO TRANSVERSAL;CÉU CLARO;SIMPLES;ROTATÓRIA;SIM;0
MG;BR-381;CONTAGEM;4;2;DOMINGO;6;1;21;21H-23H;NOITE;PLENA NOITE;PEDESTRE ANDAVA NA PISTA;ATROPELAMENTO DE PEDESTRE;CÉU CLARO;DUPLA;"ACLIVE;RETA";NÃO;0
AL;BR-104;RIO LARGO;4;2;DOMINGO;6;1;22;21H-23H;NOITE;PLENA NOITE;CONDUTOR DORMINDO;SAÍDA DE LEITO CARROÇÁVEL;CÉU CLARO;MÚLTIPLA;RETA;NÃO;0
BA;BR-101;FEIRA DE SANTANA;4;2;DOMINGO;6;1;17;15H-17H;TARDE;ANOITECER;ACESSAR A VIA SEM OBSERVAR A PRESENÇA DOS OUTROS VEÍCULOS;COLISÃO TRANSVERSAL;CÉU CLARO;SIMPLES;RETA;SIM;0
SC;BR-470;NAVEGANTES;4;2;DOMINGO;6;1;19;18H-20H;NOITE;PLENA NOITE;AUSÊNCIA DE REAÇÃO DO CONDUTOR;SAÍDA DE LEITO CARROÇÁVEL;NUBLADO;DUPLA;RETA;NÃO;0
RS;BR-287;JAGUARI;4;2;DOMINGO;6;1;19;18H-20H;NOITE;PLENA NOITE;AFUNDAMENTO OU ONDULAÇÃO NO PAVIMENTO;TOMBAMENTO;CÉU CLARO;SIMPLES;RETA;NÃO;0
PA;BR-163;BELTERRA;4;2;DOMINGO;6;1;21;21H-23H;NOITE;PLENA NOITE;ACESSAR A VIA SEM OBSERVAR A PRESENÇA DOS OUTROS VEÍCULOS;COLISÃO TRANSVERSAL;CÉU CLARO;SIMPLES;RETA;NÃO;0
PB;BR-230;CAMPINA GRANDE;4;2;DOMINGO;6;1;23;21H-23H;NOITE;PLENA NOITE;INGESTÃO DE ÁLCOOL PELO CONDUTOR;SAÍDA DE LEITO CARROÇÁVEL;CÉU CLARO;DUPLA;RETA;SIM;0
PA;BR-230;ALTAMIRA;4;2;DOMINGO;6;1;19;18H-20H;NOITE;PLENA NOITE;CONDUTOR DORMINDO;COLISÃO COM OBJETO;IGNORADO;SIMPLES;RETA;SIM;0
MT;BR-163;NOVA MUTUM;4;2;DOMINGO;6;1;23;21H-23H;NOITE;PLENA NOITE;REAÇÃO TARDIA OU INEFICIENTE DO CONDUTOR;SAÍDA DE LEITO CARROÇÁVEL;NEVOEIRO/NEBLINA;DUPLA;CURVA;NÃO;0
AP;BR-156;OIAPOQUE;4;2;DOMINGO;6;1;22;21H-23H;NOITE;PLENA NOITE;CONVERSÃO PROIBIDA;COLISÃO TRANSVERSAL;GAROA/CHUVISCO;SIMPLES;"ACLIVE;RETA";NÃO;0
MG;BR-381;ITATIAIUCU;4;2;DOMINGO;6;1;23;21H-23H;NOITE;PLENA NOITE;ANIMAIS NA PISTA;ATROPELAMENTO DE ANIMAL;CÉU CLARO;DUPLA;RETA;NÃO;0
RJ;BR-116;NOVA IGUACU;4;2;SEGUNDA-FEIRA;0;0;0;00H-02H;MADRUGADA;PLENA NOITE;AUSÊNCIA DE REAÇÃO DO CONDUTOR;COLISÃO LATERAL MESMO SENTIDO;GAROA/CHUVISCO;DUPLA;RETA;SIM;0
MG;BR-040;NOVA LIMA;4;2;SEGUNDA-FEIRA;0;0;1;00H-02H;MADRUGADA;PLENA NOITE;VELOCIDADE INCOMPATÍVEL;SAÍDA DE LEITO CARROÇÁVEL;CÉU CLARO;DUPLA;"RETA;DECLIVE";NÃO;0
MT;BR-163;SINOP;4;2;SEGUNDA-FEIRA;0;0;0;00H-02H;MADRUGADA;PLENA NOITE;ACESSAR A VIA SEM OBSERVAR A PRESENÇA DOS OUTROS VEÍCULOS;QUEDA DE OCUPANTE DE VEÍCULO;CÉU CLARO;SIMPLES;RETA;SIM;0
MG;BR-040;PARAOPEBA;4;2;DOMINGO;6;1;0;00H-02H;MADRUGADA;PLENA NOITE;AUSÊNCIA DE REAÇÃO DO CONDUTOR;SAÍDA DE LEITO CARROÇÁVEL;CÉU CLARO;DUPLA;"RETA;ACLIVE";NÃO;0
BA;BR-101;MARAU;4;2;SEGUNDA-FEIRA;0;0;1;00H-02H;MADRUGADA;PLENA NOITE;CONDUTOR DORMINDO;SAÍDA DE LEITO CARROÇÁVEL;CÉU CLARO;SIMPLES;RETA;NÃO;1
PR;BR-277;CAMPO LARGO;4;2;SEGUNDA-FEIRA;0;0;1;00H-02H;MADRUGADA;PLENA NOITE;REAÇÃO TARDIA OU INEFICIENTE DO CONDUTOR;SAÍDA DE LEITO CARROÇÁVEL;CHUVA;DUPLA;CURVA;NÃO;0
RS;BR-116;NOVO HAMBURGO;4;2;SEGUNDA-FEIRA;0;0;3;03H-05H;MADRUGADA;PLENA NOITE;AUSÊNCIA DE REAÇÃO DO CONDUTOR;COLISÃO TRASEIRA;CÉU CLARO;DUPLA;RETA;SIM;0
PR;BR-476;COLOMBO;4;2;SEGUNDA-FEIRA;0;0;4;03H-05H;MADRUGADA;PLENA NOITE;REAÇÃO TARDIA OU INEFICIENTE DO CONDUTOR;COLISÃO TRASEIRA;CÉU CLARO;DUPLA;CURVA;NÃO;0
SC;BR-101;PAULO LOPES;4;2;SEGUNDA-FEIRA;0;0;3;03H-05H;MADRUGADA;PLENA NOITE;INGESTÃO DE ÁLCOOL PELO CONDUTOR;SAÍDA DE LEITO CARROÇÁVEL;CHUVA;DUPLA;RETA;NÃO;0
PR;BR-376;SAO JOSE DOS PINHAIS;4;2;SEGUNDA-FEIRA;0;0;3;03H-05H;MADRUGADA;AMANHECER;AVARIAS E/OU DESGASTE EXCESSIVO NO PNEU;SAÍDA DE LEITO CARROÇÁVEL;GAROA/CHUVISCO;MÚLTIPLA;"RETA;DECLIVE";SIM;0
RO;BR-435;VILHENA;4;2;SEGUNDA-FEIRA;0;0;3;03H-05H;MADRUGADA;PLENO DIA;AUSÊNCIA DE REAÇÃO DO CONDUTOR;QUEDA DE OCUPANTE DE VEÍCULO;NUBLADO;SIMPLES;RETA;NÃO;0
MS;BR-163;RIO VERDE DE MATO GROSSO;4;2;SEGUNDA-FEIRA;0;0;1;00H-02H;MADRUGADA;PLENA NOITE;AUSÊNCIA DE REAÇÃO DO CONDUTOR;TOMBAMENTO;NUBLADO;SIMPLES;"RETA;RETORNO REGULAMENTADO";SIM;0
RJ;BR-101;ITAGUAI;4;2;SEGUNDA-FEIRA;0;0;2;00H-02H;MADRUGADA;PLENA NOITE;AUSÊNCIA DE REAÇÃO DO CONDUTOR;COLISÃO TRASEIRA;NUBLADO;DUPLA;RETA;SIM;0
DF;BR-020;BRASILIA;4;2;SEGUNDA-FEIRA;0;0;5;03H-05H;MADRUGADA;AMANHECER;MANOBRA DE MUDANÇA DE FAIXA;COLISÃO LATERAL MESMO SENTIDO;CÉU CLARO;DUPLA;EM OBRAS;SIM;0
BA;BR-242;BARREIRAS;4;2;SEGUNDA-FEIRA;0;0;6;06H-08H;MANHA;AMANHECER;VELOCIDADE INCOMPATÍVEL;COLISÃO TRASEIRA;CÉU CLARO;SIMPLES;RETA;SIM;0
RJ;BR-493;MAGE;4;2;SEGUNDA-FEIRA;0;0;5;03H-05H;MADRUGADA;AMANHECER;AUSÊNCIA DE REAÇÃO DO CONDUTOR;COLISÃO FRONTAL;CÉU CLARO;SIMPLES;RETA;SIM;0
RS;BR-290;SANTO ANTONIO DA PATRULHA;4;2;SEGUNDA-FEIRA;0;0;6;06H-08H;MANHA;AMANHECER;DEMAIS FALHAS MECÂNICAS OU ELÉTRICAS;TOMBAMENTO;CÉU CLARO;DUPLA;RETA;NÃO;0