uf;br_formatada;municipio;mes;trimestre;dia_semana;dia_semana_num;fim_de_semana;hora;faixa_horaria;turno;fase_dia;causa_acidente;tipo_acidente;condicao_metereologica;tipo_pista;tracado_via;uso_solo;acidente_fatal
PA;BR-163;NOVO PROGRESSO;3;1;SÁBADO;5;1;11;09H-11H;MANHA;PLENO DIA;REAÇÃO TARDIA OU INEFICIENTE DO CONDUTOR;TOMBAMENTO;CÉU CLARO;SIMPLES;"RETA;ACLIVE";NÃO;0
MG;BR-381;CARMO DA CACHOEIRA;4;2;SEGUNDA-FEIRA;0;0;11;09H-11H;MANHA;PLENO DIA;AUSÊNCIA DE REAÇÃO DO CONDUTOR;COLISÃO COM OBJETO;NUBLADO;DUPLA;RETA;NÃO;0
MG;BR-040;CONGONHAS;4;2;SEGUNDA-FEIRA;0;0;11;09H-11H;MANHA;PLENO DIA;CONDUTOR DEIXOU DE MANTER DISTÂNCIA DO VEÍCULO DA FRENTE;COLISÃO TRASEIRA;CHUVA;SIMPLES;RETA;NÃO;0
MG;BR-040;BARBACENA;4;2;SEGUNDA-FEIRA;0;0;12;12H-14H;TARDE;PLENO DIA;REAÇÃO TARDIA OU INEFICIENTE DO CONDUTOR;SAÍDA DE LEITO CARROÇÁVEL;NUBLADO;DUPLA;CURVA;NÃO;0
RS;BR-158;SANTA MARIA;4;2;SEGUNDA-FEIRA;0;0;11;09H-11H;MANHA;PLENO DIA;REAÇÃO TARDIA OU INEFICIENTE DO CONDUTOR;COLISÃO TRASEIRA;CÉU CLARO;SIMPLES;"INTERSEÇÃO DE VIAS;ROTATÓRIA";SIM;0
PE;BR-428;PETROLINA;4;2;SEGUNDA-FEIRA;0;0;13;12H-14H;TARDE;PLENO DIA;CONDUTOR DEIXOU DE MANTER DISTÂNCIA DO VEÍCULO DA FRENTE;COLISÃO TRASEIRA;CÉU CLARO;MÚLTIPLA;"INTERSEÇÃO DE VIAS;ROTATÓRIA";SIM;0
MG;BR-116;CARATINGA;4;2;SEGUNDA-FEIRA;0;0;11;09H-11H;MANHA;PLENO DIA;CONDUTOR DEIXOU DE MANTER DISTÂNCIA DO VEÍCULO DA FRENTE;COLISÃO TRASEIRA;NUBLADO;SIMPLES;RETA;SIM;0
RS;BR-386;SANTO ANTONIO DO PLANALTO;4;2;QUINTA-FEIRA;3;0;5;03H-05H;MADRUGADA;AMANHECER;AUSÊNCIA DE REAÇÃO DO CONDUTOR;SAÍDA DE LEITO CARROÇÁVEL;CÉU CLARO;SIMPLES;RETA;NÃO;0
SE;BR-235;NOSSA SENHORA DO SOCORRO;4;2;SEGUNDA-FEIRA;0;0;12;12H-14H;TARDE;PLENO DIA;INGESTÃO DE ÁLCOOL PELO CONDUTOR;COLISÃO COM OBJETO;CÉU CLARO;SIMPLES;RETA;NÃO;0
AC;BR-364;RIO BRANCO;4;2;SEGUNDA-FEIRA;0;0;11;09H-11H;MANHA;PLENO DIA;CONDUTOR DEIXOU DE MANTER DISTÂNCIA DO VEÍCULO DA FRENTE;COLISÃO TRASEIRA;CÉU CLARO;SIMPLES;RETA;SIM;0
PI;BR-135;CRISTINO CASTRO;4;2;SEGUNDA-FEIRA;0;0;8;06H-08H;MANHA;PLENO DIA;DEMAIS FALHAS NA VIA;SAÍDA DE LEITO CARROÇÁVEL;CÉU CLARO;SIMPLES;"DECLIVE;RETA";NÃO;1
PB;BR-104;QUEIMADAS;4;2;SEGUNDA-FEIRA;0;0;13;12H-14H;TARDE;PLENO DIA;CONDUTOR DEIXOU DE MANTER DISTÂNCIA DO VEÍCULO DA FRENTE;COLISÃO TRASEIRA;CÉU CLARO;SIMPLES;RETA;NÃO;0
RS;BR-285;VITORIA DAS MISSOES;4;2;SEGUNDA-FEIRA;0;0;12;12H-14H;TARDE;PLENO DIA;AUSÊNCIA DE REAÇÃO DO CONDUTOR;COLISÃO TRASEIRA;CÉU CLARO;SIMPLES;"EM OBRAS;RETA";NÃO;0
ES;BR-101;VIANA;4;2;SEGUNDA-FEIRA;0;0;14;12H-14H;TARDE;PLENO DIA;ACUMULO DE AREIA OU DETRITOS SOBRE O PAVIMENTO;TOMBAMENTO;NUBLADO;DUPLA;CURVA;SIM;0
RJ;BR-101;ANGRA DOS REIS;4;2;SEGUNDA-FEIRA;0;0;13;12H-14H;TARDE;PLENO DIA;PISTA ESBURACADA;TOMBAMENTO;NUBLADO;SIMPLES;RETA;NÃO;0
PE;BR-101;IGARASSU;4;2;SEGUNDA-FEIRA;0;0;14;12H-14H;TARDE;PLENO DIA;REAÇÃO TARDIA OU INEFICIENTE DO CONDUTOR;COLISÃO TRASEIRA;CÉU CLARO;DUPLA;"INTERSEÇÃO DE VIAS;RETA";SIM;0
SP;BR-381;SAO PAULO;4;2;SEGUNDA-FEIRA;0;0;14;12H-14H;TARDE;PLENO DIA;AUSÊNCIA DE REAÇÃO DO CONDUTOR;CAPOTAMENTO;NUBLADO;MÚLTIPLA;CURVA;SIM;0
AC;BR-364;RIO BRANCO;4;2;SEGUNDA-FEIRA;0;0;13;12H-14H;TARDE;PLENO DIA;REAÇÃO TARDIA OU INEFICIENTE DO CONDUTOR;COLISÃO TRASEIRA;CÉU CLARO;DUPLA;RETA;NÃO;0
SC;BR-101;ITAJAI;4;2;SEGUNDA-FEIRA;0;0;16;15H-17H;TARDE;PLENO DIA;ACUMULO DE AREIA OU DETRITOS SOBRE O PAVIMENTO;TOMBAMENTO;NUBLADO;DUPLA;RETA;SIM;0
RO;BR-364;JARU;4;2;SEGUNDA-FEIRA;0;0;14;12H-14H;TARDE;PLENO DIA;OBJETO ESTÁTICO SOBRE O LEITO CARROÇÁVEL;COLISÃO COM OBJETO;CÉU CLARO;SIMPLES;RETA;NÃO;0
RJ;BR-116;RESENDE;4;2;SEGUNDA-FEIRA;0;0;15;15H-17H;TARDE;PLENO DIA;REAÇÃO TARDIA OU INEFICIENTE DO CONDUTOR;CAPOTAMENTO;CÉU CLARO;DUPLA;RETA;NÃO;0
MG;BR-381;CAMPANHA;4;2;SEGUNDA-FEIRA;0;0;16;15H-17H;TARDE;PLENO DIA;VELOCIDADE INCOMPATÍVEL;COLISÃO COM OBJETO;CÉU CLARO;DUPLA;CURVA;NÃO;0
PB;BR-230;JOAO PESSOA;4;2;SEGUNDA-FEIRA;0;0;15;15H-17H;TARDE;PLENO DIA;TRAFEGAR COM MOTOCICLETA (OU SIMILAR) ENTRE AS FAIXAS;COLISÃO LATERAL MESMO SENTIDO;CÉU CLARO;DUPLA;RETA;SIM;0
ES;BR-101;SERRA;4;2;SEGUNDA-FEIRA;0;0;16;15H-17H;TARDE;PLENO DIA;AUSÊNCIA DE REAÇÃO DO CONDUTOR;COLISÃO TRASEIRA;CÉU CLARO;SIMPLES;"EM OBRAS;RETA";SIM;0
PR;BR-369;ROLANDIA;4;2;SEGUNDA-FEIRA;0;0;15;15H-17H;TARDE;PLENO DIA;ACESSAR A VIA SEM OBSERVAR A PRESENÇA DOS OUTROS VEÍCULOS;COLISÃO TRANSVERSAL;SOL;SIMPLES;INTERSEÇÃO DE VIAS;SIM;0
PI;BR-343;ANGICAL DO PIAUI;4;2;SEGUNDA-FEIRA;0;0;13;12H-14H;TARDE;PLENO DIA;AUSÊNCIA DE REAÇÃO DO CONDUTOR;COLISÃO TRASEIRA;SOL;SIMPLES;RETA;NÃO;0
AP;BR-156;TARTARUGALZINHO;4;2;SEGUNDA-FEIRA;0;0;13;12H-14H;TARDE;PLENO DIA;AUSÊNCIA DE REAÇÃO DO CONDUTOR;SAÍDA DE LEITO CARROÇÁVEL;CHUVA;SIMPLES;CURVA;NÃO;0
SC;BR-101;ITAJAI;4;2;SEGUNDA-FEIRA;0;0;16;15H-17H;TARDE;PLENO DIA;ACUMULO DE AREIA OU DETRITOS SOBRE O PAVIMENTO;TOMBAMENTO;NUBLADO;DUPLA;RETA;NÃO;0
SC;BR-101;ITAJAI;4;2;SEGUNDA-FEIRA;0;0;16;15H-17H;TARDE;PLENO DIA;ACUMULO DE AREIA OU DETRITOS SOBRE O PAVIMENTO;TOMBAMENTO;NUBLADO;DUPLA;RETA;SIM;0
CE;BR-116;FORTALEZA;4;2;SEGUNDA-FEIRA;0;0;16;15H-17H;TARDE;PLENO DIA;AUSÊNCIA DE REAÇÃO DO CONDUTOR;ENGAVETAMENTO;CÉU CLARO;MÚLTIPLA;RETA;SIM;0
RN;BR-110;MOSSORO;4;2;SEGUNDA-FEIRA;0;0;17;15H-17H;TARDE;PLENA NOITE;CONDUTOR DEIXOU DE MANTER DISTÂNCIA DO VEÍCULO DA FRENTE;COLISÃO LATERAL MESMO SENTIDO;CÉU CLARO;SIMPLES;RETA;SIM;0
CE;BR-116;FORTALEZA;4;2;SEGUNDA-FEIRA;0;0;17;15H-17H;TARDE;ANOITECER;CONDUTOR DEIXOU DE MANTER DISTÂNCIA DO VEÍCULO DA FRENTE;COLISÃO TRASEIRA;CÉU CLARO;MÚLTIPLA;RETA;SIM;0
PE;BR-408;SAO LOURENCO DA MATA;4;2;SEGUNDA-FEIRA;0;0;17;15H-17H;TARDE;PLENA NOITE;MANOBRA DE MUDANÇA DE FAIXA;COLISÃO LATERAL MESMO SENTIDO;CÉU CLARO;DUPLA;"RETA;INTERSEÇÃO DE VIAS";NÃO;0
PB;BR-230;JOAO PESSOA;4;2;SEGUNDA-FEIRA;0;0;18;18H-20H;NOITE;PLENA NOITE;MANOBRA DE MUDANÇA DE FAIXA;COLISÃO LATERAL MESMO SENTIDO;CÉU CLARO;DUPLA;RETA;SIM;0
BA;BR-110;RIBEIRA DO POMBAL;4;2;SEGUNDA-FEIRA;0;0;17;15H-17H;TARDE;PLENA NOITE;INGESTÃO DE ÁLCOOL PELO CONDUTOR;COLISÃO TRASEIRA;CÉU CLARO;SIMPLES;RETA;SIM;0
RS;BR-116;CANOAS;4;2;SEGUNDA-FEIRA;0;0;19;18H-20H;NOITE;PLENA NOITE;CONDUTOR DEIXOU DE MANTER DISTÂNCIA DO VEÍCULO DA FRENTE;COLISÃO TRASEIRA;NUBLADO;MÚLTIPLA;RETA;NÃO;0
PE;BR-316;BELEM DE SAO FRANCISCO;4;2;SEGUNDA-FEIRA;0;0;11;09H-11H;MANHA;PLENO DIA;ACESSAR A VIA SEM OBSERVAR A PRESENÇA DOS OUTROS VEÍCULOS;COLISÃO TRANSVERSAL;CÉU CLARO;SIMPLES;RETA;NÃO;0
MS;BR-163;SONORA;4;2;SEGUNDA-FEIRA;0;0;18;18H-20H;NOITE;PLENA NOITE;ANIMAIS NA PISTA;ATROPELAMENTO DE ANIMAL;CÉU CLARO;SIMPLES;RETA;NÃO;0
BA;BR-101;ALAGOINHAS;4;2;SEGUNDA-FEIRA;0;0;18;18H-20H;NOITE;PLENA NOITE;CONVERSÃO PROIBIDA;COLISÃO TRANSVERSAL;CÉU CLARO;SIMPLES;RETA;SIM;0
PR;BR-369;CAMBE;4;2;SEGUNDA-FEIRA;0;0;17;15H-17H;TARDE;PLENO DIA;TRANSITAR NO ACOSTAMENTO;COLISÃO TRASEIRA;CÉU CLARO;DUPLA;"EM OBRAS;RETA";SIM;0
SE;BR-235;ARACAJU;4;2;SEGUNDA-FEIRA;0;0;19;18H-20H;NOITE;PLENA NOITE;PEDESTRE CRUZAVA A PISTA FORA DA FAIXA;ATROPELAMENTO DE PEDESTRE;NUBLADO;MÚLTIPLA;RETA;SIM;0
PR;BR-277;FOZ DO IGUACU;4;2;SEGUNDA-FEIRA;0;0;19;18H-20H;NOITE;PLENA NOITE;AUSÊNCIA DE REAÇÃO DO CONDUTOR;COLISÃO TRASEIRA;CÉU CLARO;DUPLA;RETA;SIM;0
SC;BR-282;FLORIANOPOLIS;4;2;SEGUNDA-FEIRA;0;0;19;18H-20H;NOITE;PLENA NOITE;MANOBRA DE MUDANÇA DE FAIXA;COLISÃO LATERAL MESMO SENTIDO;CÉU CLARO;DUPLA;RETA;SIM;0
SP;BR-116;GUARULHOS;4;2;SEGUNDA-FEIRA;0;0;19;18H-20H;NOITE;PLENA NOITE;REAÇÃO TARDIA OU INEFICIENTE DO CONDUTOR;COLISÃO TRASEIRA;VENTO;MÚLTIPLA;RETA;SIM;0
RJ;BR-040;PETROPOLIS;4;2;SEGUNDA-FEIRA;0;0;17;15H-17H;TARDE;PLENA NOITE;ACUMULO DE ÓLEO SOBRE O PAVIMENTO;TOMBAMENTO;NUBLADO;DUPLA;"ACLIVE;INTERSEÇÃO DE VIAS;CURVA";SIM;0
SP;BR-381;MAIRIPORA;4;2;SEGUNDA-FEIRA;0;0;20;18H-20H;NOITE;PLENA NOITE;OBJETO ESTÁTICO SOBRE O LEITO CARROÇÁVEL;QUEDA DE OCUPANTE DE VEÍCULO;CÉU CLARO;MÚLTIPLA;CURVA;SIM;0
RJ;BR-101;ANGRA DOS REIS;4;2;SEGUNDA-FEIRA;0;0;19;18H-20H;NOITE;PLENA NOITE;PEDESTRE - INGESTÃO DE ÁLCOOL/ SUBSTÂNCIAS PSICOATIVAS;ATROPELAMENTO DE PEDESTRE;CÉU CLARO;SIMPLES;RETA;SIM;0
MS;BR-163;SONORA;4;2;SEGUNDA-FEIRA;0;0;19;18H-20H;NOITE;PLENA NOITE;OBJETO ESTÁTICO SOBRE O LEITO CARROÇÁVEL;SAÍDA DE LEITO CARROÇÁVEL;CÉU CLARO;SIMPLES;RETA;NÃO;0
PR;BR-116;FAZENDA RIO GRANDE;4;2;SEGUNDA-FEIRA;0;0;18;18H-20H;NOITE;PLENA NOITE;TRAFEGAR COM MOTOCICLETA (OU SIMILAR) ENTRE AS FAIXAS;QUEDA DE OCUPANTE DE VEÍCULO;NUBLADO;DUPLA;RETA;SIM;0
RO;BR-364;ARIQUEMES;4;2;SEGUNDA-FEIRA;0;0;19;18H-20H;NOITE;PLENA NOITE;PISTA ESBURACADA;QUEDA DE OCUPANTE DE VEÍCULO;NUBLADO;SIMPLES;RETA;SIM;0
RS;BR-158;SANTANA DO LIVRAMENTO;4;2;SEGUNDA-FEIRA;0;0;20;18H-20H;NOITE;PLENA NOITE;REAÇÃO TARDIA OU INEFICIENTE DO CONDUTOR;SAÍDA DE LEITO CARROÇÁVEL;CÉU CLARO;SIMPLES;"ROTATÓRIA;RETA";SIM;0
PI;BR-343;PARNAIBA;4;2;SEGUNDA-FEIRA;0;0;21;21H-23H;NOITE;PLENA NOITE;ACESSAR A VIA SEM OBSERVAR A PRESENÇA DOS OUTROS VEÍCULOS;COLISÃO TRANSVERSAL;CÉU CLARO;SIMPLES;RETA;SIM;0
PI;BR-343;CAMPO MAIOR;4;2;SEGUNDA-FEIRA;0;0;20;18H-20H;NOITE;PLENA NOITE;ACESSAR A VIA SEM OBSERVAR A PRESENÇA DOS OUTROS VEÍCULOS;COLISÃO TRANSVERSAL;CÉU CLARO;SIMPLES;RETA;SIM;0
SC;BR-101;TIJUCAS;4;2;SEGUNDA-FEIRA;0;0;21;21H-23H;NOITE;PLENA NOITE;REAÇÃO TARDIA OU INEFICIENTE DO CONDUTOR;COLISÃO TRASEIRA;CÉU CLARO;DUPLA;RETA;SIM;0
RJ;BR-493;GUAPIMIRIM;4;2;TERÇA-FEIRA;1;0;0;00H-02H;MADRUGADA;PLENA NOITE;ACESSAR A VIA SEM OBSERVAR A PRESENÇA DOS OUTROS VEÍCULOS;TOMBAMENTO;NUBLADO;SIMPLES;"EM OBRAS;RETA";SIM;0
PI;BR-343;TERESINA;4;2;TERÇA-FEIRA;1;0;5;03H-05H;MADRUGADA;AMANHECER;TRANSITAR NA CONTRAMÃO;COLISÃO FRONTAL;IGNORADO;SIMPLES;RETA;NÃO;1
MG;BR-040;CARANDAI;4;2;SEGUNDA-FEIRA;0;0;21;21H-23H;NOITE;PLENA NOITE;CHUVA;SAÍDA DE LEITO CARROÇÁVEL;CHUVA;SIMPLES;RETA;NÃO;0
GO;BR-050;CATALAO;4;2;TERÇA-FEIRA;1;0;5;03H-05H;MADRUGADA;PLENO DIA;ANIMAIS NA PISTA;ATROPELAMENTO DE ANIMAL;CÉU CLARO;DUPLA;RETA;SIM;0
SP;BR-116;GUARULHOS;4;2;TERÇA-FEIRA;1;0;5;03H-05H;MADRUGADA;PLENO DIA;AUSÊNCIA DE REAÇÃO DO CONDUTOR;TOMBAMENTO;NUBLADO;MÚLTIPLA;RETA;SIM;0
PE;BR-407;PETROLINA;4;2;SEGUNDA-FEIRA;0;0;19;18H-20H;NOITE;PLENA NOITE;AUSÊNCIA DE REAÇÃO DO CONDUTOR;COLISÃO TRASEIRA;CÉU CLARO;SIMPLES;INTERSEÇÃO DE VIAS;NÃO;0
PB;BR-101;CAAPORA;4;2;TERÇA-FEIRA;1;0;6;06H-08H;MANHA;PLENO DIA;ACUMULO DE AREIA OU DETRITOS SOBRE O PAVIMENTO;TOMBAMENTO;CÉU CLARO;DUPLA;"DECLIVE;RETORNO REGULAMENTADO";NÃO;0
SP;BR-116;GUARULHOS;4;2;TERÇA-FEIRA;1;0;6;06H-08H;MANHA;PLENO DIA;MANOBRA DE MUDANÇA DE FAIXA;COLISÃO LATERAL MESMO SENTIDO;NUBLADO;MÚLTIPLA;"RETA;EM OBRAS";SIM;0
PR;BR-277;PARANAGUA;4;2;TERÇA-FEIRA;1;0;6;06H-08H;MANHA;AMANHECER;ACESSAR A VIA SEM OBSERVAR A PRESENÇA DOS OUTROS VEÍCULOS;COLISÃO LATERAL MESMO SENTIDO;SOL;DUPLA;"ACLIVE;VIADUTO";SIM;0
RN;BR-101;NATAL;4;2;TERÇA-FEIRA;1;0;7;06H-08H;MANHA;PLENO DIA;ACESSAR A VIA SEM OBSERVAR A PRESENÇA DOS OUTROS VEÍCULOS;COLISÃO TRANSVERSAL;CÉU CLARO;SIMPLES;CURVA;NÃO;0
ES;BR-101;LINHARES;4;2;TERÇA-FEIRA;1;0;7;06H-08H;MANHA;PLENO DIA;ACESSAR A VIA SEM OBSERVAR A PRESENÇA DOS OUTROS VEÍCULOS;COLISÃO TRANSVERSAL;CÉU CLARO;DUPLA;RETA;SIM;0
BA;BR-110;JEREMOABO;4;2;SEXTA-FEIRA;4;0;20;18H-20H;NOITE;PLENA NOITE;CHUVA;SAÍDA DE LEITO CARROÇÁVEL;CHUVA;SIMPLES;CURVA;NÃO;0
MG;BR-262;MANHUACU;4;2;TERÇA-FEIRA;1;0;6;06H-08H;MANHA;PLENO DIA;DESRESPEITAR A PREFERÊNCIA NO CRUZAMENTO;COLISÃO TRANSVERSAL;CÉU CLARO;SIMPLES;RETA;SIM;0
GO;BR-020;SIMOLANDIA;4;2;SEGUNDA-FEIRA;0;0;19;18H-20H;NOITE;PLENA NOITE;AUSÊNCIA DE REAÇÃO DO CONDUTOR;SAÍDA DE LEITO CARROÇÁVEL;GAROA/CHUVISCO;DUPLA;RETA;SIM;0
MG;BR-381;BETIM;4;2;TERÇA-FEIRA;1;0;7;06H-08H;MANHA;PLENO DIA;AUSÊNCIA DE REAÇÃO DO CONDUTOR;COLISÃO TRASEIRA;CÉU CLARO;DUPLA;RETA;NÃO;0
DF;BR-040;BRASILIA;4;2;TERÇA-FEIRA;1;0;7;06H-08H;MANHA;PLENO DIA;TRAFEGAR COM MOTOCICLETA (OU SIMILAR) ENTRE AS FAIXAS;COLISÃO LATERAL MESMO SENTIDO;CÉU CLARO;DUPLA;RETA;SIM;0
RJ;BR-101;CAMPOS DOS GOYTACAZES;4;2;TERÇA-FEIRA;1;0;8;06H-08H;MANHA;PLENO DIA;ANIMAIS NA PISTA;ATROPELAMENTO DE ANIMAL;CÉU CLARO;SIMPLES;CURVA;SIM;0
RN;BR-101;NATAL;4;2;TERÇA-FEIRA;1;0;7;06H-08H;MANHA;PLENO DIA;MANOBRA DE MUDANÇA DE FAIXA;COLISÃO LATERAL MESMO SENTIDO;CÉU CLARO;DUPLA;RETA;SIM;0
RS;BR-290;PORTO ALEGRE;4;2;TERÇA-FEIRA;1;0;8;06H-08H;MANHA;PLENO DIA;REAÇÃO TARDIA OU INEFICIENTE DO CONDUTOR;COLISÃO COM OBJETO;CÉU CLARO;DUPLA;"RETA;DECLIVE";NÃO;0
GO;BR-060;ABADIA DE GOIAS;4;2;TERÇA-FEIRA;1;0;7;06H-08H;MANHA;PLENO DIA;REAÇÃO TARDIA OU INEFICIENTE DO CONDUTOR;SAÍDA DE LEITO CARROÇÁVEL;NUBLADO;DUPLA;"DECLIVE;RETA";NÃO;0
MS;BR-463;DOURADOS;4;2;TERÇA-FEIRA;1;0;7;06H-08H;MANHA;PLENO DIA;ACESSAR A VIA SEM OBSERVAR A PRESENÇA DOS OUTROS VEÍCULOS;COLISÃO TRANSVERSAL;CÉU CLARO;SIMPLES;RETA;SIM;0
SC;BR-101;SAO JOSE;4;2;TERÇA-FEIRA;1;0;8;06H-08H;MANHA;PLENO DIA;REAÇÃO TARDIA OU INEFICIENTE DO CONDUTOR;TOMBAMENTO;CÉU CLARO;SIMPLES;CURVA;SIM;0
SC;BR-101;BALNEARIO CAMBORIU;3;1;QUARTA-FEIRA;2;0;20;18H-20H;NOITE;PLENA NOITE;ACESSAR A VIA SEM OBSERVAR A PRESENÇA DOS OUTROS VEÍCULOS;COLISÃO TRANSVERSAL;IGNORADO;DUPLA;RETA;SIM;0
ES;BR-101;CARIACICA;4;2;TERÇA-FEIRA;1;0;8;06H-08H;MANHA;PLENO DIA;CONVERSÃO PROIBIDA;COLISÃO LATERAL MESMO SENTIDO;CÉU CLARO;DUPLA;CURVA;NÃO;0
DF;BR-020;BRASILIA;4;2;TERÇA-FEIRA;1;0;8;06H-08H;MANHA;PLENO DIA;MANOBRA DE MUDANÇA DE FAIXA;COLISÃO TRASEIRA;CHUVA;DUPLA;"DECLIVE;RETA";SIM;0
CE;BR-304;ARACATI;4;2;TERÇA-FEIRA;1;0;7;06H-08H;MANHA;PLENO DIA;AUSÊNCIA DE REAÇÃO DO CONDUTOR;COLISÃO TRANSVERSAL;CÉU CLARO;SIMPLES;CURVA;SIM;0
RS;BR-386;LAJEADO;4;2;TERÇA-FEIRA;1;0;9;09H-11H;MANHA;PLENO DIA;ACUMULO DE AREIA OU DETRITOS SOBRE O PAVIMENTO;TOMBAMENTO;CÉU CLARO;DUPLA;"VIADUTO;INTERSEÇÃO DE VIAS;PONTE;RETA;EM OBRAS";NÃO;0
MG;BR-116;MANHUACU;4;2;TERÇA-FEIRA;1;0;9;09H-11H;MANHA;PLENO DIA;TRANSITAR NA CONTRAMÃO;COLISÃO LATERAL MESMO SENTIDO;CÉU CLARO;SIMPLES;RETA;NÃO;0
TO;BR-153;PARAISO DO TOCANTINS;4;2;TERÇA-FEIRA;1;0;9;09H-11H;MANHA;PLENO DIA;DEMAIS FALHAS MECÂNICAS OU ELÉTRICAS;INCÊNDIO;CÉU CLARO;SIMPLES;RETA;NÃO;0
RJ;BR-116;NOVA IGUACU;4;2;TERÇA-FEIRA;1;0;9;09H-11H;MANHA;PLENO DIA;MANOBRA DE MUDANÇA DE FAIXA;COLISÃO LATERAL MESMO SENTIDO;CÉU CLARO;DUPLA;RETA;SIM;0
BA;BR-324;SIMOES FILHO;4;2;TERÇA-FEIRA;1;0;10;09H-11H;MANHA;PLENO DIA;MANOBRA DE MUDANÇA DE FAIXA;COLISÃO TRASEIRA;CÉU CLARO;MÚLTIPLA;RETA;NÃO;0
RJ;BR-116;DUQUE DE CAXIAS;4;2;TERÇA-FEIRA;1;0;6;06H-08H;MANHA;PLENO DIA;FREAR BRUSCAMENTE;ENGAVETAMENTO;CÉU CLARO;DUPLA;RETA;SIM;0
SP;BR-116;ROSEIRA;4;2;TERÇA-FEIRA;1;0;10;09H-11H;MANHA;PLENO DIA;REAÇÃO TARDIA OU INEFICIENTE DO CONDUTOR;COLISÃO TRASEIRA;SOL;DUPLA;RETA;NÃO;0
PA;BR-308;TRACUATEUA;4;2;TERÇA-FEIRA;1;0;0;00H-02H;MADRUGADA;PLENA NOITE;AUSÊNCIA DE REAÇÃO DO CONDUTOR;EVENTOS ATÍPICOS;IGNORADO;SIMPLES;"RETA;ACLIVE";NÃO;1
SE;BR-101;ROSARIO DO CATETE;4;2;TERÇA-FEIRA;1;0;9;09H-11H;MANHA;PLENO DIA;ACESSAR A VIA SEM OBSERVAR A PRESENÇA DOS OUTROS VEÍCULOS;COLISÃO TRANSVERSAL;CÉU CLARO;SIMPLES;INTERSEÇÃO DE VIAS;NÃO;0
GO;BR-153;APARECIDA DE GOIANIA;4;2;TERÇA-FEIRA;1;0;10;09H-11H;MANHA;PLENO DIA;CONDUTOR DEIXOU DE MANTER DISTÂNCIA DO VEÍCULO DA FRENTE;COLISÃO TRASEIRA;CÉU CLARO;MÚLTIPLA;RETA;SIM;0
PB;BR-230;SOBRADO;4;2;TERÇA-FEIRA;1;0;8;06H-08H;MANHA;PLENO DIA;REAÇÃO TARDIA OU INEFICIENTE DO CONDUTOR;QUEDA DE OCUPANTE DE VEÍCULO;CÉU CLARO;DUPLA;RETA;NÃO;0
AC;BR-364;RIO BRANCO;4;2;TERÇA-FEIRA;1;0;7;06H-08H;MANHA;PLENO DIA;RETORNO PROIBIDO;COLISÃO TRANSVERSAL;CÉU CLARO;SIMPLES;RETA;SIM;0
RJ;BR-101;SAO GONCALO;4;2;TERÇA-FEIRA;1;0;10;09H-11H;MANHA;PLENO DIA;REAÇÃO TARDIA OU INEFICIENTE DO CONDUTOR;COLISÃO COM OBJETO;NUBLADO;SIMPLES;CURVA;SIM;0
BA;BR-324;SALVADOR;4;2;TERÇA-FEIRA;1;0;9;09H-11H;MANHA;PLENO DIA;AUSÊNCIA DE REAÇÃO DO CONDUTOR;COLISÃO TRASEIRA;CÉU CLARO;DUPLA;RETA;SIM;0
SP;BR-116;EMBU DAS ARTES;4;2;TERÇA-FEIRA;1;0;10;09H-11H;MANHA;PLENO DIA;TRAFEGAR COM MOTOCICLETA (OU SIMILAR) ENTRE AS FAIXAS;COLISÃO LATERAL MESMO SENTIDO;CÉU CLARO;DUPLA;RETA;SIM;0
SC;BR-101;PALHOCA;4;2;TERÇA-FEIRA;1;0;10;09H-11H;MANHA;PLENO DIA;ACESSAR A VIA SEM OBSERVAR A PRESENÇA DOS OUTROS VEÍCULOS;COLISÃO LATERAL MESMO SENTIDO;SOL;MÚLTIPLA;RETA;SIM;0
MG;BR-262;CORREGO DANTA;4;2;SEXTA-FEIRA;4;0;13;12H-14H;TARDE;PLENO DIA;REAÇÃO TARDIA OU INEFICIENTE DO CONDUTOR;COLISÃO TRANSVERSAL;CÉU CLARO;SIMPLES;INTERSEÇÃO DE VIAS;NÃO;0
SC;BR-101;PORTO BELO;4;2;TERÇA-FEIRA;1;0;11;09H-11H;MANHA;PLENO DIA;DEMAIS FALHAS MECÂNICAS OU ELÉTRICAS;INCÊNDIO;NUBLADO;DUPLA;RETA;SIM;0
RO;BR-364;JI-PARANA;4;2;TERÇA-FEIRA;1;0;9;09H-11H;MANHA;PLENO DIA;FREAR BRUSCAMENTE;COLISÃO TRASEIRA;CÉU CLARO;DUPLA;RETA;SIM;0
PR;BR-IGNORADA;GUAIRA;4;2;TERÇA-FEIRA;1;0;11;09H-11H;MANHA;PLENO DIA;REAÇÃO TARDIA OU INEFICIENTE DO CONDUTOR;COLISÃO TRASEIRA;GAROA/CHUVISCO;SIMPLES;"RETA;ACLIVE";SIM;0
ES;BR-101;LINHARES;4;2;TERÇA-FEIRA;1;0;11;09H-11H;MANHA;PLENO DIA;ANIMAIS NA PISTA;ATROPELAMENTO DE ANIMAL;CÉU CLARO;MÚLTIPLA;RETA;SIM;0
BA;BR-324;SAO SEBASTIAO DO PASSE;4;2;TERÇA-FEIRA;1;0;12;12H-14H;TARDE;PLENO DIA;DEMAIS FALHAS MECÂNICAS OU ELÉTRICAS;INCÊNDIO;CÉU CLARO;DUPLA;RETA;NÃO;0