uf;br_formatada;municipio;mes;trimestre;dia_semana;dia_semana_num;fim_de_semana;hora;faixa_horaria;turno;fase_dia;causa_acidente;tipo_acidente;condicao_metereologica;tipo_pista;tracado_via;uso_solo;acidente_fatal
PR;BR-277;CURITIBA;4;2;TERÇA-FEIRA;1;0;17;15H-17H;TARDE;PLENO DIA;MANOBRA DE MUDANÇA DE FAIXA;COLISÃO LATERAL MESMO SENTIDO;NUBLADO;DUPLA;"CURVA;DECLIVE";SIM;0
PE;BR-101;IGARASSU;4;2;QUARTA-FEIRA;2;0;8;06H-08H;MANHA;PLENO DIA;REAÇÃO TARDIA OU INEFICIENTE DO CONDUTOR;COLISÃO TRANSVERSAL;CÉU CLARO;MÚLTIPLA;"RETA;ACLIVE";SIM;0
PE;BR-101;RECIFE;4;2;QUARTA-FEIRA;2;0;7;06H-08H;MANHA;PLENO DIA;REAÇÃO TARDIA OU INEFICIENTE DO CONDUTOR;COLISÃO LATERAL MESMO SENTIDO;CÉU CLARO;DUPLA;"RETA;RETORNO REGULAMENTADO";SIM;0
SP;BR-381;GUARULHOS;4;2;QUARTA-FEIRA;2;0;8;06H-08H;MANHA;PLENO DIA;MANOBRA DE MUDANÇA DE FAIXA;COLISÃO LATERAL MESMO SENTIDO;CÉU CLARO;MÚLTIPLA;RETA;SIM;0
MG;BR-262;RIO CASCA;4;2;QUARTA-FEIRA;2;0;8;06H-08H;MANHA;PLENO DIA;TRANSITAR NA CONTRAMÃO;COLISÃO FRONTAL;CHUVA;SIMPLES;"DECLIVE;CURVA";NÃO;0
SC;BR-280;JARAGUA DO SUL;4;2;QUARTA-FEIRA;2;0;7;06H-08H;MANHA;PLENO DIA;TRANSITAR NA CONTRAMÃO;COLISÃO TRANSVERSAL;CÉU CLARO;SIMPLES;RETA;NÃO;0
MG;BR-381;BETIM;4;2;QUARTA-FEIRA;2;0;8;06H-08H;MANHA;PLENO DIA;REAÇÃO TARDIA OU INEFICIENTE DO CONDUTOR;TOMBAMENTO;CHUVA;MÚLTIPLA;CURVA;SIM;0
PR;BR-277;CASCAVEL;4;2;QUARTA-FEIRA;2;0;8;06H-08H;MANHA;PLENO DIA;ACESSAR A VIA SEM OBSERVAR A PRESENÇA DOS OUTROS VEÍCULOS;COLISÃO TRASEIRA;NUBLADO;SIMPLES;INTERSEÇÃO DE VIAS;SIM;0
RN;BR-304;ACU;4;2;QUARTA-FEIRA;2;0;9;09H-11H;MANHA;PLENO DIA;ACESSAR A VIA SEM OBSERVAR A PRESENÇA DOS OUTROS VEÍCULOS;COLISÃO TRANSVERSAL;SOL;SIMPLES;"RETA;ACLIVE";NÃO;0
SE;BR-101;MARUIM;4;2;QUARTA-FEIRA;2;0;9;09H-11H;MANHA;PLENO DIA;ENTRADA INOPINADA DO PEDESTRE;ATROPELAMENTO DE PEDESTRE;SOL;SIMPLES;RETA;NÃO;1
MG;BR-040;SETE LAGOAS;4;2;QUARTA-FEIRA;2;0;8;06H-08H;MANHA;PLENO DIA;REAÇÃO TARDIA OU INEFICIENTE DO CONDUTOR;SAÍDA DE LEITO CARROÇÁVEL;CHUVA;DUPLA;"ACLIVE;CURVA";NÃO;0
SC;BR-101;ITAJAI;4;2;QUARTA-FEIRA;2;0;10;09H-11H;MANHA;PLENO DIA;REAÇÃO TARDIA OU INEFICIENTE DO CONDUTOR;COLISÃO TRASEIRA;CÉU CLARO;DUPLA;RETA;SIM;0
RS;BR-158;PALMEIRA DAS MISSOES;4;2;QUARTA-FEIRA;2;0;13;12H-14H;TARDE;PLENO DIA;TRANSITAR NA CONTRAMÃO;COLISÃO FRONTAL;SOL;SIMPLES;"DECLIVE;RETA";NÃO;0
BA;BR-101;ITAMARAJU;4;2;QUARTA-FEIRA;2;0;11;09H-11H;MANHA;PLENO DIA;AUSÊNCIA DE REAÇÃO DO CONDUTOR;COLISÃO TRASEIRA;CÉU CLARO;SIMPLES;RETA;NÃO;0
RJ;BR-101;SAO GONCALO;4;2;QUARTA-FEIRA;2;0;5;03H-05H;MADRUGADA;AMANHECER;AUSÊNCIA DE REAÇÃO DO CONDUTOR;COLISÃO LATERAL MESMO SENTIDO;NUBLADO;DUPLA;RETA;NÃO;0
RS;BR-116;NOVO HAMBURGO;4;2;QUARTA-FEIRA;2;0;15;15H-17H;TARDE;PLENO DIA;REAÇÃO TARDIA OU INEFICIENTE DO CONDUTOR;COLISÃO TRASEIRA;CÉU CLARO;DUPLA;RETA;SIM;0
MS;BR-163;NAVIRAI;4;2;QUARTA-FEIRA;2;0;11;09H-11H;MANHA;PLENO DIA;AUSÊNCIA DE REAÇÃO DO CONDUTOR;COLISÃO COM OBJETO;NUBLADO;SIMPLES;ROTATÓRIA;NÃO;0
PR;BR-116;CAMPO DO TENENTE;4;2;QUARTA-FEIRA;2;0;13;12H-14H;TARDE;PLENO DIA;VELOCIDADE INCOMPATÍVEL;TOMBAMENTO;CÉU CLARO;SIMPLES;"RETA;DECLIVE";NÃO;0
BA;BR-324;CONCEICAO DO JACUIPE;4;2;QUARTA-FEIRA;2;0;15;15H-17H;TARDE;PLENO DIA;AUSÊNCIA DE REAÇÃO DO CONDUTOR;ENGAVETAMENTO;CÉU CLARO;DUPLA;RETA;NÃO;0
SC;BR-280;GUARAMIRIM;4;2;QUARTA-FEIRA;2;0;11;09H-11H;MANHA;PLENO DIA;ACESSAR A VIA SEM OBSERVAR A PRESENÇA DOS OUTROS VEÍCULOS;COLISÃO TRANSVERSAL;CÉU CLARO;MÚLTIPLA;"VIADUTO;ROTATÓRIA";SIM;0
SC;BR-101;BARRA VELHA;4;2;QUARTA-FEIRA;2;0;12;12H-14H;TARDE;PLENO DIA;ACESSAR A VIA SEM OBSERVAR A PRESENÇA DOS OUTROS VEÍCULOS;COLISÃO LATERAL MESMO SENTIDO;SOL;MÚLTIPLA;ROTATÓRIA;SIM;0
SP;BR-101;UBATUBA;4;2;QUARTA-FEIRA;2;0;15;15H-17H;TARDE;PLENO DIA;ACESSAR A VIA SEM OBSERVAR A PRESENÇA DOS OUTROS VEÍCULOS;COLISÃO TRANSVERSAL;NUBLADO;SIMPLES;RETA;SIM;0
MG;BR-262;MANHUACU;4;2;QUARTA-FEIRA;2;0;14;12H-14H;TARDE;PLENO DIA;ACESSAR A VIA SEM OBSERVAR A PRESENÇA DOS OUTROS VEÍCULOS;COLISÃO TRANSVERSAL;CHUVA;SIMPLES;"DECLIVE;RETA";SIM;0
SP;BR-116;SAO PAULO;4;2;QUARTA-FEIRA;2;0;16;15H-17H;TARDE;PLENO DIA;MANOBRA DE MUDANÇA DE FAIXA;COLISÃO LATERAL MESMO SENTIDO;CÉU CLARO;MÚLTIPLA;RETA;SIM;0
SE;BR-235;NOSSA SENHORA DO SOCORRO;4;2;QUARTA-FEIRA;2;0;18;18H-20H;NOITE;PLENA NOITE;AUSÊNCIA DE REAÇÃO DO CONDUTOR;COLISÃO TRASEIRA;CÉU CLARO;DUPLA;DECLIVE;SIM;0
SC;BR-101;ITAJAI;4;2;QUARTA-FEIRA;2;0;12;12H-14H;TARDE;PLENO DIA;AUSÊNCIA DE REAÇÃO DO CONDUTOR;QUEDA DE OCUPANTE DE VEÍCULO;CÉU CLARO;DUPLA;RETA;NÃO;0
MG;BR-381;SANTO ANTONIO DO AMPARO;4;2;QUARTA-FEIRA;2;0;11;09H-11H;MANHA;PLENO DIA;VELOCIDADE INCOMPATÍVEL;CAPOTAMENTO;CHUVA;DUPLA;CURVA;NÃO;0
RS;BR-386;SOLEDADE;4;2;QUARTA-FEIRA;2;0;17;15H-17H;TARDE;PLENO DIA;CONDUTOR DEIXOU DE MANTER DISTÂNCIA DO VEÍCULO DA FRENTE;COLISÃO TRASEIRA;CÉU CLARO;SIMPLES;RETA;NÃO;0
SC;BR-101;SAO JOSE;4;2;QUARTA-FEIRA;2;0;19;18H-20H;NOITE;PLENA NOITE;AUSÊNCIA DE REAÇÃO DO CONDUTOR;COLISÃO COM OBJETO;CÉU CLARO;MÚLTIPLA;RETA;SIM;0
RS;BR-386;LAJEADO;4;2;QUARTA-FEIRA;2;0;18;18H-20H;NOITE;ANOITECER;REAÇÃO TARDIA OU INEFICIENTE DO CONDUTOR;COLISÃO TRANSVERSAL;CÉU CLARO;DUPLA;"RETA;EM OBRAS;DECLIVE";SIM;0
SC;BR-101;PALHOCA;4;2;QUARTA-FEIRA;2;0;20;18H-20H;NOITE;PLENA NOITE;REAÇÃO TARDIA OU INEFICIENTE DO CONDUTOR;TOMBAMENTO;CÉU CLARO;DUPLA;"VIADUTO;RETORNO REGULAMENTADO;CURVA";SIM;0
SC;BR-282;LAGES;4;2;QUARTA-FEIRA;2;0;18;18H-20H;NOITE;PLENA NOITE;REAÇÃO TARDIA OU INEFICIENTE DO CONDUTOR;COLISÃO TRASEIRA;NUBLADO;DUPLA;RETA;SIM;0
MG;BR-116;GOVERNADOR VALADARES;4;2;QUARTA-FEIRA;2;0;19;18H-20H;NOITE;PLENA NOITE;CONDUTOR DEIXOU DE MANTER DISTÂNCIA DO VEÍCULO DA FRENTE;COLISÃO TRASEIRA;CHUVA;SIMPLES;"RETA;DECLIVE";SIM;0
SC;BR-470;CURITIBANOS;3;1;QUARTA-FEIRA;2;0;12;12H-14H;TARDE;PLENO DIA;AUSÊNCIA DE REAÇÃO DO CONDUTOR;CAPOTAMENTO;CÉU CLARO;SIMPLES;RETA;NÃO;0
CE;BR-304;ARACATI;4;2;QUINTA-FEIRA;3;0;10;09H-11H;MANHA;PLENO DIA;ACESSAR A VIA SEM OBSERVAR A PRESENÇA DOS OUTROS VEÍCULOS;COLISÃO TRANSVERSAL;CÉU CLARO;SIMPLES;"RETA;INTERSEÇÃO DE VIAS";NÃO;0
PR;BR-277;SAO MIGUEL DO IGUACU;4;2;SÁBADO;5;1;8;06H-08H;MANHA;PLENO DIA;AUSÊNCIA DE REAÇÃO DO CONDUTOR;SAÍDA DE LEITO CARROÇÁVEL;CÉU CLARO;DUPLA;RETA;NÃO;0
PR;BR-277;FERNANDES PINHEIRO;4;2;QUINTA-FEIRA;3;0;10;09H-11H;MANHA;PLENO DIA;CONVERSÃO PROIBIDA;COLISÃO TRANSVERSAL;NUBLADO;SIMPLES;CURVA;NÃO;0
SP;BR-116;TAUBATE;4;2;QUINTA-FEIRA;3;0;9;09H-11H;MANHA;PLENO DIA;REAÇÃO TARDIA OU INEFICIENTE DO CONDUTOR;COLISÃO LATERAL MESMO SENTIDO;CÉU CLARO;DUPLA;RETA;SIM;0
RS;BR-153;CACAPAVA DO SUL;4;2;QUINTA-FEIRA;3;0;7;06H-08H;MANHA;PLENO DIA;CONDUTOR DORMINDO;SAÍDA DE LEITO CARROÇÁVEL;CÉU CLARO;SIMPLES;CURVA;NÃO;0
MG;BR-116;LARANJAL;4;2;QUINTA-FEIRA;3;0;11;09H-11H;MANHA;PLENO DIA;INGESTÃO DE ÁLCOOL PELO CONDUTOR;COLISÃO TRASEIRA;CÉU CLARO;SIMPLES;RETA;NÃO;0
PB;BR-101;JOAO PESSOA;4;2;QUINTA-FEIRA;3;0;11;09H-11H;MANHA;PLENO DIA;AUSÊNCIA DE REAÇÃO DO CONDUTOR;COLISÃO LATERAL MESMO SENTIDO;CÉU CLARO;DUPLA;RETA;SIM;0
PB;BR-230;CABEDELO;4;2;QUARTA-FEIRA;2;0;14;12H-14H;TARDE;PLENO DIA;MANOBRA DE MUDANÇA DE FAIXA;COLISÃO TRASEIRA;CÉU CLARO;DUPLA;RETA;SIM;0
GO;BR-040;VALPARAISO DE GOIAS;4;2;QUINTA-FEIRA;3;0;10;09H-11H;MANHA;PLENO DIA;REAÇÃO TARDIA OU INEFICIENTE DO CONDUTOR;COLISÃO TRASEIRA;CÉU CLARO;DUPLA;RETA;NÃO;0
MT;BR-070;BARRA DO GARCAS;3;1;TERÇA-FEIRA;1;0;19;18H-20H;NOITE;PLENA NOITE;CONVERSÃO PROIBIDA;COLISÃO TRANSVERSAL;CÉU CLARO;SIMPLES;RETA;SIM;0
PB;BR-101;JOAO PESSOA;4;2;QUARTA-FEIRA;2;0;19;18H-20H;NOITE;PLENA NOITE;AUSÊNCIA DE REAÇÃO DO CONDUTOR;COLISÃO TRASEIRA;CÉU CLARO;DUPLA;"RETA;DECLIVE";NÃO;0
PB;BR-230;CABEDELO;4;2;QUARTA-FEIRA;2;0;16;15H-17H;TARDE;PLENO DIA;MANOBRA DE MUDANÇA DE FAIXA;COLISÃO LATERAL MESMO SENTIDO;CÉU CLARO;DUPLA;RETA;SIM;0
PB;BR-101;JOAO PESSOA;4;2;QUARTA-FEIRA;2;0;18;18H-20H;NOITE;ANOITECER;REAÇÃO TARDIA OU INEFICIENTE DO CONDUTOR;COLISÃO TRASEIRA;CÉU CLARO;DUPLA;RETA;SIM;0
SC;BR-101;SAO JOSE;4;2;QUARTA-FEIRA;2;0;17;15H-17H;TARDE;PLENO DIA;MANOBRA DE MUDANÇA DE FAIXA;COLISÃO TRASEIRA;CÉU CLARO;MÚLTIPLA;PONTE;SIM;0
SC;BR-101;SAO JOSE;4;2;QUINTA-FEIRA;3;0;10;09H-11H;MANHA;PLENO DIA;DEMAIS FALHAS MECÂNICAS OU ELÉTRICAS;TOMBAMENTO;CÉU CLARO;MÚLTIPLA;RETA;SIM;0
CE;BR-116;FORTALEZA;4;2;QUINTA-FEIRA;3;0;7;06H-08H;MANHA;PLENO DIA;MANOBRA DE MUDANÇA DE FAIXA;COLISÃO LATERAL MESMO SENTIDO;CÉU CLARO;MÚLTIPLA;RETA;SIM;0
MT;BR-364;VARZEA GRANDE;4;2;QUINTA-FEIRA;3;0;9;09H-11H;MANHA;PLENO DIA;ACESSO IRREGULAR;COLISÃO TRANSVERSAL;CÉU CLARO;DUPLA;RETA;NÃO;0
MG;BR-050;UBERABA;4;2;QUINTA-FEIRA;3;0;9;09H-11H;MANHA;PLENO DIA;CONDUTOR DORMINDO;SAÍDA DE LEITO CARROÇÁVEL;CÉU CLARO;DUPLA;RETA;NÃO;0
PB;BR-101;JOAO PESSOA;4;2;QUINTA-FEIRA;3;0;11;09H-11H;MANHA;PLENO DIA;MANOBRA DE MUDANÇA DE FAIXA;SAÍDA DE LEITO CARROÇÁVEL;CÉU CLARO;DUPLA;RETA;SIM;0
AL;BR-104;RIO LARGO;4;2;QUARTA-FEIRA;2;0;18;18H-20H;NOITE;ANOITECER;INGESTÃO DE ÁLCOOL PELO CONDUTOR;COLISÃO TRASEIRA;CÉU CLARO;DUPLA;RETA;SIM;0
AL;BR-423;CANAPI;4;2;QUARTA-FEIRA;2;0;20;18H-20H;NOITE;PLENA NOITE;MANOBRA DE MUDANÇA DE FAIXA;COLISÃO FRONTAL;CÉU CLARO;SIMPLES;"RETA;ACLIVE";NÃO;1
GO;BR-020;POSSE;4;2;QUINTA-FEIRA;3;0;1;00H-02H;MADRUGADA;PLENA NOITE;ULTRAPASSAGEM INDEVIDA;COLISÃO FRONTAL;NUBLADO;SIMPLES;"RETA;ACLIVE";NÃO;0
PE;BR-424;VENTUROSA;4;2;QUINTA-FEIRA;3;0;5;03H-05H;MADRUGADA;AMANHECER;TRANSITAR NA CONTRAMÃO;COLISÃO FRONTAL;CÉU CLARO;SIMPLES;"RETA;ACLIVE";NÃO;1
SP;BR-116;BARRA DO TURVO;4;2;QUINTA-FEIRA;3;0;10;09H-11H;MANHA;PLENO DIA;VELOCIDADE INCOMPATÍVEL;QUEDA DE OCUPANTE DE VEÍCULO;NUBLADO;SIMPLES;"DECLIVE;CURVA";NÃO;0
PR;BR-369;ARAPONGAS;4;2;QUINTA-FEIRA;3;0;10;09H-11H;MANHA;PLENO DIA;TRANSITAR NO ACOSTAMENTO;COLISÃO TRASEIRA;CÉU CLARO;SIMPLES;"RETA;INTERSEÇÃO DE VIAS";SIM;0
SP;BR-381;MAIRIPORA;4;2;QUINTA-FEIRA;3;0;10;09H-11H;MANHA;PLENO DIA;MANOBRA DE MUDANÇA DE FAIXA;COLISÃO LATERAL MESMO SENTIDO;CÉU CLARO;DUPLA;RETA;NÃO;0
PR;BR-369;CAMBE;4;2;SEGUNDA-FEIRA;0;0;14;12H-14H;TARDE;PLENO DIA;AUSÊNCIA DE REAÇÃO DO CONDUTOR;SAÍDA DE LEITO CARROÇÁVEL;CÉU CLARO;DUPLA;RETA;NÃO;0
GO;BR-153;GOIANIA;4;2;QUARTA-FEIRA;2;0;13;12H-14H;TARDE;PLENO DIA;ACESSAR A VIA SEM OBSERVAR A PRESENÇA DOS OUTROS VEÍCULOS;COLISÃO LATERAL MESMO SENTIDO;CÉU CLARO;MÚLTIPLA;RETA;SIM;0
SC;BR-101;ITAJAI;4;2;QUINTA-FEIRA;3;0;8;06H-08H;MANHA;PLENO DIA;REAÇÃO TARDIA OU INEFICIENTE DO CONDUTOR;TOMBAMENTO;SOL;DUPLA;"PONTE;RETA";NÃO;0
MG;BR-381;PERIQUITO;4;2;QUINTA-FEIRA;3;0;10;09H-11H;MANHA;PLENO DIA;VELOCIDADE INCOMPATÍVEL;SAÍDA DE LEITO CARROÇÁVEL;CHUVA;SIMPLES;CURVA;NÃO;0
AL;BR-104;MACEIO;4;2;QUINTA-FEIRA;3;0;11;09H-11H;MANHA;PLENO DIA;TRANSITAR NA CONTRAMÃO;COLISÃO FRONTAL;SOL;DUPLA;RETA;SIM;0
PR;BR-153;CONSELHEIRO MAIRINCK;4;2;QUINTA-FEIRA;3;0;8;06H-08H;MANHA;PLENO DIA;DESRESPEITAR A PREFERÊNCIA NO CRUZAMENTO;COLISÃO TRANSVERSAL;CÉU CLARO;SIMPLES;RETA;NÃO;0
RJ;BR-101;CAMPOS DOS GOYTACAZES;4;2;QUINTA-FEIRA;3;0;8;06H-08H;MANHA;PLENO DIA;MAL SÚBITO DO CONDUTOR;COLISÃO FRONTAL;CÉU CLARO;SIMPLES;CURVA;SIM;0
SC;BR-101;ITAJAI;4;2;QUINTA-FEIRA;3;0;7;06H-08H;MANHA;PLENO DIA;TRAFEGAR COM MOTOCICLETA (OU SIMILAR) ENTRE AS FAIXAS;COLISÃO LATERAL MESMO SENTIDO;CÉU CLARO;DUPLA;RETA;NÃO;0
SC;BR-101;PALHOCA;4;2;QUINTA-FEIRA;3;0;11;09H-11H;MANHA;PLENO DIA;CONDUTOR DEIXOU DE MANTER DISTÂNCIA DO VEÍCULO DA FRENTE;COLISÃO TRASEIRA;CÉU CLARO;DUPLA;RETA;SIM;0
RS;BR-116;MORRO REUTER;4;2;QUARTA-FEIRA;2;0;12;12H-14H;TARDE;PLENO DIA;ACESSAR A VIA SEM OBSERVAR A PRESENÇA DOS OUTROS VEÍCULOS;COLISÃO LATERAL MESMO SENTIDO;CÉU CLARO;SIMPLES;INTERSEÇÃO DE VIAS;SIM;0
PR;BR-369;LONDRINA;4;2;QUINTA-FEIRA;3;0;12;12H-14H;TARDE;PLENO DIA;CONDUTOR DEIXOU DE MANTER DISTÂNCIA DO VEÍCULO DA FRENTE;COLISÃO TRASEIRA;NUBLADO;DUPLA;RETA;SIM;0
TO;BR-010;PALMAS;4;2;QUARTA-FEIRA;2;0;10;09H-11H;MANHA;PLENO DIA;CONDUTOR DEIXOU DE MANTER DISTÂNCIA DO VEÍCULO DA FRENTE;COLISÃO TRASEIRA;SOL;DUPLA;RETORNO REGULAMENTADO;NÃO;0
RS;BR-116;VACARIA;4;2;QUINTA-FEIRA;3;0;12;12H-14H;TARDE;PLENO DIA;ACESSAR A VIA SEM OBSERVAR A PRESENÇA DOS OUTROS VEÍCULOS;COLISÃO TRANSVERSAL;CÉU CLARO;SIMPLES;RETA;SIM;0
RN;BR-304;CAICARA DO RIO DO VENTO;4;2;QUARTA-FEIRA;2;0;19;18H-20H;NOITE;PLENA NOITE;ILUMINAÇÃO DEFICIENTE;ATROPELAMENTO DE PEDESTRE;CÉU CLARO;SIMPLES;RETA;NÃO;0
PR;BR-376;PONTA GROSSA;4;2;QUINTA-FEIRA;3;0;11;09H-11H;MANHA;PLENO DIA;DESRESPEITAR A PREFERÊNCIA NO CRUZAMENTO;COLISÃO TRANSVERSAL;CÉU CLARO;SIMPLES;INTERSEÇÃO DE VIAS;SIM;0
RN;BR-101;CEARA-MIRIM;4;2;QUINTA-FEIRA;3;0;6;06H-08H;MANHA;PLENO DIA;AUSÊNCIA DE REAÇÃO DO CONDUTOR;COLISÃO TRASEIRA;CÉU CLARO;SIMPLES;RETA;NÃO;0
RS;BR-116;ESTEIO;4;2;QUINTA-FEIRA;3;0;12;12H-14H;TARDE;PLENO DIA;TRAFEGAR COM MOTOCICLETA (OU SIMILAR) ENTRE AS FAIXAS;COLISÃO LATERAL MESMO SENTIDO;CÉU CLARO;DUPLA;RETA;SIM;0
SC;BR-101;PALHOCA;4;2;QUINTA-FEIRA;3;0;12;12H-14H;TARDE;PLENO DIA;DEMAIS FALHAS MECÂNICAS OU ELÉTRICAS;QUEDA DE OCUPANTE DE VEÍCULO;CÉU CLARO;MÚLTIPLA;RETA;NÃO;0
MG;BR-381;IGARAPE;4;2;QUINTA-FEIRA;3;0;12;12H-14H;TARDE;PLENO DIA;ULTRAPASSAGEM INDEVIDA;COLISÃO LATERAL MESMO SENTIDO;CÉU CLARO;SIMPLES;RETA;SIM;0
RO;BR-364;ALTO PARAISO;4;2;QUINTA-FEIRA;3;0;11;09H-11H;MANHA;PLENO DIA;DEMAIS FALHAS NA VIA;COLISÃO COM OBJETO;CÉU CLARO;SIMPLES;RETA;NÃO;0
SP;BR-153;SAO JOSE DO RIO PRETO;4;2;QUINTA-FEIRA;3;0;6;06H-08H;MANHA;PLENO DIA;REAÇÃO TARDIA OU INEFICIENTE DO CONDUTOR;COLISÃO LATERAL MESMO SENTIDO;CÉU CLARO;DUPLA;RETA;SIM;0
GO;BR-040;VALPARAISO DE GOIAS;4;2;QUINTA-FEIRA;3;0;7;06H-08H;MANHA;PLENO DIA;REAÇÃO TARDIA OU INEFICIENTE DO CONDUTOR;COLISÃO TRASEIRA;CÉU CLARO;DUPLA;RETA;SIM;0
MG;BR-381;JOAO MONLEVADE;4;2;QUINTA-FEIRA;3;0;11;09H-11H;MANHA;PLENO DIA;ACESSAR A VIA SEM OBSERVAR A PRESENÇA DOS OUTROS VEÍCULOS;COLISÃO TRANSVERSAL;NUBLADO;DUPLA;"RETA;DECLIVE;RETORNO REGULAMENTADO";SIM;0
PR;BR-369;ARAPONGAS;4;2;QUARTA-FEIRA;2;0;18;18H-20H;NOITE;PLENA NOITE;AUSÊNCIA DE REAÇÃO DO CONDUTOR;COLISÃO LATERAL MESMO SENTIDO;GAROA/CHUVISCO;SIMPLES;"RETA;INTERSEÇÃO DE VIAS";SIM;0
RJ;BR-040;TRES RIOS;4;2;QUINTA-FEIRA;3;0;7;06H-08H;MANHA;PLENO DIA;MANOBRA DE MUDANÇA DE FAIXA;COLISÃO LATERAL MESMO SENTIDO;CÉU CLARO;DUPLA;CURVA;NÃO;0
ES;BR-101;LINHARES;4;2;QUINTA-FEIRA;3;0;10;09H-11H;MANHA;PLENO DIA;AUSÊNCIA DE REAÇÃO DO CONDUTOR;SAÍDA DE LEITO CARROÇÁVEL;NUBLADO;SIMPLES;"RETA;DECLIVE";NÃO;0
GO;BR-060;JATAI;4;2;QUINTA-FEIRA;3;0;12;12H-14H;TARDE;PLENO DIA;ACUMULO DE ÁGUA SOBRE O PAVIMENTO;COLISÃO FRONTAL;CHUVA;DUPLA;RETA;NÃO;0
CE;BR-222;CAUCAIA;4;2;QUINTA-FEIRA;3;0;8;06H-08H;MANHA;PLENO DIA;REAÇÃO TARDIA OU INEFICIENTE DO CONDUTOR;COLISÃO LATERAL MESMO SENTIDO;SOL;DUPLA;RETA;SIM;0
DF;BR-070;BRASILIA;4;2;QUINTA-FEIRA;3;0;13;12H-14H;TARDE;PLENO DIA;DEMAIS FALHAS MECÂNICAS OU ELÉTRICAS;QUEDA DE OCUPANTE DE VEÍCULO;CÉU CLARO;DUPLA;RETA;SIM;0
PR;BR-369;LONDRINA;4;2;QUARTA-FEIRA;2;0;12;12H-14H;TARDE;PLENO DIA;CONDUTOR DESRESPEITOU A ILUMINAÇÃO VERMELHA DO SEMÁFORO;COLISÃO TRASEIRA;CÉU CLARO;DUPLA;RETA;SIM;0
PR;BR-277;CASCAVEL;4;2;QUINTA-FEIRA;3;0;13;12H-14H;TARDE;PLENO DIA;DESRESPEITAR A PREFERÊNCIA NO CRUZAMENTO;COLISÃO TRANSVERSAL;CÉU CLARO;SIMPLES;ROTATÓRIA;SIM;0
RJ;BR-101;NITEROI;4;2;QUINTA-FEIRA;3;0;7;06H-08H;MANHA;PLENO DIA;AVARIAS E/OU DESGASTE EXCESSIVO NO PNEU;QUEDA DE OCUPANTE DE VEÍCULO;CÉU CLARO;MÚLTIPLA;RETA;SIM;0
SC;BR-101;SAO JOSE;4;2;QUINTA-FEIRA;3;0;13;12H-14H;TARDE;PLENO DIA;AUSÊNCIA DE REAÇÃO DO CONDUTOR;COLISÃO COM OBJETO;CÉU CLARO;DUPLA;RETA;SIM;0
MA;BR-135;SAO LUIS;4;2;QUARTA-FEIRA;2;0;17;15H-17H;TARDE;ANOITECER;REAÇÃO TARDIA OU INEFICIENTE DO CONDUTOR;COLISÃO TRASEIRA;GAROA/CHUVISCO;DUPLA;RETA;SIM;0
MA;BR-010;IMPERATRIZ;4;2;QUINTA-FEIRA;3;0;12;12H-14H;TARDE;PLENO DIA;DESRESPEITAR A PREFERÊNCIA NO CRUZAMENTO;COLISÃO TRANSVERSAL;SOL;DUPLA;RETA;SIM;0
SC;BR-280;ARAQUARI;4;2;QUINTA-FEIRA;3;0;13;12H-14H;TARDE;PLENO DIA;TRANSITAR NO ACOSTAMENTO;COLISÃO TRANSVERSAL;NUBLADO;SIMPLES;RETA;NÃO;0
PR;BR-277;GUARANIACU;4;2;QUINTA-FEIRA;3;0;7;06H-08H;MANHA;PLENO DIA;ACESSAR A VIA SEM OBSERVAR A PRESENÇA DOS OUTROS VEÍCULOS;COLISÃO TRANSVERSAL;CÉU CLARO;SIMPLES;"RETA;INTERSEÇÃO DE VIAS";NÃO;0
PB;BR-230;JOAO PESSOA;4;2;TERÇA-FEIRA;1;0;17;15H-17H;TARDE;PLENO DIA;CONDUTOR DEIXOU DE MANTER DISTÂNCIA DO VEÍCULO DA FRENTE;COLISÃO TRASEIRA;CÉU CLARO;DUPLA;RETA;SIM;0
BA;BR-324;SALVADOR;4;2;QUINTA-FEIRA;3;0;14;12H-14H;TARDE;PLENO DIA;AVARIAS E/OU DESGASTE EXCESSIVO NO PNEU;QUEDA DE OCUPANTE DE VEÍCULO;CÉU CLARO;DUPLA;RETA;NÃO;0
MG;BR-262;JUATUBA;4;2;QUARTA-FEIRA;2;0;9;09H-11H;MANHA;PLENO DIA;ACUMULO DE ÁGUA SOBRE O PAVIMENTO;COLISÃO COM OBJETO;CHUVA;DUPLA;CURVA;SIM;0
MT;BR-163;VERA;4;2;QUARTA-FEIRA;2;0;11;09H-11H;MANHA;PLENO DIA;AVARIAS E/OU DESGASTE EXCESSIVO NO PNEU;SAÍDA DE LEITO CARROÇÁVEL;CHUVA;SIMPLES;"RETA;DECLIVE";NÃO;0
MT;BR-163;SORRISO;4;2;QUARTA-FEIRA;2;0;18;18H-20H;NOITE;PLENA NOITE;CONDUTOR DEIXOU DE MANTER DISTÂNCIA DO VEÍCULO DA FRENTE;COLISÃO TRASEIRA;NUBLADO;SIMPLES;RETA;SIM;0
SC;BR-282;AGUAS MORNAS;4;2;QUINTA-FEIRA;3;0;10;09H-11H;MANHA;PLENO DIA;ULTRAPASSAGEM INDEVIDA;COLISÃO LATERAL SENTIDO OPOSTO;CÉU CLARO;SIMPLES;"DECLIVE;CURVA";NÃO;0