uf;br_formatada;municipio;mes;trimestre;dia_semana;dia_semana_num;fim_de_semana;hora;faixa_horaria;turno;fase_dia;causa_acidente;tipo_acidente;condicao_metereologica;tipo_pista;tracado_via;uso_solo;acidente_fatal
CE;BR-222;CAUCAIA;4;2;DOMINGO;6;1;8;06H-08H;MANHA;AMANHECER;PISTA ESCORREGADIA;SAÍDA DE LEITO CARROÇÁVEL;CHUVA;DUPLA;"RETA;DECLIVE";SIM;0
GO;BR-153;MORRINHOS;4;2;DOMINGO;6;1;8;06H-08H;MANHA;PLENO DIA;VELOCIDADE INCOMPATÍVEL;QUEDA DE OCUPANTE DE VEÍCULO;CÉU CLARO;DUPLA;RETA;SIM;0
PB;BR-230;CAMPINA GRANDE;4;2;DOMINGO;6;1;7;06H-08H;MANHA;PLENO DIA;AUSÊNCIA DE REAÇÃO DO CONDUTOR;SAÍDA DE LEITO CARROÇÁVEL;CÉU CLARO;SIMPLES;RETA;NÃO;0
GO;BR-060;ANAPOLIS;4;2;DOMINGO;6;1;8;06H-08H;MANHA;PLENO DIA;CONDUTOR DEIXOU DE MANTER DISTÂNCIA DO VEÍCULO DA FRENTE;COLISÃO TRASEIRA;CÉU CLARO;DUPLA;"RETA;ACLIVE";SIM;0
GO;BR-153;APARECIDA DE GOIANIA;4;2;DOMINGO;6;1;5;03H-05H;MADRUGADA;AMANHECER;CONDUTOR DORMINDO;QUEDA DE OCUPANTE DE VEÍCULO;NEVOEIRO/NEBLINA;DUPLA;RETA;SIM;0
RJ;BR-101;RIO DE JANEIRO;4;2;DOMINGO;6;1;7;06H-08H;MANHA;PLENO DIA;AUSÊNCIA DE REAÇÃO DO CONDUTOR;COLISÃO TRASEIRA;NUBLADO;DUPLA;RETA;NÃO;0
MG;BR-116;LEOPOLDINA;4;2;QUARTA-FEIRA;2;0;22;21H-23H;NOITE;PLENA NOITE;REAÇÃO TARDIA OU INEFICIENTE DO CONDUTOR;COLISÃO LATERAL SENTIDO OPOSTO;CÉU CLARO;SIMPLES;"CURVA;INTERSEÇÃO DE VIAS";NÃO;0
SP;BR-153;MIRASSOL;4;2;DOMINGO;6;1;8;06H-08H;MANHA;PLENO DIA;REAÇÃO TARDIA OU INEFICIENTE DO CONDUTOR;COLISÃO TRASEIRA;CÉU CLARO;DUPLA;ACLIVE;NÃO;0
MT;BR-163;SINOP;4;2;QUARTA-FEIRA;2;0;13;12H-14H;TARDE;PLENO DIA;REAÇÃO TARDIA OU INEFICIENTE DO CONDUTOR;ENGAVETAMENTO;CÉU CLARO;DUPLA;RETA;SIM;0
GO;BR-070;AGUAS LINDAS DE GOIAS;4;2;QUARTA-FEIRA;2;0;19;18H-20H;NOITE;PLENA NOITE;PEDESTRE CRUZAVA A PISTA FORA DA FAIXA;ATROPELAMENTO DE PEDESTRE;CÉU CLARO;DUPLA;RETA;SIM;0
MS;BR-060;MARACAJU;4;2;QUARTA-FEIRA;2;0;17;15H-17H;TARDE;PLENA NOITE;AUSÊNCIA DE REAÇÃO DO CONDUTOR;SAÍDA DE LEITO CARROÇÁVEL;NUBLADO;SIMPLES;CURVA;NÃO;0
RJ;BR-040;DUQUE DE CAXIAS;4;2;DOMINGO;6;1;7;06H-08H;MANHA;PLENO DIA;DEMAIS FALHAS MECÂNICAS OU ELÉTRICAS;QUEDA DE OCUPANTE DE VEÍCULO;NUBLADO;DUPLA;RETA;SIM;0
PR;BR-153;IMBITUVA;4;2;QUARTA-FEIRA;2;0;19;18H-20H;NOITE;PLENA NOITE;TRANSITAR NA CONTRAMÃO;COLISÃO FRONTAL;NUBLADO;SIMPLES;CURVA;NÃO;0
RJ;BR-040;PETROPOLIS;4;2;QUINTA-FEIRA;3;0;8;06H-08H;MANHA;PLENO DIA;REAÇÃO TARDIA OU INEFICIENTE DO CONDUTOR;ENGAVETAMENTO;CÉU CLARO;SIMPLES;RETA;NÃO;0
SC;BR-116;MAFRA;4;2;DOMINGO;6;1;8;06H-08H;MANHA;PLENO DIA;AUSÊNCIA DE REAÇÃO DO CONDUTOR;QUEDA DE OCUPANTE DE VEÍCULO;CÉU CLARO;SIMPLES;RETA;NÃO;0
RJ;BR-040;DUQUE DE CAXIAS;4;2;QUINTA-FEIRA;3;0;7;06H-08H;MANHA;PLENO DIA;MANOBRA DE MUDANÇA DE FAIXA;COLISÃO LATERAL MESMO SENTIDO;CÉU CLARO;MÚLTIPLA;RETA;NÃO;0
MG;BR-381;TRES CORACOES;4;2;QUARTA-FEIRA;2;0;16;15H-17H;TARDE;PLENO DIA;VELOCIDADE INCOMPATÍVEL;SAÍDA DE LEITO CARROÇÁVEL;CHUVA;DUPLA;CURVA;NÃO;0
GO;BR-153;JARAGUA;4;2;DOMINGO;6;1;9;09H-11H;MANHA;PLENO DIA;DESRESPEITAR A PREFERÊNCIA NO CRUZAMENTO;COLISÃO TRANSVERSAL;CÉU CLARO;DUPLA;"RETA;INTERSEÇÃO DE VIAS";SIM;0
SP;BR-116;ARUJA;4;2;QUARTA-FEIRA;2;0;19;18H-20H;NOITE;PLENO DIA;TRAFEGAR COM MOTOCICLETA (OU SIMILAR) ENTRE AS FAIXAS;TOMBAMENTO;NUBLADO;DUPLA;"RETA;ACLIVE";SIM;0
CE;BR-116;FORTALEZA;4;2;DOMINGO;6;1;9;09H-11H;MANHA;PLENO DIA;MANOBRA DE MUDANÇA DE FAIXA;COLISÃO TRASEIRA;CÉU CLARO;MÚLTIPLA;RETA;SIM;0
GO;BR-040;VALPARAISO DE GOIAS;4;2;QUARTA-FEIRA;2;0;16;15H-17H;TARDE;PLENO DIA;PEDESTRE CRUZAVA A PISTA FORA DA FAIXA;ATROPELAMENTO DE PEDESTRE;CÉU CLARO;DUPLA;RETA;SIM;0
SC;BR-101;ITAPEMA;4;2;QUARTA-FEIRA;2;0;19;18H-20H;NOITE;PLENA NOITE;TRAFEGAR COM MOTOCICLETA (OU SIMILAR) ENTRE AS FAIXAS;COLISÃO LATERAL MESMO SENTIDO;CÉU CLARO;MÚLTIPLA;RETA;SIM;0
RS;BR-158;JULIO DE CASTILHOS;4;2;QUARTA-FEIRA;2;0;20;18H-20H;NOITE;PLENA NOITE;DEMAIS FALHAS MECÂNICAS OU ELÉTRICAS;CAPOTAMENTO;CÉU CLARO;SIMPLES;RETA;NÃO;1
SP;BR-101;UBATUBA;4;2;DOMINGO;6;1;8;06H-08H;MANHA;PLENO DIA;ACESSAR A VIA SEM OBSERVAR A PRESENÇA DOS OUTROS VEÍCULOS;COLISÃO TRANSVERSAL;CÉU CLARO;SIMPLES;ROTATÓRIA;SIM;0
RJ;BR-493;JAPERI;4;2;QUARTA-FEIRA;2;0;12;12H-14H;TARDE;PLENO DIA;REAÇÃO TARDIA OU INEFICIENTE DO CONDUTOR;SAÍDA DE LEITO CARROÇÁVEL;CÉU CLARO;DUPLA;RETA;NÃO;0
RJ;BR-101;RIO BONITO;4;2;QUINTA-FEIRA;3;0;4;03H-05H;MADRUGADA;PLENA NOITE;ANIMAIS NA PISTA;ATROPELAMENTO DE ANIMAL;CÉU CLARO;DUPLA;RETA;NÃO;0
RJ;BR-101;ANGRA DOS REIS;4;2;DOMINGO;6;1;8;06H-08H;MANHA;PLENO DIA;REAÇÃO TARDIA OU INEFICIENTE DO CONDUTOR;COLISÃO COM OBJETO;NUBLADO;SIMPLES;RETA;NÃO;0
BA;BR-101;CRUZ DAS ALMAS;4;2;DOMINGO;6;1;9;09H-11H;MANHA;PLENO DIA;ACESSAR A VIA SEM OBSERVAR A PRESENÇA DOS OUTROS VEÍCULOS;COLISÃO TRANSVERSAL;CÉU CLARO;SIMPLES;ROTATÓRIA;SIM;0
SC;BR-101;SAO JOSE;4;2;DOMINGO;6;1;10;09H-11H;MANHA;PLENO DIA;AUSÊNCIA DE REAÇÃO DO CONDUTOR;COLISÃO TRASEIRA;CÉU CLARO;MÚLTIPLA;RETA;SIM;0
MS;BR-163;NAVIRAI;4;2;DOMINGO;6;1;7;06H-08H;MANHA;AMANHECER;VELOCIDADE INCOMPATÍVEL;SAÍDA DE LEITO CARROÇÁVEL;NEVOEIRO/NEBLINA;DUPLA;RETORNO REGULAMENTADO;NÃO;0
GO;BR-060;ALEXANIA;4;2;DOMINGO;6;1;7;06H-08H;MANHA;PLENO DIA;REAÇÃO TARDIA OU INEFICIENTE DO CONDUTOR;SAÍDA DE LEITO CARROÇÁVEL;CÉU CLARO;DUPLA;CURVA;NÃO;0
PB;BR-101;CONDE;4;2;DOMINGO;6;1;10;09H-11H;MANHA;PLENO DIA;ACUMULO DE ÁGUA SOBRE O PAVIMENTO;COLISÃO TRASEIRA;CHUVA;DUPLA;"CURVA;DECLIVE";NÃO;0
GO;BR-414;ANAPOLIS;4;2;DOMINGO;6;1;10;09H-11H;MANHA;PLENO DIA;CONVERSÃO PROIBIDA;COLISÃO TRANSVERSAL;SOL;SIMPLES;RETA;SIM;0
MG;BR-116;PEDRA AZUL;4;2;QUARTA-FEIRA;2;0;17;15H-17H;TARDE;ANOITECER;TRANSITAR NA CONTRAMÃO;COLISÃO FRONTAL;CÉU CLARO;SIMPLES;RETA;SIM;0
BA;BR-324;CONCEICAO DO JACUIPE;4;2;DOMINGO;6;1;9;09H-11H;MANHA;PLENO DIA;DEMAIS FALHAS MECÂNICAS OU ELÉTRICAS;SAÍDA DE LEITO CARROÇÁVEL;CÉU CLARO;DUPLA;RETA;NÃO;0
PE;BR-101;RECIFE;4;2;QUARTA-FEIRA;2;0;14;12H-14H;TARDE;PLENO DIA;CONDUTOR DEIXOU DE MANTER DISTÂNCIA DO VEÍCULO DA FRENTE;COLISÃO TRASEIRA;SOL;DUPLA;RETA;SIM;0
CE;BR-116;EUSEBIO;4;2;DOMINGO;6;1;11;09H-11H;MANHA;PLENO DIA;ACUMULO DE ÁGUA SOBRE O PAVIMENTO;COLISÃO LATERAL MESMO SENTIDO;CHUVA;MÚLTIPLA;ACLIVE;SIM;0
RJ;BR-493;MAGE;4;2;QUARTA-FEIRA;2;0;15;15H-17H;TARDE;PLENO DIA;REAÇÃO TARDIA OU INEFICIENTE DO CONDUTOR;COLISÃO TRASEIRA;CÉU CLARO;SIMPLES;RETA;SIM;0
SC;BR-101;ITAJAI;4;2;DOMINGO;6;1;10;09H-11H;MANHA;PLENO DIA;REAÇÃO TARDIA OU INEFICIENTE DO CONDUTOR;COLISÃO TRASEIRA;CÉU CLARO;MÚLTIPLA;RETA;SIM;0
RO;BR-364;VILHENA;4;2;DOMINGO;6;1;9;09H-11H;MANHA;PLENO DIA;MANOBRA DE MUDANÇA DE FAIXA;COLISÃO LATERAL MESMO SENTIDO;SOL;SIMPLES;RETA;NÃO;0
MT;BR-163;TERRA NOVA DO NORTE;4;2;DOMINGO;6;1;9;09H-11H;MANHA;PLENO DIA;AUSÊNCIA DE REAÇÃO DO CONDUTOR;SAÍDA DE LEITO CARROÇÁVEL;CÉU CLARO;SIMPLES;RETA;NÃO;0
MS;BR-163;JARAGUARI;4;2;DOMINGO;6;1;9;09H-11H;MANHA;PLENO DIA;REAÇÃO TARDIA OU INEFICIENTE DO CONDUTOR;TOMBAMENTO;NUBLADO;DUPLA;RETA;NÃO;0
TO;BR-153;NOVA OLINDA;4;2;DOMINGO;6;1;10;09H-11H;MANHA;PLENO DIA;MANOBRA DE MUDANÇA DE FAIXA;SAÍDA DE LEITO CARROÇÁVEL;CÉU CLARO;SIMPLES;RETA;NÃO;0
MG;BR-381;BETIM;4;2;DOMINGO;6;1;11;09H-11H;MANHA;PLENO DIA;AUSÊNCIA DE REAÇÃO DO CONDUTOR;COLISÃO TRASEIRA;CÉU CLARO;DUPLA;CURVA;SIM;0
SC;BR-470;BLUMENAU;4;2;DOMINGO;6;1;11;09H-11H;MANHA;PLENO DIA;ULTRAPASSAGEM INDEVIDA;COLISÃO LATERAL SENTIDO OPOSTO;CÉU CLARO;SIMPLES;"RETA;EM OBRAS";SIM;0
RS;BR-116;CAXIAS DO SUL;4;2;DOMINGO;6;1;8;06H-08H;MANHA;PLENO DIA;CONDUTOR DORMINDO;SAÍDA DE LEITO CARROÇÁVEL;CÉU CLARO;SIMPLES;CURVA;NÃO;0
SP;BR-116;TAUBATE;4;2;QUINTA-FEIRA;3;0;7;06H-08H;MANHA;PLENO DIA;CONDUTOR DEIXOU DE MANTER DISTÂNCIA DO VEÍCULO DA FRENTE;ENGAVETAMENTO;SOL;DUPLA;RETA;SIM;0
DF;BR-070;BRASILIA;4;2;QUARTA-FEIRA;2;0;14;12H-14H;TARDE;PLENO DIA;AVARIAS E/OU DESGASTE EXCESSIVO NO PNEU;SAÍDA DE LEITO CARROÇÁVEL;CÉU CLARO;DUPLA;RETA;NÃO;0
MA;BR-316;GOVERNADOR NEWTON BELLO;4;2;TERÇA-FEIRA;1;0;16;15H-17H;TARDE;PLENO DIA;DEMAIS FALHAS NA VIA;COLISÃO FRONTAL;CÉU CLARO;SIMPLES;RETA;NÃO;1
SP;BR-381;ATIBAIA;4;2;DOMINGO;6;1;13;12H-14H;TARDE;PLENO DIA;REAÇÃO TARDIA OU INEFICIENTE DO CONDUTOR;QUEDA DE OCUPANTE DE VEÍCULO;CÉU CLARO;MÚLTIPLA;"RETA;DECLIVE";NÃO;0
PA;BR-163;ALTAMIRA;4;2;DOMINGO;6;1;7;06H-08H;MANHA;AMANHECER;INGESTÃO DE ÁLCOOL PELO CONDUTOR;QUEDA DE OCUPANTE DE VEÍCULO;IGNORADO;SIMPLES;RETA;NÃO;0
ES;BR-259;COLATINA;4;2;QUARTA-FEIRA;2;0;20;18H-20H;NOITE;PLENA NOITE;REAÇÃO TARDIA OU INEFICIENTE DO CONDUTOR;TOMBAMENTO;NUBLADO;MÚLTIPLA;"RETA;ACLIVE";NÃO;0
MG;BR-381;BETIM;4;2;DOMINGO;6;1;12;12H-14H;TARDE;PLENO DIA;MANOBRA DE MUDANÇA DE FAIXA;COLISÃO LATERAL MESMO SENTIDO;CÉU CLARO;DUPLA;RETA;SIM;0
ES;BR-101;SERRA;4;2;DOMINGO;6;1;13;12H-14H;TARDE;PLENO DIA;REAÇÃO TARDIA OU INEFICIENTE DO CONDUTOR;QUEDA DE OCUPANTE DE VEÍCULO;CÉU CLARO;MÚLTIPLA;RETA;SIM;0
SP;BR-101;UBATUBA;4;2;DOMINGO;6;1;12;12H-14H;TARDE;PLENO DIA;ACESSAR A VIA SEM OBSERVAR A PRESENÇA DOS OUTROS VEÍCULOS;COLISÃO TRANSVERSAL;CHUVA;SIMPLES;RETA;NÃO;0
ES;BR-101;SERRA;4;2;QUARTA-FEIRA;2;0;22;21H-23H;NOITE;PLENA NOITE;TRAFEGAR COM MOTOCICLETA (OU SIMILAR) ENTRE AS FAIXAS;COLISÃO LATERAL MESMO SENTIDO;GAROA/CHUVISCO;DUPLA;"INTERSEÇÃO DE VIAS;CURVA";SIM;0
MS;BR-163;BANDEIRANTES;4;2;QUARTA-FEIRA;2;0;18;18H-20H;NOITE;PLENA NOITE;AUSÊNCIA DE REAÇÃO DO CONDUTOR;SAÍDA DE LEITO CARROÇÁVEL;CÉU CLARO;SIMPLES;RETA;NÃO;0
PA;BR-230;ITAITUBA;4;2;QUARTA-FEIRA;2;0;20;18H-20H;NOITE;PLENA NOITE;REAÇÃO TARDIA OU INEFICIENTE DO CONDUTOR;CAPOTAMENTO;IGNORADO;SIMPLES;"DECLIVE;CURVA";NÃO;0
RJ;BR-116;MESQUITA;4;2;DOMINGO;6;1;13;12H-14H;TARDE;PLENO DIA;AVARIAS E/OU DESGASTE EXCESSIVO NO PNEU;QUEDA DE OCUPANTE DE VEÍCULO;CÉU CLARO;DUPLA;RETA;SIM;0
PR;BR-116;ANTONINA;4;2;DOMINGO;6;1;13;12H-14H;TARDE;PLENO DIA;PISTA ESCORREGADIA;QUEDA DE OCUPANTE DE VEÍCULO;GAROA/CHUVISCO;DUPLA;CURVA;NÃO;0
ES;BR-101;SERRA;4;2;DOMINGO;6;1;14;12H-14H;TARDE;PLENO DIA;AUSÊNCIA DE REAÇÃO DO CONDUTOR;COLISÃO TRASEIRA;CÉU CLARO;DUPLA;RETA;SIM;0
MG;BR-365;SANTA VITORIA;4;2;QUARTA-FEIRA;2;0;18;18H-20H;NOITE;PLENA NOITE;AUSÊNCIA DE REAÇÃO DO CONDUTOR;COLISÃO TRASEIRA;CÉU CLARO;SIMPLES;RETA;NÃO;0
SC;BR-101;PALHOCA;4;2;DOMINGO;6;1;14;12H-14H;TARDE;PLENO DIA;AUSÊNCIA DE REAÇÃO DO CONDUTOR;SAÍDA DE LEITO CARROÇÁVEL;CÉU CLARO;DUPLA;RETA;NÃO;0
SC;BR-101;CAMBORIU;4;2;DOMINGO;6;1;12;12H-14H;TARDE;PLENO DIA;CONDUTOR DEIXOU DE MANTER DISTÂNCIA DO VEÍCULO DA FRENTE;COLISÃO LATERAL MESMO SENTIDO;CÉU CLARO;MÚLTIPLA;RETA;SIM;0
MG;BR-040;CAETANOPOLIS;4;2;DOMINGO;6;1;13;12H-14H;TARDE;PLENO DIA;VELOCIDADE INCOMPATÍVEL;ENGAVETAMENTO;CÉU CLARO;DUPLA;RETA;NÃO;0
PR;BR-376;MANDAGUARI;4;2;DOMINGO;6;1;14;12H-14H;TARDE;PLENO DIA;AUSÊNCIA DE REAÇÃO DO CONDUTOR;COLISÃO COM OBJETO;CÉU CLARO;SIMPLES;"RETA;ROTATÓRIA";NÃO;0
MG;BR-381;BETIM;4;2;QUARTA-FEIRA;2;0;18;18H-20H;NOITE;PLENA NOITE;ANIMAIS NA PISTA;ATROPELAMENTO DE ANIMAL;CÉU CLARO;DUPLA;RETA;SIM;0
GO;BR-070;ARAGARCAS;4;2;DOMINGO;6;1;14;12H-14H;TARDE;PLENO DIA;PEDESTRE CRUZAVA A PISTA FORA DA FAIXA;ATROPELAMENTO DE PEDESTRE;CÉU CLARO;DUPLA;RETA;SIM;0
SP;BR-381;MAIRIPORA;4;2;DOMINGO;6;1;15;15H-17H;TARDE;PLENO DIA;AUSÊNCIA DE REAÇÃO DO CONDUTOR;COLISÃO COM OBJETO;GAROA/CHUVISCO;DUPLA;CURVA;SIM;0
RJ;BR-116;NOVA IGUACU;4;2;DOMINGO;6;1;15;15H-17H;TARDE;PLENO DIA;CONDUTOR DEIXOU DE MANTER DISTÂNCIA DO VEÍCULO DA FRENTE;COLISÃO TRASEIRA;SOL;DUPLA;RETA;NÃO;0
SP;BR-116;CAJATI;4;2;DOMINGO;6;1;13;12H-14H;TARDE;PLENO DIA;REAÇÃO TARDIA OU INEFICIENTE DO CONDUTOR;TOMBAMENTO;NUBLADO;SIMPLES;"ACLIVE;CURVA";NÃO;0
PE;BR-428;PETROLINA;4;2;DOMINGO;6;1;14;12H-14H;TARDE;PLENO DIA;REAÇÃO TARDIA OU INEFICIENTE DO CONDUTOR;COLISÃO TRASEIRA;CÉU CLARO;SIMPLES;INTERSEÇÃO DE VIAS;SIM;0
RJ;BR-101;ITAGUAI;4;2;QUARTA-FEIRA;2;0;10;09H-11H;MANHA;PLENO DIA;AUSÊNCIA DE REAÇÃO DO CONDUTOR;COLISÃO TRASEIRA;CÉU CLARO;DUPLA;RETA;SIM;0
RJ;BR-040;PETROPOLIS;4;2;DOMINGO;6;1;14;12H-14H;TARDE;PLENA NOITE;CHUVA;QUEDA DE OCUPANTE DE VEÍCULO;CHUVA;DUPLA;RETA;NÃO;0
MG;BR-381;BETIM;4;2;DOMINGO;6;1;15;15H-17H;TARDE;PLENO DIA;AUSÊNCIA DE REAÇÃO DO CONDUTOR;COLISÃO COM OBJETO;CÉU CLARO;DUPLA;"CURVA;DECLIVE";SIM;0
PR;BR-163;TOLEDO;4;2;DOMINGO;6;1;15;15H-17H;TARDE;PLENO DIA;INGESTÃO DE ÁLCOOL PELO CONDUTOR;SAÍDA DE LEITO CARROÇÁVEL;CÉU CLARO;DUPLA;"RETA;DECLIVE";NÃO;0
ES;BR-101;LINHARES;4;2;DOMINGO;6;1;15;15H-17H;TARDE;PLENO DIA;AUSÊNCIA DE REAÇÃO DO CONDUTOR;COLISÃO TRASEIRA;CÉU CLARO;DUPLA;RETA;SIM;0
RS;BR-116;CANOAS;4;2;QUARTA-FEIRA;2;0;19;18H-20H;NOITE;PLENA NOITE;CONDUTOR DEIXOU DE MANTER DISTÂNCIA DO VEÍCULO DA FRENTE;COLISÃO TRASEIRA;CÉU CLARO;MÚLTIPLA;RETA;SIM;0
MT;BR-070;POCONE;4;2;DOMINGO;6;1;14;12H-14H;TARDE;PLENO DIA;ACUMULO DE ÁGUA SOBRE O PAVIMENTO;SAÍDA DE LEITO CARROÇÁVEL;CHUVA;SIMPLES;RETA;NÃO;0
PE;BR-232;BEZERROS;4;2;DOMINGO;6;1;15;15H-17H;TARDE;PLENO DIA;ACUMULO DE ÁGUA SOBRE O PAVIMENTO;SAÍDA DE LEITO CARROÇÁVEL;CHUVA;DUPLA;"DECLIVE;RETORNO REGULAMENTADO";SIM;0
MG;BR-262;NOVA SERRANA;4;2;DOMINGO;6;1;14;12H-14H;TARDE;PLENO DIA;INGESTÃO DE ÁLCOOL PELO CONDUTOR;COLISÃO LATERAL SENTIDO OPOSTO;CÉU CLARO;SIMPLES;RETA;NÃO;0
GO;BR-414;ABADIANIA;4;2;DOMINGO;6;1;15;15H-17H;TARDE;PLENO DIA;TRANSTORNOS MENTAIS (EXCETO SUICIDIO);QUEDA DE OCUPANTE DE VEÍCULO;CÉU CLARO;SIMPLES;RETA;NÃO;0
ES;BR-101;SOORETAMA;4;2;DOMINGO;6;1;16;15H-17H;TARDE;PLENO DIA;REAÇÃO TARDIA OU INEFICIENTE DO CONDUTOR;COLISÃO COM OBJETO;CÉU CLARO;DUPLA;RETA;SIM;0
SC;BR-470;NAVEGANTES;4;2;DOMINGO;6;1;16;15H-17H;TARDE;PLENO DIA;DESRESPEITAR A PREFERÊNCIA NO CRUZAMENTO;COLISÃO TRANSVERSAL;CÉU CLARO;SIMPLES;VIADUTO;SIM;0
PR;BR-116;CAMPO DO TENENTE;4;2;DOMINGO;6;1;14;12H-14H;TARDE;PLENO DIA;DESRESPEITAR A PREFERÊNCIA NO CRUZAMENTO;COLISÃO TRANSVERSAL;CÉU CLARO;SIMPLES;"RETA;INTERSEÇÃO DE VIAS";NÃO;0
ES;BR-101;ICONHA;4;2;DOMINGO;6;1;14;12H-14H;TARDE;PLENO DIA;ACESSAR A VIA SEM OBSERVAR A PRESENÇA DOS OUTROS VEÍCULOS;COLISÃO TRANSVERSAL;NUBLADO;SIMPLES;RETA;NÃO;0
MG;BR-116;UBAPORANGA;4;2;DOMINGO;6;1;15;15H-17H;TARDE;PLENO DIA;INGESTÃO DE ÁLCOOL PELO CONDUTOR;COLISÃO TRANSVERSAL;NUBLADO;SIMPLES;INTERSEÇÃO DE VIAS;NÃO;0
CE;BR-222;SOBRAL;4;2;DOMINGO;6;1;14;12H-14H;TARDE;PLENO DIA;DEMAIS FALHAS MECÂNICAS OU ELÉTRICAS;CAPOTAMENTO;CÉU CLARO;SIMPLES;RETA;NÃO;0
SC;BR-101;BIGUACU;4;2;DOMINGO;6;1;16;15H-17H;TARDE;PLENO DIA;ENTRADA INOPINADA DO PEDESTRE;ATROPELAMENTO DE PEDESTRE;CÉU CLARO;MÚLTIPLA;RETA;SIM;0
SP;BR-116;CACAPAVA;4;2;QUARTA-FEIRA;2;0;8;06H-08H;MANHA;PLENO DIA;AUSÊNCIA DE REAÇÃO DO CONDUTOR;COLISÃO TRASEIRA;NUBLADO;DUPLA;RETA;NÃO;0
SP;BR-116;SAO JOSE DOS CAMPOS;4;2;QUARTA-FEIRA;2;0;13;12H-14H;TARDE;PLENO DIA;CONDUTOR DEIXOU DE MANTER DISTÂNCIA DO VEÍCULO DA FRENTE;COLISÃO TRASEIRA;NUBLADO;DUPLA;RETA;NÃO;0
SP;BR-116;GUARULHOS;4;2;DOMINGO;6;1;16;15H-17H;TARDE;PLENO DIA;AUSÊNCIA DE REAÇÃO DO CONDUTOR;COLISÃO TRASEIRA;NUBLADO;MÚLTIPLA;"ACLIVE;INTERSEÇÃO DE VIAS";SIM;0
MT;BR-163;SINOP;4;2;DOMINGO;6;1;15;15H-17H;TARDE;PLENO DIA;MANOBRA DE MUDANÇA DE FAIXA;COLISÃO LATERAL MESMO SENTIDO;CÉU CLARO;SIMPLES;RETA;SIM;0
RS;BR-290;ROSARIO DO SUL;4;2;DOMINGO;6;1;16;15H-17H;TARDE;PLENO DIA;FREAR BRUSCAMENTE;ENGAVETAMENTO;CÉU CLARO;SIMPLES;"PONTE;RETA";SIM;0
ES;BR-101;IBIRACU;4;2;DOMINGO;6;1;14;12H-14H;TARDE;PLENO DIA;MANOBRA DE MUDANÇA DE FAIXA;COLISÃO LATERAL MESMO SENTIDO;NUBLADO;MÚLTIPLA;"RETORNO REGULAMENTADO;CURVA";SIM;0
PR;BR-153;JACAREZINHO;4;2;DOMINGO;6;1;17;15H-17H;TARDE;PLENO DIA;REAÇÃO TARDIA OU INEFICIENTE DO CONDUTOR;TOMBAMENTO;CÉU CLARO;SIMPLES;"RETA;DECLIVE";NÃO;0
PI;BR-316;TERESINA;4;2;DOMINGO;6;1;17;15H-17H;TARDE;PLENO DIA;MANOBRA DE MUDANÇA DE FAIXA;COLISÃO LATERAL MESMO SENTIDO;SOL;DUPLA;"ROTATÓRIA;VIADUTO;INTERSEÇÃO DE VIAS";SIM;0
MT;BR-070;BARRA DO GARCAS;4;2;QUARTA-FEIRA;2;0;16;15H-17H;TARDE;PLENO DIA;MAL SÚBITO DO CONDUTOR;TOMBAMENTO;CÉU CLARO;DUPLA;ROTATÓRIA;SIM;0
PR;BR-369;CORNELIO PROCOPIO;4;2;DOMINGO;6;1;17;15H-17H;TARDE;PLENO DIA;REAÇÃO TARDIA OU INEFICIENTE DO CONDUTOR;SAÍDA DE LEITO CARROÇÁVEL;CÉU CLARO;DUPLA;CURVA;SIM;0
TO;BR-153;ARAGUAINA;4;2;DOMINGO;6;1;18;18H-20H;NOITE;PLENO DIA;CONDUTOR USANDO CELULAR;SAÍDA DE LEITO CARROÇÁVEL;CÉU CLARO;DUPLA;RETA;SIM;0
SC;BR-470;INDAIAL;4;2;DOMINGO;6;1;17;15H-17H;TARDE;ANOITECER;ACESSAR A VIA SEM OBSERVAR A PRESENÇA DOS OUTROS VEÍCULOS;COLISÃO TRANSVERSAL;IGNORADO;SIMPLES;"RETA;DECLIVE;INTERSEÇÃO DE VIAS";NÃO;0
RS;BR-158;JULIO DE CASTILHOS;4;2;DOMINGO;6;1;14;12H-14H;TARDE;PLENO DIA;ACESSAR A VIA SEM OBSERVAR A PRESENÇA DOS OUTROS VEÍCULOS;COLISÃO LATERAL MESMO SENTIDO;CÉU CLARO;SIMPLES;RETA;NÃO;0
PE;BR-101;RECIFE;4;2;DOMINGO;6;1;18;18H-20H;NOITE;PLENA NOITE;AUSÊNCIA DE REAÇÃO DO CONDUTOR;TOMBAMENTO;CHUVA;DUPLA;RETA;SIM;0
SP;BR-116;ITAPECERICA DA SERRA;4;2;DOMINGO;6;1;17;15H-17H;TARDE;PLENA NOITE;REAÇÃO TARDIA OU INEFICIENTE DO CONDUTOR;QUEDA DE OCUPANTE DE VEÍCULO;CÉU CLARO;DUPLA;RETORNO REGULAMENTADO;NÃO;0
RS;BR-392;SAO SEPE;4;2;DOMINGO;6;1;17;15H-17H;TARDE;PLENO DIA;VELOCIDADE INCOMPATÍVEL;SAÍDA DE LEITO CARROÇÁVEL;CÉU CLARO;SIMPLES;"RETA;DECLIVE";NÃO;0