uf;br_formatada;municipio;mes;trimestre;dia_semana;dia_semana_num;fim_de_semana;hora;faixa_horaria;turno;fase_dia;causa_acidente;tipo_acidente;condicao_metereologica;tipo_pista;tracado_via;uso_solo;acidente_fatal
GO;BR-060;RIO VERDE;4;2;SEGUNDA-FEIRA;0;0;19;18H-20H;NOITE;PLENA NOITE;TRAFEGAR COM MOTOCICLETA (OU SIMILAR) ENTRE AS FAIXAS;COLISÃO TRASEIRA;CÉU CLARO;DUPLA;"RETA;RETORNO REGULAMENTADO";NÃO;0
PR;BR-277;SAO MIGUEL DO IGUACU;4;2;SEGUNDA-FEIRA;0;0;17;15H-17H;TARDE;PLENO DIA;CONDUTOR DORMINDO;SAÍDA DE LEITO CARROÇÁVEL;SOL;DUPLA;RETA;NÃO;0
GO;BR-040;VALPARAISO DE GOIAS;4;2;SEGUNDA-FEIRA;0;0;19;18H-20H;NOITE;PLENA NOITE;VELOCIDADE INCOMPATÍVEL;COLISÃO TRASEIRA;CÉU CLARO;DUPLA;RETA;SIM;0
RJ;BR-116;TERESOPOLIS;4;2;SEGUNDA-FEIRA;0;0;18;18H-20H;NOITE;PLENA NOITE;PEDESTRE ANDAVA NA PISTA;ATROPELAMENTO DE PEDESTRE;NUBLADO;SIMPLES;RETA;NÃO;0
SP;BR-116;PINDAMONHANGABA;4;2;SEGUNDA-FEIRA;0;0;18;18H-20H;NOITE;PLENA NOITE;AUSÊNCIA DE REAÇÃO DO CONDUTOR;SAÍDA DE LEITO CARROÇÁVEL;NUBLADO;MÚLTIPLA;RETA;SIM;0
MG;BR-116;MANHUACU;4;2;SEGUNDA-FEIRA;0;0;20;18H-20H;NOITE;PLENA NOITE;REAÇÃO TARDIA OU INEFICIENTE DO CONDUTOR;QUEDA DE OCUPANTE DE VEÍCULO;NUBLADO;SIMPLES;RETA;NÃO;0
BA;BR-324;FEIRA DE SANTANA;4;2;SEGUNDA-FEIRA;0;0;20;18H-20H;NOITE;PLENA NOITE;CONDUTOR DEIXOU DE MANTER DISTÂNCIA DO VEÍCULO DA FRENTE;COLISÃO TRASEIRA;NUBLADO;SIMPLES;RETA;SIM;0
SP;BR-116;GUARULHOS;4;2;SEGUNDA-FEIRA;0;0;21;21H-23H;NOITE;PLENA NOITE;REAÇÃO TARDIA OU INEFICIENTE DO CONDUTOR;TOMBAMENTO;GAROA/CHUVISCO;DUPLA;"INTERSEÇÃO DE VIAS;RETA";SIM;0
MT;BR-174;CACERES;4;2;SEGUNDA-FEIRA;0;0;16;15H-17H;TARDE;PLENO DIA;ULTRAPASSAGEM INDEVIDA;COLISÃO FRONTAL;CÉU CLARO;SIMPLES;RETA;NÃO;0
SP;BR-116;LORENA;4;2;SEGUNDA-FEIRA;0;0;20;18H-20H;NOITE;PLENA NOITE;REAÇÃO TARDIA OU INEFICIENTE DO CONDUTOR;TOMBAMENTO;NUBLADO;DUPLA;RETA;NÃO;0
RJ;BR-116;BARRA MANSA;4;2;SEGUNDA-FEIRA;0;0;20;18H-20H;NOITE;PLENA NOITE;AUSÊNCIA DE REAÇÃO DO CONDUTOR;COLISÃO TRANSVERSAL;CHUVA;DUPLA;RETA;NÃO;0
RJ;BR-465;SEROPEDICA;4;2;SEGUNDA-FEIRA;0;0;12;12H-14H;TARDE;PLENO DIA;PEDESTRE CRUZAVA A PISTA FORA DA FAIXA;ATROPELAMENTO DE PEDESTRE;CHUVA;DUPLA;RETA;SIM;0
BA;BR-324;FEIRA DE SANTANA;4;2;SEGUNDA-FEIRA;0;0;21;21H-23H;NOITE;PLENA NOITE;RETORNO PROIBIDO;COLISÃO FRONTAL;NUBLADO;SIMPLES;"INTERSEÇÃO DE VIAS;RETA";SIM;0
MG;BR-381;BELO ORIENTE;4;2;SEGUNDA-FEIRA;0;0;18;18H-20H;NOITE;PLENA NOITE;CONDUTOR DEIXOU DE MANTER DISTÂNCIA DO VEÍCULO DA FRENTE;COLISÃO TRASEIRA;CHUVA;SIMPLES;RETA;NÃO;0
RJ;BR-040;DUQUE DE CAXIAS;4;2;SEGUNDA-FEIRA;0;0;21;21H-23H;NOITE;PLENA NOITE;CHUVA;COLISÃO FRONTAL;CHUVA;DUPLA;RETA;SIM;0
PE;BR-232;SAO CAITANO;4;2;SEGUNDA-FEIRA;0;0;19;18H-20H;NOITE;PLENA NOITE;TRANSITAR NA CONTRAMÃO;COLISÃO FRONTAL;CÉU CLARO;SIMPLES;RETA;NÃO;0
RS;BR-116;NOVO HAMBURGO;4;2;SEGUNDA-FEIRA;0;0;16;15H-17H;TARDE;PLENO DIA;SUICÍDIO (PRESUMIDO);COLISÃO COM OBJETO;CÉU CLARO;MÚLTIPLA;"INTERSEÇÃO DE VIAS;RETA;VIADUTO";SIM;0
RJ;BR-465;SEROPEDICA;4;2;SEGUNDA-FEIRA;0;0;17;15H-17H;TARDE;ANOITECER;RETORNO PROIBIDO;COLISÃO TRANSVERSAL;CÉU CLARO;SIMPLES;RETA;SIM;0
MG;BR-116;DIVINO;4;2;SEGUNDA-FEIRA;0;0;15;15H-17H;TARDE;PLENO DIA;CHUVA;TOMBAMENTO;CHUVA;SIMPLES;CURVA;NÃO;0
RJ;BR-101;RIO DE JANEIRO;4;2;SEGUNDA-FEIRA;0;0;23;21H-23H;NOITE;PLENA NOITE;DEMAIS FALHAS MECÂNICAS OU ELÉTRICAS;COLISÃO TRASEIRA;GAROA/CHUVISCO;DUPLA;RETA;SIM;0
MS;BR-163;SAO GABRIEL DO OESTE;4;2;SEGUNDA-FEIRA;0;0;22;21H-23H;NOITE;PLENA NOITE;AUSÊNCIA DE REAÇÃO DO CONDUTOR;SAÍDA DE LEITO CARROÇÁVEL;CÉU CLARO;DUPLA;"RETA;ACLIVE";NÃO;0
PB;BR-101;JOAO PESSOA;4;2;TERÇA-FEIRA;1;0;1;00H-02H;MADRUGADA;PLENA NOITE;ACESSAR A VIA SEM OBSERVAR A PRESENÇA DOS OUTROS VEÍCULOS;COLISÃO LATERAL MESMO SENTIDO;CÉU CLARO;DUPLA;"RETA;INTERSEÇÃO DE VIAS";SIM;0
SP;BR-116;GUARATINGUETA;4;2;TERÇA-FEIRA;1;0;2;00H-02H;MADRUGADA;PLENA NOITE;REAÇÃO TARDIA OU INEFICIENTE DO CONDUTOR;QUEDA DE OCUPANTE DE VEÍCULO;CÉU CLARO;DUPLA;RETA;NÃO;0
PE;BR-101;IGARASSU;4;2;TERÇA-FEIRA;1;0;4;03H-05H;MADRUGADA;AMANHECER;CONDUTOR DORMINDO;COLISÃO TRASEIRA;CÉU CLARO;MÚLTIPLA;RETA;SIM;0
RJ;BR-040;DUQUE DE CAXIAS;4;2;TERÇA-FEIRA;1;0;5;03H-05H;MADRUGADA;PLENA NOITE;ACESSAR A VIA SEM OBSERVAR A PRESENÇA DOS OUTROS VEÍCULOS;ATROPELAMENTO DE PEDESTRE;CÉU CLARO;SIMPLES;CURVA;NÃO;0
PE;BR-101;ABREU E LIMA;4;2;TERÇA-FEIRA;1;0;5;03H-05H;MADRUGADA;PLENO DIA;TRAFEGAR COM MOTOCICLETA (OU SIMILAR) ENTRE AS FAIXAS;COLISÃO LATERAL MESMO SENTIDO;CÉU CLARO;DUPLA;INTERSEÇÃO DE VIAS;SIM;0
DF;BR-060;BRASILIA;4;2;TERÇA-FEIRA;1;0;5;03H-05H;MADRUGADA;AMANHECER;NEBLINA;SAÍDA DE LEITO CARROÇÁVEL;NEVOEIRO/NEBLINA;DUPLA;CURVA;NÃO;0
MG;BR-381;BETIM;4;2;TERÇA-FEIRA;1;0;6;06H-08H;MANHA;PLENO DIA;AUSÊNCIA DE REAÇÃO DO CONDUTOR;COLISÃO TRASEIRA;NUBLADO;DUPLA;RETA;SIM;0
SC;BR-101;IMBITUBA;4;2;TERÇA-FEIRA;1;0;6;06H-08H;MANHA;AMANHECER;TRANSITAR NA CONTRAMÃO;COLISÃO FRONTAL;CÉU CLARO;SIMPLES;RETA;NÃO;0
RS;BR-285;IJUI;4;2;TERÇA-FEIRA;1;0;7;06H-08H;MANHA;AMANHECER;ACESSAR A VIA SEM OBSERVAR A PRESENÇA DOS OUTROS VEÍCULOS;COLISÃO TRANSVERSAL;CÉU CLARO;SIMPLES;RETA;SIM;0
SC;BR-282;FLORIANOPOLIS;4;2;TERÇA-FEIRA;1;0;6;06H-08H;MANHA;PLENO DIA;TRAFEGAR COM MOTOCICLETA (OU SIMILAR) ENTRE AS FAIXAS;COLISÃO LATERAL MESMO SENTIDO;CÉU CLARO;MÚLTIPLA;RETA;SIM;0
PB;BR-101;JOAO PESSOA;4;2;TERÇA-FEIRA;1;0;6;06H-08H;MANHA;PLENO DIA;OBJETO ESTÁTICO SOBRE O LEITO CARROÇÁVEL;COLISÃO COM OBJETO;CÉU CLARO;DUPLA;RETA;SIM;0
GO;BR-060;ANAPOLIS;4;2;TERÇA-FEIRA;1;0;7;06H-08H;MANHA;PLENO DIA;INGESTÃO DE ÁLCOOL PELO CONDUTOR;COLISÃO TRANSVERSAL;CÉU CLARO;DUPLA;"RETA;INTERSEÇÃO DE VIAS;RETORNO REGULAMENTADO";SIM;0
PB;BR-230;CABEDELO;4;2;TERÇA-FEIRA;1;0;6;06H-08H;MANHA;PLENO DIA;ACUMULO DE AREIA OU DETRITOS SOBRE O PAVIMENTO;TOMBAMENTO;SOL;DUPLA;"EM OBRAS;CURVA";SIM;0
SC;BR-470;LONTRAS;4;2;TERÇA-FEIRA;1;0;6;06H-08H;MANHA;PLENO DIA;ACESSAR A VIA SEM OBSERVAR A PRESENÇA DOS OUTROS VEÍCULOS;COLISÃO LATERAL MESMO SENTIDO;CÉU CLARO;MÚLTIPLA;"CURVA;DECLIVE";SIM;0
CE;BR-304;ARACATI;4;2;TERÇA-FEIRA;1;0;6;06H-08H;MANHA;PLENO DIA;CONDUTOR DEIXOU DE MANTER DISTÂNCIA DO VEÍCULO DA FRENTE;COLISÃO TRASEIRA;CÉU CLARO;SIMPLES;RETA;NÃO;0
RN;BR-101;SAO JOSE DE MIPIBU;4;2;TERÇA-FEIRA;1;0;7;06H-08H;MANHA;PLENO DIA;ACESSAR A VIA SEM OBSERVAR A PRESENÇA DOS OUTROS VEÍCULOS;COLISÃO TRANSVERSAL;CÉU CLARO;DUPLA;RETA;SIM;0
GO;BR-153;SANTA TEREZA DE GOIAS;4;2;TERÇA-FEIRA;1;0;7;06H-08H;MANHA;PLENO DIA;DEMAIS FALHAS MECÂNICAS OU ELÉTRICAS;TOMBAMENTO;CÉU CLARO;SIMPLES;RETA;NÃO;0
SP;BR-153;SAO JOSE DO RIO PRETO;4;2;TERÇA-FEIRA;1;0;7;06H-08H;MANHA;PLENO DIA;MANOBRA DE MUDANÇA DE FAIXA;COLISÃO LATERAL MESMO SENTIDO;CÉU CLARO;DUPLA;RETA;SIM;0
PA;BR-230;MARABA;4;2;TERÇA-FEIRA;1;0;6;06H-08H;MANHA;PLENO DIA;RETORNO PROIBIDO;COLISÃO FRONTAL;CÉU CLARO;DUPLA;RETA;SIM;0
RS;BR-116;PELOTAS;4;2;TERÇA-FEIRA;1;0;3;03H-05H;MADRUGADA;PLENA NOITE;CONDUTOR DEIXOU DE MANTER DISTÂNCIA DO VEÍCULO DA FRENTE;COLISÃO TRASEIRA;CÉU CLARO;DUPLA;RETA;NÃO;0
RJ;BR-040;DUQUE DE CAXIAS;4;2;TERÇA-FEIRA;1;0;3;03H-05H;MADRUGADA;PLENA NOITE;CONDUTOR DORMINDO;COLISÃO COM OBJETO;CHUVA;DUPLA;RETA;SIM;0
RJ;BR-101;PARATY;4;2;TERÇA-FEIRA;1;0;7;06H-08H;MANHA;PLENO DIA;PEDESTRE ANDAVA NA PISTA;ATROPELAMENTO DE PEDESTRE;GAROA/CHUVISCO;SIMPLES;RETA;NÃO;0
RJ;BR-101;CAMPOS DOS GOYTACAZES;4;2;TERÇA-FEIRA;1;0;7;06H-08H;MANHA;PLENO DIA;VELOCIDADE INCOMPATÍVEL;COLISÃO LATERAL MESMO SENTIDO;CÉU CLARO;DUPLA;CURVA;NÃO;0
DF;BR-020;BRASILIA;4;2;TERÇA-FEIRA;1;0;7;06H-08H;MANHA;PLENO DIA;MANOBRA DE MUDANÇA DE FAIXA;COLISÃO LATERAL MESMO SENTIDO;CÉU CLARO;DUPLA;RETA;SIM;0
RS;BR-293;CAPAO DO LEAO;4;2;TERÇA-FEIRA;1;0;7;06H-08H;MANHA;AMANHECER;DESRESPEITAR A PREFERÊNCIA NO CRUZAMENTO;COLISÃO TRANSVERSAL;CÉU CLARO;SIMPLES;"INTERSEÇÃO DE VIAS;RETA";NÃO;0
SP;BR-116;GUARULHOS;4;2;TERÇA-FEIRA;1;0;8;06H-08H;MANHA;PLENO DIA;AUSÊNCIA DE REAÇÃO DO CONDUTOR;COLISÃO LATERAL MESMO SENTIDO;NUBLADO;MÚLTIPLA;RETA;SIM;0
RS;BR-386;TRIUNFO;4;2;TERÇA-FEIRA;1;0;8;06H-08H;MANHA;PLENO DIA;ACESSAR A VIA SEM OBSERVAR A PRESENÇA DOS OUTROS VEÍCULOS;COLISÃO TRANSVERSAL;SOL;DUPLA;"RETA;RETORNO REGULAMENTADO";NÃO;0
RN;BR-101;PARNAMIRIM;4;2;TERÇA-FEIRA;1;0;8;06H-08H;MANHA;PLENO DIA;MANOBRA DE MUDANÇA DE FAIXA;COLISÃO LATERAL MESMO SENTIDO;SOL;MÚLTIPLA;RETA;SIM;0
MG;BR-040;CONTAGEM;4;2;TERÇA-FEIRA;1;0;7;06H-08H;MANHA;PLENO DIA;TRAFEGAR COM MOTOCICLETA (OU SIMILAR) ENTRE AS FAIXAS;COLISÃO LATERAL MESMO SENTIDO;NUBLADO;DUPLA;CURVA;NÃO;0
SP;BR-116;SAO JOSE DOS CAMPOS;4;2;TERÇA-FEIRA;1;0;3;03H-05H;MADRUGADA;PLENA NOITE;AUSÊNCIA DE REAÇÃO DO CONDUTOR;ATROPELAMENTO DE PEDESTRE;NUBLADO;MÚLTIPLA;RETA;SIM;0
SC;BR-101;SAO JOSE;4;2;TERÇA-FEIRA;1;0;8;06H-08H;MANHA;PLENO DIA;REAÇÃO TARDIA OU INEFICIENTE DO CONDUTOR;COLISÃO TRASEIRA;SOL;DUPLA;RETA;SIM;0
SP;BR-116;PINDAMONHANGABA;4;2;TERÇA-FEIRA;1;0;7;06H-08H;MANHA;PLENO DIA;AUSÊNCIA DE REAÇÃO DO CONDUTOR;TOMBAMENTO;NUBLADO;DUPLA;RETA;NÃO;0
PI;BR-343;TERESINA;4;2;TERÇA-FEIRA;1;0;8;06H-08H;MANHA;PLENO DIA;AUSÊNCIA DE REAÇÃO DO CONDUTOR;COLISÃO LATERAL MESMO SENTIDO;CÉU CLARO;MÚLTIPLA;INTERSEÇÃO DE VIAS;SIM;0
GO;BR-153;CAMPINORTE;4;2;SEGUNDA-FEIRA;0;0;20;18H-20H;NOITE;PLENA NOITE;INGESTÃO DE ÁLCOOL PELO CONDUTOR;COLISÃO TRANSVERSAL;CÉU CLARO;SIMPLES;"INTERSEÇÃO DE VIAS;RETA";SIM;0
PR;BR-116;CURITIBA;4;2;TERÇA-FEIRA;1;0;8;06H-08H;MANHA;PLENO DIA;REAÇÃO TARDIA OU INEFICIENTE DO CONDUTOR;COLISÃO LATERAL MESMO SENTIDO;SOL;DUPLA;RETA;NÃO;0
RJ;BR-040;AREAL;1;1;SÁBADO;5;1;12;12H-14H;TARDE;PLENO DIA;VELOCIDADE INCOMPATÍVEL;COLISÃO COM OBJETO;CÉU CLARO;SIMPLES;CURVA;NÃO;0
ES;BR-101;CARIACICA;4;2;TERÇA-FEIRA;1;0;9;09H-11H;MANHA;PLENO DIA;AUSÊNCIA DE REAÇÃO DO CONDUTOR;COLISÃO TRASEIRA;NUBLADO;DUPLA;"ACLIVE;CURVA;VIADUTO";SIM;0
RS;BR-290;PORTO ALEGRE;4;2;TERÇA-FEIRA;1;0;9;09H-11H;MANHA;PLENO DIA;MANOBRA DE MUDANÇA DE FAIXA;COLISÃO LATERAL MESMO SENTIDO;SOL;MÚLTIPLA;RETA;NÃO;0
SC;BR-101;BALNEARIO CAMBORIU;4;2;TERÇA-FEIRA;1;0;7;06H-08H;MANHA;PLENO DIA;VELOCIDADE INCOMPATÍVEL;COLISÃO COM OBJETO;CÉU CLARO;MÚLTIPLA;"INTERSEÇÃO DE VIAS;DECLIVE";SIM;0
RJ;BR-493;MAGE;4;2;TERÇA-FEIRA;1;0;8;06H-08H;MANHA;PLENO DIA;MAL SÚBITO DO CONDUTOR;QUEDA DE OCUPANTE DE VEÍCULO;NUBLADO;SIMPLES;RETA;SIM;0
BA;BR-324;SIMOES FILHO;4;2;TERÇA-FEIRA;1;0;10;09H-11H;MANHA;PLENO DIA;INGESTÃO DE ÁLCOOL PELO CONDUTOR;SAÍDA DE LEITO CARROÇÁVEL;CÉU CLARO;DUPLA;RETA;NÃO;0
MG;BR-040;ESMERALDAS;4;2;SEGUNDA-FEIRA;0;0;12;12H-14H;TARDE;PLENO DIA;REAÇÃO TARDIA OU INEFICIENTE DO CONDUTOR;COLISÃO TRASEIRA;NUBLADO;DUPLA;RETA;NÃO;0
RN;BR-304;MOSSORO;4;2;TERÇA-FEIRA;1;0;10;09H-11H;MANHA;PLENO DIA;ACESSAR A VIA SEM OBSERVAR A PRESENÇA DOS OUTROS VEÍCULOS;COLISÃO TRANSVERSAL;CÉU CLARO;SIMPLES;INTERSEÇÃO DE VIAS;SIM;0
MT;BR-364;VARZEA GRANDE;4;2;TERÇA-FEIRA;1;0;9;09H-11H;MANHA;PLENO DIA;TRANSITAR NO ACOSTAMENTO;COLISÃO TRANSVERSAL;NUBLADO;SIMPLES;RETA;SIM;0
PB;BR-101;BAYEUX;4;2;TERÇA-FEIRA;1;0;10;09H-11H;MANHA;PLENO DIA;AUSÊNCIA DE REAÇÃO DO CONDUTOR;ENGAVETAMENTO;SOL;DUPLA;RETA;SIM;0
PA;BR-316;CASTANHAL;4;2;TERÇA-FEIRA;1;0;8;06H-08H;MANHA;PLENO DIA;ACESSAR A VIA SEM OBSERVAR A PRESENÇA DOS OUTROS VEÍCULOS;COLISÃO FRONTAL;CÉU CLARO;DUPLA;RETA;SIM;0
SC;BR-470;RIO DO SUL;4;2;TERÇA-FEIRA;1;0;6;06H-08H;MANHA;PLENO DIA;MANOBRA DE MUDANÇA DE FAIXA;COLISÃO LATERAL MESMO SENTIDO;CÉU CLARO;SIMPLES;RETA;NÃO;0
MG;BR-116;CARATINGA;4;2;TERÇA-FEIRA;1;0;10;09H-11H;MANHA;PLENO DIA;TRANSITAR NA CONTRAMÃO;COLISÃO FRONTAL;CÉU CLARO;SIMPLES;RETA;SIM;0
MG;BR-381;RIO MANSO;4;2;TERÇA-FEIRA;1;0;10;09H-11H;MANHA;PLENO DIA;CONDUTOR DEIXOU DE MANTER DISTÂNCIA DO VEÍCULO DA FRENTE;COLISÃO TRASEIRA;CÉU CLARO;DUPLA;RETA;NÃO;0
PB;BR-230;CABEDELO;4;2;TERÇA-FEIRA;1;0;11;09H-11H;MANHA;PLENO DIA;ACOSTAMENTO EM DESNÍVEL;TOMBAMENTO;SOL;DUPLA;"EM OBRAS;RETA";SIM;0
RN;BR-101;PARNAMIRIM;4;2;TERÇA-FEIRA;1;0;11;09H-11H;MANHA;PLENO DIA;ACESSAR A VIA SEM OBSERVAR A PRESENÇA DOS OUTROS VEÍCULOS;COLISÃO LATERAL MESMO SENTIDO;CÉU CLARO;DUPLA;RETA;NÃO;0
PI;BR-316;PICOS;4;2;TERÇA-FEIRA;1;0;9;09H-11H;MANHA;PLENO DIA;CONDUTOR DEIXOU DE MANTER DISTÂNCIA DO VEÍCULO DA FRENTE;COLISÃO TRASEIRA;SOL;DUPLA;RETA;SIM;0
SP;BR-116;GUARULHOS;4;2;TERÇA-FEIRA;1;0;13;12H-14H;TARDE;PLENO DIA;AUSÊNCIA DE REAÇÃO DO CONDUTOR;COLISÃO LATERAL MESMO SENTIDO;NUBLADO;MÚLTIPLA;RETA;SIM;0
PR;BR-277;CAMPO LARGO;4;2;TERÇA-FEIRA;1;0;13;12H-14H;TARDE;PLENO DIA;REAÇÃO TARDIA OU INEFICIENTE DO CONDUTOR;TOMBAMENTO;SOL;SIMPLES;"ACLIVE;CURVA";NÃO;0
MT;BR-364;CUIABA;4;2;TERÇA-FEIRA;1;0;5;03H-05H;MADRUGADA;PLENO DIA;AUSÊNCIA DE REAÇÃO DO CONDUTOR;EVENTOS ATÍPICOS;GAROA/CHUVISCO;DUPLA;RETA;SIM;0
GO;BR-364;CACHOEIRA ALTA;4;2;TERÇA-FEIRA;1;0;13;12H-14H;TARDE;PLENO DIA;ACESSAR A VIA SEM OBSERVAR A PRESENÇA DOS OUTROS VEÍCULOS;SAÍDA DE LEITO CARROÇÁVEL;CÉU CLARO;SIMPLES;"ACLIVE;RETA";NÃO;0
DF;BR-020;BRASILIA;3;1;SEXTA-FEIRA;4;0;5;03H-05H;MADRUGADA;AMANHECER;CONDUTOR DORMINDO;COLISÃO TRASEIRA;CÉU CLARO;DUPLA;RETA;SIM;0
MG;BR-262;JUATUBA;4;2;TERÇA-FEIRA;1;0;14;12H-14H;TARDE;PLENO DIA;MANOBRA DE MUDANÇA DE FAIXA;COLISÃO LATERAL MESMO SENTIDO;CÉU CLARO;DUPLA;RETA;SIM;0
SC;BR-101;JOINVILLE;4;2;TERÇA-FEIRA;1;0;13;12H-14H;TARDE;PLENO DIA;MAL SÚBITO DO CONDUTOR;SAÍDA DE LEITO CARROÇÁVEL;SOL;MÚLTIPLA;"RETA;ACLIVE";SIM;1
RN;BR-101;NATAL;4;2;SEGUNDA-FEIRA;0;0;9;09H-11H;MANHA;PLENO DIA;MANOBRA DE MUDANÇA DE FAIXA;COLISÃO TRANSVERSAL;GAROA/CHUVISCO;DUPLA;RETA;SIM;0
SC;BR-282;PINHALZINHO;4;2;TERÇA-FEIRA;1;0;8;06H-08H;MANHA;PLENO DIA;TRANSITAR NA CONTRAMÃO;COLISÃO FRONTAL;SOL;SIMPLES;CURVA;SIM;0
RS;BR-471;RIO GRANDE;4;2;TERÇA-FEIRA;1;0;13;12H-14H;TARDE;PLENO DIA;OBJETO ESTÁTICO SOBRE O LEITO CARROÇÁVEL;COLISÃO COM OBJETO;CÉU CLARO;SIMPLES;"RETA;INTERSEÇÃO DE VIAS";NÃO;0
MA;BR-230;SAO DOMINGOS DO AZEITAO;4;2;DOMINGO;6;1;3;03H-05H;MADRUGADA;PLENA NOITE;CONDUTOR DORMINDO;SAÍDA DE LEITO CARROÇÁVEL;IGNORADO;SIMPLES;RETA;NÃO;0
PB;BR-101;JOAO PESSOA;4;2;QUINTA-FEIRA;3;0;18;18H-20H;NOITE;PLENA NOITE;REAÇÃO TARDIA OU INEFICIENTE DO CONDUTOR;ENGAVETAMENTO;CÉU CLARO;DUPLA;"ACLIVE;RETA";SIM;0
RJ;BR-393;VASSOURAS;4;2;TERÇA-FEIRA;1;0;13;12H-14H;TARDE;PLENO DIA;ANIMAIS NA PISTA;COLISÃO TRASEIRA;NUBLADO;SIMPLES;RETA;NÃO;0
RN;BR-101;PARNAMIRIM;4;2;TERÇA-FEIRA;1;0;15;15H-17H;TARDE;PLENO DIA;AUSÊNCIA DE REAÇÃO DO CONDUTOR;COLISÃO TRASEIRA;CÉU CLARO;DUPLA;RETA;SIM;0
DF;BR-IGNORADA;BRASILIA;4;2;TERÇA-FEIRA;1;0;14;12H-14H;TARDE;PLENO DIA;REAÇÃO TARDIA OU INEFICIENTE DO CONDUTOR;COLISÃO COM OBJETO;CÉU CLARO;SIMPLES;CURVA;SIM;0
GO;BR-040;LUZIANIA;4;2;TERÇA-FEIRA;1;0;15;15H-17H;TARDE;PLENO DIA;DEMAIS FALHAS MECÂNICAS OU ELÉTRICAS;INCÊNDIO;CÉU CLARO;SIMPLES;RETA;NÃO;0
RS;BR-158;SANTA MARIA;4;2;TERÇA-FEIRA;1;0;16;15H-17H;TARDE;PLENO DIA;MANOBRA DE MUDANÇA DE FAIXA;COLISÃO LATERAL MESMO SENTIDO;SOL;DUPLA;"RETA;ACLIVE";SIM;0
SC;BR-280;GUARAMIRIM;4;2;TERÇA-FEIRA;1;0;15;15H-17H;TARDE;PLENO DIA;CONDUTOR DEIXOU DE MANTER DISTÂNCIA DO VEÍCULO DA FRENTE;COLISÃO TRASEIRA;CÉU CLARO;DUPLA;RETA;NÃO;0
RS;BR-448;CANOAS;4;2;TERÇA-FEIRA;1;0;16;15H-17H;TARDE;PLENO DIA;MANOBRA DE MUDANÇA DE FAIXA;COLISÃO LATERAL MESMO SENTIDO;SOL;MÚLTIPLA;RETA;NÃO;0
RJ;BR-116;RIO DE JANEIRO;4;2;TERÇA-FEIRA;1;0;17;15H-17H;TARDE;ANOITECER;ACESSAR A VIA SEM OBSERVAR A PRESENÇA DOS OUTROS VEÍCULOS;COLISÃO LATERAL MESMO SENTIDO;GAROA/CHUVISCO;DUPLA;CURVA;NÃO;0
MG;BR-040;RIBEIRAO DAS NEVES;4;2;TERÇA-FEIRA;1;0;17;15H-17H;TARDE;PLENA NOITE;CONDUTOR DEIXOU DE MANTER DISTÂNCIA DO VEÍCULO DA FRENTE;COLISÃO TRASEIRA;CÉU CLARO;DUPLA;RETA;SIM;0
SC;BR-282;FLORIANOPOLIS;4;2;TERÇA-FEIRA;1;0;18;18H-20H;NOITE;PLENA NOITE;TRAFEGAR COM MOTOCICLETA (OU SIMILAR) ENTRE AS FAIXAS;TOMBAMENTO;CÉU CLARO;MÚLTIPLA;RETA;SIM;0
RJ;BR-101;CAMPOS DOS GOYTACAZES;4;2;TERÇA-FEIRA;1;0;17;15H-17H;TARDE;ANOITECER;ACUMULO DE ÓLEO SOBRE O PAVIMENTO;TOMBAMENTO;NUBLADO;SIMPLES;RETA;SIM;0
ES;BR-101;CARIACICA;4;2;TERÇA-FEIRA;1;0;17;15H-17H;TARDE;ANOITECER;ACESSO IRREGULAR;COLISÃO TRANSVERSAL;CÉU CLARO;DUPLA;"RETA;DECLIVE;INTERSEÇÃO DE VIAS";SIM;0
MG;BR-262;NOVA SERRANA;4;2;TERÇA-FEIRA;1;0;17;15H-17H;TARDE;PLENO DIA;PEDESTRE CRUZAVA A PISTA FORA DA FAIXA;ATROPELAMENTO DE PEDESTRE;CÉU CLARO;DUPLA;RETA;SIM;0
SP;BR-116;GUARULHOS;4;2;TERÇA-FEIRA;1;0;18;18H-20H;NOITE;PLENA NOITE;TRAFEGAR COM MOTOCICLETA (OU SIMILAR) ENTRE AS FAIXAS;TOMBAMENTO;NUBLADO;MÚLTIPLA;"EM OBRAS;RETA";SIM;0
SP;BR-116;SAO JOSE DOS CAMPOS;4;2;TERÇA-FEIRA;1;0;17;15H-17H;TARDE;ANOITECER;AUSÊNCIA DE REAÇÃO DO CONDUTOR;COLISÃO TRASEIRA;CÉU CLARO;DUPLA;RETA;NÃO;0
CE;BR-222;ITAPAJE;4;2;TERÇA-FEIRA;1;0;13;12H-14H;TARDE;PLENO DIA;ACESSAR A VIA SEM OBSERVAR A PRESENÇA DOS OUTROS VEÍCULOS;COLISÃO TRANSVERSAL;CÉU CLARO;SIMPLES;RETA;NÃO;0
MA;BR-135;SAO LUIS;4;2;TERÇA-FEIRA;1;0;16;15H-17H;TARDE;PLENO DIA;REAÇÃO TARDIA OU INEFICIENTE DO CONDUTOR;COLISÃO TRANSVERSAL;SOL;DUPLA;RETA;SIM;0
RS;BR-158;PANAMBI;4;2;TERÇA-FEIRA;1;0;17;15H-17H;TARDE;PLENO DIA;ULTRAPASSAGEM INDEVIDA;COLISÃO FRONTAL;CÉU CLARO;SIMPLES;RETA;NÃO;0
PA;BR-230;MARABA;4;2;TERÇA-FEIRA;1;0;18;18H-20H;NOITE;PLENA NOITE;REAÇÃO TARDIA OU INEFICIENTE DO CONDUTOR;COLISÃO TRASEIRA;CÉU CLARO;DUPLA;RETA;SIM;0