uf;br_formatada;municipio;mes;trimestre;dia_semana;dia_semana_num;fim_de_semana;hora;faixa_horaria;turno;fase_dia;causa_acidente;tipo_acidente;condicao_metereologica;tipo_pista;tracado_via;uso_solo;acidente_fatal
TO;BR-153;RIO DOS BOIS;5;2;SEXTA-FEIRA;4;0;3;03H-05H;MADRUGADA;PLENA NOITE;INGESTÃO DE ÁLCOOL PELO CONDUTOR;COLISÃO FRONTAL;CÉU CLARO;SIMPLES;CURVA;NÃO;0
PA;BR-230;ALTAMIRA;5;2;SEXTA-FEIRA;4;0;2;00H-02H;MADRUGADA;PLENA NOITE;INGESTÃO DE ÁLCOOL PELO CONDUTOR;TOMBAMENTO;CÉU CLARO;SIMPLES;RETA;SIM;0
ES;BR-101;JOAO NEIVA;5;2;SEXTA-FEIRA;4;0;6;06H-08H;MANHA;PLENO DIA;INGESTÃO DE ÁLCOOL PELO CONDUTOR;SAÍDA DE LEITO CARROÇÁVEL;CÉU CLARO;SIMPLES;RETA;NÃO;0
MT;BR-163;MATUPA;5;2;SEXTA-FEIRA;4;0;3;03H-05H;MADRUGADA;PLENA NOITE;INGESTÃO DE ÁLCOOL PELO CONDUTOR;SAÍDA DE LEITO CARROÇÁVEL;CÉU CLARO;SIMPLES;RETA;NÃO;0
RJ;BR-116;RESENDE;5;2;SEXTA-FEIRA;4;0;5;03H-05H;MADRUGADA;AMANHECER;REAÇÃO TARDIA OU INEFICIENTE DO CONDUTOR;SAÍDA DE LEITO CARROÇÁVEL;NUBLADO;DUPLA;"RETORNO REGULAMENTADO;CURVA";SIM;0
CE;BR-116;FORTALEZA;5;2;SEXTA-FEIRA;4;0;5;03H-05H;MADRUGADA;AMANHECER;ACESSAR A VIA SEM OBSERVAR A PRESENÇA DOS OUTROS VEÍCULOS;COLISÃO TRANSVERSAL;CÉU CLARO;MÚLTIPLA;RETA;SIM;0
RJ;BR-356;ITALVA;5;2;SEXTA-FEIRA;4;0;5;03H-05H;MADRUGADA;AMANHECER;REAÇÃO TARDIA OU INEFICIENTE DO CONDUTOR;COLISÃO COM OBJETO;NEVOEIRO/NEBLINA;SIMPLES;"CURVA;ROTATÓRIA";NÃO;1
SC;BR-101;SAO JOSE;5;2;SEXTA-FEIRA;4;0;6;06H-08H;MANHA;AMANHECER;AUSÊNCIA DE REAÇÃO DO CONDUTOR;COLISÃO TRASEIRA;SOL;MÚLTIPLA;RETA;SIM;0
SC;BR-101;BALNEARIO CAMBORIU;5;2;SEXTA-FEIRA;4;0;6;06H-08H;MANHA;PLENO DIA;AVARIAS E/OU DESGASTE EXCESSIVO NO PNEU;TOMBAMENTO;CÉU CLARO;MÚLTIPLA;"RETA;VIADUTO";NÃO;0
RJ;BR-116;SAO JOAO DE MERITI;5;2;QUINTA-FEIRA;3;0;17;15H-17H;TARDE;PLENO DIA;AVARIAS E/OU DESGASTE EXCESSIVO NO PNEU;QUEDA DE OCUPANTE DE VEÍCULO;CÉU CLARO;DUPLA;RETA;SIM;0
ES;BR-101;SERRA;5;2;SEXTA-FEIRA;4;0;6;06H-08H;MANHA;PLENO DIA;REAÇÃO TARDIA OU INEFICIENTE DO CONDUTOR;COLISÃO TRASEIRA;CÉU CLARO;DUPLA;RETA;SIM;0
SC;BR-101;ITAJAI;5;2;SEXTA-FEIRA;4;0;6;06H-08H;MANHA;PLENO DIA;TRAFEGAR COM MOTOCICLETA (OU SIMILAR) ENTRE AS FAIXAS;COLISÃO TRASEIRA;CÉU CLARO;DUPLA;RETA;SIM;0
SP;BR-116;GUARULHOS;5;2;SEXTA-FEIRA;4;0;7;06H-08H;MANHA;PLENO DIA;TRAFEGAR COM MOTOCICLETA (OU SIMILAR) ENTRE AS FAIXAS;COLISÃO LATERAL MESMO SENTIDO;NUBLADO;MÚLTIPLA;"RETA;EM OBRAS;DECLIVE";SIM;0
MG;BR-116;TEOFILO OTONI;5;2;SEXTA-FEIRA;4;0;7;06H-08H;MANHA;PLENO DIA;MANOBRA DE MUDANÇA DE FAIXA;COLISÃO LATERAL MESMO SENTIDO;NUBLADO;DUPLA;"INTERSEÇÃO DE VIAS;DECLIVE;ROTATÓRIA";SIM;0
CE;BR-222;CAUCAIA;5;2;SEXTA-FEIRA;4;0;7;06H-08H;MANHA;PLENO DIA;AUSÊNCIA DE REAÇÃO DO CONDUTOR;COLISÃO TRASEIRA;CÉU CLARO;DUPLA;"RETA;VIADUTO;DECLIVE";SIM;0
ES;BR-101;SERRA;5;2;SEXTA-FEIRA;4;0;7;06H-08H;MANHA;PLENO DIA;REAÇÃO TARDIA OU INEFICIENTE DO CONDUTOR;TOMBAMENTO;SOL;MÚLTIPLA;CURVA;SIM;0
SP;BR-153;SAO JOSE DO RIO PRETO;5;2;SEXTA-FEIRA;4;0;7;06H-08H;MANHA;PLENO DIA;AUSÊNCIA DE REAÇÃO DO CONDUTOR;COLISÃO TRASEIRA;SOL;DUPLA;"DECLIVE;RETA";SIM;0
PI;BR-343;TERESINA;5;2;SEXTA-FEIRA;4;0;7;06H-08H;MANHA;PLENO DIA;DESRESPEITAR A PREFERÊNCIA NO CRUZAMENTO;COLISÃO LATERAL MESMO SENTIDO;CÉU CLARO;DUPLA;"DECLIVE;RETA";SIM;0
PB;BR-230;JOAO PESSOA;5;2;SEXTA-FEIRA;4;0;7;06H-08H;MANHA;PLENO DIA;AVARIAS E/OU DESGASTE EXCESSIVO NO PNEU;QUEDA DE OCUPANTE DE VEÍCULO;CÉU CLARO;DUPLA;ACLIVE;SIM;0
RR;BR-401;BOA VISTA;5;2;SEXTA-FEIRA;4;0;6;06H-08H;MANHA;AMANHECER;CONDUTOR DESRESPEITOU A ILUMINAÇÃO VERMELHA DO SEMÁFORO;COLISÃO TRANSVERSAL;SOL;MÚLTIPLA;"RETA;INTERSEÇÃO DE VIAS";SIM;0
PR;BR-277;PARANAGUA;5;2;SEXTA-FEIRA;4;0;7;06H-08H;MANHA;PLENO DIA;ULTRAPASSAGEM INDEVIDA;COLISÃO LATERAL MESMO SENTIDO;SOL;SIMPLES;RETA;SIM;0
BA;BR-324;SALVADOR;5;2;SEXTA-FEIRA;4;0;6;06H-08H;MANHA;AMANHECER;ACUMULO DE ÁGUA SOBRE O PAVIMENTO;COLISÃO TRASEIRA;CHUVA;MÚLTIPLA;"CURVA;ACLIVE";SIM;0
PR;BR-277;FOZ DO IGUACU;5;2;SEXTA-FEIRA;4;0;8;06H-08H;MANHA;PLENO DIA;REAÇÃO TARDIA OU INEFICIENTE DO CONDUTOR;ATROPELAMENTO DE PEDESTRE;CÉU CLARO;SIMPLES;RETA;SIM;0
RS;BR-392;RIO GRANDE;5;2;SEXTA-FEIRA;4;0;7;06H-08H;MANHA;PLENO DIA;ACESSAR A VIA SEM OBSERVAR A PRESENÇA DOS OUTROS VEÍCULOS;COLISÃO TRANSVERSAL;NEVOEIRO/NEBLINA;DUPLA;"INTERSEÇÃO DE VIAS;RETA";SIM;0
SC;BR-101;SAO JOSE;5;2;SEXTA-FEIRA;4;0;8;06H-08H;MANHA;PLENO DIA;REAÇÃO TARDIA OU INEFICIENTE DO CONDUTOR;COLISÃO LATERAL SENTIDO OPOSTO;CÉU CLARO;MÚLTIPLA;DECLIVE;SIM;0
SC;BR-282;CORDILHEIRA ALTA;5;2;SEXTA-FEIRA;4;0;8;06H-08H;MANHA;PLENO DIA;TRANSITAR NA CONTRAMÃO;COLISÃO LATERAL SENTIDO OPOSTO;CÉU CLARO;SIMPLES;CURVA;NÃO;0
BA;BR-324;CANDEIAS;5;2;SEXTA-FEIRA;4;0;8;06H-08H;MANHA;PLENO DIA;DEMAIS FALHAS MECÂNICAS OU ELÉTRICAS;SAÍDA DE LEITO CARROÇÁVEL;CHUVA;DUPLA;RETA;NÃO;0
GO;BR-060;ACREUNA;5;2;SEXTA-FEIRA;4;0;7;06H-08H;MANHA;PLENO DIA;AUSÊNCIA DE REAÇÃO DO CONDUTOR;SAÍDA DE LEITO CARROÇÁVEL;CÉU CLARO;DUPLA;RETA;SIM;0
RJ;BR-495;TERESOPOLIS;5;2;SEXTA-FEIRA;4;0;7;06H-08H;MANHA;PLENO DIA;TRAFEGAR COM MOTOCICLETA (OU SIMILAR) ENTRE AS FAIXAS;COLISÃO LATERAL MESMO SENTIDO;CÉU CLARO;SIMPLES;RETA;SIM;0
SC;BR-101;JOINVILLE;4;2;SEXTA-FEIRA;4;0;6;06H-08H;MANHA;AMANHECER;CONDUTOR DORMINDO;CAPOTAMENTO;CÉU CLARO;SIMPLES;INTERSEÇÃO DE VIAS;SIM;0
RJ;BR-116;DUQUE DE CAXIAS;5;2;SEXTA-FEIRA;4;0;4;03H-05H;MADRUGADA;AMANHECER;REAÇÃO TARDIA OU INEFICIENTE DO CONDUTOR;COLISÃO LATERAL MESMO SENTIDO;CÉU CLARO;DUPLA;RETA;SIM;0
SC;BR-282;LAGES;5;2;SEXTA-FEIRA;4;0;8;06H-08H;MANHA;PLENO DIA;AUSÊNCIA DE REAÇÃO DO CONDUTOR;SAÍDA DE LEITO CARROÇÁVEL;CÉU CLARO;SIMPLES;RETA;NÃO;0
SC;BR-101;BARRA VELHA;5;2;SEXTA-FEIRA;4;0;7;06H-08H;MANHA;PLENO DIA;AUSÊNCIA DE REAÇÃO DO CONDUTOR;TOMBAMENTO;NUBLADO;MÚLTIPLA;RETA;SIM;0
SC;BR-101;PALHOCA;5;2;SEXTA-FEIRA;4;0;8;06H-08H;MANHA;PLENO DIA;TRAFEGAR COM MOTOCICLETA (OU SIMILAR) ENTRE AS FAIXAS;COLISÃO LATERAL MESMO SENTIDO;CÉU CLARO;MÚLTIPLA;RETA;SIM;0
SC;BR-101;PALHOCA;5;2;SEXTA-FEIRA;4;0;9;09H-11H;MANHA;PLENO DIA;CONDUTOR DEIXOU DE MANTER DISTÂNCIA DO VEÍCULO DA FRENTE;COLISÃO TRASEIRA;CÉU CLARO;MÚLTIPLA;RETA;SIM;0
RJ;BR-101;PARATY;5;2;SEXTA-FEIRA;4;0;7;06H-08H;MANHA;PLENO DIA;REAÇÃO TARDIA OU INEFICIENTE DO CONDUTOR;COLISÃO TRANSVERSAL;SOL;SIMPLES;RETA;NÃO;0
PA;BR-230;MARABA;5;2;SEXTA-FEIRA;4;0;10;09H-11H;MANHA;PLENO DIA;ACESSAR A VIA SEM OBSERVAR A PRESENÇA DOS OUTROS VEÍCULOS;COLISÃO TRANSVERSAL;CÉU CLARO;DUPLA;INTERSEÇÃO DE VIAS;SIM;0
ES;BR-262;VIANA;5;2;SEXTA-FEIRA;4;0;10;09H-11H;MANHA;PLENO DIA;VELOCIDADE INCOMPATÍVEL;TOMBAMENTO;CÉU CLARO;SIMPLES;CURVA;NÃO;0
SP;BR-116;GUARULHOS;5;2;SEXTA-FEIRA;4;0;10;09H-11H;MANHA;PLENO DIA;MANOBRA DE MUDANÇA DE FAIXA;COLISÃO LATERAL MESMO SENTIDO;CÉU CLARO;DUPLA;RETA;SIM;0
RJ;BR-040;DUQUE DE CAXIAS;4;2;QUARTA-FEIRA;2;0;7;06H-08H;MANHA;PLENO DIA;MANOBRA DE MUDANÇA DE FAIXA;COLISÃO TRASEIRA;CÉU CLARO;DUPLA;RETA;SIM;0
PE;BR-423;GARANHUNS;5;2;SEXTA-FEIRA;4;0;4;03H-05H;MADRUGADA;PLENO DIA;AUSÊNCIA DE REAÇÃO DO CONDUTOR;SAÍDA DE LEITO CARROÇÁVEL;CÉU CLARO;SIMPLES;RETA;NÃO;1
RS;BR-290;SANTO ANTONIO DA PATRULHA;5;2;SEXTA-FEIRA;4;0;10;09H-11H;MANHA;PLENO DIA;CONDUTOR DORMINDO;CAPOTAMENTO;NUBLADO;DUPLA;RETA;NÃO;0
SC;BR-101;ITAJAI;5;2;SEXTA-FEIRA;4;0;10;09H-11H;MANHA;PLENO DIA;TRAFEGAR COM MOTOCICLETA (OU SIMILAR) ENTRE AS FAIXAS;COLISÃO LATERAL MESMO SENTIDO;NUBLADO;MÚLTIPLA;RETA;SIM;0
CE;BR-222;TIANGUA;1;1;QUINTA-FEIRA;3;0;11;09H-11H;MANHA;PLENO DIA;AUSÊNCIA DE REAÇÃO DO CONDUTOR;COLISÃO LATERAL MESMO SENTIDO;SOL;SIMPLES;RETA;NÃO;0
RS;BR-116;ESTANCIA VELHA;5;2;SEXTA-FEIRA;4;0;10;09H-11H;MANHA;PLENO DIA;CONVERSÃO PROIBIDA;COLISÃO TRASEIRA;SOL;SIMPLES;"ACLIVE;CURVA";NÃO;0
PE;BR-428;BELEM DE SAO FRANCISCO;5;2;SEXTA-FEIRA;4;0;11;09H-11H;MANHA;PLENO DIA;ANIMAIS NA PISTA;ATROPELAMENTO DE ANIMAL;CÉU CLARO;SIMPLES;RETA;NÃO;0
PR;BR-116;SAO JOSE DOS PINHAIS;5;2;SEXTA-FEIRA;4;0;10;09H-11H;MANHA;PLENO DIA;MANOBRA DE MUDANÇA DE FAIXA;COLISÃO LATERAL MESMO SENTIDO;CÉU CLARO;DUPLA;RETA;NÃO;0
BA;BR-324;CANDEIAS;4;2;QUINTA-FEIRA;3;0;15;15H-17H;TARDE;PLENO DIA;CONDUTOR DEIXOU DE MANTER DISTÂNCIA DO VEÍCULO DA FRENTE;COLISÃO TRASEIRA;IGNORADO;DUPLA;RETA;NÃO;0
SP;BR-116;JUQUITIBA;5;2;SEXTA-FEIRA;4;0;12;12H-14H;TARDE;PLENO DIA;AUSÊNCIA DE REAÇÃO DO CONDUTOR;SAÍDA DE LEITO CARROÇÁVEL;CÉU CLARO;DUPLA;RETA;NÃO;0
SC;BR-282;XANXERE;5;2;SEXTA-FEIRA;4;0;12;12H-14H;TARDE;PLENO DIA;REAÇÃO TARDIA OU INEFICIENTE DO CONDUTOR;COLISÃO TRASEIRA;CÉU CLARO;SIMPLES;RETA;NÃO;0
AM;BR-230;HUMAITA;5;2;SEXTA-FEIRA;4;0;11;09H-11H;MANHA;PLENO DIA;ACUMULO DE AREIA OU DETRITOS SOBRE O PAVIMENTO;TOMBAMENTO;CÉU CLARO;SIMPLES;"CURVA;ROTATÓRIA";SIM;0
SE;BR-101;LARANJEIRAS;4;2;SÁBADO;5;1;6;06H-08H;MANHA;PLENO DIA;ULTRAPASSAGEM INDEVIDA;COLISÃO LATERAL MESMO SENTIDO;CÉU CLARO;DUPLA;RETA;NÃO;1
PE;BR-408;RECIFE;5;2;SEXTA-FEIRA;4;0;12;12H-14H;TARDE;PLENO DIA;MANOBRA DE MUDANÇA DE FAIXA;COLISÃO LATERAL MESMO SENTIDO;CÉU CLARO;DUPLA;DECLIVE;NÃO;0
MS;BR-262;CORUMBA;5;2;SEXTA-FEIRA;4;0;11;09H-11H;MANHA;PLENO DIA;REAÇÃO TARDIA OU INEFICIENTE DO CONDUTOR;COLISÃO FRONTAL;CÉU CLARO;SIMPLES;RETA;SIM;0
SC;BR-101;SAO JOSE;5;2;SEXTA-FEIRA;4;0;13;12H-14H;TARDE;PLENO DIA;ACESSAR A VIA SEM OBSERVAR A PRESENÇA DOS OUTROS VEÍCULOS;COLISÃO TRANSVERSAL;CÉU CLARO;MÚLTIPLA;INTERSEÇÃO DE VIAS;SIM;0
PR;BR-376;SAO JOSE DOS PINHAIS;3;1;QUINTA-FEIRA;3;0;19;18H-20H;NOITE;PLENA NOITE;AUSÊNCIA DE REAÇÃO DO CONDUTOR;COLISÃO LATERAL MESMO SENTIDO;CÉU CLARO;DUPLA;"VIADUTO;RETA;INTERSEÇÃO DE VIAS";NÃO;0
BA;BR-235;JUAZEIRO;5;2;SEXTA-FEIRA;4;0;14;12H-14H;TARDE;PLENO DIA;ACESSAR A VIA SEM OBSERVAR A PRESENÇA DOS OUTROS VEÍCULOS;COLISÃO TRANSVERSAL;NUBLADO;SIMPLES;"RETA;EM OBRAS";SIM;0
CE;BR-116;FORTALEZA;5;2;SEXTA-FEIRA;4;0;14;12H-14H;TARDE;PLENO DIA;CONDUTOR DEIXOU DE MANTER DISTÂNCIA DO VEÍCULO DA FRENTE;COLISÃO TRASEIRA;CÉU CLARO;DUPLA;RETA;NÃO;0
DF;BR-070;BRASILIA;5;2;SEXTA-FEIRA;4;0;13;12H-14H;TARDE;PLENO DIA;AUSÊNCIA DE REAÇÃO DO CONDUTOR;COLISÃO COM OBJETO;CÉU CLARO;DUPLA;RETA;SIM;0
GO;BR-070;JUSSARA;5;2;SEXTA-FEIRA;4;0;13;12H-14H;TARDE;PLENO DIA;ACESSAR A VIA SEM OBSERVAR A PRESENÇA DOS OUTROS VEÍCULOS;COLISÃO TRASEIRA;CÉU CLARO;DUPLA;RETA;SIM;0
ES;BR-101;LINHARES;5;2;SEXTA-FEIRA;4;0;10;09H-11H;MANHA;PLENO DIA;ACESSAR A VIA SEM OBSERVAR A PRESENÇA DOS OUTROS VEÍCULOS;COLISÃO TRANSVERSAL;CÉU CLARO;DUPLA;RETA;SIM;0
RJ;BR-101;ANGRA DOS REIS;5;2;SEXTA-FEIRA;4;0;13;12H-14H;TARDE;PLENO DIA;PISTA ESBURACADA;QUEDA DE OCUPANTE DE VEÍCULO;CÉU CLARO;SIMPLES;RETA;SIM;0
SC;BR-101;JOINVILLE;5;2;SEXTA-FEIRA;4;0;13;12H-14H;TARDE;PLENO DIA;DESRESPEITAR A PREFERÊNCIA NO CRUZAMENTO;COLISÃO TRANSVERSAL;CÉU CLARO;DUPLA;"ROTATÓRIA;INTERSEÇÃO DE VIAS;VIADUTO";SIM;0
PE;BR-101;RECIFE;5;2;SEXTA-FEIRA;4;0;15;15H-17H;TARDE;PLENO DIA;REAÇÃO TARDIA OU INEFICIENTE DO CONDUTOR;COLISÃO LATERAL MESMO SENTIDO;CÉU CLARO;DUPLA;RETA;NÃO;0
MS;BR-060;JARDIM;5;2;SEXTA-FEIRA;4;0;14;12H-14H;TARDE;PLENO DIA;DEMAIS FALHAS MECÂNICAS OU ELÉTRICAS;INCÊNDIO;CÉU CLARO;SIMPLES;"RETA;ACLIVE";NÃO;0
SP;BR-101;UBATUBA;5;2;SEXTA-FEIRA;4;0;14;12H-14H;TARDE;PLENO DIA;ACESSAR A VIA SEM OBSERVAR A PRESENÇA DOS OUTROS VEÍCULOS;COLISÃO TRANSVERSAL;CÉU CLARO;SIMPLES;RETA;SIM;0
RJ;BR-040;DUQUE DE CAXIAS;5;2;SEXTA-FEIRA;4;0;13;12H-14H;TARDE;PLENO DIA;PISTA ESCORREGADIA;QUEDA DE OCUPANTE DE VEÍCULO;CÉU CLARO;DUPLA;CURVA;NÃO;0
PR;BR-376;APUCARANA;5;2;SEXTA-FEIRA;4;0;14;12H-14H;TARDE;PLENO DIA;CONVERSÃO PROIBIDA;COLISÃO TRANSVERSAL;CÉU CLARO;SIMPLES;DECLIVE;SIM;0
RS;BR-116;ESTEIO;5;2;SEXTA-FEIRA;4;0;5;03H-05H;MADRUGADA;AMANHECER;NEBLINA;COLISÃO COM OBJETO;NEVOEIRO/NEBLINA;DUPLA;"DESVIO TEMPORÁRIO;EM OBRAS;VIADUTO;DECLIVE";NÃO;0
MG;BR-381;BETIM;5;2;SEXTA-FEIRA;4;0;15;15H-17H;TARDE;PLENO DIA;AUSÊNCIA DE REAÇÃO DO CONDUTOR;ATROPELAMENTO DE PEDESTRE;CÉU CLARO;MÚLTIPLA;"CURVA;ACLIVE";SIM;0
SP;BR-101;UBATUBA;5;2;SEXTA-FEIRA;4;0;15;15H-17H;TARDE;PLENO DIA;MANOBRA DE MUDANÇA DE FAIXA;COLISÃO FRONTAL;CÉU CLARO;SIMPLES;CURVA;SIM;1
CE;BR-020;CAUCAIA;5;2;SEXTA-FEIRA;4;0;16;15H-17H;TARDE;PLENO DIA;ACESSAR A VIA SEM OBSERVAR A PRESENÇA DOS OUTROS VEÍCULOS;COLISÃO LATERAL MESMO SENTIDO;CÉU CLARO;DUPLA;RETA;NÃO;0
ES;BR-101;SERRA;5;2;SEXTA-FEIRA;4;0;16;15H-17H;TARDE;PLENO DIA;REAÇÃO TARDIA OU INEFICIENTE DO CONDUTOR;TOMBAMENTO;CÉU CLARO;MÚLTIPLA;"RETA;INTERSEÇÃO DE VIAS";SIM;0
MA;BR-010;ESTREITO;5;2;SEXTA-FEIRA;4;0;17;15H-17H;TARDE;PLENO DIA;ACESSAR A VIA SEM OBSERVAR A PRESENÇA DOS OUTROS VEÍCULOS;COLISÃO TRANSVERSAL;CÉU CLARO;SIMPLES;"DECLIVE;RETA";SIM;0
SC;BR-470;ILHOTA;5;2;SEXTA-FEIRA;4;0;13;12H-14H;TARDE;PLENO DIA;CARGA EXCESSIVA E/OU MAL ACONDICIONADA;CAPOTAMENTO;CÉU CLARO;DUPLA;RETA;NÃO;0
GO;BR-153;CAMPINORTE;5;2;SEXTA-FEIRA;4;0;15;15H-17H;TARDE;PLENO DIA;DESRESPEITAR A PREFERÊNCIA NO CRUZAMENTO;COLISÃO TRANSVERSAL;NUBLADO;SIMPLES;"INTERSEÇÃO DE VIAS;RETA";SIM;0
PR;BR-277;CANDOI;5;2;SEXTA-FEIRA;4;0;16;15H-17H;TARDE;PLENO DIA;DESRESPEITAR A PREFERÊNCIA NO CRUZAMENTO;COLISÃO TRANSVERSAL;CÉU CLARO;SIMPLES;RETA;SIM;0
RJ;BR-101;ANGRA DOS REIS;5;2;SEXTA-FEIRA;4;0;12;12H-14H;TARDE;PLENO DIA;ACESSAR A VIA SEM OBSERVAR A PRESENÇA DOS OUTROS VEÍCULOS;COLISÃO LATERAL MESMO SENTIDO;CÉU CLARO;SIMPLES;"ROTATÓRIA;RETA";SIM;0
RJ;BR-101;CAMPOS DOS GOYTACAZES;4;2;TERÇA-FEIRA;1;0;6;06H-08H;MANHA;PLENO DIA;TRAFEGAR COM MOTOCICLETA (OU SIMILAR) ENTRE AS FAIXAS;COLISÃO LATERAL MESMO SENTIDO;CÉU CLARO;SIMPLES;CURVA;SIM;0
BA;BR-116;FEIRA DE SANTANA;5;2;SEXTA-FEIRA;4;0;17;15H-17H;TARDE;PLENO DIA;CHUVA;SAÍDA DE LEITO CARROÇÁVEL;CHUVA;DUPLA;CURVA;NÃO;0
RS;BR-116;PORTO ALEGRE;5;2;SEXTA-FEIRA;4;0;18;18H-20H;NOITE;PLENA NOITE;MANOBRA DE MUDANÇA DE FAIXA;COLISÃO LATERAL MESMO SENTIDO;CÉU CLARO;MÚLTIPLA;RETA;SIM;0
MS;BR-060;NIOAQUE;5;2;SEXTA-FEIRA;4;0;11;09H-11H;MANHA;PLENO DIA;CURVA ACENTUADA;TOMBAMENTO;CÉU CLARO;SIMPLES;CURVA;SIM;0
RS;BR-101;OSORIO;5;2;SEXTA-FEIRA;4;0;18;18H-20H;NOITE;PLENA NOITE;ACESSAR A VIA SEM OBSERVAR A PRESENÇA DOS OUTROS VEÍCULOS;COLISÃO LATERAL MESMO SENTIDO;CÉU CLARO;DUPLA;RETORNO REGULAMENTADO;SIM;0
PR;BR-376;APUCARANA;5;2;SEXTA-FEIRA;4;0;18;18H-20H;NOITE;ANOITECER;RETORNO PROIBIDO;COLISÃO TRANSVERSAL;CÉU CLARO;DUPLA;"RETA;RETORNO REGULAMENTADO";NÃO;0
PR;BR-376;CURITIBA;5;2;SEXTA-FEIRA;4;0;17;15H-17H;TARDE;ANOITECER;REAÇÃO TARDIA OU INEFICIENTE DO CONDUTOR;COLISÃO LATERAL MESMO SENTIDO;CÉU CLARO;SIMPLES;CURVA;NÃO;0
ES;BR-101;RIO NOVO DO SUL;5;2;SEXTA-FEIRA;4;0;18;18H-20H;NOITE;PLENA NOITE;TRANSITAR NA CONTRAMÃO;COLISÃO FRONTAL;NUBLADO;SIMPLES;RETA;NÃO;0
GO;BR-060;APARECIDA DE GOIANIA;5;2;SEXTA-FEIRA;4;0;18;18H-20H;NOITE;ANOITECER;AUSÊNCIA DE REAÇÃO DO CONDUTOR;SAÍDA DE LEITO CARROÇÁVEL;CÉU CLARO;DUPLA;"DECLIVE;RETA";NÃO;0
RS;BR-470;BENTO GONCALVES;5;2;SEXTA-FEIRA;4;0;18;18H-20H;NOITE;PLENA NOITE;DESRESPEITAR A PREFERÊNCIA NO CRUZAMENTO;COLISÃO TRANSVERSAL;CÉU CLARO;DUPLA;"RETA;RETORNO REGULAMENTADO;ACLIVE;ROTATÓRIA";SIM;0
BA;BR-101;SANTO ANTONIO DE JESUS;5;2;SEXTA-FEIRA;4;0;17;15H-17H;TARDE;ANOITECER;ACESSAR A VIA SEM OBSERVAR A PRESENÇA DOS OUTROS VEÍCULOS;COLISÃO TRANSVERSAL;NUBLADO;SIMPLES;"RETA;DECLIVE";SIM;0
PR;BR-369;IBIPORA;5;2;SEXTA-FEIRA;4;0;16;15H-17H;TARDE;PLENO DIA;INGESTÃO DE ÁLCOOL PELO CONDUTOR;COLISÃO TRANSVERSAL;CÉU CLARO;DUPLA;INTERSEÇÃO DE VIAS;NÃO;0
DF;BR-040;BRASILIA;5;2;SEXTA-FEIRA;4;0;17;15H-17H;TARDE;PLENO DIA;ACESSAR A VIA SEM OBSERVAR A PRESENÇA DOS OUTROS VEÍCULOS;COLISÃO TRANSVERSAL;CÉU CLARO;DUPLA;"ACLIVE;VIADUTO";SIM;0
PR;BR-376;PONTA GROSSA;5;2;SEXTA-FEIRA;4;0;16;15H-17H;TARDE;PLENO DIA;OBJETO ESTÁTICO SOBRE O LEITO CARROÇÁVEL;COLISÃO COM OBJETO;CÉU CLARO;DUPLA;RETA;NÃO;0
PI;BR-343;TERESINA;5;2;SEXTA-FEIRA;4;0;19;18H-20H;NOITE;PLENA NOITE;ANIMAIS NA PISTA;ATROPELAMENTO DE ANIMAL;CÉU CLARO;SIMPLES;RETA;NÃO;0
PR;BR-116;SAO JOSE DOS PINHAIS;5;2;SEXTA-FEIRA;4;0;18;18H-20H;NOITE;PLENA NOITE;REAÇÃO TARDIA OU INEFICIENTE DO CONDUTOR;SAÍDA DE LEITO CARROÇÁVEL;CÉU CLARO;DUPLA;RETA;NÃO;0
PE;BR-232;GRAVATA;5;2;SEXTA-FEIRA;4;0;19;18H-20H;NOITE;PLENA NOITE;ACESSAR A VIA SEM OBSERVAR A PRESENÇA DOS OUTROS VEÍCULOS;COLISÃO TRANSVERSAL;CÉU CLARO;DUPLA;RETA;NÃO;0
SP;BR-116;SAO JOSE DOS CAMPOS;5;2;SEXTA-FEIRA;4;0;18;18H-20H;NOITE;PLENA NOITE;REAÇÃO TARDIA OU INEFICIENTE DO CONDUTOR;COLISÃO TRASEIRA;CÉU CLARO;MÚLTIPLA;RETA;NÃO;0
SC;BR-101;PALHOCA;5;2;SEXTA-FEIRA;4;0;18;18H-20H;NOITE;ANOITECER;AUSÊNCIA DE REAÇÃO DO CONDUTOR;TOMBAMENTO;CÉU CLARO;MÚLTIPLA;RETA;SIM;1
RO;BR-364;CACOAL;5;2;SEXTA-FEIRA;4;0;18;18H-20H;NOITE;PLENA NOITE;TRANSITAR NA CONTRAMÃO;COLISÃO FRONTAL;CÉU CLARO;SIMPLES;"RETA;ACLIVE";NÃO;0
SC;BR-470;TROMBUDO CENTRAL;5;2;SEXTA-FEIRA;4;0;19;18H-20H;NOITE;PLENA NOITE;CONVERSÃO PROIBIDA;COLISÃO LATERAL MESMO SENTIDO;NUBLADO;SIMPLES;CURVA;SIM;0
SC;BR-101;BALNEARIO PICARRAS;5;2;SEXTA-FEIRA;4;0;19;18H-20H;NOITE;PLENA NOITE;ACESSO IRREGULAR;COLISÃO FRONTAL;CÉU CLARO;SIMPLES;RETA;NÃO;0
SC;BR-101;TUBARAO;5;2;SEXTA-FEIRA;4;0;20;18H-20H;NOITE;PLENA NOITE;REAÇÃO TARDIA OU INEFICIENTE DO CONDUTOR;TOMBAMENTO;CÉU CLARO;MÚLTIPLA;RETA;NÃO;0