uf;br_formatada;municipio;mes;trimestre;dia_semana;dia_semana_num;fim_de_semana;hora;faixa_horaria;turno;fase_dia;causa_acidente;tipo_acidente;condicao_metereologica;tipo_pista;tracado_via;uso_solo;acidente_fatal
ES;BR-393;CACHOEIRO DE ITAPEMIRIM;5;2;TERÇA-FEIRA;1;0;9;09H-11H;MANHA;PLENO DIA;ACESSO IRREGULAR;COLISÃO LATERAL SENTIDO OPOSTO;SOL;SIMPLES;RETA;NÃO;0
SC;BR-280;SAO BENTO DO SUL;5;2;TERÇA-FEIRA;1;0;7;06H-08H;MANHA;PLENO DIA;PISTA ESCORREGADIA;QUEDA DE OCUPANTE DE VEÍCULO;GAROA/CHUVISCO;SIMPLES;"ACLIVE;RETA";NÃO;0
RJ;BR-116;RIO DE JANEIRO;4;2;TERÇA-FEIRA;1;0;13;12H-14H;TARDE;PLENO DIA;REAÇÃO TARDIA OU INEFICIENTE DO CONDUTOR;COLISÃO TRASEIRA;NUBLADO;MÚLTIPLA;RETA;NÃO;0
MG;BR-040;SANTOS DUMONT;5;2;TERÇA-FEIRA;1;0;8;06H-08H;MANHA;PLENO DIA;REAÇÃO TARDIA OU INEFICIENTE DO CONDUTOR;COLISÃO TRASEIRA;NUBLADO;SIMPLES;"ACLIVE;CURVA";SIM;0
MA;BR-010;RIBAMAR FIQUENE;4;2;QUARTA-FEIRA;2;0;21;21H-23H;NOITE;PLENO DIA;TRANSITAR NA CONTRAMÃO;COLISÃO FRONTAL;CÉU CLARO;SIMPLES;RETA;NÃO;1
SC;BR-101;PASSO DE TORRES;5;2;TERÇA-FEIRA;1;0;10;09H-11H;MANHA;PLENO DIA;CONDUTOR DEIXOU DE MANTER DISTÂNCIA DO VEÍCULO DA FRENTE;COLISÃO COM OBJETO;CÉU CLARO;DUPLA;CURVA;NÃO;0
PB;BR-230;CAMPINA GRANDE;5;2;TERÇA-FEIRA;1;0;10;09H-11H;MANHA;PLENO DIA;DEMAIS FALHAS MECÂNICAS OU ELÉTRICAS;INCÊNDIO;CÉU CLARO;DUPLA;RETA;NÃO;0
MS;BR-163;RIO BRILHANTE;5;2;TERÇA-FEIRA;1;0;8;06H-08H;MANHA;PLENO DIA;ULTRAPASSAGEM INDEVIDA;COLISÃO COM OBJETO;CÉU CLARO;SIMPLES;RETA;NÃO;0
SP;BR-116;CAJATI;5;2;TERÇA-FEIRA;1;0;9;09H-11H;MANHA;PLENO DIA;REAÇÃO TARDIA OU INEFICIENTE DO CONDUTOR;COLISÃO LATERAL MESMO SENTIDO;GAROA/CHUVISCO;DUPLA;RETA;SIM;0
PB;BR-101;JOAO PESSOA;5;2;TERÇA-FEIRA;1;0;11;09H-11H;MANHA;PLENO DIA;AUSÊNCIA DE REAÇÃO DO CONDUTOR;QUEDA DE OCUPANTE DE VEÍCULO;CÉU CLARO;DUPLA;RETA;NÃO;0
ES;BR-101;LINHARES;5;2;TERÇA-FEIRA;1;0;11;09H-11H;MANHA;PLENO DIA;AUSÊNCIA DE REAÇÃO DO CONDUTOR;COLISÃO TRASEIRA;CÉU CLARO;SIMPLES;RETA;NÃO;0
SP;BR-116;SAO JOSE DOS CAMPOS;5;2;TERÇA-FEIRA;1;0;11;09H-11H;MANHA;PLENO DIA;AUSÊNCIA DE REAÇÃO DO CONDUTOR;QUEDA DE OCUPANTE DE VEÍCULO;NUBLADO;DUPLA;RETA;SIM;0
SC;BR-101;SANTA ROSA DO SUL;5;2;SÁBADO;5;1;12;12H-14H;TARDE;PLENO DIA;ULTRAPASSAGEM INDEVIDA;COLISÃO LATERAL MESMO SENTIDO;CÉU CLARO;MÚLTIPLA;"RETA;DECLIVE";NÃO;0
PE;BR-101;RECIFE;5;2;TERÇA-FEIRA;1;0;11;09H-11H;MANHA;PLENO DIA;ACESSAR A VIA SEM OBSERVAR A PRESENÇA DOS OUTROS VEÍCULOS;COLISÃO LATERAL MESMO SENTIDO;CÉU CLARO;MÚLTIPLA;RETA;NÃO;0
PE;BR-408;CARPINA;5;2;TERÇA-FEIRA;1;0;10;09H-11H;MANHA;PLENO DIA;DEMAIS FALHAS MECÂNICAS OU ELÉTRICAS;INCÊNDIO;SOL;SIMPLES;RETA;SIM;0
ES;BR-101;JOAO NEIVA;5;2;TERÇA-FEIRA;1;0;11;09H-11H;MANHA;PLENO DIA;RETORNO PROIBIDO;COLISÃO TRANSVERSAL;NUBLADO;SIMPLES;RETA;NÃO;1
SP;BR-381;GUARULHOS;5;2;TERÇA-FEIRA;1;0;11;09H-11H;MANHA;PLENO DIA;MANOBRA DE MUDANÇA DE FAIXA;COLISÃO LATERAL MESMO SENTIDO;CÉU CLARO;DUPLA;RETA;SIM;0
MT;BR-163;SORRISO;5;2;TERÇA-FEIRA;1;0;8;06H-08H;MANHA;PLENO DIA;ULTRAPASSAGEM INDEVIDA;SAÍDA DE LEITO CARROÇÁVEL;CÉU CLARO;SIMPLES;RETA;NÃO;0
RS;BR-285;VACARIA;5;2;TERÇA-FEIRA;1;0;11;09H-11H;MANHA;PLENO DIA;CONDUTOR DESRESPEITOU A ILUMINAÇÃO VERMELHA DO SEMÁFORO;COLISÃO TRANSVERSAL;CÉU CLARO;SIMPLES;ROTATÓRIA;NÃO;0
PR;BR-116;ANTONINA;5;2;TERÇA-FEIRA;1;0;12;12H-14H;TARDE;PLENO DIA;REAÇÃO TARDIA OU INEFICIENTE DO CONDUTOR;COLISÃO COM OBJETO;GAROA/CHUVISCO;DUPLA;CURVA;NÃO;0
RO;BR-319;PORTO VELHO;5;2;TERÇA-FEIRA;1;0;11;09H-11H;MANHA;PLENO DIA;DESRESPEITAR A PREFERÊNCIA NO CRUZAMENTO;COLISÃO TRANSVERSAL;CÉU CLARO;MÚLTIPLA;"RETA;INTERSEÇÃO DE VIAS";SIM;0
SP;BR-116;CAJATI;5;2;TERÇA-FEIRA;1;0;9;09H-11H;MANHA;PLENO DIA;AUSÊNCIA DE REAÇÃO DO CONDUTOR;SAÍDA DE LEITO CARROÇÁVEL;CHUVA;SIMPLES;"CURVA;DECLIVE";NÃO;0
RN;BR-304;MACAIBA;3;1;TERÇA-FEIRA;1;0;19;18H-20H;NOITE;PLENA NOITE;MANOBRA DE MUDANÇA DE FAIXA;COLISÃO TRASEIRA;CÉU CLARO;DUPLA;RETA;NÃO;0
PE;BR-428;SANTA MARIA DA BOA VISTA;5;2;SEGUNDA-FEIRA;0;0;8;06H-08H;MANHA;PLENO DIA;MANOBRA DE MUDANÇA DE FAIXA;COLISÃO TRASEIRA;NUBLADO;SIMPLES;RETA;NÃO;0
SC;BR-470;GASPAR;5;2;TERÇA-FEIRA;1;0;13;12H-14H;TARDE;PLENO DIA;ACESSAR A VIA SEM OBSERVAR A PRESENÇA DOS OUTROS VEÍCULOS;COLISÃO TRANSVERSAL;CHUVA;SIMPLES;RETA;SIM;0
RJ;BR-116;TERESOPOLIS;5;2;SEXTA-FEIRA;4;0;20;18H-20H;NOITE;PLENA NOITE;REAÇÃO TARDIA OU INEFICIENTE DO CONDUTOR;TOMBAMENTO;CÉU CLARO;SIMPLES;RETA;SIM;0
ES;BR-101;SERRA;5;2;TERÇA-FEIRA;1;0;14;12H-14H;TARDE;PLENO DIA;MANOBRA DE MUDANÇA DE FAIXA;SAÍDA DE LEITO CARROÇÁVEL;SOL;MÚLTIPLA;RETA;SIM;0
MG;BR-040;CONTAGEM;5;2;TERÇA-FEIRA;1;0;12;12H-14H;TARDE;PLENO DIA;REAÇÃO TARDIA OU INEFICIENTE DO CONDUTOR;SAÍDA DE LEITO CARROÇÁVEL;NUBLADO;DUPLA;CURVA;SIM;0
PI;BR-343;PARNAIBA;5;2;TERÇA-FEIRA;1;0;13;12H-14H;TARDE;PLENO DIA;DESRESPEITAR A PREFERÊNCIA NO CRUZAMENTO;COLISÃO TRANSVERSAL;CÉU CLARO;DUPLA;"RETA;INTERSEÇÃO DE VIAS";SIM;0
PI;BR-343;PARNAIBA;5;2;TERÇA-FEIRA;1;0;13;12H-14H;TARDE;PLENO DIA;INGESTÃO DE ÁLCOOL PELO CONDUTOR;COLISÃO COM OBJETO;CÉU CLARO;DUPLA;RETA;SIM;0
RN;BR-226;FLORANIA;5;2;TERÇA-FEIRA;1;0;14;12H-14H;TARDE;PLENO DIA;INGESTÃO DE ÁLCOOL PELO CONDUTOR;COLISÃO COM OBJETO;CÉU CLARO;SIMPLES;RETA;NÃO;0
RO;BR-319;PORTO VELHO;5;2;TERÇA-FEIRA;1;0;13;12H-14H;TARDE;PLENO DIA;CONDUTOR DEIXOU DE MANTER DISTÂNCIA DO VEÍCULO DA FRENTE;COLISÃO TRASEIRA;CÉU CLARO;DUPLA;RETA;SIM;0
RN;BR-101;NATAL;5;2;TERÇA-FEIRA;1;0;13;12H-14H;TARDE;PLENO DIA;ULTRAPASSAGEM INDEVIDA;COLISÃO LATERAL MESMO SENTIDO;SOL;DUPLA;"RETA;PONTE;EM OBRAS";SIM;0
PB;BR-230;CAMPINA GRANDE;5;2;TERÇA-FEIRA;1;0;14;12H-14H;TARDE;PLENO DIA;CONDUTOR DEIXOU DE MANTER DISTÂNCIA DO VEÍCULO DA FRENTE;COLISÃO TRASEIRA;NUBLADO;SIMPLES;"RETA;DECLIVE";NÃO;0
PE;BR-408;PAUDALHO;5;2;TERÇA-FEIRA;1;0;12;12H-14H;TARDE;PLENO DIA;CONDUTOR DORMINDO;SAÍDA DE LEITO CARROÇÁVEL;CÉU CLARO;DUPLA;RETA;NÃO;0
BA;BR-101;CAMACAN;5;2;TERÇA-FEIRA;1;0;14;12H-14H;TARDE;PLENO DIA;REAÇÃO TARDIA OU INEFICIENTE DO CONDUTOR;COLISÃO FRONTAL;CHUVA;SIMPLES;RETA;SIM;0
SP;BR-116;JACUPIRANGA;5;2;TERÇA-FEIRA;1;0;12;12H-14H;TARDE;PLENO DIA;CONDUTOR DESRESPEITOU A ILUMINAÇÃO VERMELHA DO SEMÁFORO;COLISÃO TRANSVERSAL;GAROA/CHUVISCO;DUPLA;INTERSEÇÃO DE VIAS;NÃO;0
RN;BR-101;SAO GONCALO DO AMARANTE;5;2;QUINTA-FEIRA;3;0;23;21H-23H;NOITE;PLENA NOITE;ACESSAR A VIA SEM OBSERVAR A PRESENÇA DOS OUTROS VEÍCULOS;COLISÃO TRANSVERSAL;CÉU CLARO;SIMPLES;"RETA;PONTE;EM OBRAS";SIM;0
SP;BR-116;CAJATI;5;2;TERÇA-FEIRA;1;0;15;15H-17H;TARDE;PLENO DIA;AUSÊNCIA DE REAÇÃO DO CONDUTOR;QUEDA DE OCUPANTE DE VEÍCULO;CHUVA;SIMPLES;CURVA;NÃO;0
MS;BR-376;IVINHEMA;5;2;TERÇA-FEIRA;1;0;7;06H-08H;MANHA;PLENO DIA;MANOBRA DE MUDANÇA DE FAIXA;COLISÃO FRONTAL;CÉU CLARO;SIMPLES;RETA;NÃO;1
PR;BR-376;MARINGA;5;2;TERÇA-FEIRA;1;0;15;15H-17H;TARDE;PLENO DIA;PEDESTRE CRUZAVA A PISTA FORA DA FAIXA;ATROPELAMENTO DE PEDESTRE;SOL;DUPLA;"RETA;ACLIVE";NÃO;1
RJ;BR-101;ITAGUAI;3;1;SEXTA-FEIRA;4;0;0;00H-02H;MADRUGADA;PLENA NOITE;CONDUTOR DEIXOU DE MANTER DISTÂNCIA DO VEÍCULO DA FRENTE;COLISÃO TRASEIRA;CÉU CLARO;DUPLA;RETA;SIM;0
SC;BR-101;TUBARAO;5;2;TERÇA-FEIRA;1;0;16;15H-17H;TARDE;PLENO DIA;DEMAIS FALHAS MECÂNICAS OU ELÉTRICAS;TOMBAMENTO;NUBLADO;DUPLA;RETA;SIM;0
SC;BR-101;ARAQUARI;5;2;TERÇA-FEIRA;1;0;15;15H-17H;TARDE;PLENO DIA;REAÇÃO TARDIA OU INEFICIENTE DO CONDUTOR;COLISÃO COM OBJETO;CHUVA;DUPLA;CURVA;NÃO;0
CE;BR-116;FORTALEZA;5;2;TERÇA-FEIRA;1;0;17;15H-17H;TARDE;PLENO DIA;CONDUTOR DEIXOU DE MANTER DISTÂNCIA DO VEÍCULO DA FRENTE;COLISÃO LATERAL MESMO SENTIDO;CÉU CLARO;MÚLTIPLA;RETA;NÃO;0
SC;BR-101;BIGUACU;5;2;TERÇA-FEIRA;1;0;17;15H-17H;TARDE;PLENO DIA;AUSÊNCIA DE REAÇÃO DO CONDUTOR;COLISÃO COM OBJETO;CHUVA;DUPLA;CURVA;SIM;0
PR;BR-116;CURITIBA;5;2;TERÇA-FEIRA;1;0;17;15H-17H;TARDE;PLENA NOITE;TRAFEGAR COM MOTOCICLETA (OU SIMILAR) ENTRE AS FAIXAS;COLISÃO TRASEIRA;NUBLADO;DUPLA;RETA;SIM;0
SC;BR-101;PORTO BELO;5;2;TERÇA-FEIRA;1;0;17;15H-17H;TARDE;ANOITECER;TRAFEGAR COM MOTOCICLETA (OU SIMILAR) ENTRE AS FAIXAS;COLISÃO LATERAL MESMO SENTIDO;CHUVA;DUPLA;RETA;SIM;0
RS;BR-158;ITAARA;5;2;TERÇA-FEIRA;1;0;17;15H-17H;TARDE;ANOITECER;ACESSAR A VIA SEM OBSERVAR A PRESENÇA DOS OUTROS VEÍCULOS;COLISÃO TRANSVERSAL;CÉU CLARO;SIMPLES;RETA;SIM;0
PE;BR-428;PETROLINA;5;2;TERÇA-FEIRA;1;0;17;15H-17H;TARDE;ANOITECER;REAÇÃO TARDIA OU INEFICIENTE DO CONDUTOR;COLISÃO TRASEIRA;CÉU CLARO;DUPLA;RETA;SIM;0
DF;BR-020;BRASILIA;5;2;TERÇA-FEIRA;1;0;17;15H-17H;TARDE;PLENA NOITE;TRAFEGAR COM MOTOCICLETA (OU SIMILAR) ENTRE AS FAIXAS;COLISÃO TRASEIRA;CÉU CLARO;MÚLTIPLA;RETA;SIM;0
RJ;BR-493;ITABORAI;5;2;SEXTA-FEIRA;4;0;22;21H-23H;NOITE;PLENA NOITE;AUSÊNCIA DE REAÇÃO DO CONDUTOR;QUEDA DE OCUPANTE DE VEÍCULO;CÉU CLARO;SIMPLES;RETA;SIM;0
MT;BR-070;GENERAL CARNEIRO;5;2;TERÇA-FEIRA;1;0;13;12H-14H;TARDE;PLENO DIA;AUSÊNCIA DE REAÇÃO DO CONDUTOR;SAÍDA DE LEITO CARROÇÁVEL;CÉU CLARO;SIMPLES;CURVA;NÃO;0
AL;BR-104;UNIAO DOS PALMARES;5;2;TERÇA-FEIRA;1;0;17;15H-17H;TARDE;ANOITECER;ANIMAIS NA PISTA;ATROPELAMENTO DE ANIMAL;CÉU CLARO;SIMPLES;RETA;NÃO;0
SP;BR-153;BADY BASSITT;5;2;TERÇA-FEIRA;1;0;18;18H-20H;NOITE;ANOITECER;AUSÊNCIA DE REAÇÃO DO CONDUTOR;COLISÃO LATERAL MESMO SENTIDO;CÉU CLARO;DUPLA;DECLIVE;SIM;0
RJ;BR-116;SAO JOAO DE MERITI;5;2;TERÇA-FEIRA;1;0;18;18H-20H;NOITE;PLENO DIA;CONDUTOR DEIXOU DE MANTER DISTÂNCIA DO VEÍCULO DA FRENTE;COLISÃO TRASEIRA;CÉU CLARO;MÚLTIPLA;RETA;SIM;0
RJ;BR-101;CAMPOS DOS GOYTACAZES;5;2;TERÇA-FEIRA;1;0;18;18H-20H;NOITE;PLENA NOITE;ACESSAR A VIA SEM OBSERVAR A PRESENÇA DOS OUTROS VEÍCULOS;COLISÃO TRANSVERSAL;CÉU CLARO;SIMPLES;RETA;NÃO;0
PB;BR-104;ESPERANCA;5;2;TERÇA-FEIRA;1;0;17;15H-17H;TARDE;ANOITECER;REAÇÃO TARDIA OU INEFICIENTE DO CONDUTOR;ATROPELAMENTO DE PEDESTRE;VENTO;SIMPLES;RETA;SIM;0
BA;BR-101;URUCUCA;5;2;TERÇA-FEIRA;1;0;16;15H-17H;TARDE;PLENO DIA;CONDUTOR DEIXOU DE MANTER DISTÂNCIA DO VEÍCULO DA FRENTE;COLISÃO TRASEIRA;CHUVA;SIMPLES;RETA;NÃO;1
PR;BR-116;FAZENDA RIO GRANDE;5;2;TERÇA-FEIRA;1;0;18;18H-20H;NOITE;PLENA NOITE;REAÇÃO TARDIA OU INEFICIENTE DO CONDUTOR;COLISÃO TRASEIRA;NUBLADO;DUPLA;RETA;SIM;0
BA;BR-101;NOVA VICOSA;5;2;TERÇA-FEIRA;1;0;19;18H-20H;NOITE;PLENA NOITE;INGESTÃO DE ÁLCOOL PELO CONDUTOR;COLISÃO FRONTAL;CÉU CLARO;SIMPLES;RETA;NÃO;0
PR;BR-277;PARANAGUA;5;2;TERÇA-FEIRA;1;0;18;18H-20H;NOITE;PLENA NOITE;ULTRAPASSAGEM INDEVIDA;COLISÃO TRANSVERSAL;NUBLADO;SIMPLES;RETA;SIM;0
GO;BR-153;GOIANIA;5;2;TERÇA-FEIRA;1;0;18;18H-20H;NOITE;PLENA NOITE;TRAFEGAR COM MOTOCICLETA (OU SIMILAR) ENTRE AS FAIXAS;COLISÃO LATERAL MESMO SENTIDO;CÉU CLARO;MÚLTIPLA;RETA;SIM;0
SC;BR-280;ARAQUARI;5;2;TERÇA-FEIRA;1;0;19;18H-20H;NOITE;PLENA NOITE;CONVERSÃO PROIBIDA;COLISÃO TRANSVERSAL;CHUVA;SIMPLES;RETA;NÃO;0
ES;BR-101;LINHARES;3;1;DOMINGO;6;1;17;15H-17H;TARDE;ANOITECER;ANIMAIS NA PISTA;ATROPELAMENTO DE ANIMAL;CÉU CLARO;SIMPLES;RETA;NÃO;0
AL;BR-101;SAO MIGUEL DOS CAMPOS;4;2;SEGUNDA-FEIRA;0;0;14;12H-14H;TARDE;PLENO DIA;AUSÊNCIA DE REAÇÃO DO CONDUTOR;SAÍDA DE LEITO CARROÇÁVEL;CÉU CLARO;DUPLA;CURVA;NÃO;0
SP;BR-116;ITAPECERICA DA SERRA;5;2;TERÇA-FEIRA;1;0;19;18H-20H;NOITE;PLENA NOITE;CONDUTOR DEIXOU DE MANTER DISTÂNCIA DO VEÍCULO DA FRENTE;COLISÃO LATERAL MESMO SENTIDO;CÉU CLARO;DUPLA;RETA;SIM;0
MS;BR-463;PONTA PORA;5;2;TERÇA-FEIRA;1;0;17;15H-17H;TARDE;ANOITECER;CONDUTOR DEIXOU DE MANTER DISTÂNCIA DO VEÍCULO DA FRENTE;COLISÃO TRASEIRA;CÉU CLARO;DUPLA;RETA;SIM;0
ES;BR-101;SERRA;5;2;TERÇA-FEIRA;1;0;19;18H-20H;NOITE;PLENO DIA;ACESSAR A VIA SEM OBSERVAR A PRESENÇA DOS OUTROS VEÍCULOS;COLISÃO TRANSVERSAL;NUBLADO;DUPLA;RETA;SIM;0
AM;BR-174;MANAUS;5;2;TERÇA-FEIRA;1;0;16;15H-17H;TARDE;PLENO DIA;DEMAIS FALHAS MECÂNICAS OU ELÉTRICAS;QUEDA DE OCUPANTE DE VEÍCULO;NUBLADO;SIMPLES;RETA;NÃO;0
SC;BR-101;BALNEARIO CAMBORIU;5;2;TERÇA-FEIRA;1;0;19;18H-20H;NOITE;PLENA NOITE;REAÇÃO TARDIA OU INEFICIENTE DO CONDUTOR;COLISÃO TRASEIRA;CHUVA;DUPLA;"INTERSEÇÃO DE VIAS;RETA";SIM;0
MG;BR-381;BELA VISTA DE MINAS;5;2;TERÇA-FEIRA;1;0;18;18H-20H;NOITE;PLENA NOITE;PISTA ESCORREGADIA;QUEDA DE OCUPANTE DE VEÍCULO;CHUVA;SIMPLES;CURVA;NÃO;0
MG;BR-381;JOAO MONLEVADE;5;2;TERÇA-FEIRA;1;0;19;18H-20H;NOITE;PLENA NOITE;AUSÊNCIA DE REAÇÃO DO CONDUTOR;COLISÃO TRASEIRA;NUBLADO;SIMPLES;ROTATÓRIA;NÃO;0
SC;BR-282;SAO JOSE;5;2;TERÇA-FEIRA;1;0;19;18H-20H;NOITE;PLENA NOITE;CHUVA;QUEDA DE OCUPANTE DE VEÍCULO;CHUVA;DUPLA;CURVA;SIM;0
MS;BR-262;CORUMBA;5;2;TERÇA-FEIRA;1;0;18;18H-20H;NOITE;ANOITECER;AUSÊNCIA DE REAÇÃO DO CONDUTOR;ATROPELAMENTO DE PEDESTRE;CÉU CLARO;SIMPLES;RETA;SIM;0
SC;BR-163;SAO JOSE DO CEDRO;5;2;TERÇA-FEIRA;1;0;17;15H-17H;TARDE;ANOITECER;ACESSAR A VIA SEM OBSERVAR A PRESENÇA DOS OUTROS VEÍCULOS;COLISÃO FRONTAL;CÉU CLARO;SIMPLES;INTERSEÇÃO DE VIAS;SIM;0
RS;BR-386;MONTENEGRO;5;2;TERÇA-FEIRA;1;0;18;18H-20H;NOITE;PLENA NOITE;ACESSAR A VIA SEM OBSERVAR A PRESENÇA DOS OUTROS VEÍCULOS;COLISÃO TRASEIRA;CÉU CLARO;DUPLA;RETA;NÃO;0
MG;BR-381;ESTIVA;5;2;TERÇA-FEIRA;1;0;20;18H-20H;NOITE;PLENA NOITE;AUSÊNCIA DE REAÇÃO DO CONDUTOR;SAÍDA DE LEITO CARROÇÁVEL;CÉU CLARO;DUPLA;CURVA;NÃO;0
MT;BR-163;SORRISO;5;2;TERÇA-FEIRA;1;0;18;18H-20H;NOITE;PLENA NOITE;DESRESPEITAR A PREFERÊNCIA NO CRUZAMENTO;COLISÃO TRANSVERSAL;CÉU CLARO;SIMPLES;RETORNO REGULAMENTADO;NÃO;0
DF;BR-251;BRASILIA;5;2;TERÇA-FEIRA;1;0;18;18H-20H;NOITE;PLENA NOITE;CONDUTOR DEIXOU DE MANTER DISTÂNCIA DO VEÍCULO DA FRENTE;COLISÃO TRASEIRA;IGNORADO;SIMPLES;RETA;NÃO;0
AC;BR-364;RIO BRANCO;5;2;TERÇA-FEIRA;1;0;17;15H-17H;TARDE;PLENO DIA;AUSÊNCIA DE REAÇÃO DO CONDUTOR;QUEDA DE OCUPANTE DE VEÍCULO;CÉU CLARO;DUPLA;RETA;SIM;0
PR;BR-116;CURITIBA;5;2;TERÇA-FEIRA;1;0;20;18H-20H;NOITE;PLENA NOITE;MANOBRA DE MUDANÇA DE FAIXA;COLISÃO LATERAL MESMO SENTIDO;NUBLADO;DUPLA;CURVA;SIM;0
CE;BR-222;FORTALEZA;5;2;TERÇA-FEIRA;1;0;20;18H-20H;NOITE;PLENA NOITE;ENTRADA INOPINADA DO PEDESTRE;ATROPELAMENTO DE PEDESTRE;CÉU CLARO;MÚLTIPLA;RETA;SIM;0
BA;BR-349;CORRENTINA;5;2;TERÇA-FEIRA;1;0;16;15H-17H;TARDE;PLENO DIA;REAÇÃO TARDIA OU INEFICIENTE DO CONDUTOR;CAPOTAMENTO;CÉU CLARO;SIMPLES;RETA;NÃO;0
PR;BR-476;COLOMBO;5;2;TERÇA-FEIRA;1;0;20;18H-20H;NOITE;PLENA NOITE;CONDUTOR DESRESPEITOU A ILUMINAÇÃO VERMELHA DO SEMÁFORO;COLISÃO TRANSVERSAL;NUBLADO;DUPLA;RETA;SIM;0
SC;BR-101;PALHOCA;5;2;TERÇA-FEIRA;1;0;20;18H-20H;NOITE;PLENA NOITE;TRAFEGAR COM MOTOCICLETA (OU SIMILAR) ENTRE AS FAIXAS;QUEDA DE OCUPANTE DE VEÍCULO;CHUVA;MÚLTIPLA;RETA;SIM;0
SC;BR-163;SAO MIGUEL DO OESTE;5;2;TERÇA-FEIRA;1;0;16;15H-17H;TARDE;PLENO DIA;MANOBRA DE MUDANÇA DE FAIXA;COLISÃO LATERAL MESMO SENTIDO;CÉU CLARO;DUPLA;RETA;SIM;0
PR;BR-277;FOZ DO IGUACU;5;2;TERÇA-FEIRA;1;0;21;21H-23H;NOITE;PLENA NOITE;ACESSAR A VIA SEM OBSERVAR A PRESENÇA DOS OUTROS VEÍCULOS;COLISÃO TRANSVERSAL;CÉU CLARO;DUPLA;"RETA;RETORNO REGULAMENTADO";SIM;0
CE;BR-222;FORTALEZA;5;2;TERÇA-FEIRA;1;0;20;18H-20H;NOITE;PLENA NOITE;ENTRADA INOPINADA DO PEDESTRE;TOMBAMENTO;CÉU CLARO;MÚLTIPLA;RETA;SIM;0
PB;BR-230;INGA;5;2;TERÇA-FEIRA;1;0;18;18H-20H;NOITE;PLENA NOITE;ACESSAR A VIA SEM OBSERVAR A PRESENÇA DOS OUTROS VEÍCULOS;COLISÃO TRANSVERSAL;CÉU CLARO;DUPLA;"RETORNO REGULAMENTADO;ACLIVE;RETA";NÃO;0
PI;BR-230;OEIRAS;5;2;TERÇA-FEIRA;1;0;18;18H-20H;NOITE;PLENA NOITE;AUSÊNCIA DE REAÇÃO DO CONDUTOR;COLISÃO TRANSVERSAL;CÉU CLARO;DUPLA;"RETA;RETORNO REGULAMENTADO";SIM;0
SC;BR-101;CAMBORIU;5;2;TERÇA-FEIRA;1;0;21;21H-23H;NOITE;PLENA NOITE;REAÇÃO TARDIA OU INEFICIENTE DO CONDUTOR;TOMBAMENTO;NUBLADO;MÚLTIPLA;RETA;SIM;0
PI;BR-316;TERESINA;5;2;TERÇA-FEIRA;1;0;20;18H-20H;NOITE;PLENA NOITE;AUSÊNCIA DE REAÇÃO DO CONDUTOR;EVENTOS ATÍPICOS;CÉU CLARO;MÚLTIPLA;RETA;SIM;0
MG;BR-050;UBERABA;5;2;TERÇA-FEIRA;1;0;22;21H-23H;NOITE;PLENA NOITE;VELOCIDADE INCOMPATÍVEL;SAÍDA DE LEITO CARROÇÁVEL;NUBLADO;DUPLA;CURVA;SIM;0
CE;BR-222;FORTALEZA;5;2;TERÇA-FEIRA;1;0;23;21H-23H;NOITE;PLENA NOITE;ACESSAR A VIA SEM OBSERVAR A PRESENÇA DOS OUTROS VEÍCULOS;COLISÃO TRANSVERSAL;CÉU CLARO;MÚLTIPLA;RETA;SIM;0
BA;BR-407;JUAZEIRO;5;2;TERÇA-FEIRA;1;0;18;18H-20H;NOITE;ANOITECER;DEMAIS FALHAS NA VIA;QUEDA DE OCUPANTE DE VEÍCULO;NUBLADO;SIMPLES;RETA;SIM;0
RS;BR-153;CACHOEIRA DO SUL;5;2;QUARTA-FEIRA;2;0;0;00H-02H;MADRUGADA;PLENA NOITE;ILUMINAÇÃO DEFICIENTE;TOMBAMENTO;CÉU CLARO;SIMPLES;"RETA;DECLIVE";NÃO;0
TO;BR-153;GUARAI;5;2;QUARTA-FEIRA;2;0;2;00H-02H;MADRUGADA;PLENA NOITE;AUSÊNCIA DE REAÇÃO DO CONDUTOR;COLISÃO COM OBJETO;CÉU CLARO;DUPLA;RETA;NÃO;0
PA;BR-316;BENEVIDES;5;2;QUARTA-FEIRA;2;0;3;03H-05H;MADRUGADA;PLENA NOITE;AUSÊNCIA DE REAÇÃO DO CONDUTOR;COLISÃO TRASEIRA;CÉU CLARO;DUPLA;RETA;NÃO;0
PB;BR-405;UIRAUNA;5;2;QUARTA-FEIRA;2;0;3;03H-05H;MADRUGADA;PLENA NOITE;AUSÊNCIA DE REAÇÃO DO CONDUTOR;COLISÃO COM OBJETO;CÉU CLARO;SIMPLES;"RETA;INTERSEÇÃO DE VIAS";NÃO;0
SC;BR-101;PENHA;5;2;QUARTA-FEIRA;2;0;5;03H-05H;MADRUGADA;PLENA NOITE;ENTRADA INOPINADA DO PEDESTRE;ATROPELAMENTO DE PEDESTRE;NUBLADO;DUPLA;"RETA;VIADUTO";NÃO;0
RN;BR-304;MOSSORO;5;2;QUARTA-FEIRA;2;0;5;03H-05H;MADRUGADA;PLENO DIA;AUSÊNCIA DE REAÇÃO DO CONDUTOR;COLISÃO LATERAL MESMO SENTIDO;CÉU CLARO;SIMPLES;RETA;NÃO;0
MG;BR-050;UBERLANDIA;5;2;QUARTA-FEIRA;2;0;6;06H-08H;MANHA;PLENO DIA;AUSÊNCIA DE REAÇÃO DO CONDUTOR;SAÍDA DE LEITO CARROÇÁVEL;CÉU CLARO;DUPLA;RETA;NÃO;0