uf;br_formatada;municipio;mes;trimestre;dia_semana;dia_semana_num;fim_de_semana;hora;faixa_horaria;turno;fase_dia;causa_acidente;tipo_acidente;condicao_metereologica;tipo_pista;tracado_via;uso_solo;acidente_fatal
ES;BR-101;LINHARES;5;2;QUARTA-FEIRA;2;0;6;06H-08H;MANHA;PLENO DIA;ULTRAPASSAGEM INDEVIDA;SAÍDA DE LEITO CARROÇÁVEL;CÉU CLARO;SIMPLES;RETA;NÃO;0
PR;BR-116;RIO NEGRO;5;2;QUARTA-FEIRA;2;0;6;06H-08H;MANHA;AMANHECER;INGESTÃO DE ÁLCOOL PELO CONDUTOR;SAÍDA DE LEITO CARROÇÁVEL;CÉU CLARO;SIMPLES;RETA;SIM;0
SP;BR-153;BADY BASSITT;5;2;QUARTA-FEIRA;2;0;7;06H-08H;MANHA;PLENO DIA;ACESSAR A VIA SEM OBSERVAR A PRESENÇA DOS OUTROS VEÍCULOS;COLISÃO LATERAL MESMO SENTIDO;CÉU CLARO;SIMPLES;RETA;SIM;0
ES;BR-101;GUARAPARI;5;2;QUARTA-FEIRA;2;0;7;06H-08H;MANHA;PLENO DIA;DEMAIS FALHAS MECÂNICAS OU ELÉTRICAS;INCÊNDIO;NUBLADO;DUPLA;RETA;NÃO;0
SC;BR-470;INDAIAL;5;2;QUARTA-FEIRA;2;0;7;06H-08H;MANHA;PLENO DIA;PISTA ESCORREGADIA;TOMBAMENTO;GAROA/CHUVISCO;DUPLA;"RETA;EM OBRAS";SIM;0
PR;BR-158;PATO BRANCO;5;2;QUARTA-FEIRA;2;0;7;06H-08H;MANHA;PLENO DIA;ACESSAR A VIA SEM OBSERVAR A PRESENÇA DOS OUTROS VEÍCULOS;COLISÃO FRONTAL;CÉU CLARO;SIMPLES;RETA;NÃO;0
MS;BR-163;DOURADOS;5;2;QUARTA-FEIRA;2;0;6;06H-08H;MANHA;PLENO DIA;ANIMAIS NA PISTA;ATROPELAMENTO DE ANIMAL;CÉU CLARO;DUPLA;RETA;SIM;0
RJ;BR-116;DUQUE DE CAXIAS;5;2;QUARTA-FEIRA;2;0;6;06H-08H;MANHA;AMANHECER;PEDESTRE ANDAVA NA PISTA;COLISÃO LATERAL MESMO SENTIDO;CÉU CLARO;DUPLA;RETA;SIM;0
PE;BR-101;RECIFE;5;2;QUARTA-FEIRA;2;0;7;06H-08H;MANHA;PLENO DIA;TRANSITAR NO ACOSTAMENTO;COLISÃO LATERAL MESMO SENTIDO;NUBLADO;DUPLA;"RETA;RETORNO REGULAMENTADO";SIM;0
SC;BR-101;ICARA;5;2;SEXTA-FEIRA;4;0;20;18H-20H;NOITE;PLENA NOITE;DEMAIS FALHAS MECÂNICAS OU ELÉTRICAS;INCÊNDIO;CÉU CLARO;MÚLTIPLA;RETA;NÃO;0
CE;BR-116;BAIXIO;5;2;QUARTA-FEIRA;2;0;7;06H-08H;MANHA;PLENO DIA;DEMAIS FALHAS MECÂNICAS OU ELÉTRICAS;INCÊNDIO;CÉU CLARO;SIMPLES;RETA;NÃO;0
PR;BR-272;ARARUNA;5;2;QUARTA-FEIRA;2;0;7;06H-08H;MANHA;AMANHECER;AUSÊNCIA DE REAÇÃO DO CONDUTOR;SAÍDA DE LEITO CARROÇÁVEL;CÉU CLARO;SIMPLES;CURVA;NÃO;1
PR;BR-277;CURITIBA;5;2;QUARTA-FEIRA;2;0;8;06H-08H;MANHA;PLENO DIA;CONDUTOR DEIXOU DE MANTER DISTÂNCIA DO VEÍCULO DA FRENTE;COLISÃO TRASEIRA;CHUVA;DUPLA;RETA;SIM;0
PR;BR-476;SAO MATEUS DO SUL;1;1;QUINTA-FEIRA;3;0;7;06H-08H;MANHA;PLENO DIA;REAÇÃO TARDIA OU INEFICIENTE DO CONDUTOR;COLISÃO TRANSVERSAL;CÉU CLARO;SIMPLES;"RETORNO REGULAMENTADO;RETA";NÃO;0
BA;BR-324;SIMOES FILHO;5;2;QUARTA-FEIRA;2;0;9;09H-11H;MANHA;PLENO DIA;PISTA ESBURACADA;TOMBAMENTO;SOL;DUPLA;"CURVA;VIADUTO";NÃO;0
ES;BR-101;IBIRACU;5;2;QUARTA-FEIRA;2;0;9;09H-11H;MANHA;PLENO DIA;VELOCIDADE INCOMPATÍVEL;SAÍDA DE LEITO CARROÇÁVEL;CHUVA;DUPLA;CURVA;NÃO;0
AL;BR-104;RIO LARGO;5;2;QUARTA-FEIRA;2;0;8;06H-08H;MANHA;PLENO DIA;CHUVA;QUEDA DE OCUPANTE DE VEÍCULO;GAROA/CHUVISCO;DUPLA;RETA;SIM;0
PR;BR-277;CURITIBA;5;2;QUARTA-FEIRA;2;0;9;09H-11H;MANHA;PLENO DIA;CONDUTOR DEIXOU DE MANTER DISTÂNCIA DO VEÍCULO DA FRENTE;COLISÃO TRASEIRA;GAROA/CHUVISCO;DUPLA;RETA;NÃO;0
RJ;BR-040;DUQUE DE CAXIAS;5;2;QUARTA-FEIRA;2;0;8;06H-08H;MANHA;PLENO DIA;ULTRAPASSAGEM INDEVIDA;COLISÃO TRANSVERSAL;CÉU CLARO;SIMPLES;RETA;SIM;0
PR;BR-277;CAMPO LARGO;5;2;QUARTA-FEIRA;2;0;6;06H-08H;MANHA;PLENO DIA;OBJETO ESTÁTICO SOBRE O LEITO CARROÇÁVEL;COLISÃO COM OBJETO;NUBLADO;DUPLA;RETA;SIM;0
RJ;BR-040;DUQUE DE CAXIAS;5;2;QUARTA-FEIRA;2;0;7;06H-08H;MANHA;PLENO DIA;REAÇÃO TARDIA OU INEFICIENTE DO CONDUTOR;COLISÃO LATERAL MESMO SENTIDO;CÉU CLARO;MÚLTIPLA;RETA;SIM;0
SC;BR-282;FAXINAL DOS GUEDES;4;2;SÁBADO;5;1;5;03H-05H;MADRUGADA;PLENA NOITE;INGESTÃO DE ÁLCOOL PELO CONDUTOR;COLISÃO FRONTAL;NUBLADO;SIMPLES;RETA;NÃO;0
SP;BR-116;PINDAMONHANGABA;5;2;QUARTA-FEIRA;2;0;8;06H-08H;MANHA;PLENO DIA;AUSÊNCIA DE REAÇÃO DO CONDUTOR;ATROPELAMENTO DE PEDESTRE;CÉU CLARO;DUPLA;RETA;NÃO;0
SC;BR-282;NOVA ITABERABA;3;1;DOMINGO;6;1;5;03H-05H;MADRUGADA;PLENA NOITE;AUSÊNCIA DE REAÇÃO DO CONDUTOR;SAÍDA DE LEITO CARROÇÁVEL;CÉU CLARO;SIMPLES;ROTATÓRIA;NÃO;0
RS;BR-285;PASSO FUNDO;5;2;QUARTA-FEIRA;2;0;9;09H-11H;MANHA;PLENO DIA;CONDUTOR DEIXOU DE MANTER DISTÂNCIA DO VEÍCULO DA FRENTE;COLISÃO TRASEIRA;CÉU CLARO;SIMPLES;RETA;SIM;0
RN;BR-304;MOSSORO;5;2;QUARTA-FEIRA;2;0;8;06H-08H;MANHA;PLENO DIA;CONDUTOR DEIXOU DE MANTER DISTÂNCIA DO VEÍCULO DA FRENTE;COLISÃO TRASEIRA;CÉU CLARO;DUPLA;RETA;SIM;0
SP;BR-116;BARRA DO TURVO;5;2;QUARTA-FEIRA;2;0;9;09H-11H;MANHA;PLENO DIA;REAÇÃO TARDIA OU INEFICIENTE DO CONDUTOR;COLISÃO COM OBJETO;NUBLADO;SIMPLES;"CURVA;DECLIVE";NÃO;0
RS;BR-101;TORRES;5;2;QUARTA-FEIRA;2;0;10;09H-11H;MANHA;PLENO DIA;INGESTÃO DE ÁLCOOL PELO CONDUTOR;COLISÃO TRANSVERSAL;CÉU CLARO;MÚLTIPLA;"RETA;INTERSEÇÃO DE VIAS";SIM;0
PR;BR-116;CAMPINA GRANDE DO SUL;5;2;QUARTA-FEIRA;2;0;10;09H-11H;MANHA;PLENO DIA;REAÇÃO TARDIA OU INEFICIENTE DO CONDUTOR;SAÍDA DE LEITO CARROÇÁVEL;NUBLADO;DUPLA;"RETA;ACLIVE";NÃO;0
ES;BR-101;LINHARES;3;1;SEXTA-FEIRA;4;0;8;06H-08H;MANHA;PLENO DIA;ACESSAR A VIA SEM OBSERVAR A PRESENÇA DOS OUTROS VEÍCULOS;COLISÃO TRANSVERSAL;CÉU CLARO;SIMPLES;INTERSEÇÃO DE VIAS;SIM;0
RS;BR-386;FREDERICO WESTPHALEN;5;2;QUARTA-FEIRA;2;0;11;09H-11H;MANHA;PLENO DIA;CONDUTOR DEIXOU DE MANTER DISTÂNCIA DO VEÍCULO DA FRENTE;COLISÃO TRASEIRA;CÉU CLARO;SIMPLES;RETA;SIM;0
SC;BR-101;PALHOCA;5;2;QUARTA-FEIRA;2;0;11;09H-11H;MANHA;PLENO DIA;ACESSAR A VIA SEM OBSERVAR A PRESENÇA DOS OUTROS VEÍCULOS;COLISÃO LATERAL MESMO SENTIDO;CÉU CLARO;DUPLA;RETA;SIM;0
PR;BR-116;CAMPINA GRANDE DO SUL;5;2;QUARTA-FEIRA;2;0;9;09H-11H;MANHA;PLENO DIA;VELOCIDADE INCOMPATÍVEL;COLISÃO COM OBJETO;GAROA/CHUVISCO;DUPLA;CURVA;NÃO;0
CE;BR-222;SOBRAL;5;2;QUARTA-FEIRA;2;0;11;09H-11H;MANHA;PLENO DIA;ULTRAPASSAGEM INDEVIDA;COLISÃO LATERAL SENTIDO OPOSTO;CÉU CLARO;SIMPLES;RETA;NÃO;0
PE;BR-232;VITORIA DE SANTO ANTAO;5;2;QUARTA-FEIRA;2;0;11;09H-11H;MANHA;PLENO DIA;TRANSITAR NA CONTRAMÃO;COLISÃO FRONTAL;CÉU CLARO;SIMPLES;CURVA;NÃO;0
PI;BR-135;BOM JESUS;5;2;QUARTA-FEIRA;2;0;8;06H-08H;MANHA;PLENO DIA;ACESSAR A VIA SEM OBSERVAR A PRESENÇA DOS OUTROS VEÍCULOS;COLISÃO TRANSVERSAL;CÉU CLARO;SIMPLES;"DECLIVE;RETA";SIM;0
PR;BR-153;JACAREZINHO;5;2;QUARTA-FEIRA;2;0;8;06H-08H;MANHA;PLENO DIA;VELOCIDADE INCOMPATÍVEL;SAÍDA DE LEITO CARROÇÁVEL;CÉU CLARO;SIMPLES;"RETORNO REGULAMENTADO;CURVA;DECLIVE";NÃO;0
RJ;BR-101;SAO GONCALO;5;2;SEGUNDA-FEIRA;0;0;19;18H-20H;NOITE;PLENA NOITE;TRAFEGAR COM MOTOCICLETA (OU SIMILAR) ENTRE AS FAIXAS;COLISÃO TRASEIRA;CÉU CLARO;SIMPLES;RETA;NÃO;0
RJ;BR-116;TERESOPOLIS;5;2;QUARTA-FEIRA;2;0;12;12H-14H;TARDE;PLENO DIA;CONVERSÃO PROIBIDA;COLISÃO LATERAL MESMO SENTIDO;CÉU CLARO;SIMPLES;CURVA;SIM;0
TO;BR-153;PARAISO DO TOCANTINS;5;2;QUARTA-FEIRA;2;0;12;12H-14H;TARDE;PLENO DIA;DESRESPEITAR A PREFERÊNCIA NO CRUZAMENTO;COLISÃO LATERAL SENTIDO OPOSTO;CÉU CLARO;SIMPLES;INTERSEÇÃO DE VIAS;SIM;0
RN;BR-101;PARNAMIRIM;5;2;QUARTA-FEIRA;2;0;13;12H-14H;TARDE;PLENO DIA;ACESSAR A VIA SEM OBSERVAR A PRESENÇA DOS OUTROS VEÍCULOS;COLISÃO TRANSVERSAL;SOL;MÚLTIPLA;INTERSEÇÃO DE VIAS;SIM;0
ES;BR-101;SAO MATEUS;5;2;QUARTA-FEIRA;2;0;13;12H-14H;TARDE;PLENO DIA;CONDUTOR DEIXOU DE MANTER DISTÂNCIA DO VEÍCULO DA FRENTE;COLISÃO TRASEIRA;CÉU CLARO;SIMPLES;RETA;SIM;0
SC;BR-101;ITAJAI;5;2;QUARTA-FEIRA;2;0;12;12H-14H;TARDE;PLENO DIA;TRAFEGAR COM MOTOCICLETA (OU SIMILAR) ENTRE AS FAIXAS;COLISÃO LATERAL MESMO SENTIDO;CÉU CLARO;DUPLA;RETA;SIM;0
SC;BR-101;PALHOCA;5;2;QUARTA-FEIRA;2;0;13;12H-14H;TARDE;PLENO DIA;DEMAIS FALHAS MECÂNICAS OU ELÉTRICAS;EVENTOS ATÍPICOS;CÉU CLARO;MÚLTIPLA;"VIADUTO;RETA";SIM;0
MA;BR-010;IMPERATRIZ;5;2;QUARTA-FEIRA;2;0;12;12H-14H;TARDE;PLENO DIA;VELOCIDADE INCOMPATÍVEL;COLISÃO TRASEIRA;CÉU CLARO;SIMPLES;INTERSEÇÃO DE VIAS;SIM;0
RS;BR-290;GRAVATAI;5;2;QUARTA-FEIRA;2;0;14;12H-14H;TARDE;PLENO DIA;AUSÊNCIA DE REAÇÃO DO CONDUTOR;COLISÃO TRASEIRA;CÉU CLARO;DUPLA;RETA;SIM;0
MA;BR-230;BALSAS;5;2;QUARTA-FEIRA;2;0;13;12H-14H;TARDE;PLENO DIA;CONVERSÃO PROIBIDA;COLISÃO TRANSVERSAL;CÉU CLARO;SIMPLES;"RETA;INTERSEÇÃO DE VIAS";SIM;0
BA;BR-324;FEIRA DE SANTANA;5;2;QUARTA-FEIRA;2;0;13;12H-14H;TARDE;PLENO DIA;ACESSO IRREGULAR;COLISÃO LATERAL SENTIDO OPOSTO;CÉU CLARO;SIMPLES;RETA;SIM;0
RO;BR-364;MONTE NEGRO;5;2;QUARTA-FEIRA;2;0;10;09H-11H;MANHA;PLENO DIA;ACESSAR A VIA SEM OBSERVAR A PRESENÇA DOS OUTROS VEÍCULOS;COLISÃO TRANSVERSAL;CÉU CLARO;SIMPLES;DECLIVE;NÃO;0
SP;BR-116;JUQUIA;5;2;QUARTA-FEIRA;2;0;14;12H-14H;TARDE;PLENO DIA;AUSÊNCIA DE REAÇÃO DO CONDUTOR;COLISÃO LATERAL MESMO SENTIDO;CÉU CLARO;DUPLA;RETA;NÃO;0
MG;BR-381;BETIM;5;2;QUARTA-FEIRA;2;0;15;15H-17H;TARDE;PLENO DIA;AUSÊNCIA DE REAÇÃO DO CONDUTOR;TOMBAMENTO;CÉU CLARO;MÚLTIPLA;"CURVA;DECLIVE";SIM;0
RJ;BR-116;DUQUE DE CAXIAS;5;2;QUARTA-FEIRA;2;0;13;12H-14H;TARDE;PLENO DIA;REAÇÃO TARDIA OU INEFICIENTE DO CONDUTOR;COLISÃO TRANSVERSAL;CÉU CLARO;SIMPLES;"RETA;RETORNO REGULAMENTADO";SIM;0
BA;BR-101;BUERAREMA;5;2;QUARTA-FEIRA;2;0;14;12H-14H;TARDE;PLENO DIA;ACESSAR A VIA SEM OBSERVAR A PRESENÇA DOS OUTROS VEÍCULOS;COLISÃO TRANSVERSAL;GAROA/CHUVISCO;SIMPLES;RETA;SIM;0
ES;BR-101;SERRA;5;2;QUARTA-FEIRA;2;0;15;15H-17H;TARDE;ANOITECER;CONDUTOR DESRESPEITOU A ILUMINAÇÃO VERMELHA DO SEMÁFORO;COLISÃO TRANSVERSAL;CHUVA;MÚLTIPLA;RETA;NÃO;0
MG;BR-116;SANTA BARBARA DO LESTE;5;2;QUARTA-FEIRA;2;0;10;09H-11H;MANHA;PLENO DIA;INGESTÃO DE SUBSTÂNCIAS PSICOATIVAS PELO CONDUTOR;COLISÃO LATERAL MESMO SENTIDO;CÉU CLARO;SIMPLES;"CURVA;DECLIVE";NÃO;0
AP;BR-210;MACAPA;5;2;QUARTA-FEIRA;2;0;15;15H-17H;TARDE;PLENO DIA;ACESSAR A VIA SEM OBSERVAR A PRESENÇA DOS OUTROS VEÍCULOS;COLISÃO TRANSVERSAL;CÉU CLARO;SIMPLES;INTERSEÇÃO DE VIAS;SIM;0
SP;BR-116;SAO JOSE DOS CAMPOS;5;2;QUARTA-FEIRA;2;0;16;15H-17H;TARDE;PLENO DIA;DEMAIS FALHAS MECÂNICAS OU ELÉTRICAS;QUEDA DE OCUPANTE DE VEÍCULO;CÉU CLARO;DUPLA;ACLIVE;SIM;0
MG;BR-251;PADRE CARVALHO;5;2;QUARTA-FEIRA;2;0;11;09H-11H;MANHA;PLENO DIA;CONDUTOR DORMINDO;SAÍDA DE LEITO CARROÇÁVEL;NUBLADO;SIMPLES;RETA;NÃO;0
AC;BR-364;RIO BRANCO;5;2;QUARTA-FEIRA;2;0;13;12H-14H;TARDE;PLENO DIA;ACESSAR A VIA SEM OBSERVAR A PRESENÇA DOS OUTROS VEÍCULOS;COLISÃO LATERAL MESMO SENTIDO;SOL;SIMPLES;CURVA;SIM;0
MG;BR-050;UBERABA;5;2;QUARTA-FEIRA;2;0;15;15H-17H;TARDE;PLENO DIA;AUSÊNCIA DE REAÇÃO DO CONDUTOR;COLISÃO TRASEIRA;CÉU CLARO;DUPLA;RETA;SIM;0
PR;BR-116;FAZENDA RIO GRANDE;5;2;QUARTA-FEIRA;2;0;16;15H-17H;TARDE;PLENO DIA;REAÇÃO TARDIA OU INEFICIENTE DO CONDUTOR;ATROPELAMENTO DE PEDESTRE;CÉU CLARO;DUPLA;"INTERSEÇÃO DE VIAS;RETA";SIM;0
BA;BR-101;CONCEICAO DA FEIRA;5;2;QUARTA-FEIRA;2;0;15;15H-17H;TARDE;PLENO DIA;DEMAIS FALHAS MECÂNICAS OU ELÉTRICAS;SAÍDA DE LEITO CARROÇÁVEL;CÉU CLARO;SIMPLES;"RETA;DECLIVE";NÃO;0
RS;BR-290;PORTO ALEGRE;5;2;QUARTA-FEIRA;2;0;16;15H-17H;TARDE;PLENO DIA;ANIMAIS NA PISTA;TOMBAMENTO;NUBLADO;DUPLA;RETA;NÃO;0
PR;BR-476;COLOMBO;5;2;TERÇA-FEIRA;1;0;23;21H-23H;NOITE;PLENA NOITE;INGESTÃO DE ÁLCOOL PELO CONDUTOR;COLISÃO TRANSVERSAL;NUBLADO;DUPLA;INTERSEÇÃO DE VIAS;SIM;0
PR;BR-369;ROLANDIA;5;2;QUARTA-FEIRA;2;0;16;15H-17H;TARDE;PLENO DIA;DESRESPEITAR A PREFERÊNCIA NO CRUZAMENTO;COLISÃO TRANSVERSAL;CÉU CLARO;SIMPLES;RETA;SIM;0
RR;BR-401;CANTA;5;2;QUARTA-FEIRA;2;0;16;15H-17H;TARDE;PLENO DIA;DEMAIS FALHAS MECÂNICAS OU ELÉTRICAS;TOMBAMENTO;CÉU CLARO;DUPLA;RETA;NÃO;0
MG;BR-262;PARA DE MINAS;5;2;QUARTA-FEIRA;2;0;17;15H-17H;TARDE;PLENO DIA;CONDUTOR USANDO CELULAR;SAÍDA DE LEITO CARROÇÁVEL;CÉU CLARO;DUPLA;RETA;SIM;0
MT;BR-163;SORRISO;5;2;QUARTA-FEIRA;2;0;14;12H-14H;TARDE;PLENO DIA;AUSÊNCIA DE REAÇÃO DO CONDUTOR;COLISÃO TRASEIRA;CÉU CLARO;SIMPLES;RETA;NÃO;0
GO;BR-020;FORMOSA;5;2;QUARTA-FEIRA;2;0;17;15H-17H;TARDE;ANOITECER;ACESSAR A VIA SEM OBSERVAR A PRESENÇA DOS OUTROS VEÍCULOS;COLISÃO TRANSVERSAL;CÉU CLARO;SIMPLES;"RETA;DECLIVE";SIM;0
MG;BR-365;UBERLANDIA;5;2;QUARTA-FEIRA;2;0;17;15H-17H;TARDE;ANOITECER;AUSÊNCIA DE REAÇÃO DO CONDUTOR;COLISÃO TRASEIRA;CHUVA;DUPLA;RETA;NÃO;0
SC;BR-101;JOINVILLE;5;2;QUARTA-FEIRA;2;0;17;15H-17H;TARDE;PLENA NOITE;MANOBRA DE MUDANÇA DE FAIXA;COLISÃO LATERAL MESMO SENTIDO;NUBLADO;DUPLA;"RETA;DECLIVE";NÃO;0
MG;BR-116;ALPERCATA;5;2;QUARTA-FEIRA;2;0;11;09H-11H;MANHA;PLENO DIA;ULTRAPASSAGEM INDEVIDA;COLISÃO COM OBJETO;CÉU CLARO;SIMPLES;RETA;NÃO;0
BA;BR-110;JEREMOABO;5;2;QUARTA-FEIRA;2;0;16;15H-17H;TARDE;PLENO DIA;DEMAIS FALHAS MECÂNICAS OU ELÉTRICAS;INCÊNDIO;NUBLADO;SIMPLES;RETA;NÃO;0
PB;BR-101;JOAO PESSOA;5;2;QUARTA-FEIRA;2;0;18;18H-20H;NOITE;PLENA NOITE;REAÇÃO TARDIA OU INEFICIENTE DO CONDUTOR;ENGAVETAMENTO;GAROA/CHUVISCO;DUPLA;DECLIVE;NÃO;0
SC;BR-280;ARAQUARI;5;2;QUARTA-FEIRA;2;0;17;15H-17H;TARDE;ANOITECER;TRANSITAR NA CONTRAMÃO;COLISÃO TRANSVERSAL;NUBLADO;SIMPLES;RETA;NÃO;0
BA;BR-101;IBIRAPUA;5;2;QUARTA-FEIRA;2;0;18;18H-20H;NOITE;ANOITECER;REAÇÃO TARDIA OU INEFICIENTE DO CONDUTOR;COLISÃO TRASEIRA;NEVOEIRO/NEBLINA;SIMPLES;RETA;NÃO;0
MG;BR-116;FERVEDOURO;5;2;QUARTA-FEIRA;2;0;18;18H-20H;NOITE;PLENA NOITE;VELOCIDADE INCOMPATÍVEL;SAÍDA DE LEITO CARROÇÁVEL;GAROA/CHUVISCO;SIMPLES;CURVA;SIM;0
PB;BR-230;SOBRADO;5;2;QUARTA-FEIRA;2;0;17;15H-17H;TARDE;ANOITECER;VELOCIDADE INCOMPATÍVEL;SAÍDA DE LEITO CARROÇÁVEL;CHUVA;DUPLA;RETA;NÃO;0
BA;BR-101;ITAMARAJU;4;2;DOMINGO;6;1;16;15H-17H;TARDE;PLENO DIA;AUSÊNCIA DE REAÇÃO DO CONDUTOR;CAPOTAMENTO;NUBLADO;SIMPLES;CURVA;NÃO;0
SP;BR-116;GUARATINGUETA;5;2;QUARTA-FEIRA;2;0;18;18H-20H;NOITE;PLENA NOITE;ACUMULO DE AREIA OU DETRITOS SOBRE O PAVIMENTO;TOMBAMENTO;CÉU CLARO;DUPLA;RETA;NÃO;0
RJ;BR-101;RIO DE JANEIRO;2;1;QUARTA-FEIRA;2;0;15;15H-17H;TARDE;PLENO DIA;CURVA ACENTUADA;COLISÃO TRASEIRA;CÉU CLARO;MÚLTIPLA;CURVA;NÃO;0
SC;BR-280;RIO NEGRINHO;5;2;QUARTA-FEIRA;2;0;18;18H-20H;NOITE;PLENA NOITE;ACESSAR A VIA SEM OBSERVAR A PRESENÇA DOS OUTROS VEÍCULOS;COLISÃO TRANSVERSAL;CÉU CLARO;SIMPLES;"RETA;INTERSEÇÃO DE VIAS;DECLIVE";NÃO;0
MG;BR-040;NOVA LIMA;5;2;QUARTA-FEIRA;2;0;16;15H-17H;TARDE;PLENO DIA;MANOBRA DE MUDANÇA DE FAIXA;COLISÃO LATERAL MESMO SENTIDO;CÉU CLARO;DUPLA;RETA;SIM;0
RS;BR-293;HULHA NEGRA;5;2;QUARTA-FEIRA;2;0;19;18H-20H;NOITE;PLENA NOITE;DESRESPEITAR A PREFERÊNCIA NO CRUZAMENTO;COLISÃO TRANSVERSAL;NUBLADO;SIMPLES;"INTERSEÇÃO DE VIAS;ROTATÓRIA";NÃO;0
RJ;BR-040;DUQUE DE CAXIAS;5;2;QUARTA-FEIRA;2;0;16;15H-17H;TARDE;PLENO DIA;ACESSAR A VIA SEM OBSERVAR A PRESENÇA DOS OUTROS VEÍCULOS;COLISÃO LATERAL MESMO SENTIDO;CÉU CLARO;SIMPLES;RETA;SIM;0
GO;BR-040;VALPARAISO DE GOIAS;5;2;QUARTA-FEIRA;2;0;16;15H-17H;TARDE;PLENO DIA;MANOBRA DE MUDANÇA DE FAIXA;COLISÃO TRASEIRA;CÉU CLARO;DUPLA;RETA;SIM;0
SP;BR-381;SAO PAULO;5;2;QUARTA-FEIRA;2;0;18;18H-20H;NOITE;ANOITECER;REAÇÃO TARDIA OU INEFICIENTE DO CONDUTOR;COLISÃO COM OBJETO;CÉU CLARO;DUPLA;RETA;SIM;0
GO;BR-070;AGUAS LINDAS DE GOIAS;5;2;QUARTA-FEIRA;2;0;18;18H-20H;NOITE;PLENA NOITE;AVARIAS E/OU DESGASTE EXCESSIVO NO PNEU;QUEDA DE OCUPANTE DE VEÍCULO;CÉU CLARO;DUPLA;CURVA;NÃO;0
MG;BR-365;UBERLANDIA;4;2;QUINTA-FEIRA;3;0;5;03H-05H;MADRUGADA;AMANHECER;PEDESTRE CRUZAVA A PISTA FORA DA FAIXA;ATROPELAMENTO DE PEDESTRE;IGNORADO;DUPLA;RETA;NÃO;0
BA;BR-116;VITORIA DA CONQUISTA;5;2;QUARTA-FEIRA;2;0;18;18H-20H;NOITE;PLENA NOITE;INGESTÃO DE ÁLCOOL PELO CONDUTOR;COLISÃO TRASEIRA;NUBLADO;DUPLA;RETA;NÃO;0
PR;BR-369;LONDRINA;5;2;QUARTA-FEIRA;2;0;19;18H-20H;NOITE;PLENA NOITE;CONDUTOR DEIXOU DE MANTER DISTÂNCIA DO VEÍCULO DA FRENTE;COLISÃO TRASEIRA;CÉU CLARO;DUPLA;DECLIVE;SIM;0
SC;BR-101;SAO FRANCISCO DO SUL;5;2;QUARTA-FEIRA;2;0;18;18H-20H;NOITE;PLENA NOITE;ACESSAR A VIA SEM OBSERVAR A PRESENÇA DOS OUTROS VEÍCULOS;COLISÃO TRANSVERSAL;GAROA/CHUVISCO;SIMPLES;ROTATÓRIA;SIM;0
PR;BR-116;MANDIRITUBA;5;2;QUARTA-FEIRA;2;0;19;18H-20H;NOITE;PLENA NOITE;TRANSITAR NA CONTRAMÃO;COLISÃO FRONTAL;NUBLADO;SIMPLES;DECLIVE;NÃO;0
PR;BR-277;PARANAGUA;5;2;QUARTA-FEIRA;2;0;18;18H-20H;NOITE;PLENA NOITE;PEDESTRE CRUZAVA A PISTA FORA DA FAIXA;ATROPELAMENTO DE PEDESTRE;CHUVA;DUPLA;"RETA;VIADUTO;DECLIVE";SIM;0
PR;BR-376;SAO JOSE DOS PINHAIS;5;2;QUARTA-FEIRA;2;0;18;18H-20H;NOITE;PLENA NOITE;ACESSAR A VIA SEM OBSERVAR A PRESENÇA DOS OUTROS VEÍCULOS;ATROPELAMENTO DE PEDESTRE;CÉU CLARO;DUPLA;RETA;SIM;0
RJ;BR-101;RIO DE JANEIRO;5;2;QUARTA-FEIRA;2;0;18;18H-20H;NOITE;ANOITECER;MANOBRA DE MUDANÇA DE FAIXA;COLISÃO LATERAL MESMO SENTIDO;NUBLADO;SIMPLES;"CURVA;VIADUTO";SIM;0
MG;BR-381;BETIM;5;2;QUARTA-FEIRA;2;0;19;18H-20H;NOITE;PLENA NOITE;OBJETO ESTÁTICO SOBRE O LEITO CARROÇÁVEL;COLISÃO COM OBJETO;NUBLADO;DUPLA;"RETA;ACLIVE";SIM;0
DF;BR-020;BRASILIA;5;2;QUARTA-FEIRA;2;0;18;18H-20H;NOITE;ANOITECER;ILUMINAÇÃO DEFICIENTE;COLISÃO TRASEIRA;IGNORADO;DUPLA;"DECLIVE;RETA";NÃO;0
MG;BR-050;UBERLANDIA;5;2;QUARTA-FEIRA;2;0;18;18H-20H;NOITE;ANOITECER;ACESSO IRREGULAR;COLISÃO LATERAL MESMO SENTIDO;NUBLADO;MÚLTIPLA;"DECLIVE;RETA";SIM;0
PB;BR-230;CAMPINA GRANDE;5;2;QUARTA-FEIRA;2;0;18;18H-20H;NOITE;PLENA NOITE;DESVIO TEMPORÁRIO;COLISÃO LATERAL SENTIDO OPOSTO;CÉU CLARO;DUPLA;"EM OBRAS;RETA";NÃO;0
RS;BR-285;PASSO FUNDO;5;2;QUARTA-FEIRA;2;0;19;18H-20H;NOITE;PLENA NOITE;REAÇÃO TARDIA OU INEFICIENTE DO CONDUTOR;COLISÃO COM OBJETO;CÉU CLARO;DUPLA;"RETA;ROTATÓRIA";SIM;0