uf;br_formatada;municipio;mes;trimestre;dia_semana;dia_semana_num;fim_de_semana;hora;faixa_horaria;turno;fase_dia;causa_acidente;tipo_acidente;condicao_metereologica;tipo_pista;tracado_via;uso_solo;acidente_fatal
SC;BR-101;CAPIVARI DE BAIXO;5;2;QUARTA-FEIRA;2;0;8;06H-08H;MANHA;PLENO DIA;MANOBRA DE MUDANÇA DE FAIXA;COLISÃO LATERAL MESMO SENTIDO;CÉU CLARO;DUPLA;RETA;SIM;0
MS;BR-163;CAMPO GRANDE;5;2;QUARTA-FEIRA;2;0;7;06H-08H;MANHA;PLENO DIA;AUSÊNCIA DE REAÇÃO DO CONDUTOR;SAÍDA DE LEITO CARROÇÁVEL;CÉU CLARO;SIMPLES;"RETA;DECLIVE";NÃO;0
RS;BR-290;PORTO ALEGRE;5;2;QUARTA-FEIRA;2;0;6;06H-08H;MANHA;PLENA NOITE;AVARIAS E/OU DESGASTE EXCESSIVO NO PNEU;SAÍDA DE LEITO CARROÇÁVEL;NEVOEIRO/NEBLINA;SIMPLES;CURVA;SIM;0
PR;BR-272;CAMPO MOURAO;5;2;QUARTA-FEIRA;2;0;7;06H-08H;MANHA;PLENO DIA;CONDUTOR DEIXOU DE MANTER DISTÂNCIA DO VEÍCULO DA FRENTE;COLISÃO TRASEIRA;CÉU CLARO;DUPLA;RETA;SIM;0
GO;BR-060;ANAPOLIS;5;2;QUARTA-FEIRA;2;0;7;06H-08H;MANHA;PLENO DIA;CONDUTOR DEIXOU DE MANTER DISTÂNCIA DO VEÍCULO DA FRENTE;COLISÃO TRASEIRA;CÉU CLARO;DUPLA;RETA;SIM;0
RJ;BR-040;DUQUE DE CAXIAS;5;2;QUARTA-FEIRA;2;0;8;06H-08H;MANHA;PLENO DIA;REAÇÃO TARDIA OU INEFICIENTE DO CONDUTOR;COLISÃO LATERAL MESMO SENTIDO;CÉU CLARO;MÚLTIPLA;RETA;SIM;0
RS;BR-470;VILA FLORES;5;2;QUARTA-FEIRA;2;0;9;09H-11H;MANHA;PLENO DIA;ACESSAR A VIA SEM OBSERVAR A PRESENÇA DOS OUTROS VEÍCULOS;COLISÃO TRANSVERSAL;NUBLADO;SIMPLES;"RETA;RETORNO REGULAMENTADO";SIM;0
RJ;BR-040;DUQUE DE CAXIAS;5;2;QUARTA-FEIRA;2;0;6;06H-08H;MANHA;PLENO DIA;REAÇÃO TARDIA OU INEFICIENTE DO CONDUTOR;COLISÃO LATERAL MESMO SENTIDO;CÉU CLARO;MÚLTIPLA;RETA;SIM;0
RJ;BR-040;DUQUE DE CAXIAS;5;2;TERÇA-FEIRA;1;0;20;18H-20H;NOITE;PLENA NOITE;AUSÊNCIA DE REAÇÃO DO CONDUTOR;ENGAVETAMENTO;CÉU CLARO;MÚLTIPLA;RETA;SIM;0
SP;BR-116;GUARULHOS;5;2;QUARTA-FEIRA;2;0;9;09H-11H;MANHA;PLENO DIA;CONDUTOR DEIXOU DE MANTER DISTÂNCIA DO VEÍCULO DA FRENTE;COLISÃO TRASEIRA;CÉU CLARO;MÚLTIPLA;RETA;NÃO;0
SE;BR-101;CRISTINAPOLIS;1;1;SÁBADO;5;1;14;12H-14H;TARDE;PLENO DIA;REAÇÃO TARDIA OU INEFICIENTE DO CONDUTOR;SAÍDA DE LEITO CARROÇÁVEL;CÉU CLARO;SIMPLES;RETA;NÃO;0
SP;BR-116;SAO PAULO;5;2;QUARTA-FEIRA;2;0;10;09H-11H;MANHA;PLENO DIA;REAÇÃO TARDIA OU INEFICIENTE DO CONDUTOR;COLISÃO TRASEIRA;CÉU CLARO;MÚLTIPLA;RETA;SIM;0
SP;BR-116;SAO JOSE DOS CAMPOS;5;2;QUARTA-FEIRA;2;0;8;06H-08H;MANHA;PLENO DIA;TRAFEGAR COM MOTOCICLETA (OU SIMILAR) ENTRE AS FAIXAS;COLISÃO TRASEIRA;CÉU CLARO;DUPLA;"RETA;INTERSEÇÃO DE VIAS;ACLIVE";SIM;0
RJ;BR-116;RESENDE;5;2;SEXTA-FEIRA;4;0;7;06H-08H;MANHA;AMANHECER;REAÇÃO TARDIA OU INEFICIENTE DO CONDUTOR;ENGAVETAMENTO;NEVOEIRO/NEBLINA;DUPLA;RETA;NÃO;0
SC;BR-101;ARAQUARI;5;2;QUARTA-FEIRA;2;0;10;09H-11H;MANHA;PLENO DIA;CONDUTOR DORMINDO;SAÍDA DE LEITO CARROÇÁVEL;NUBLADO;DUPLA;CURVA;NÃO;0
RJ;BR-040;DUQUE DE CAXIAS;5;2;QUARTA-FEIRA;2;0;9;09H-11H;MANHA;PLENO DIA;REAÇÃO TARDIA OU INEFICIENTE DO CONDUTOR;COLISÃO TRASEIRA;CÉU CLARO;DUPLA;RETA;SIM;0
MG;BR-262;MATIPO;5;2;QUARTA-FEIRA;2;0;8;06H-08H;MANHA;PLENO DIA;AUSÊNCIA DE REAÇÃO DO CONDUTOR;QUEDA DE OCUPANTE DE VEÍCULO;CÉU CLARO;SIMPLES;"RETA;ACLIVE";NÃO;0
DF;BR-060;BRASILIA;5;2;QUARTA-FEIRA;2;0;11;09H-11H;MANHA;PLENO DIA;ACESSAR A VIA SEM OBSERVAR A PRESENÇA DOS OUTROS VEÍCULOS;SAÍDA DE LEITO CARROÇÁVEL;CÉU CLARO;DUPLA;RETA;SIM;0
SC;BR-101;BIGUACU;5;2;QUARTA-FEIRA;2;0;10;09H-11H;MANHA;PLENO DIA;TRANSTORNOS MENTAIS (EXCETO SUICIDIO);QUEDA DE OCUPANTE DE VEÍCULO;NUBLADO;MÚLTIPLA;RETA;SIM;0
RN;BR-101;PARNAMIRIM;5;2;QUARTA-FEIRA;2;0;11;09H-11H;MANHA;PLENO DIA;PISTA ESCORREGADIA;TOMBAMENTO;CÉU CLARO;SIMPLES;CURVA;SIM;0
MG;BR-116;ALEM PARAIBA;5;2;TERÇA-FEIRA;1;0;7;06H-08H;MANHA;PLENO DIA;ACESSAR A VIA SEM OBSERVAR A PRESENÇA DOS OUTROS VEÍCULOS;COLISÃO TRANSVERSAL;NUBLADO;SIMPLES;RETA;NÃO;0
SE;BR-235;ITABAIANA;5;2;QUARTA-FEIRA;2;0;10;09H-11H;MANHA;PLENO DIA;CONDUTOR DEIXOU DE MANTER DISTÂNCIA DO VEÍCULO DA FRENTE;COLISÃO TRASEIRA;NUBLADO;SIMPLES;RETA;SIM;0
MG;BR-116;MURIAE;5;2;QUARTA-FEIRA;2;0;11;09H-11H;MANHA;PLENO DIA;CONVERSÃO PROIBIDA;COLISÃO LATERAL MESMO SENTIDO;CÉU CLARO;SIMPLES;RETA;SIM;0
MG;BR-262;MOEMA;5;2;QUARTA-FEIRA;2;0;12;12H-14H;TARDE;PLENO DIA;RESTRIÇÃO DE VISIBILIDADE EM CURVAS HORIZONTAIS;SAÍDA DE LEITO CARROÇÁVEL;SOL;SIMPLES;RETA;NÃO;0
GO;BR-070;ARAGARCAS;5;2;SÁBADO;5;1;23;21H-23H;NOITE;PLENA NOITE;AUSÊNCIA DE REAÇÃO DO CONDUTOR;TOMBAMENTO;CÉU CLARO;DUPLA;RETA;SIM;0
MG;BR-050;UBERABA;5;2;QUARTA-FEIRA;2;0;10;09H-11H;MANHA;PLENO DIA;AVARIAS E/OU DESGASTE EXCESSIVO NO PNEU;SAÍDA DE LEITO CARROÇÁVEL;CÉU CLARO;DUPLA;RETA;NÃO;0
RN;BR-101;EXTREMOZ;5;2;QUARTA-FEIRA;2;0;12;12H-14H;TARDE;PLENO DIA;REAÇÃO TARDIA OU INEFICIENTE DO CONDUTOR;TOMBAMENTO;SOL;SIMPLES;"INTERSEÇÃO DE VIAS;RETA";NÃO;0
MA;BR-135;SAO LUIS;5;2;QUARTA-FEIRA;2;0;13;12H-14H;TARDE;PLENO DIA;REAÇÃO TARDIA OU INEFICIENTE DO CONDUTOR;ATROPELAMENTO DE PEDESTRE;CHUVA;DUPLA;RETA;SIM;0
AP;BR-210;PORTO GRANDE;5;2;QUARTA-FEIRA;2;0;11;09H-11H;MANHA;PLENO DIA;TRANSITAR NA CONTRAMÃO;COLISÃO FRONTAL;CÉU CLARO;SIMPLES;CURVA;NÃO;0
MG;BR-040;CONTAGEM;5;2;QUARTA-FEIRA;2;0;7;06H-08H;MANHA;PLENO DIA;MANOBRA DE MUDANÇA DE FAIXA;TOMBAMENTO;SOL;DUPLA;RETA;SIM;0
TO;BR-010;PALMAS;5;2;QUARTA-FEIRA;2;0;14;12H-14H;TARDE;PLENO DIA;CONDUTOR DEIXOU DE MANTER DISTÂNCIA DO VEÍCULO DA FRENTE;ENGAVETAMENTO;CÉU CLARO;MÚLTIPLA;"RETA;ACLIVE";SIM;0
RS;BR-116;CAMAQUA;5;2;QUARTA-FEIRA;2;0;12;12H-14H;TARDE;PLENO DIA;CONDUTOR USANDO CELULAR;SAÍDA DE LEITO CARROÇÁVEL;CÉU CLARO;DUPLA;RETA;NÃO;0
GO;BR-060;SANTO ANTONIO DO DESCOBERTO;5;2;QUARTA-FEIRA;2;0;13;12H-14H;TARDE;PLENO DIA;DEMAIS FALHAS MECÂNICAS OU ELÉTRICAS;INCÊNDIO;CÉU CLARO;DUPLA;RETA;NÃO;0
MG;BR-116;LEOPOLDINA;5;2;QUARTA-FEIRA;2;0;12;12H-14H;TARDE;PLENO DIA;ACESSAR A VIA SEM OBSERVAR A PRESENÇA DOS OUTROS VEÍCULOS;COLISÃO TRANSVERSAL;SOL;SIMPLES;RETA;SIM;0
RS;BR-158;SANTA MARIA;5;2;QUARTA-FEIRA;2;0;14;12H-14H;TARDE;PLENO DIA;AUSÊNCIA DE REAÇÃO DO CONDUTOR;COLISÃO TRASEIRA;CÉU CLARO;DUPLA;RETA;NÃO;0
DF;BR-070;BRASILIA;4;2;QUINTA-FEIRA;3;0;22;21H-23H;NOITE;PLENA NOITE;AUSÊNCIA DE REAÇÃO DO CONDUTOR;SAÍDA DE LEITO CARROÇÁVEL;CÉU CLARO;DUPLA;RETA;SIM;0
MG;BR-381;CARMO DA CACHOEIRA;5;2;QUARTA-FEIRA;2;0;14;12H-14H;TARDE;PLENO DIA;AUSÊNCIA DE REAÇÃO DO CONDUTOR;COLISÃO COM OBJETO;CÉU CLARO;DUPLA;RETA;NÃO;0
RN;BR-101;NATAL;5;2;QUARTA-FEIRA;2;0;15;15H-17H;TARDE;PLENO DIA;ACUMULO DE AREIA OU DETRITOS SOBRE O PAVIMENTO;QUEDA DE OCUPANTE DE VEÍCULO;CÉU CLARO;DUPLA;RETA;NÃO;0
PA;BR-010;DOM ELISEU;5;2;QUARTA-FEIRA;2;0;13;12H-14H;TARDE;PLENO DIA;AUSÊNCIA DE REAÇÃO DO CONDUTOR;COLISÃO TRANSVERSAL;CÉU CLARO;SIMPLES;RETA;SIM;0
CE;BR-222;FORTALEZA;5;2;QUARTA-FEIRA;2;0;15;15H-17H;TARDE;PLENO DIA;MANOBRA DE MUDANÇA DE FAIXA;COLISÃO LATERAL MESMO SENTIDO;CÉU CLARO;SIMPLES;RETA;SIM;1
RJ;BR-101;SAO GONCALO;5;2;TERÇA-FEIRA;1;0;20;18H-20H;NOITE;PLENA NOITE;MAL SÚBITO DO CONDUTOR;COLISÃO TRASEIRA;CÉU CLARO;DUPLA;RETA;NÃO;0
RJ;BR-465;SEROPEDICA;5;2;QUARTA-FEIRA;2;0;15;15H-17H;TARDE;PLENO DIA;ENTRADA INOPINADA DO PEDESTRE;ATROPELAMENTO DE PEDESTRE;CÉU CLARO;SIMPLES;RETA;SIM;0
PR;BR-277;CURITIBA;5;2;QUARTA-FEIRA;2;0;15;15H-17H;TARDE;PLENO DIA;MANOBRA DE MUDANÇA DE FAIXA;COLISÃO TRASEIRA;CÉU CLARO;DUPLA;"DECLIVE;RETA";SIM;0
MG;BR-116;CARATINGA;5;2;QUARTA-FEIRA;2;0;13;12H-14H;TARDE;PLENO DIA;REAÇÃO TARDIA OU INEFICIENTE DO CONDUTOR;COLISÃO TRASEIRA;SOL;SIMPLES;RETA;SIM;0
DF;BR-070;BRASILIA;5;2;QUARTA-FEIRA;2;0;15;15H-17H;TARDE;PLENO DIA;MANOBRA DE MUDANÇA DE FAIXA;COLISÃO TRASEIRA;SOL;DUPLA;RETA;SIM;0
MG;BR-381;BETIM;4;2;SEGUNDA-FEIRA;0;0;14;12H-14H;TARDE;PLENO DIA;TRAFEGAR COM MOTOCICLETA (OU SIMILAR) ENTRE AS FAIXAS;COLISÃO LATERAL MESMO SENTIDO;CÉU CLARO;DUPLA;RETA;NÃO;0
GO;BR-060;ANAPOLIS;5;2;QUARTA-FEIRA;2;0;16;15H-17H;TARDE;PLENO DIA;CONDUTOR DEIXOU DE MANTER DISTÂNCIA DO VEÍCULO DA FRENTE;COLISÃO TRASEIRA;SOL;DUPLA;RETA;SIM;0
RS;BR-392;SANTA MARIA;5;2;QUARTA-FEIRA;2;0;17;15H-17H;TARDE;PLENO DIA;CONVERSÃO PROIBIDA;COLISÃO TRANSVERSAL;CÉU CLARO;DUPLA;RETA;SIM;0
PA;BR-230;MARABA;5;2;QUARTA-FEIRA;2;0;16;15H-17H;TARDE;PLENO DIA;CHUVA;TOMBAMENTO;CHUVA;DUPLA;RETA;SIM;0
MA;BR-135;BACABEIRA;5;2;QUARTA-FEIRA;2;0;13;12H-14H;TARDE;PLENO DIA;PISTA ESCORREGADIA;CAPOTAMENTO;CHUVA;DUPLA;RETA;NÃO;0
BA;BR-101;BUERAREMA;2;1;SÁBADO;5;1;13;12H-14H;TARDE;PLENO DIA;VELOCIDADE INCOMPATÍVEL;QUEDA DE OCUPANTE DE VEÍCULO;CÉU CLARO;SIMPLES;RETA;NÃO;0
PR;BR-116;FAZENDA RIO GRANDE;5;2;QUARTA-FEIRA;2;0;17;15H-17H;TARDE;PLENA NOITE;REAÇÃO TARDIA OU INEFICIENTE DO CONDUTOR;COLISÃO TRASEIRA;NUBLADO;DUPLA;RETA;SIM;0
PR;BR-277;CURITIBA;5;2;QUARTA-FEIRA;2;0;17;15H-17H;TARDE;ANOITECER;AUSÊNCIA DE REAÇÃO DO CONDUTOR;COLISÃO COM OBJETO;NUBLADO;DUPLA;"CURVA;VIADUTO";NÃO;0
ES;BR-101;IBIRACU;5;2;QUARTA-FEIRA;2;0;17;15H-17H;TARDE;ANOITECER;MANOBRA DE MUDANÇA DE FAIXA;COLISÃO LATERAL MESMO SENTIDO;CÉU CLARO;SIMPLES;RETA;SIM;0
MG;BR-040;JUIZ DE FORA;5;2;QUARTA-FEIRA;2;0;17;15H-17H;TARDE;ANOITECER;ACESSAR A VIA SEM OBSERVAR A PRESENÇA DOS OUTROS VEÍCULOS;COLISÃO TRANSVERSAL;CÉU CLARO;SIMPLES;RETA;NÃO;0
ES;BR-101;SERRA;5;2;QUARTA-FEIRA;2;0;17;15H-17H;TARDE;PLENO DIA;MANOBRA DE MUDANÇA DE FAIXA;COLISÃO LATERAL MESMO SENTIDO;CÉU CLARO;SIMPLES;RETA;SIM;0
RJ;BR-116;NOVA IGUACU;5;2;QUARTA-FEIRA;2;0;16;15H-17H;TARDE;ANOITECER;ULTRAPASSAGEM INDEVIDA;COLISÃO LATERAL MESMO SENTIDO;CHUVA;MÚLTIPLA;RETA;SIM;0
MG;BR-116;TEOFILO OTONI;5;2;QUARTA-FEIRA;2;0;5;03H-05H;MADRUGADA;AMANHECER;AUSÊNCIA DE REAÇÃO DO CONDUTOR;COLISÃO LATERAL MESMO SENTIDO;GAROA/CHUVISCO;SIMPLES;RETA;NÃO;0
ES;BR-101;SERRA;5;2;QUARTA-FEIRA;2;0;17;15H-17H;TARDE;ANOITECER;MANOBRA DE MUDANÇA DE FAIXA;COLISÃO LATERAL MESMO SENTIDO;NUBLADO;DUPLA;RETA;SIM;0
PR;BR-116;RIO NEGRO;5;2;QUARTA-FEIRA;2;0;17;15H-17H;TARDE;ANOITECER;ULTRAPASSAGEM INDEVIDA;COLISÃO LATERAL MESMO SENTIDO;NUBLADO;SIMPLES;"RETA;DECLIVE";SIM;0
SP;BR-116;GUARULHOS;5;2;QUARTA-FEIRA;2;0;18;18H-20H;NOITE;PLENA NOITE;MANOBRA DE MUDANÇA DE FAIXA;COLISÃO LATERAL MESMO SENTIDO;CÉU CLARO;MÚLTIPLA;RETA;SIM;0
RJ;BR-101;SILVA JARDIM;5;2;QUARTA-FEIRA;2;0;17;15H-17H;TARDE;ANOITECER;DEMAIS FALHAS MECÂNICAS OU ELÉTRICAS;SAÍDA DE LEITO CARROÇÁVEL;CÉU CLARO;DUPLA;RETA;NÃO;0
ES;BR-101;LINHARES;5;2;QUARTA-FEIRA;2;0;17;15H-17H;TARDE;ANOITECER;VELOCIDADE INCOMPATÍVEL;COLISÃO TRASEIRA;CÉU CLARO;DUPLA;RETA;SIM;0
RJ;BR-116;NOVA IGUACU;5;2;QUARTA-FEIRA;2;0;17;15H-17H;TARDE;PLENA NOITE;CONDUTOR DEIXOU DE MANTER DISTÂNCIA DO VEÍCULO DA FRENTE;COLISÃO TRASEIRA;CÉU CLARO;MÚLTIPLA;RETA;SIM;0
RO;BR-364;VILHENA;5;2;QUARTA-FEIRA;2;0;14;12H-14H;TARDE;PLENO DIA;TRANSITAR NA CONTRAMÃO;COLISÃO TRANSVERSAL;CÉU CLARO;SIMPLES;INTERSEÇÃO DE VIAS;SIM;0
MT;BR-163;SINOP;5;2;SEGUNDA-FEIRA;0;0;13;12H-14H;TARDE;PLENO DIA;RETORNO PROIBIDO;COLISÃO TRANSVERSAL;CÉU CLARO;SIMPLES;RETA;SIM;0
GO;BR-070;AGUAS LINDAS DE GOIAS;5;2;QUARTA-FEIRA;2;0;17;15H-17H;TARDE;PLENO DIA;ACESSAR A VIA SEM OBSERVAR A PRESENÇA DOS OUTROS VEÍCULOS;COLISÃO TRASEIRA;CÉU CLARO;DUPLA;RETA;SIM;0
MG;BR-050;UBERABA;5;2;QUARTA-FEIRA;2;0;16;15H-17H;TARDE;PLENO DIA;AUSÊNCIA DE REAÇÃO DO CONDUTOR;SAÍDA DE LEITO CARROÇÁVEL;CÉU CLARO;DUPLA;RETA;NÃO;0
PR;BR-369;LONDRINA;5;2;QUARTA-FEIRA;2;0;18;18H-20H;NOITE;ANOITECER;PEDESTRE CRUZAVA A PISTA FORA DA FAIXA;ATROPELAMENTO DE PEDESTRE;CÉU CLARO;SIMPLES;"RETA;ACLIVE";SIM;0
PR;BR-277;FOZ DO IGUACU;5;2;QUARTA-FEIRA;2;0;18;18H-20H;NOITE;PLENO DIA;MANOBRA DE MUDANÇA DE FAIXA;COLISÃO LATERAL MESMO SENTIDO;CÉU CLARO;DUPLA;RETA;SIM;0
CE;BR-116;RUSSAS;5;2;QUARTA-FEIRA;2;0;18;18H-20H;NOITE;PLENA NOITE;ANIMAIS NA PISTA;ATROPELAMENTO DE ANIMAL;CÉU CLARO;SIMPLES;RETA;SIM;0
SC;BR-280;RIO NEGRINHO;5;2;QUARTA-FEIRA;2;0;18;18H-20H;NOITE;PLENA NOITE;AUSÊNCIA DE REAÇÃO DO CONDUTOR;COLISÃO TRASEIRA;CHUVA;SIMPLES;RETA;NÃO;0
MG;BR-381;CONTAGEM;5;2;QUARTA-FEIRA;2;0;18;18H-20H;NOITE;PLENA NOITE;MANOBRA DE MUDANÇA DE FAIXA;COLISÃO LATERAL MESMO SENTIDO;CÉU CLARO;DUPLA;"DECLIVE;RETA";SIM;0
GO;BR-158;ARAGARCAS;5;2;QUARTA-FEIRA;2;0;15;15H-17H;TARDE;PLENO DIA;CARGA EXCESSIVA E/OU MAL ACONDICIONADA;COLISÃO COM OBJETO;CÉU CLARO;SIMPLES;RETA;NÃO;0
RJ;BR-040;DUQUE DE CAXIAS;5;2;QUARTA-FEIRA;2;0;18;18H-20H;NOITE;PLENA NOITE;REAÇÃO TARDIA OU INEFICIENTE DO CONDUTOR;COLISÃO TRASEIRA;CÉU CLARO;MÚLTIPLA;RETA;SIM;0
AM;BR-230;HUMAITA;5;2;QUARTA-FEIRA;2;0;17;15H-17H;TARDE;PLENO DIA;ACESSAR A VIA SEM OBSERVAR A PRESENÇA DOS OUTROS VEÍCULOS;COLISÃO LATERAL MESMO SENTIDO;SOL;SIMPLES;RETA;NÃO;0
SP;BR-116;GUARULHOS;5;2;QUARTA-FEIRA;2;0;19;18H-20H;NOITE;PLENA NOITE;REAÇÃO TARDIA OU INEFICIENTE DO CONDUTOR;TOMBAMENTO;CÉU CLARO;MÚLTIPLA;"EM OBRAS;RETA";SIM;0
PB;BR-101;JOAO PESSOA;5;2;QUARTA-FEIRA;2;0;17;15H-17H;TARDE;ANOITECER;PEDESTRE CRUZAVA A PISTA FORA DA FAIXA;ATROPELAMENTO DE PEDESTRE;CÉU CLARO;DUPLA;RETA;SIM;1
SC;BR-101;PORTO BELO;5;2;QUARTA-FEIRA;2;0;18;18H-20H;NOITE;ANOITECER;MANOBRA DE MUDANÇA DE FAIXA;TOMBAMENTO;CHUVA;DUPLA;RETA;SIM;0
RJ;BR-493;GUAPIMIRIM;5;2;QUARTA-FEIRA;2;0;18;18H-20H;NOITE;PLENA NOITE;ACESSAR A VIA SEM OBSERVAR A PRESENÇA DOS OUTROS VEÍCULOS;COLISÃO TRANSVERSAL;CÉU CLARO;SIMPLES;RETA;NÃO;0
RN;BR-406;SAO GONCALO DO AMARANTE;5;2;QUARTA-FEIRA;2;0;19;18H-20H;NOITE;PLENA NOITE;ACUMULO DE AREIA OU DETRITOS SOBRE O PAVIMENTO;TOMBAMENTO;CÉU CLARO;DUPLA;"RETA;INTERSEÇÃO DE VIAS;RETORNO REGULAMENTADO";SIM;0
GO;BR-IGNORADA;CATALAO;5;2;QUARTA-FEIRA;2;0;18;18H-20H;NOITE;ANOITECER;ACESSAR A VIA SEM OBSERVAR A PRESENÇA DOS OUTROS VEÍCULOS;COLISÃO TRANSVERSAL;CÉU CLARO;DUPLA;ROTATÓRIA;SIM;0
SC;BR-101;SAO JOSE;5;2;QUARTA-FEIRA;2;0;18;18H-20H;NOITE;PLENO DIA;MANOBRA DE MUDANÇA DE FAIXA;COLISÃO LATERAL MESMO SENTIDO;CÉU CLARO;MÚLTIPLA;RETA;SIM;0
MG;BR-116;MURIAE;5;2;QUARTA-FEIRA;2;0;18;18H-20H;NOITE;PLENA NOITE;REAÇÃO TARDIA OU INEFICIENTE DO CONDUTOR;COLISÃO LATERAL MESMO SENTIDO;CÉU CLARO;SIMPLES;RETA;SIM;0
PE;BR-424;GARANHUNS;5;2;QUARTA-FEIRA;2;0;18;18H-20H;NOITE;PLENA NOITE;ACESSAR A VIA SEM OBSERVAR A PRESENÇA DOS OUTROS VEÍCULOS;COLISÃO TRANSVERSAL;CHUVA;SIMPLES;RETA;SIM;1
RJ;BR-465;SEROPEDICA;5;2;QUARTA-FEIRA;2;0;19;18H-20H;NOITE;PLENA NOITE;ULTRAPASSAGEM INDEVIDA;COLISÃO LATERAL SENTIDO OPOSTO;CÉU CLARO;DUPLA;RETA;NÃO;0
DF;BR-040;BRASILIA;5;2;QUARTA-FEIRA;2;0;19;18H-20H;NOITE;PLENA NOITE;PEDESTRE - INGESTÃO DE ÁLCOOL/ SUBSTÂNCIAS PSICOATIVAS;ATROPELAMENTO DE PEDESTRE;CÉU CLARO;DUPLA;RETA;NÃO;0
SC;BR-101;SAO JOSE;5;2;QUARTA-FEIRA;2;0;18;18H-20H;NOITE;PLENA NOITE;PISTA ESCORREGADIA;TOMBAMENTO;CHUVA;MÚLTIPLA;"CURVA;ACLIVE";SIM;0
RJ;BR-116;NOVA IGUACU;5;2;QUARTA-FEIRA;2;0;20;18H-20H;NOITE;PLENA NOITE;CONDUTOR DEIXOU DE MANTER DISTÂNCIA DO VEÍCULO DA FRENTE;COLISÃO TRASEIRA;CÉU CLARO;DUPLA;RETA;SIM;0
RS;BR-287;SANTA MARIA;5;2;QUARTA-FEIRA;2;0;20;18H-20H;NOITE;PLENA NOITE;REAÇÃO TARDIA OU INEFICIENTE DO CONDUTOR;COLISÃO LATERAL MESMO SENTIDO;CÉU CLARO;DUPLA;VIADUTO;SIM;0
MT;BR-163;CLAUDIA;5;2;QUARTA-FEIRA;2;0;19;18H-20H;NOITE;PLENA NOITE;PEDESTRE ANDAVA NA PISTA;ATROPELAMENTO DE PEDESTRE;CÉU CLARO;SIMPLES;RETA;NÃO;1
MT;BR-070;CACERES;5;2;QUARTA-FEIRA;2;0;6;06H-08H;MANHA;PLENO DIA;ACESSAR A VIA SEM OBSERVAR A PRESENÇA DOS OUTROS VEÍCULOS;COLISÃO TRANSVERSAL;CÉU CLARO;SIMPLES;"INTERSEÇÃO DE VIAS;DECLIVE";NÃO;1
PR;BR-277;GUARANIACU;5;2;QUARTA-FEIRA;2;0;19;18H-20H;NOITE;PLENA NOITE;ACESSAR A VIA SEM OBSERVAR A PRESENÇA DOS OUTROS VEÍCULOS;COLISÃO TRANSVERSAL;CHUVA;SIMPLES;"RETA;DECLIVE";NÃO;0
PR;BR-277;GUARANIACU;5;2;QUARTA-FEIRA;2;0;19;18H-20H;NOITE;PLENA NOITE;ANIMAIS NA PISTA;QUEDA DE OCUPANTE DE VEÍCULO;NUBLADO;SIMPLES;"RETA;ACLIVE";NÃO;0
SP;BR-381;SAO PAULO;5;2;QUARTA-FEIRA;2;0;19;18H-20H;NOITE;PLENA NOITE;AUSÊNCIA DE REAÇÃO DO CONDUTOR;COLISÃO COM OBJETO;CÉU CLARO;DUPLA;RETA;NÃO;0
CE;BR-020;CANINDE;5;2;QUARTA-FEIRA;2;0;20;18H-20H;NOITE;PLENA NOITE;CONDUTOR DEIXOU DE MANTER DISTÂNCIA DO VEÍCULO DA FRENTE;COLISÃO TRASEIRA;CÉU CLARO;SIMPLES;RETA;NÃO;0
RO;BR-364;JI-PARANA;5;2;QUARTA-FEIRA;2;0;18;18H-20H;NOITE;ANOITECER;ACESSAR A VIA SEM OBSERVAR A PRESENÇA DOS OUTROS VEÍCULOS;COLISÃO TRANSVERSAL;CÉU CLARO;DUPLA;"RETA;INTERSEÇÃO DE VIAS";SIM;1
PR;BR-476;LAPA;5;2;QUARTA-FEIRA;2;0;21;21H-23H;NOITE;PLENA NOITE;REAÇÃO TARDIA OU INEFICIENTE DO CONDUTOR;SAÍDA DE LEITO CARROÇÁVEL;CHUVA;SIMPLES;CURVA;NÃO;0
SC;BR-101;BALNEARIO CAMBORIU;5;2;QUARTA-FEIRA;2;0;18;18H-20H;NOITE;PLENA NOITE;CONDUTOR DEIXOU DE MANTER DISTÂNCIA DO VEÍCULO DA FRENTE;COLISÃO TRASEIRA;CHUVA;DUPLA;RETA;SIM;0
PE;BR-423;ITAIBA;4;2;SEGUNDA-FEIRA;0;0;20;18H-20H;NOITE;PLENA NOITE;CONDUTOR DEIXOU DE MANTER DISTÂNCIA DO VEÍCULO DA FRENTE;COLISÃO TRASEIRA;CÉU CLARO;SIMPLES;RETA;NÃO;0
SC;BR-101;ITAJAI;5;2;QUARTA-FEIRA;2;0;21;21H-23H;NOITE;PLENA NOITE;INGESTÃO DE ÁLCOOL PELO CONDUTOR;COLISÃO LATERAL MESMO SENTIDO;CHUVA;DUPLA;RETA;NÃO;0
SC;BR-163;DIONISIO CERQUEIRA;5;2;QUARTA-FEIRA;2;0;19;18H-20H;NOITE;PLENA NOITE;ACESSAR A VIA SEM OBSERVAR A PRESENÇA DOS OUTROS VEÍCULOS;COLISÃO TRANSVERSAL;GAROA/CHUVISCO;SIMPLES;"RETA;INTERSEÇÃO DE VIAS";SIM;0
SP;BR-116;CAJATI;5;2;QUARTA-FEIRA;2;0;20;18H-20H;NOITE;PLENA NOITE;AUSÊNCIA DE REAÇÃO DO CONDUTOR;ATROPELAMENTO DE PEDESTRE;NUBLADO;DUPLA;RETA;NÃO;0