uf;br_formatada;municipio;mes;trimestre;dia_semana;dia_semana_num;fim_de_semana;hora;faixa_horaria;turno;fase_dia;causa_acidente;tipo_acidente;condicao_metereologica;tipo_pista;tracado_via;uso_solo;acidente_fatal
DF;BR-060;BRASILIA;5;2;QUARTA-FEIRA;2;0;9;09H-11H;MANHA;PLENO DIA;ACESSAR A VIA SEM OBSERVAR A PRESENÇA DOS OUTROS VEÍCULOS;COLISÃO TRANSVERSAL;CÉU CLARO;DUPLA;RETA;SIM;0
RS;BR-386;FONTOURA XAVIER;5;2;QUARTA-FEIRA;2;0;9;09H-11H;MANHA;PLENO DIA;REAÇÃO TARDIA OU INEFICIENTE DO CONDUTOR;SAÍDA DE LEITO CARROÇÁVEL;CHUVA;SIMPLES;CURVA;NÃO;0
PR;BR-116;CURITIBA;5;2;QUARTA-FEIRA;2;0;10;09H-11H;MANHA;PLENO DIA;REAÇÃO TARDIA OU INEFICIENTE DO CONDUTOR;SAÍDA DE LEITO CARROÇÁVEL;SOL;DUPLA;"CURVA;ACLIVE";NÃO;0
RN;BR-406;SAO GONCALO DO AMARANTE;5;2;QUARTA-FEIRA;2;0;10;09H-11H;MANHA;PLENO DIA;ACUMULO DE AREIA OU DETRITOS SOBRE O PAVIMENTO;QUEDA DE OCUPANTE DE VEÍCULO;CÉU CLARO;DUPLA;INTERSEÇÃO DE VIAS;SIM;0
RN;BR-101;CANGUARETAMA;4;2;QUINTA-FEIRA;3;0;18;18H-20H;NOITE;PLENA NOITE;RETORNO PROIBIDO;COLISÃO TRANSVERSAL;CÉU CLARO;DUPLA;RETA;SIM;0
PR;BR-376;CALIFORNIA;5;2;QUARTA-FEIRA;2;0;10;09H-11H;MANHA;PLENO DIA;REAÇÃO TARDIA OU INEFICIENTE DO CONDUTOR;SAÍDA DE LEITO CARROÇÁVEL;CHUVA;DUPLA;RETA;NÃO;0
BA;BR-324;CANDEIAS;5;2;QUINTA-FEIRA;3;0;20;18H-20H;NOITE;PLENA NOITE;DEMAIS FALHAS MECÂNICAS OU ELÉTRICAS;INCÊNDIO;NUBLADO;DUPLA;RETA;NÃO;0
MG;BR-381;CAETE;4;2;SEXTA-FEIRA;4;0;23;21H-23H;NOITE;PLENA NOITE;PISTA ESBURACADA;COLISÃO COM OBJETO;CÉU CLARO;DUPLA;RETA;NÃO;0
MT;BR-364;JACIARA;5;2;QUARTA-FEIRA;2;0;9;09H-11H;MANHA;PLENO DIA;ACESSAR A VIA SEM OBSERVAR A PRESENÇA DOS OUTROS VEÍCULOS;COLISÃO TRANSVERSAL;GAROA/CHUVISCO;DUPLA;"INTERSEÇÃO DE VIAS;CURVA;DECLIVE";NÃO;0
SC;BR-101;ARARANGUA;5;2;QUARTA-FEIRA;2;0;10;09H-11H;MANHA;PLENO DIA;DESRESPEITAR A PREFERÊNCIA NO CRUZAMENTO;COLISÃO LATERAL SENTIDO OPOSTO;NUBLADO;MÚLTIPLA;RETA;SIM;0
RN;BR-304;MOSSORO;5;2;QUARTA-FEIRA;2;0;11;09H-11H;MANHA;PLENO DIA;DEMAIS FALHAS MECÂNICAS OU ELÉTRICAS;SAÍDA DE LEITO CARROÇÁVEL;SOL;DUPLA;RETA;SIM;0
TO;BR-153;ARAGUAINA;5;2;QUARTA-FEIRA;2;0;11;09H-11H;MANHA;PLENO DIA;ACESSAR A VIA SEM OBSERVAR A PRESENÇA DOS OUTROS VEÍCULOS;COLISÃO TRANSVERSAL;CÉU CLARO;DUPLA;ROTATÓRIA;NÃO;0
MT;BR-070;CUIABA;5;2;QUARTA-FEIRA;2;0;6;06H-08H;MANHA;AMANHECER;PISTA ESCORREGADIA;COLISÃO TRASEIRA;GAROA/CHUVISCO;SIMPLES;RETA;NÃO;0
RO;BR-425;GUAJARA-MIRIM;5;2;QUARTA-FEIRA;2;0;10;09H-11H;MANHA;PLENO DIA;AVARIAS E/OU DESGASTE EXCESSIVO NO PNEU;TOMBAMENTO;CÉU CLARO;SIMPLES;"RETA;DECLIVE";NÃO;0
SE;BR-101;ESTANCIA;5;2;TERÇA-FEIRA;1;0;22;21H-23H;NOITE;PLENA NOITE;ACESSAR A VIA SEM OBSERVAR A PRESENÇA DOS OUTROS VEÍCULOS;QUEDA DE OCUPANTE DE VEÍCULO;CÉU CLARO;DUPLA;RETA;NÃO;0
RJ;BR-040;DUQUE DE CAXIAS;5;2;QUARTA-FEIRA;2;0;9;09H-11H;MANHA;PLENO DIA;ACUMULO DE ÓLEO SOBRE O PAVIMENTO;TOMBAMENTO;CÉU CLARO;MÚLTIPLA;VIADUTO;SIM;0
RJ;BR-465;SEROPEDICA;5;2;QUARTA-FEIRA;2;0;13;12H-14H;TARDE;PLENO DIA;AUSÊNCIA DE REAÇÃO DO CONDUTOR;COLISÃO TRASEIRA;CÉU CLARO;SIMPLES;RETA;SIM;0
SP;BR-381;ATIBAIA;5;2;QUARTA-FEIRA;2;0;13;12H-14H;TARDE;PLENO DIA;AUSÊNCIA DE REAÇÃO DO CONDUTOR;TOMBAMENTO;SOL;DUPLA;RETA;SIM;0
MT;BR-364;RONDONOPOLIS;5;2;QUARTA-FEIRA;2;0;8;06H-08H;MANHA;PLENO DIA;DEMAIS FALHAS NA VIA;COLISÃO COM OBJETO;CÉU CLARO;SIMPLES;RETA;NÃO;0
PE;BR-408;PAUDALHO;5;2;QUARTA-FEIRA;2;0;11;09H-11H;MANHA;PLENO DIA;CONDUTOR DEIXOU DE MANTER DISTÂNCIA DO VEÍCULO DA FRENTE;COLISÃO TRASEIRA;SOL;DUPLA;RETA;SIM;1
PR;BR-116;CURITIBA;5;2;SEXTA-FEIRA;4;0;17;15H-17H;TARDE;PLENO DIA;REAÇÃO TARDIA OU INEFICIENTE DO CONDUTOR;COLISÃO LATERAL MESMO SENTIDO;SOL;DUPLA;RETA;NÃO;0
MG;BR-116;CARATINGA;5;2;QUARTA-FEIRA;2;0;13;12H-14H;TARDE;PLENO DIA;AUSÊNCIA DE REAÇÃO DO CONDUTOR;COLISÃO TRASEIRA;CÉU CLARO;SIMPLES;PONTE;SIM;0
RO;BR-364;VILHENA;5;2;QUARTA-FEIRA;2;0;11;09H-11H;MANHA;PLENO DIA;REAÇÃO TARDIA OU INEFICIENTE DO CONDUTOR;COLISÃO TRANSVERSAL;NUBLADO;DUPLA;"INTERSEÇÃO DE VIAS;ROTATÓRIA";SIM;0
RN;BR-101;NATAL;5;2;QUARTA-FEIRA;2;0;12;12H-14H;TARDE;PLENO DIA;AUSÊNCIA DE REAÇÃO DO CONDUTOR;COLISÃO TRASEIRA;CÉU CLARO;DUPLA;RETA;NÃO;0
RJ;BR-356;CARDOSO MOREIRA;5;2;QUARTA-FEIRA;2;0;10;09H-11H;MANHA;PLENO DIA;RETORNO PROIBIDO;COLISÃO TRANSVERSAL;CÉU CLARO;SIMPLES;CURVA;NÃO;0
SP;BR-116;GUARULHOS;5;2;QUARTA-FEIRA;2;0;14;12H-14H;TARDE;PLENO DIA;ACUMULO DE AREIA OU DETRITOS SOBRE O PAVIMENTO;TOMBAMENTO;CÉU CLARO;MÚLTIPLA;RETA;SIM;0
RO;BR-364;ARIQUEMES;5;2;QUARTA-FEIRA;2;0;11;09H-11H;MANHA;PLENO DIA;PISTA ESCORREGADIA;TOMBAMENTO;NUBLADO;SIMPLES;"RETA;ACLIVE";NÃO;0
MG;BR-381;POUSO ALEGRE;5;2;QUARTA-FEIRA;2;0;14;12H-14H;TARDE;PLENO DIA;REAÇÃO TARDIA OU INEFICIENTE DO CONDUTOR;SAÍDA DE LEITO CARROÇÁVEL;CÉU CLARO;DUPLA;RETA;NÃO;0
MA;BR-330;BALSAS;5;2;QUARTA-FEIRA;2;0;10;09H-11H;MANHA;PLENO DIA;ULTRAPASSAGEM INDEVIDA;SAÍDA DE LEITO CARROÇÁVEL;CÉU CLARO;SIMPLES;RETA;NÃO;0
PR;BR-116;CURITIBA;5;2;QUARTA-FEIRA;2;0;15;15H-17H;TARDE;PLENO DIA;CONDUTOR DEIXOU DE MANTER DISTÂNCIA DO VEÍCULO DA FRENTE;COLISÃO TRASEIRA;NUBLADO;DUPLA;RETA;SIM;0
SP;BR-116;ARUJA;5;2;QUARTA-FEIRA;2;0;15;15H-17H;TARDE;PLENO DIA;REAÇÃO TARDIA OU INEFICIENTE DO CONDUTOR;TOMBAMENTO;CÉU CLARO;MÚLTIPLA;"RETA;DECLIVE";NÃO;0
PB;BR-230;JOAO PESSOA;5;2;QUARTA-FEIRA;2;0;7;06H-08H;MANHA;PLENO DIA;FREAR BRUSCAMENTE;QUEDA DE OCUPANTE DE VEÍCULO;CÉU CLARO;MÚLTIPLA;CURVA;SIM;0
RS;BR-116;CAXIAS DO SUL;5;2;QUARTA-FEIRA;2;0;15;15H-17H;TARDE;PLENO DIA;DEFICIÊNCIA DO SISTEMA DE ILUMINAÇÃO/SINALIZAÇÃO;ATROPELAMENTO DE PEDESTRE;CHUVA;DUPLA;"RETA;RETORNO REGULAMENTADO";SIM;0
SP;BR-101;UBATUBA;5;2;QUARTA-FEIRA;2;0;15;15H-17H;TARDE;PLENO DIA;ESTACIONAR OU PARAR EM LOCAL PROIBIDO;EVENTOS ATÍPICOS;NUBLADO;SIMPLES;"RETA;ACLIVE";NÃO;0
PI;BR-316;MONSENHOR GIL;5;2;QUARTA-FEIRA;2;0;14;12H-14H;TARDE;PLENO DIA;ACESSAR A VIA SEM OBSERVAR A PRESENÇA DOS OUTROS VEÍCULOS;COLISÃO TRANSVERSAL;CÉU CLARO;SIMPLES;INTERSEÇÃO DE VIAS;NÃO;0
PR;BR-376;MAUA DA SERRA;5;2;QUARTA-FEIRA;2;0;16;15H-17H;TARDE;PLENO DIA;CHUVA;SAÍDA DE LEITO CARROÇÁVEL;GAROA/CHUVISCO;DUPLA;"CURVA;ACLIVE";NÃO;0
PR;BR-153;CONSELHEIRO MAIRINCK;5;2;QUARTA-FEIRA;2;0;16;15H-17H;TARDE;PLENO DIA;VELOCIDADE INCOMPATÍVEL;SAÍDA DE LEITO CARROÇÁVEL;CHUVA;SIMPLES;INTERSEÇÃO DE VIAS;NÃO;0
ES;BR-101;JAGUARE;3;1;SÁBADO;5;1;20;18H-20H;NOITE;PLENA NOITE;AUSÊNCIA DE REAÇÃO DO CONDUTOR;COLISÃO COM OBJETO;CÉU CLARO;SIMPLES;RETA;SIM;0
SE;BR-235;NOSSA SENHORA DO SOCORRO;5;2;QUARTA-FEIRA;2;0;16;15H-17H;TARDE;PLENO DIA;TRANSITAR NO ACOSTAMENTO;COLISÃO TRASEIRA;NUBLADO;DUPLA;RETA;NÃO;0
RJ;BR-101;SILVA JARDIM;3;1;QUARTA-FEIRA;2;0;21;21H-23H;NOITE;PLENA NOITE;ILUMINAÇÃO DEFICIENTE;COLISÃO TRANSVERSAL;CÉU CLARO;DUPLA;RETA;NÃO;0
SC;BR-280;MAFRA;5;2;QUARTA-FEIRA;2;0;15;15H-17H;TARDE;PLENO DIA;AUSÊNCIA DE REAÇÃO DO CONDUTOR;SAÍDA DE LEITO CARROÇÁVEL;CHUVA;SIMPLES;"RETA;ACLIVE";NÃO;0
SE;BR-235;ITABAIANA;5;2;QUARTA-FEIRA;2;0;17;15H-17H;TARDE;PLENA NOITE;CONDUTOR DEIXOU DE MANTER DISTÂNCIA DO VEÍCULO DA FRENTE;COLISÃO TRASEIRA;CÉU CLARO;SIMPLES;RETA;NÃO;0
PB;BR-230;CAMPINA GRANDE;5;2;QUARTA-FEIRA;2;0;17;15H-17H;TARDE;ANOITECER;ACESSAR A VIA SEM OBSERVAR A PRESENÇA DOS OUTROS VEÍCULOS;COLISÃO TRANSVERSAL;CÉU CLARO;SIMPLES;RETA;SIM;0
MT;BR-070;POCONE;5;2;QUARTA-FEIRA;2;0;13;12H-14H;TARDE;PLENO DIA;ACUMULO DE ÁGUA SOBRE O PAVIMENTO;SAÍDA DE LEITO CARROÇÁVEL;CHUVA;SIMPLES;"CURVA;ACLIVE";NÃO;0
ES;BR-101;IBIRACU;5;2;QUARTA-FEIRA;2;0;17;15H-17H;TARDE;PLENA NOITE;CONDUTOR DEIXOU DE MANTER DISTÂNCIA DO VEÍCULO DA FRENTE;COLISÃO TRASEIRA;CHUVA;SIMPLES;RETA;NÃO;0
PR;BR-277;PALMEIRA;5;2;QUARTA-FEIRA;2;0;15;15H-17H;TARDE;PLENO DIA;ACESSAR A VIA SEM OBSERVAR A PRESENÇA DOS OUTROS VEÍCULOS;ATROPELAMENTO DE PEDESTRE;CHUVA;SIMPLES;RETA;NÃO;0
SC;BR-101;PALHOCA;5;2;QUARTA-FEIRA;2;0;18;18H-20H;NOITE;PLENA NOITE;REAÇÃO TARDIA OU INEFICIENTE DO CONDUTOR;COLISÃO TRASEIRA;NUBLADO;MÚLTIPLA;"VIADUTO;ACLIVE";SIM;0
RS;BR-116;SAO LEOPOLDO;5;2;QUARTA-FEIRA;2;0;17;15H-17H;TARDE;PLENA NOITE;TRAFEGAR COM MOTOCICLETA (OU SIMILAR) ENTRE AS FAIXAS;COLISÃO TRASEIRA;CHUVA;DUPLA;RETA;SIM;0
ES;BR-101;LINHARES;5;2;QUARTA-FEIRA;2;0;17;15H-17H;TARDE;ANOITECER;CONDUTOR DEIXOU DE MANTER DISTÂNCIA DO VEÍCULO DA FRENTE;COLISÃO TRASEIRA;NUBLADO;MÚLTIPLA;RETA;SIM;0
RS;BR-470;BENTO GONCALVES;5;2;QUARTA-FEIRA;2;0;18;18H-20H;NOITE;PLENA NOITE;ACESSAR A VIA SEM OBSERVAR A PRESENÇA DOS OUTROS VEÍCULOS;COLISÃO TRANSVERSAL;CHUVA;DUPLA;ROTATÓRIA;SIM;0
RJ;BR-101;CAMPOS DOS GOYTACAZES;5;2;QUARTA-FEIRA;2;0;18;18H-20H;NOITE;PLENA NOITE;ACESSAR A VIA SEM OBSERVAR A PRESENÇA DOS OUTROS VEÍCULOS;COLISÃO TRANSVERSAL;CÉU CLARO;SIMPLES;RETA;SIM;0
RJ;BR-116;NOVA IGUACU;5;2;QUARTA-FEIRA;2;0;18;18H-20H;NOITE;PLENA NOITE;MANOBRA DE MUDANÇA DE FAIXA;COLISÃO TRASEIRA;CÉU CLARO;MÚLTIPLA;RETA;SIM;0
ES;BR-101;SERRA;5;2;QUARTA-FEIRA;2;0;18;18H-20H;NOITE;ANOITECER;AUSÊNCIA DE REAÇÃO DO CONDUTOR;COLISÃO TRASEIRA;CHUVA;MÚLTIPLA;INTERSEÇÃO DE VIAS;SIM;0
MG;BR-381;POUSO ALEGRE;5;2;QUARTA-FEIRA;2;0;18;18H-20H;NOITE;PLENA NOITE;TRANSITAR NO ACOSTAMENTO;COLISÃO LATERAL MESMO SENTIDO;NUBLADO;DUPLA;RETA;NÃO;0
RS;BR-290;PORTO ALEGRE;5;2;QUARTA-FEIRA;2;0;18;18H-20H;NOITE;PLENA NOITE;REAÇÃO TARDIA OU INEFICIENTE DO CONDUTOR;COLISÃO TRASEIRA;CHUVA;MÚLTIPLA;RETA;SIM;0
RN;BR-406;TAIPU;5;2;QUARTA-FEIRA;2;0;17;15H-17H;TARDE;ANOITECER;AUSÊNCIA DE REAÇÃO DO CONDUTOR;COLISÃO TRASEIRA;CÉU CLARO;SIMPLES;RETA;NÃO;0
RN;BR-101;NATAL;5;2;QUARTA-FEIRA;2;0;19;18H-20H;NOITE;PLENA NOITE;FREAR BRUSCAMENTE;QUEDA DE OCUPANTE DE VEÍCULO;NUBLADO;DUPLA;RETA;SIM;1
SP;BR-153;ONDA VERDE;5;2;QUARTA-FEIRA;2;0;18;18H-20H;NOITE;PLENA NOITE;AVARIAS E/OU DESGASTE EXCESSIVO NO PNEU;SAÍDA DE LEITO CARROÇÁVEL;GAROA/CHUVISCO;SIMPLES;"RETA;ACLIVE";NÃO;0
DF;BR-060;BRASILIA;5;2;QUARTA-FEIRA;2;0;18;18H-20H;NOITE;PLENA NOITE;AUSÊNCIA DE REAÇÃO DO CONDUTOR;COLISÃO TRASEIRA;CÉU CLARO;DUPLA;RETA;NÃO;0
SP;BR-381;MAIRIPORA;5;2;QUARTA-FEIRA;2;0;19;18H-20H;NOITE;PLENA NOITE;CONDUTOR DEIXOU DE MANTER DISTÂNCIA DO VEÍCULO DA FRENTE;COLISÃO LATERAL MESMO SENTIDO;NUBLADO;DUPLA;"RETA;ACLIVE";SIM;0
MG;BR-267;JUIZ DE FORA;5;2;QUARTA-FEIRA;2;0;19;18H-20H;NOITE;PLENA NOITE;ENTRADA INOPINADA DO PEDESTRE;ATROPELAMENTO DE PEDESTRE;NUBLADO;SIMPLES;RETA;NÃO;1
AC;BR-364;RIO BRANCO;5;2;QUARTA-FEIRA;2;0;17;15H-17H;TARDE;ANOITECER;CONVERSÃO PROIBIDA;COLISÃO TRANSVERSAL;CÉU CLARO;DUPLA;RETA;NÃO;0
PE;BR-232;CARUARU;5;2;QUARTA-FEIRA;2;0;19;18H-20H;NOITE;PLENA NOITE;ACESSAR A VIA SEM OBSERVAR A PRESENÇA DOS OUTROS VEÍCULOS;COLISÃO TRANSVERSAL;CÉU CLARO;DUPLA;RETA;NÃO;0
RS;BR-470;NOVA PRATA;5;2;QUARTA-FEIRA;2;0;19;18H-20H;NOITE;PLENA NOITE;DESRESPEITAR A PREFERÊNCIA NO CRUZAMENTO;COLISÃO TRANSVERSAL;CHUVA;SIMPLES;"INTERSEÇÃO DE VIAS;RETA";SIM;0
SC;BR-470;RIO DO SUL;5;2;QUARTA-FEIRA;2;0;19;18H-20H;NOITE;PLENA NOITE;ACESSAR A VIA SEM OBSERVAR A PRESENÇA DOS OUTROS VEÍCULOS;COLISÃO TRANSVERSAL;GAROA/CHUVISCO;SIMPLES;"RETA;INTERSEÇÃO DE VIAS";SIM;0
MG;BR-040;RIBEIRAO DAS NEVES;5;2;QUARTA-FEIRA;2;0;19;18H-20H;NOITE;PLENA NOITE;ACESSAR A VIA SEM OBSERVAR A PRESENÇA DOS OUTROS VEÍCULOS;COLISÃO TRANSVERSAL;CÉU CLARO;DUPLA;"RETA;RETORNO REGULAMENTADO";NÃO;0
SC;BR-470;INDAIAL;5;2;QUARTA-FEIRA;2;0;19;18H-20H;NOITE;PLENA NOITE;PEDESTRE ANDAVA NA PISTA;ATROPELAMENTO DE PEDESTRE;NUBLADO;SIMPLES;RETORNO REGULAMENTADO;SIM;0
RJ;BR-393;VOLTA REDONDA;5;2;QUARTA-FEIRA;2;0;18;18H-20H;NOITE;PLENA NOITE;CONDUTOR DEIXOU DE MANTER DISTÂNCIA DO VEÍCULO DA FRENTE;COLISÃO TRASEIRA;NUBLADO;SIMPLES;RETA;SIM;0
TO;BR-153;GUARAI;5;2;QUARTA-FEIRA;2;0;20;18H-20H;NOITE;PLENA NOITE;ACESSAR A VIA SEM OBSERVAR A PRESENÇA DOS OUTROS VEÍCULOS;COLISÃO TRANSVERSAL;CÉU CLARO;DUPLA;INTERSEÇÃO DE VIAS;SIM;0
MA;BR-316;TIMON;5;2;QUARTA-FEIRA;2;0;19;18H-20H;NOITE;PLENA NOITE;ACESSAR A VIA SEM OBSERVAR A PRESENÇA DOS OUTROS VEÍCULOS;ATROPELAMENTO DE PEDESTRE;CÉU CLARO;MÚLTIPLA;"RETA;ACLIVE";SIM;1
RJ;BR-101;SAO GONCALO;5;2;QUARTA-FEIRA;2;0;2;00H-02H;MADRUGADA;PLENA NOITE;AUSÊNCIA DE SINALIZAÇÃO;COLISÃO LATERAL MESMO SENTIDO;CÉU CLARO;DUPLA;RETA;NÃO;0
RJ;BR-493;SEROPEDICA;5;2;QUARTA-FEIRA;2;0;20;18H-20H;NOITE;PLENA NOITE;AUSÊNCIA DE REAÇÃO DO CONDUTOR;SAÍDA DE LEITO CARROÇÁVEL;CÉU CLARO;DUPLA;CURVA;NÃO;0
PR;BR-376;APUCARANA;5;2;QUARTA-FEIRA;2;0;20;18H-20H;NOITE;PLENA NOITE;PEDESTRE ANDAVA NA PISTA;ATROPELAMENTO DE PEDESTRE;GAROA/CHUVISCO;DUPLA;"DECLIVE;RETA";NÃO;1
RJ;BR-040;PETROPOLIS;5;2;QUARTA-FEIRA;2;0;19;18H-20H;NOITE;PLENA NOITE;REAÇÃO TARDIA OU INEFICIENTE DO CONDUTOR;COLISÃO COM OBJETO;CÉU CLARO;DUPLA;"CURVA;DECLIVE";NÃO;0
MT;BR-364;RONDONOPOLIS;5;2;QUARTA-FEIRA;2;0;19;18H-20H;NOITE;PLENA NOITE;CHUVA;COLISÃO COM OBJETO;CHUVA;DUPLA;RETA;NÃO;0
TO;BR-153;GURUPI;5;2;QUARTA-FEIRA;2;0;21;21H-23H;NOITE;PLENA NOITE;AUSÊNCIA DE REAÇÃO DO CONDUTOR;ATROPELAMENTO DE ANIMAL;CÉU CLARO;SIMPLES;DECLIVE;NÃO;0
SC;BR-282;PALHOCA;5;2;QUARTA-FEIRA;2;0;20;18H-20H;NOITE;PLENA NOITE;AUSÊNCIA DE REAÇÃO DO CONDUTOR;QUEDA DE OCUPANTE DE VEÍCULO;CÉU CLARO;SIMPLES;RETA;SIM;0
AC;BR-364;RIO BRANCO;5;2;QUARTA-FEIRA;2;0;19;18H-20H;NOITE;PLENA NOITE;REAÇÃO TARDIA OU INEFICIENTE DO CONDUTOR;COLISÃO TRASEIRA;NUBLADO;DUPLA;ROTATÓRIA;NÃO;0
BA;BR-324;SALVADOR;5;2;SEGUNDA-FEIRA;0;0;6;06H-08H;MANHA;PLENO DIA;MANOBRA DE MUDANÇA DE FAIXA;COLISÃO LATERAL MESMO SENTIDO;SOL;MÚLTIPLA;RETA;SIM;0
RJ;BR-393;VASSOURAS;5;2;QUARTA-FEIRA;2;0;19;18H-20H;NOITE;PLENA NOITE;MAL SÚBITO DO CONDUTOR;QUEDA DE OCUPANTE DE VEÍCULO;CÉU CLARO;SIMPLES;RETA;SIM;0
SC;BR-101;BALNEARIO PICARRAS;5;2;QUARTA-FEIRA;2;0;20;18H-20H;NOITE;PLENA NOITE;VELOCIDADE INCOMPATÍVEL;COLISÃO COM OBJETO;CÉU CLARO;SIMPLES;RETA;NÃO;0
SC;BR-282;XAXIM;5;2;QUARTA-FEIRA;2;0;17;15H-17H;TARDE;PLENO DIA;ULTRAPASSAGEM INDEVIDA;COLISÃO FRONTAL;CHUVA;SIMPLES;"CURVA;ACLIVE";NÃO;1
MG;BR-459;POUSO ALEGRE;5;2;QUARTA-FEIRA;2;0;23;21H-23H;NOITE;PLENA NOITE;DEMAIS FALHAS MECÂNICAS OU ELÉTRICAS;INCÊNDIO;NUBLADO;SIMPLES;CURVA;NÃO;0
RJ;BR-101;ITAGUAI;5;2;QUARTA-FEIRA;2;0;22;21H-23H;NOITE;PLENA NOITE;AVARIAS E/OU DESGASTE EXCESSIVO NO PNEU;QUEDA DE OCUPANTE DE VEÍCULO;NUBLADO;DUPLA;RETA;NÃO;0
GO;BR-153;ITUMBIARA;5;2;QUARTA-FEIRA;2;0;22;21H-23H;NOITE;PLENA NOITE;CONDUTOR DORMINDO;SAÍDA DE LEITO CARROÇÁVEL;GAROA/CHUVISCO;DUPLA;VIADUTO;SIM;0
BA;BR-101;EUNAPOLIS;5;2;QUARTA-FEIRA;2;0;21;21H-23H;NOITE;PLENA NOITE;TRANSITAR NA CONTRAMÃO;COLISÃO FRONTAL;NEVOEIRO/NEBLINA;SIMPLES;CURVA;NÃO;1
MT;BR-174;PONTES E LACERDA;5;2;QUARTA-FEIRA;2;0;18;18H-20H;NOITE;PLENA NOITE;ACESSAR A VIA SEM OBSERVAR A PRESENÇA DOS OUTROS VEÍCULOS;COLISÃO TRANSVERSAL;IGNORADO;SIMPLES;RETA;SIM;0
PR;BR-277;PARANAGUA;5;2;QUINTA-FEIRA;3;0;0;00H-02H;MADRUGADA;PLENA NOITE;ILUMINAÇÃO DEFICIENTE;COLISÃO TRASEIRA;NUBLADO;SIMPLES;RETA;SIM;0
BA;BR-116;BOA NOVA;5;2;QUARTA-FEIRA;2;0;21;21H-23H;NOITE;PLENA NOITE;VELOCIDADE INCOMPATÍVEL;COLISÃO TRASEIRA;NUBLADO;SIMPLES;"DECLIVE;RETA";NÃO;0
MG;BR-116;CACHOEIRA DE PAJEU;5;2;QUARTA-FEIRA;2;0;23;21H-23H;NOITE;PLENA NOITE;INGESTÃO DE ÁLCOOL PELO CONDUTOR;COLISÃO FRONTAL;NUBLADO;SIMPLES;CURVA;NÃO;1
PR;BR-277;MEDIANEIRA;5;2;QUINTA-FEIRA;3;0;1;00H-02H;MADRUGADA;PLENA NOITE;ANIMAIS NA PISTA;ATROPELAMENTO DE ANIMAL;CÉU CLARO;DUPLA;DECLIVE;NÃO;0
TO;BR-235;FORTALEZA DO TABOCAO;5;2;QUINTA-FEIRA;3;0;4;03H-05H;MADRUGADA;PLENA NOITE;CONDUTOR DEIXOU DE MANTER DISTÂNCIA DO VEÍCULO DA FRENTE;COLISÃO TRASEIRA;CÉU CLARO;SIMPLES;RETA;NÃO;0
RJ;BR-116;BARRA MANSA;5;2;QUINTA-FEIRA;3;0;0;00H-02H;MADRUGADA;PLENA NOITE;MANOBRA DE MUDANÇA DE FAIXA;QUEDA DE OCUPANTE DE VEÍCULO;CÉU CLARO;SIMPLES;CURVA;NÃO;0
RJ;BR-101;RIO DE JANEIRO;5;2;QUARTA-FEIRA;2;0;20;18H-20H;NOITE;PLENA NOITE;ESTACIONAR OU PARAR EM LOCAL PROIBIDO;TOMBAMENTO;NUBLADO;DUPLA;"PONTE;CURVA";SIM;0
SP;BR-116;SAO PAULO;5;2;QUINTA-FEIRA;3;0;5;03H-05H;MADRUGADA;AMANHECER;ACESSAR A VIA SEM OBSERVAR A PRESENÇA DOS OUTROS VEÍCULOS;ATROPELAMENTO DE PEDESTRE;NUBLADO;MÚLTIPLA;"RETA;EM OBRAS";SIM;0
SP;BR-381;MAIRIPORA;5;2;QUINTA-FEIRA;3;0;5;03H-05H;MADRUGADA;AMANHECER;DEMAIS FALHAS MECÂNICAS OU ELÉTRICAS;INCÊNDIO;CHUVA;DUPLA;RETA;NÃO;0
PR;BR-277;MEDIANEIRA;5;2;QUINTA-FEIRA;3;0;5;03H-05H;MADRUGADA;PLENA NOITE;AUSÊNCIA DE REAÇÃO DO CONDUTOR;COLISÃO TRASEIRA;NUBLADO;DUPLA;ACLIVE;SIM;0
SC;BR-470;NAVEGANTES;5;2;QUARTA-FEIRA;2;0;21;21H-23H;NOITE;PLENA NOITE;TRANSITAR NA CONTRAMÃO;TOMBAMENTO;NUBLADO;DUPLA;RETA;NÃO;0
GO;BR-158;JATAI;5;2;QUINTA-FEIRA;3;0;6;06H-08H;MANHA;AMANHECER;TRANSITAR NA CONTRAMÃO;COLISÃO FRONTAL;NEVOEIRO/NEBLINA;SIMPLES;RETA;NÃO;0
PE;BR-232;POMBOS;5;2;QUINTA-FEIRA;3;0;6;06H-08H;MANHA;PLENO DIA;PEDESTRE CRUZAVA A PISTA FORA DA FAIXA;ATROPELAMENTO DE PEDESTRE;SOL;DUPLA;RETA;NÃO;1
RN;BR-304;MOSSORO;5;2;QUINTA-FEIRA;3;0;7;06H-08H;MANHA;PLENO DIA;ACESSAR A VIA SEM OBSERVAR A PRESENÇA DOS OUTROS VEÍCULOS;EVENTOS ATÍPICOS;CÉU CLARO;SIMPLES;RETA;SIM;0
RJ;BR-101;RIO DE JANEIRO;5;2;QUINTA-FEIRA;3;0;6;06H-08H;MANHA;PLENO DIA;DEMAIS FALHAS MECÂNICAS OU ELÉTRICAS;INCÊNDIO;NUBLADO;DUPLA;RETA;SIM;0