uf;br_formatada;municipio;mes;trimestre;dia_semana;dia_semana_num;fim_de_semana;hora;faixa_horaria;turno;fase_dia;causa_acidente;tipo_acidente;condicao_metereologica;tipo_pista;tracado_via;uso_solo;acidente_fatal
PB;BR-230;SAO MAMEDE;6;2;QUINTA-FEIRA;3;0;18;18H-20H;NOITE;PLENA NOITE;ANIMAIS NA PISTA;ATROPELAMENTO DE ANIMAL;CÉU CLARO;SIMPLES;RETA;NÃO;0
MS;BR-262;DOIS IRMAOS DO BURITI;6;2;QUINTA-FEIRA;3;0;18;18H-20H;NOITE;ANOITECER;REAÇÃO TARDIA OU INEFICIENTE DO CONDUTOR;COLISÃO FRONTAL;NUBLADO;SIMPLES;"RETA;DECLIVE";NÃO;0
PE;BR-101;RECIFE;6;2;QUINTA-FEIRA;3;0;18;18H-20H;NOITE;PLENA NOITE;TRANSITAR NO ACOSTAMENTO;COLISÃO LATERAL MESMO SENTIDO;CÉU CLARO;DUPLA;RETA;SIM;0
MS;BR-163;NOVA ALVORADA DO SUL;6;2;QUINTA-FEIRA;3;0;18;18H-20H;NOITE;PLENA NOITE;ANIMAIS NA PISTA;ATROPELAMENTO DE ANIMAL;CÉU CLARO;SIMPLES;RETA;NÃO;0
MT;BR-163;SINOP;6;2;QUINTA-FEIRA;3;0;17;15H-17H;TARDE;PLENO DIA;MANOBRA DE MUDANÇA DE FAIXA;COLISÃO LATERAL MESMO SENTIDO;CÉU CLARO;SIMPLES;RETA;SIM;0
PE;BR-408;CARPINA;6;2;QUINTA-FEIRA;3;0;17;15H-17H;TARDE;ANOITECER;AUSÊNCIA DE REAÇÃO DO CONDUTOR;COLISÃO TRANSVERSAL;NUBLADO;MÚLTIPLA;"INTERSEÇÃO DE VIAS;RETA";SIM;0
MS;BR-158;CASSILANDIA;6;2;QUINTA-FEIRA;3;0;18;18H-20H;NOITE;PLENA NOITE;AUSÊNCIA DE REAÇÃO DO CONDUTOR;COLISÃO TRASEIRA;CÉU CLARO;SIMPLES;RETA;NÃO;0
MG;BR-381;CONTAGEM;6;2;QUINTA-FEIRA;3;0;19;18H-20H;NOITE;PLENA NOITE;AUSÊNCIA DE REAÇÃO DO CONDUTOR;COLISÃO LATERAL MESMO SENTIDO;CÉU CLARO;DUPLA;RETA;SIM;0
SC;BR-116;LAGES;6;2;QUINTA-FEIRA;3;0;18;18H-20H;NOITE;PLENA NOITE;DESRESPEITAR A PREFERÊNCIA NO CRUZAMENTO;COLISÃO TRANSVERSAL;NUBLADO;MÚLTIPLA;"INTERSEÇÃO DE VIAS;ROTATÓRIA";NÃO;0
DF;BR-020;BRASILIA;6;2;QUINTA-FEIRA;3;0;18;18H-20H;NOITE;PLENA NOITE;ACESSAR A VIA SEM OBSERVAR A PRESENÇA DOS OUTROS VEÍCULOS;COLISÃO TRANSVERSAL;CÉU CLARO;DUPLA;INTERSEÇÃO DE VIAS;SIM;0
SC;BR-101;ICARA;6;2;QUINTA-FEIRA;3;0;16;15H-17H;TARDE;PLENO DIA;DESRESPEITAR A PREFERÊNCIA NO CRUZAMENTO;COLISÃO TRANSVERSAL;GAROA/CHUVISCO;SIMPLES;"INTERSEÇÃO DE VIAS;DECLIVE;VIADUTO";NÃO;0
RJ;BR-116;NOVA IGUACU;6;2;QUINTA-FEIRA;3;0;18;18H-20H;NOITE;PLENA NOITE;CONDUTOR DEIXOU DE MANTER DISTÂNCIA DO VEÍCULO DA FRENTE;COLISÃO TRASEIRA;CÉU CLARO;MÚLTIPLA;RETA;SIM;0
SC;BR-101;BIGUACU;6;2;QUINTA-FEIRA;3;0;20;18H-20H;NOITE;PLENA NOITE;AUSÊNCIA DE REAÇÃO DO CONDUTOR;TOMBAMENTO;NUBLADO;MÚLTIPLA;RETA;NÃO;0
MG;BR-381;TRES CORACOES;6;2;QUINTA-FEIRA;3;0;19;18H-20H;NOITE;PLENA NOITE;AUSÊNCIA DE REAÇÃO DO CONDUTOR;QUEDA DE OCUPANTE DE VEÍCULO;CÉU CLARO;DUPLA;RETA;SIM;0
ES;BR-101;SERRA;6;2;QUINTA-FEIRA;3;0;20;18H-20H;NOITE;PLENA NOITE;AUSÊNCIA DE REAÇÃO DO CONDUTOR;QUEDA DE OCUPANTE DE VEÍCULO;NUBLADO;DUPLA;RETA;SIM;1
RJ;BR-116;SAO JOAO DE MERITI;6;2;QUINTA-FEIRA;3;0;20;18H-20H;NOITE;PLENA NOITE;AUSÊNCIA DE REAÇÃO DO CONDUTOR;COLISÃO TRASEIRA;CÉU CLARO;DUPLA;RETA;SIM;0
BA;BR-242;CRISTOPOLIS;6;2;QUINTA-FEIRA;3;0;16;15H-17H;TARDE;PLENO DIA;ENTRADA INOPINADA DO PEDESTRE;ATROPELAMENTO DE PEDESTRE;CÉU CLARO;SIMPLES;"RETA;ACLIVE";NÃO;0
PE;BR-101;RECIFE;6;2;QUINTA-FEIRA;3;0;19;18H-20H;NOITE;PLENA NOITE;CONDUTOR DEIXOU DE MANTER DISTÂNCIA DO VEÍCULO DA FRENTE;COLISÃO TRASEIRA;NUBLADO;DUPLA;VIADUTO;NÃO;0
SC;BR-101;BALNEARIO CAMBORIU;6;2;QUINTA-FEIRA;3;0;21;21H-23H;NOITE;PLENA NOITE;MANOBRA DE MUDANÇA DE FAIXA;COLISÃO LATERAL MESMO SENTIDO;NUBLADO;DUPLA;"TÚNEL;RETA";NÃO;0
GO;BR-153;ITUMBIARA;6;2;QUINTA-FEIRA;3;0;18;18H-20H;NOITE;PLENA NOITE;PEDESTRE ANDAVA NA PISTA;ATROPELAMENTO DE PEDESTRE;IGNORADO;SIMPLES;RETA;SIM;0
MG;BR-262;MARTINS SOARES;6;2;QUINTA-FEIRA;3;0;17;15H-17H;TARDE;ANOITECER;ACESSAR A VIA SEM OBSERVAR A PRESENÇA DOS OUTROS VEÍCULOS;COLISÃO TRANSVERSAL;CÉU CLARO;SIMPLES;"RETA;INTERSEÇÃO DE VIAS";NÃO;0
CE;BR-222;TIANGUA;6;2;QUINTA-FEIRA;3;0;21;21H-23H;NOITE;PLENA NOITE;ACESSAR A VIA SEM OBSERVAR A PRESENÇA DOS OUTROS VEÍCULOS;COLISÃO TRANSVERSAL;NUBLADO;SIMPLES;"RETA;INTERSEÇÃO DE VIAS";SIM;0
SP;BR-116;ITAPECERICA DA SERRA;6;2;QUINTA-FEIRA;3;0;22;21H-23H;NOITE;PLENA NOITE;REAÇÃO TARDIA OU INEFICIENTE DO CONDUTOR;COLISÃO LATERAL MESMO SENTIDO;CÉU CLARO;DUPLA;RETA;NÃO;0
SC;BR-101;PORTO BELO;6;2;QUINTA-FEIRA;3;0;22;21H-23H;NOITE;PLENA NOITE;ANIMAIS NA PISTA;ATROPELAMENTO DE ANIMAL;CÉU CLARO;MÚLTIPLA;RETA;SIM;0
MG;BR-381;GOVERNADOR VALADARES;6;2;QUINTA-FEIRA;3;0;21;21H-23H;NOITE;PLENA NOITE;INGESTÃO DE ÁLCOOL PELO CONDUTOR;TOMBAMENTO;CÉU CLARO;SIMPLES;RETA;NÃO;0
ES;BR-101;LINHARES;6;2;QUINTA-FEIRA;3;0;23;21H-23H;NOITE;PLENA NOITE;DEMAIS FALHAS MECÂNICAS OU ELÉTRICAS;TOMBAMENTO;CÉU CLARO;SIMPLES;RETA;NÃO;0
GO;BR-153;CAMPINORTE;6;2;QUINTA-FEIRA;3;0;16;15H-17H;TARDE;PLENO DIA;REAÇÃO TARDIA OU INEFICIENTE DO CONDUTOR;COLISÃO TRANSVERSAL;CÉU CLARO;SIMPLES;RETA;SIM;0
PA;BR-010;PARAGOMINAS;6;2;QUINTA-FEIRA;3;0;19;18H-20H;NOITE;ANOITECER;AUSÊNCIA DE REAÇÃO DO CONDUTOR;COLISÃO FRONTAL;CÉU CLARO;SIMPLES;RETA;NÃO;0
PI;BR-343;TERESINA;6;2;SEXTA-FEIRA;4;0;1;00H-02H;MADRUGADA;PLENA NOITE;ACUMULO DE AREIA OU DETRITOS SOBRE O PAVIMENTO;QUEDA DE OCUPANTE DE VEÍCULO;CÉU CLARO;DUPLA;CURVA;SIM;0
PB;BR-101;BAYEUX;6;2;SEXTA-FEIRA;4;0;0;00H-02H;MADRUGADA;PLENA NOITE;VELOCIDADE INCOMPATÍVEL;CAPOTAMENTO;CÉU CLARO;DUPLA;RETA;SIM;0
DF;BR-040;BRASILIA;6;2;QUINTA-FEIRA;3;0;19;18H-20H;NOITE;PLENA NOITE;CONDUTOR DEIXOU DE MANTER DISTÂNCIA DO VEÍCULO DA FRENTE;QUEDA DE OCUPANTE DE VEÍCULO;CÉU CLARO;DUPLA;RETA;SIM;0
ES;BR-101;SERRA;6;2;SEXTA-FEIRA;4;0;3;03H-05H;MADRUGADA;PLENA NOITE;INGESTÃO DE ÁLCOOL PELO CONDUTOR;COLISÃO COM OBJETO;CÉU CLARO;MÚLTIPLA;INTERSEÇÃO DE VIAS;SIM;0
MG;BR-365;ITUIUTABA;6;2;SEXTA-FEIRA;4;0;3;03H-05H;MADRUGADA;PLENA NOITE;REAÇÃO TARDIA OU INEFICIENTE DO CONDUTOR;SAÍDA DE LEITO CARROÇÁVEL;CÉU CLARO;DUPLA;"RETA;INTERSEÇÃO DE VIAS;RETORNO REGULAMENTADO";NÃO;0
SC;BR-280;ARAQUARI;6;2;SEXTA-FEIRA;4;0;4;03H-05H;MADRUGADA;PLENA NOITE;VELOCIDADE INCOMPATÍVEL;CAPOTAMENTO;NUBLADO;SIMPLES;CURVA;NÃO;0
CE;BR-116;HORIZONTE;6;2;SEXTA-FEIRA;4;0;5;03H-05H;MADRUGADA;AMANHECER;TRANSITAR NO ACOSTAMENTO;COLISÃO FRONTAL;NUBLADO;DUPLA;CURVA;SIM;0
AL;BR-316;ATALAIA;6;2;SEXTA-FEIRA;4;0;4;03H-05H;MADRUGADA;PLENA NOITE;AUSÊNCIA DE REAÇÃO DO CONDUTOR;COLISÃO TRASEIRA;CÉU CLARO;SIMPLES;RETA;NÃO;0
CE;BR-116;HORIZONTE;6;2;SEXTA-FEIRA;4;0;6;06H-08H;MANHA;PLENO DIA;CONDUTOR DEIXOU DE MANTER DISTÂNCIA DO VEÍCULO DA FRENTE;COLISÃO TRASEIRA;CÉU CLARO;MÚLTIPLA;CURVA;SIM;0
PB;BR-230;JOAO PESSOA;6;2;SEXTA-FEIRA;4;0;6;06H-08H;MANHA;PLENO DIA;REAÇÃO TARDIA OU INEFICIENTE DO CONDUTOR;QUEDA DE OCUPANTE DE VEÍCULO;SOL;DUPLA;"RETA;ACLIVE";SIM;0
PR;BR-153;REBOUCAS;6;2;QUINTA-FEIRA;3;0;23;21H-23H;NOITE;PLENA NOITE;TRANSTORNOS MENTAIS (EXCETO SUICIDIO);QUEDA DE OCUPANTE DE VEÍCULO;CÉU CLARO;SIMPLES;RETA;NÃO;0
PR;BR-376;MARINGA;6;2;SEXTA-FEIRA;4;0;6;06H-08H;MANHA;PLENO DIA;REAÇÃO TARDIA OU INEFICIENTE DO CONDUTOR;QUEDA DE OCUPANTE DE VEÍCULO;NUBLADO;DUPLA;RETA;NÃO;0
RS;BR-158;ROSARIO DO SUL;6;2;SEXTA-FEIRA;4;0;6;06H-08H;MANHA;AMANHECER;AUSÊNCIA DE REAÇÃO DO CONDUTOR;SAÍDA DE LEITO CARROÇÁVEL;NEVOEIRO/NEBLINA;SIMPLES;INTERSEÇÃO DE VIAS;NÃO;0
SC;BR-280;ARAQUARI;6;2;SEXTA-FEIRA;4;0;6;06H-08H;MANHA;AMANHECER;ACESSAR A VIA SEM OBSERVAR A PRESENÇA DOS OUTROS VEÍCULOS;COLISÃO TRANSVERSAL;CÉU CLARO;SIMPLES;RETA;SIM;0
MG;BR-040;RIBEIRAO DAS NEVES;6;2;SEXTA-FEIRA;4;0;6;06H-08H;MANHA;PLENO DIA;MANOBRA DE MUDANÇA DE FAIXA;COLISÃO LATERAL MESMO SENTIDO;CÉU CLARO;DUPLA;"DECLIVE;RETA";SIM;0
ES;BR-259;COLATINA;6;2;SEXTA-FEIRA;4;0;5;03H-05H;MADRUGADA;AMANHECER;ENTRADA INOPINADA DO PEDESTRE;ATROPELAMENTO DE PEDESTRE;IGNORADO;SIMPLES;RETA;NÃO;0
RJ;BR-116;SAO JOAO DE MERITI;6;2;SEXTA-FEIRA;4;0;7;06H-08H;MANHA;AMANHECER;MANOBRA DE MUDANÇA DE FAIXA;COLISÃO LATERAL MESMO SENTIDO;CÉU CLARO;MÚLTIPLA;RETA;SIM;0
RJ;BR-465;SEROPEDICA;6;2;SEXTA-FEIRA;4;0;1;00H-02H;MADRUGADA;PLENA NOITE;ULTRAPASSAGEM INDEVIDA;COLISÃO FRONTAL;CÉU CLARO;SIMPLES;RETA;SIM;0
SP;BR-153;BADY BASSITT;6;2;SEXTA-FEIRA;4;0;7;06H-08H;MANHA;PLENO DIA;AUSÊNCIA DE REAÇÃO DO CONDUTOR;COLISÃO TRASEIRA;NUBLADO;DUPLA;ACLIVE;SIM;0
MS;BR-376;IVINHEMA;6;2;SEXTA-FEIRA;4;0;5;03H-05H;MADRUGADA;PLENO DIA;AUSÊNCIA DE REAÇÃO DO CONDUTOR;SAÍDA DE LEITO CARROÇÁVEL;CÉU CLARO;SIMPLES;RETA;NÃO;1
CE;BR-116;FORTALEZA;6;2;SEXTA-FEIRA;4;0;7;06H-08H;MANHA;PLENO DIA;REAÇÃO TARDIA OU INEFICIENTE DO CONDUTOR;COLISÃO TRASEIRA;SOL;MÚLTIPLA;RETA;SIM;0
RN;BR-101;PARNAMIRIM;6;2;SEXTA-FEIRA;4;0;7;06H-08H;MANHA;PLENO DIA;AUSÊNCIA DE REAÇÃO DO CONDUTOR;COLISÃO TRASEIRA;CÉU CLARO;DUPLA;RETA;SIM;0
MG;BR-251;FRANCISCO SA;6;2;SEXTA-FEIRA;4;0;7;06H-08H;MANHA;PLENO DIA;VELOCIDADE INCOMPATÍVEL;SAÍDA DE LEITO CARROÇÁVEL;CÉU CLARO;SIMPLES;RETA;NÃO;0
RS;BR-290;ELDORADO DO SUL;6;2;SEXTA-FEIRA;4;0;7;06H-08H;MANHA;AMANHECER;ACESSAR A VIA SEM OBSERVAR A PRESENÇA DOS OUTROS VEÍCULOS;COLISÃO TRANSVERSAL;CÉU CLARO;SIMPLES;RETA;NÃO;0
SE;BR-235;ITABAIANA;6;2;SEXTA-FEIRA;4;0;8;06H-08H;MANHA;PLENO DIA;ACESSAR A VIA SEM OBSERVAR A PRESENÇA DOS OUTROS VEÍCULOS;COLISÃO TRANSVERSAL;CHUVA;SIMPLES;RETA;SIM;0
GO;BR-060;RIO VERDE;6;2;SEXTA-FEIRA;4;0;8;06H-08H;MANHA;PLENO DIA;AUSÊNCIA DE REAÇÃO DO CONDUTOR;COLISÃO COM OBJETO;CÉU CLARO;SIMPLES;VIADUTO;SIM;0
SC;BR-116;SANTA CECILIA;6;2;QUINTA-FEIRA;3;0;17;15H-17H;TARDE;PLENO DIA;CONDUTOR DEIXOU DE MANTER DISTÂNCIA DO VEÍCULO DA FRENTE;COLISÃO TRASEIRA;GAROA/CHUVISCO;SIMPLES;"ACLIVE;RETA";SIM;0
PR;BR-376;SAO JOSE DOS PINHAIS;6;2;SEXTA-FEIRA;4;0;8;06H-08H;MANHA;PLENO DIA;REAÇÃO TARDIA OU INEFICIENTE DO CONDUTOR;TOMBAMENTO;NUBLADO;DUPLA;RETA;NÃO;0
RN;BR-110;MOSSORO;6;2;SEXTA-FEIRA;4;0;8;06H-08H;MANHA;PLENO DIA;ACESSAR A VIA SEM OBSERVAR A PRESENÇA DOS OUTROS VEÍCULOS;COLISÃO LATERAL MESMO SENTIDO;NUBLADO;DUPLA;"RETA;RETORNO REGULAMENTADO";SIM;0
PI;BR-316;TERESINA;6;2;SEXTA-FEIRA;4;0;8;06H-08H;MANHA;PLENO DIA;CONDUTOR DEIXOU DE MANTER DISTÂNCIA DO VEÍCULO DA FRENTE;COLISÃO TRASEIRA;SOL;MÚLTIPLA;RETA;SIM;0
GO;BR-070;AGUAS LINDAS DE GOIAS;6;2;SEXTA-FEIRA;4;0;8;06H-08H;MANHA;PLENO DIA;MANOBRA DE MUDANÇA DE FAIXA;COLISÃO TRASEIRA;CÉU CLARO;DUPLA;"CURVA;DECLIVE";SIM;0
GO;BR-070;AGUAS LINDAS DE GOIAS;6;2;SEXTA-FEIRA;4;0;8;06H-08H;MANHA;PLENO DIA;ACESSAR A VIA SEM OBSERVAR A PRESENÇA DOS OUTROS VEÍCULOS;COLISÃO LATERAL MESMO SENTIDO;CÉU CLARO;DUPLA;"CURVA;DECLIVE";SIM;0
RJ;BR-040;DUQUE DE CAXIAS;6;2;SEXTA-FEIRA;4;0;1;00H-02H;MADRUGADA;ANOITECER;REAÇÃO TARDIA OU INEFICIENTE DO CONDUTOR;QUEDA DE OCUPANTE DE VEÍCULO;NUBLADO;SIMPLES;CURVA;SIM;0
PR;BR-153;JAPIRA;6;2;SEXTA-FEIRA;4;0;7;06H-08H;MANHA;PLENO DIA;ACESSAR A VIA SEM OBSERVAR A PRESENÇA DOS OUTROS VEÍCULOS;COLISÃO TRANSVERSAL;NUBLADO;SIMPLES;RETA;NÃO;0
PA;BR-230;MARABA;6;2;SEXTA-FEIRA;4;0;8;06H-08H;MANHA;PLENO DIA;CONDUTOR DEIXOU DE MANTER DISTÂNCIA DO VEÍCULO DA FRENTE;COLISÃO TRASEIRA;CÉU CLARO;DUPLA;RETA;SIM;0
SC;BR-101;SAO JOSE;6;2;SEXTA-FEIRA;4;0;8;06H-08H;MANHA;PLENO DIA;AUSÊNCIA DE REAÇÃO DO CONDUTOR;COLISÃO TRASEIRA;CÉU CLARO;DUPLA;RETA;SIM;0
MG;BR-381;RIO MANSO;6;2;QUINTA-FEIRA;3;0;22;21H-23H;NOITE;PLENA NOITE;MANOBRA DE MUDANÇA DE FAIXA;SAÍDA DE LEITO CARROÇÁVEL;CÉU CLARO;DUPLA;CURVA;NÃO;0
BA;BR-324;SALVADOR;6;2;SEXTA-FEIRA;4;0;9;09H-11H;MANHA;PLENO DIA;AUSÊNCIA DE REAÇÃO DO CONDUTOR;QUEDA DE OCUPANTE DE VEÍCULO;CHUVA;DUPLA;RETA;SIM;0
BA;BR-324;SALVADOR;6;2;SEXTA-FEIRA;4;0;8;06H-08H;MANHA;PLENO DIA;TRAFEGAR COM MOTOCICLETA (OU SIMILAR) ENTRE AS FAIXAS;COLISÃO LATERAL MESMO SENTIDO;NUBLADO;DUPLA;RETA;SIM;0
MG;BR-381;JOAO MONLEVADE;6;2;SEXTA-FEIRA;4;0;10;09H-11H;MANHA;PLENO DIA;MANOBRA DE MUDANÇA DE FAIXA;COLISÃO LATERAL MESMO SENTIDO;CÉU CLARO;SIMPLES;RETA;SIM;0
SE;BR-235;NOSSA SENHORA DO SOCORRO;6;2;SEXTA-FEIRA;4;0;9;09H-11H;MANHA;PLENO DIA;AUSÊNCIA DE REAÇÃO DO CONDUTOR;COLISÃO TRASEIRA;CÉU CLARO;DUPLA;RETA;SIM;0
GO;BR-040;VALPARAISO DE GOIAS;6;2;SEXTA-FEIRA;4;0;10;09H-11H;MANHA;PLENO DIA;AUSÊNCIA DE REAÇÃO DO CONDUTOR;COLISÃO TRASEIRA;CÉU CLARO;DUPLA;RETA;SIM;0
MG;BR-356;MURIAE;6;2;SEXTA-FEIRA;4;0;8;06H-08H;MANHA;PLENO DIA;DESRESPEITAR A PREFERÊNCIA NO CRUZAMENTO;COLISÃO TRANSVERSAL;CÉU CLARO;SIMPLES;"CURVA;INTERSEÇÃO DE VIAS";SIM;0
PR;BR-116;PIRAQUARA;6;2;SEXTA-FEIRA;4;0;10;09H-11H;MANHA;PLENO DIA;REAÇÃO TARDIA OU INEFICIENTE DO CONDUTOR;SAÍDA DE LEITO CARROÇÁVEL;NUBLADO;MÚLTIPLA;"RETA;ACLIVE";SIM;0
RJ;BR-116;NOVA IGUACU;6;2;SEXTA-FEIRA;4;0;10;09H-11H;MANHA;PLENO DIA;ACESSAR A VIA SEM OBSERVAR A PRESENÇA DOS OUTROS VEÍCULOS;COLISÃO TRANSVERSAL;NUBLADO;SIMPLES;RETA;SIM;0
RJ;BR-101;SAO GONCALO;4;2;QUINTA-FEIRA;3;0;0;00H-02H;MADRUGADA;PLENA NOITE;CONDUTOR DEIXOU DE MANTER DISTÂNCIA DO VEÍCULO DA FRENTE;COLISÃO TRASEIRA;CÉU CLARO;DUPLA;RETA;SIM;0
BA;BR-407;JAGUARARI;6;2;SEXTA-FEIRA;4;0;10;09H-11H;MANHA;PLENO DIA;CONVERSÃO PROIBIDA;COLISÃO TRANSVERSAL;NUBLADO;SIMPLES;"RETA;DECLIVE";SIM;0
MG;BR-116;ITAMBACURI;6;2;SEXTA-FEIRA;4;0;9;09H-11H;MANHA;PLENO DIA;MAL SÚBITO DO CONDUTOR;SAÍDA DE LEITO CARROÇÁVEL;CÉU CLARO;SIMPLES;RETA;NÃO;0
MA;BR-316;TIMON;6;2;SEXTA-FEIRA;4;0;9;09H-11H;MANHA;PLENO DIA;DEMAIS FALHAS MECÂNICAS OU ELÉTRICAS;TOMBAMENTO;CÉU CLARO;SIMPLES;RETA;NÃO;0
SP;BR-381;ATIBAIA;6;2;SEXTA-FEIRA;4;0;11;09H-11H;MANHA;PLENO DIA;REAÇÃO TARDIA OU INEFICIENTE DO CONDUTOR;COLISÃO TRASEIRA;GAROA/CHUVISCO;DUPLA;"CURVA;DECLIVE";NÃO;0
ES;BR-101;LINHARES;6;2;SEXTA-FEIRA;4;0;12;12H-14H;TARDE;PLENO DIA;REAÇÃO TARDIA OU INEFICIENTE DO CONDUTOR;COLISÃO TRASEIRA;CÉU CLARO;SIMPLES;RETA;SIM;0
SC;BR-101;JOINVILLE;6;2;SEXTA-FEIRA;4;0;12;12H-14H;TARDE;PLENO DIA;AVARIAS E/OU DESGASTE EXCESSIVO NO PNEU;TOMBAMENTO;NUBLADO;DUPLA;CURVA;NÃO;0
MG;BR-116;SANTA BARBARA DO LESTE;6;2;SEXTA-FEIRA;4;0;13;12H-14H;TARDE;PLENO DIA;AUSÊNCIA DE REAÇÃO DO CONDUTOR;TOMBAMENTO;CÉU CLARO;SIMPLES;CURVA;NÃO;0
RJ;BR-116;NOVA IGUACU;5;2;SEGUNDA-FEIRA;0;0;9;09H-11H;MANHA;PLENO DIA;ULTRAPASSAGEM INDEVIDA;COLISÃO LATERAL MESMO SENTIDO;CÉU CLARO;DUPLA;RETA;NÃO;0
RJ;BR-116;ITATIAIA;6;2;SEXTA-FEIRA;4;0;12;12H-14H;TARDE;PLENO DIA;DEMAIS FALHAS MECÂNICAS OU ELÉTRICAS;COLISÃO TRASEIRA;CÉU CLARO;SIMPLES;RETA;NÃO;0
PI;BR-407;PAULISTANA;6;2;QUINTA-FEIRA;3;0;21;21H-23H;NOITE;PLENA NOITE;ANIMAIS NA PISTA;ATROPELAMENTO DE ANIMAL;CÉU CLARO;SIMPLES;RETA;NÃO;0
RO;BR-364;JI-PARANA;6;2;SEXTA-FEIRA;4;0;11;09H-11H;MANHA;PLENO DIA;ACESSO IRREGULAR;COLISÃO TRASEIRA;CÉU CLARO;MÚLTIPLA;"RETA;INTERSEÇÃO DE VIAS";SIM;0
RO;BR-364;OURO PRETO DO OESTE;6;2;SEXTA-FEIRA;4;0;10;09H-11H;MANHA;PLENO DIA;INGESTÃO DE ÁLCOOL PELO CONDUTOR;COLISÃO COM OBJETO;CÉU CLARO;SIMPLES;DECLIVE;NÃO;0
GO;BR-040;VALPARAISO DE GOIAS;6;2;SEXTA-FEIRA;4;0;11;09H-11H;MANHA;PLENO DIA;CONDUTOR DEIXOU DE MANTER DISTÂNCIA DO VEÍCULO DA FRENTE;ENGAVETAMENTO;CÉU CLARO;DUPLA;RETA;NÃO;0
SC;BR-280;GUARAMIRIM;6;2;SEXTA-FEIRA;4;0;13;12H-14H;TARDE;PLENO DIA;DESRESPEITAR A PREFERÊNCIA NO CRUZAMENTO;COLISÃO TRANSVERSAL;CÉU CLARO;DUPLA;ROTATÓRIA;SIM;0
RJ;BR-101;CAMPOS DOS GOYTACAZES;6;2;SEXTA-FEIRA;4;0;10;09H-11H;MANHA;PLENO DIA;REAÇÃO TARDIA OU INEFICIENTE DO CONDUTOR;QUEDA DE OCUPANTE DE VEÍCULO;CÉU CLARO;SIMPLES;CURVA;SIM;0
MG;BR-116;TEOFILO OTONI;6;2;SEXTA-FEIRA;4;0;13;12H-14H;TARDE;PLENO DIA;AUSÊNCIA DE REAÇÃO DO CONDUTOR;COLISÃO LATERAL MESMO SENTIDO;CÉU CLARO;SIMPLES;RETA;SIM;0
MS;BR-158;APARECIDA DO TABOADO;6;2;SEXTA-FEIRA;4;0;10;09H-11H;MANHA;PLENO DIA;AUSÊNCIA DE REAÇÃO DO CONDUTOR;ENGAVETAMENTO;CÉU CLARO;SIMPLES;"RETA;EM OBRAS";SIM;0
AC;BR-364;RIO BRANCO;6;2;SEXTA-FEIRA;4;0;11;09H-11H;MANHA;PLENO DIA;DESRESPEITAR A PREFERÊNCIA NO CRUZAMENTO;COLISÃO TRANSVERSAL;CÉU CLARO;SIMPLES;ROTATÓRIA;SIM;0
SP;BR-381;SAO PAULO;6;2;SEXTA-FEIRA;4;0;13;12H-14H;TARDE;PLENO DIA;ACESSAR A VIA SEM OBSERVAR A PRESENÇA DOS OUTROS VEÍCULOS;COLISÃO LATERAL MESMO SENTIDO;NUBLADO;MÚLTIPLA;RETA;NÃO;0
MA;BR-010;IMPERATRIZ;6;2;SEXTA-FEIRA;4;0;8;06H-08H;MANHA;PLENO DIA;ULTRAPASSAGEM INDEVIDA;COLISÃO TRANSVERSAL;CÉU CLARO;MÚLTIPLA;RETA;SIM;0
PE;BR-423;GARANHUNS;6;2;SEXTA-FEIRA;4;0;13;12H-14H;TARDE;PLENO DIA;ULTRAPASSAGEM INDEVIDA;QUEDA DE OCUPANTE DE VEÍCULO;CÉU CLARO;SIMPLES;"RETA;DECLIVE";SIM;0
SP;BR-116;CAJATI;6;2;SEXTA-FEIRA;4;0;13;12H-14H;TARDE;PLENO DIA;REAÇÃO TARDIA OU INEFICIENTE DO CONDUTOR;TOMBAMENTO;GAROA/CHUVISCO;DUPLA;CURVA;NÃO;0
BA;BR-324;SALVADOR;6;2;SEXTA-FEIRA;4;0;14;12H-14H;TARDE;PLENO DIA;DEMAIS FALHAS MECÂNICAS OU ELÉTRICAS;COLISÃO FRONTAL;CÉU CLARO;DUPLA;"RETA;VIADUTO";SIM;0
PR;BR-277;CURITIBA;6;2;SEXTA-FEIRA;4;0;14;12H-14H;TARDE;PLENO DIA;MANOBRA DE MUDANÇA DE FAIXA;COLISÃO LATERAL MESMO SENTIDO;NUBLADO;DUPLA;RETA;SIM;0
SP;BR-101;UBATUBA;6;2;SEXTA-FEIRA;4;0;13;12H-14H;TARDE;PLENO DIA;TRAFEGAR COM MOTOCICLETA (OU SIMILAR) ENTRE AS FAIXAS;COLISÃO LATERAL MESMO SENTIDO;NUBLADO;SIMPLES;RETA;SIM;0
RO;BR-319;PORTO VELHO;6;2;SEXTA-FEIRA;4;0;10;09H-11H;MANHA;PLENO DIA;REAÇÃO TARDIA OU INEFICIENTE DO CONDUTOR;COLISÃO TRASEIRA;CÉU CLARO;SIMPLES;"RETA;ACLIVE";SIM;0
GO;BR-060;RIO VERDE;6;2;SEXTA-FEIRA;4;0;15;15H-17H;TARDE;PLENO DIA;ESTACIONAR OU PARAR EM LOCAL PROIBIDO;EVENTOS ATÍPICOS;CÉU CLARO;MÚLTIPLA;"CURVA;ACLIVE";SIM;0
MS;BR-267;GUIA LOPES DA LAGUNA;6;2;SEXTA-FEIRA;4;0;10;09H-11H;MANHA;PLENO DIA;MANOBRA DE MUDANÇA DE FAIXA;COLISÃO LATERAL MESMO SENTIDO;CÉU CLARO;SIMPLES;RETA;NÃO;0