uf;br_formatada;municipio;mes;trimestre;dia_semana;dia_semana_num;fim_de_semana;hora;faixa_horaria;turno;fase_dia;causa_acidente;tipo_acidente;condicao_metereologica;tipo_pista;tracado_via;uso_solo;acidente_fatal
GO;BR-070;COCALZINHO DE GOIAS;6;2;SÁBADO;5;1;4;03H-05H;MADRUGADA;PLENA NOITE;TRANSITAR NA CONTRAMÃO;COLISÃO FRONTAL;CÉU CLARO;SIMPLES;CURVA;SIM;1
SP;BR-116;GUARULHOS;6;2;SÁBADO;5;1;2;00H-02H;MADRUGADA;PLENA NOITE;REAÇÃO TARDIA OU INEFICIENTE DO CONDUTOR;COLISÃO COM OBJETO;NUBLADO;SIMPLES;"RETA;EM OBRAS";SIM;0
MS;BR-163;RIO VERDE DE MATO GROSSO;6;2;SÁBADO;5;1;3;03H-05H;MADRUGADA;PLENA NOITE;INGESTÃO DE ÁLCOOL PELO CONDUTOR;SAÍDA DE LEITO CARROÇÁVEL;CÉU CLARO;SIMPLES;ACLIVE;NÃO;0
MG;BR-381;GOVERNADOR VALADARES;6;2;SEXTA-FEIRA;4;0;14;12H-14H;TARDE;PLENO DIA;ACESSAR A VIA SEM OBSERVAR A PRESENÇA DOS OUTROS VEÍCULOS;COLISÃO TRANSVERSAL;CÉU CLARO;SIMPLES;INTERSEÇÃO DE VIAS;SIM;0
MG;BR-116;ORIZANIA;6;2;SÁBADO;5;1;5;03H-05H;MADRUGADA;AMANHECER;AUSÊNCIA DE REAÇÃO DO CONDUTOR;SAÍDA DE LEITO CARROÇÁVEL;NUBLADO;SIMPLES;CURVA;NÃO;0
RJ;BR-101;ANGRA DOS REIS;6;2;SÁBADO;5;1;1;00H-02H;MADRUGADA;PLENA NOITE;VELOCIDADE INCOMPATÍVEL;SAÍDA DE LEITO CARROÇÁVEL;CHUVA;SIMPLES;CURVA;NÃO;0
SC;BR-101;PASSO DE TORRES;6;2;SÁBADO;5;1;4;03H-05H;MADRUGADA;PLENA NOITE;AUSÊNCIA DE REAÇÃO DO CONDUTOR;COLISÃO TRASEIRA;NUBLADO;DUPLA;RETA;NÃO;0
RJ;BR-101;SILVA JARDIM;6;2;SEXTA-FEIRA;4;0;22;21H-23H;NOITE;PLENA NOITE;TRANSITAR NO ACOSTAMENTO;ATROPELAMENTO DE PEDESTRE;CÉU CLARO;DUPLA;RETA;SIM;1
GO;BR-050;CATALAO;6;2;SÁBADO;5;1;4;03H-05H;MADRUGADA;AMANHECER;INGESTÃO DE ÁLCOOL PELO CONDUTOR;SAÍDA DE LEITO CARROÇÁVEL;CÉU CLARO;DUPLA;"RETORNO REGULAMENTADO;INTERSEÇÃO DE VIAS;EM OBRAS;RETA";SIM;0
SP;BR-116;GUARULHOS;6;2;SÁBADO;5;1;7;06H-08H;MANHA;AMANHECER;ACESSAR A VIA SEM OBSERVAR A PRESENÇA DOS OUTROS VEÍCULOS;COLISÃO LATERAL MESMO SENTIDO;CÉU CLARO;MÚLTIPLA;"RETA;EM OBRAS";SIM;0
SP;BR-116;LORENA;6;2;SÁBADO;5;1;5;03H-05H;MADRUGADA;PLENA NOITE;INGESTÃO DE ÁLCOOL PELO CONDUTOR;SAÍDA DE LEITO CARROÇÁVEL;GAROA/CHUVISCO;SIMPLES;"CURVA;RETORNO REGULAMENTADO";NÃO;0
MG;BR-262;ARAXA;6;2;SÁBADO;5;1;5;03H-05H;MADRUGADA;AMANHECER;CONDUTOR DORMINDO;SAÍDA DE LEITO CARROÇÁVEL;CÉU CLARO;SIMPLES;CURVA;SIM;0
ES;BR-101;SERRA;6;2;SÁBADO;5;1;6;06H-08H;MANHA;PLENO DIA;ACESSAR A VIA SEM OBSERVAR A PRESENÇA DOS OUTROS VEÍCULOS;TOMBAMENTO;CÉU CLARO;SIMPLES;"RETA;INTERSEÇÃO DE VIAS";NÃO;0
BA;BR-324;SIMOES FILHO;6;2;SÁBADO;5;1;7;06H-08H;MANHA;PLENO DIA;REAÇÃO TARDIA OU INEFICIENTE DO CONDUTOR;COLISÃO TRASEIRA;CÉU CLARO;DUPLA;RETA;NÃO;0
MS;BR-163;DOURADOS;6;2;SÁBADO;5;1;5;03H-05H;MADRUGADA;PLENO DIA;AUSÊNCIA DE REAÇÃO DO CONDUTOR;SAÍDA DE LEITO CARROÇÁVEL;NEVOEIRO/NEBLINA;DUPLA;RETA;SIM;0
BA;BR-235;JUAZEIRO;6;2;SÁBADO;5;1;6;06H-08H;MANHA;AMANHECER;ACESSAR A VIA SEM OBSERVAR A PRESENÇA DOS OUTROS VEÍCULOS;COLISÃO LATERAL MESMO SENTIDO;CÉU CLARO;DUPLA;RETA;SIM;0
MT;BR-163;NOVA MUTUM;6;2;SEXTA-FEIRA;4;0;6;06H-08H;MANHA;AMANHECER;AUSÊNCIA DE REAÇÃO DO CONDUTOR;SAÍDA DE LEITO CARROÇÁVEL;SOL;SIMPLES;RETA;NÃO;0
MG;BR-365;MONTE ALEGRE DE MINAS;6;2;SÁBADO;5;1;7;06H-08H;MANHA;PLENO DIA;AUSÊNCIA DE REAÇÃO DO CONDUTOR;SAÍDA DE LEITO CARROÇÁVEL;CÉU CLARO;DUPLA;RETA;NÃO;0
PR;BR-277;GUARAPUAVA;6;2;SÁBADO;5;1;6;06H-08H;MANHA;AMANHECER;AUSÊNCIA DE REAÇÃO DO CONDUTOR;SAÍDA DE LEITO CARROÇÁVEL;GAROA/CHUVISCO;DUPLA;"ACLIVE;CURVA";NÃO;0
BA;BR-101;TEODORO SAMPAIO;6;2;SÁBADO;5;1;3;03H-05H;MADRUGADA;PLENA NOITE;ANIMAIS NA PISTA;ATROPELAMENTO DE ANIMAL;NEVOEIRO/NEBLINA;SIMPLES;RETA;NÃO;0
MG;BR-267;JUIZ DE FORA;6;2;SÁBADO;5;1;6;06H-08H;MANHA;PLENO DIA;CURVA ACENTUADA;SAÍDA DE LEITO CARROÇÁVEL;CÉU CLARO;SIMPLES;"CURVA;DECLIVE";NÃO;0
RS;BR-285;PASSO FUNDO;5;2;QUINTA-FEIRA;3;0;17;15H-17H;TARDE;ANOITECER;ACESSAR A VIA SEM OBSERVAR A PRESENÇA DOS OUTROS VEÍCULOS;COLISÃO TRANSVERSAL;NUBLADO;DUPLA;INTERSEÇÃO DE VIAS;SIM;0
RJ;BR-116;RIO DE JANEIRO;6;2;SÁBADO;5;1;4;03H-05H;MADRUGADA;PLENO DIA;INGESTÃO DE ÁLCOOL PELO CONDUTOR;COLISÃO COM OBJETO;CÉU CLARO;SIMPLES;RETA;NÃO;0
SC;BR-470;BLUMENAU;6;2;SÁBADO;5;1;7;06H-08H;MANHA;PLENO DIA;AVARIAS E/OU DESGASTE EXCESSIVO NO PNEU;TOMBAMENTO;NUBLADO;DUPLA;"RETA;VIADUTO";SIM;0
RS;BR-392;PELOTAS;6;2;SÁBADO;5;1;7;06H-08H;MANHA;PLENO DIA;DEMAIS FALHAS MECÂNICAS OU ELÉTRICAS;TOMBAMENTO;CÉU CLARO;DUPLA;"CURVA;RETORNO REGULAMENTADO";NÃO;0
BA;BR-324;SIMOES FILHO;6;2;SÁBADO;5;1;6;06H-08H;MANHA;PLENO DIA;AUSÊNCIA DE REAÇÃO DO CONDUTOR;SAÍDA DE LEITO CARROÇÁVEL;CÉU CLARO;DUPLA;RETA;NÃO;1
ES;BR-101;SERRA;6;2;SÁBADO;5;1;8;06H-08H;MANHA;PLENO DIA;MANOBRA DE MUDANÇA DE FAIXA;COLISÃO LATERAL MESMO SENTIDO;CÉU CLARO;DUPLA;RETA;NÃO;0
PB;BR-104;LAGOA SECA;6;2;SÁBADO;5;1;8;06H-08H;MANHA;PLENO DIA;REAÇÃO TARDIA OU INEFICIENTE DO CONDUTOR;COLISÃO TRASEIRA;NUBLADO;SIMPLES;"RETA;ACLIVE";SIM;0
PA;BR-316;CASTANHAL;3;1;TERÇA-FEIRA;1;0;15;15H-17H;TARDE;PLENO DIA;ACUMULO DE ÁGUA SOBRE O PAVIMENTO;SAÍDA DE LEITO CARROÇÁVEL;CHUVA;DUPLA;RETA;NÃO;0
RS;BR-290;CACHOEIRA DO SUL;6;2;SÁBADO;5;1;8;06H-08H;MANHA;PLENO DIA;DEMAIS FALHAS MECÂNICAS OU ELÉTRICAS;INCÊNDIO;CÉU CLARO;SIMPLES;RETA;NÃO;0
RS;BR-448;CANOAS;6;2;SÁBADO;5;1;8;06H-08H;MANHA;PLENO DIA;CONDUTOR DEIXOU DE MANTER DISTÂNCIA DO VEÍCULO DA FRENTE;ENGAVETAMENTO;NEVOEIRO/NEBLINA;MÚLTIPLA;RETA;NÃO;0
RS;BR-386;LAJEADO;6;2;SÁBADO;5;1;8;06H-08H;MANHA;PLENO DIA;AUSÊNCIA DE REAÇÃO DO CONDUTOR;COLISÃO COM OBJETO;CÉU CLARO;DUPLA;RETA;SIM;0
PA;BR-010;IPIXUNA DO PARA;6;2;SÁBADO;5;1;7;06H-08H;MANHA;PLENO DIA;REAÇÃO TARDIA OU INEFICIENTE DO CONDUTOR;COLISÃO COM OBJETO;CÉU CLARO;SIMPLES;RETA;NÃO;0
DF;BR-070;BRASILIA;6;2;SÁBADO;5;1;7;06H-08H;MANHA;PLENO DIA;MANOBRA DE MUDANÇA DE FAIXA;COLISÃO LATERAL MESMO SENTIDO;CÉU CLARO;DUPLA;RETA;NÃO;0
RJ;BR-101;ANGRA DOS REIS;6;2;SÁBADO;5;1;6;06H-08H;MANHA;PLENO DIA;CONDUTOR DORMINDO;COLISÃO FRONTAL;CÉU CLARO;SIMPLES;CURVA;SIM;0
SC;BR-470;RIO DO SUL;6;2;SÁBADO;5;1;7;06H-08H;MANHA;PLENO DIA;ACESSAR A VIA SEM OBSERVAR A PRESENÇA DOS OUTROS VEÍCULOS;COLISÃO LATERAL MESMO SENTIDO;NUBLADO;SIMPLES;"INTERSEÇÃO DE VIAS;DECLIVE;EM OBRAS";SIM;0
SC;BR-101;BIGUACU;6;2;SÁBADO;5;1;9;09H-11H;MANHA;PLENO DIA;DEMAIS FALHAS MECÂNICAS OU ELÉTRICAS;INCÊNDIO;NUBLADO;MÚLTIPLA;RETA;SIM;0
BA;BR-101;GANDU;6;2;SEXTA-FEIRA;4;0;16;15H-17H;TARDE;PLENO DIA;ACESSAR A VIA SEM OBSERVAR A PRESENÇA DOS OUTROS VEÍCULOS;COLISÃO FRONTAL;CÉU CLARO;SIMPLES;RETA;SIM;0
MS;BR-163;NAVIRAI;6;2;SÁBADO;5;1;8;06H-08H;MANHA;PLENO DIA;REAÇÃO TARDIA OU INEFICIENTE DO CONDUTOR;SAÍDA DE LEITO CARROÇÁVEL;NEVOEIRO/NEBLINA;SIMPLES;ROTATÓRIA;NÃO;0
PR;BR-376;MARINGA;6;2;SÁBADO;5;1;8;06H-08H;MANHA;PLENO DIA;VELOCIDADE INCOMPATÍVEL;SAÍDA DE LEITO CARROÇÁVEL;CÉU CLARO;DUPLA;RETA;SIM;0
RN;BR-101;PARNAMIRIM;6;2;SÁBADO;5;1;10;09H-11H;MANHA;PLENO DIA;MANOBRA DE MUDANÇA DE FAIXA;COLISÃO LATERAL MESMO SENTIDO;SOL;DUPLA;"ACLIVE;VIADUTO;CURVA";SIM;0
SC;BR-101;ITAJAI;6;2;SÁBADO;5;1;7;06H-08H;MANHA;AMANHECER;AUSÊNCIA DE REAÇÃO DO CONDUTOR;SAÍDA DE LEITO CARROÇÁVEL;NUBLADO;DUPLA;RETA;NÃO;0
MA;BR-316;CAXIAS;6;2;SÁBADO;5;1;9;09H-11H;MANHA;PLENO DIA;ULTRAPASSAGEM INDEVIDA;COLISÃO FRONTAL;CÉU CLARO;SIMPLES;RETA;NÃO;0
SC;BR-101;ITAJAI;6;2;SÁBADO;5;1;9;09H-11H;MANHA;PLENO DIA;OBJETO ESTÁTICO SOBRE O LEITO CARROÇÁVEL;COLISÃO COM OBJETO;NUBLADO;DUPLA;RETA;SIM;0
PE;BR-407;PETROLINA;6;2;SÁBADO;5;1;10;09H-11H;MANHA;PLENO DIA;AUSÊNCIA DE REAÇÃO DO CONDUTOR;COLISÃO TRASEIRA;CÉU CLARO;SIMPLES;"RETA;ACLIVE";SIM;0
MG;BR-116;LEOPOLDINA;6;2;SÁBADO;5;1;9;09H-11H;MANHA;PLENO DIA;VELOCIDADE INCOMPATÍVEL;COLISÃO COM OBJETO;CHUVA;SIMPLES;CURVA;NÃO;0
ES;BR-262;MARECHAL FLORIANO;6;2;SÁBADO;5;1;10;09H-11H;MANHA;PLENO DIA;AUSÊNCIA DE REAÇÃO DO CONDUTOR;ENGAVETAMENTO;NUBLADO;SIMPLES;RETA;NÃO;0
ES;BR-101;SERRA;6;2;SÁBADO;5;1;8;06H-08H;MANHA;PLENO DIA;REAÇÃO TARDIA OU INEFICIENTE DO CONDUTOR;TOMBAMENTO;CÉU CLARO;DUPLA;RETA;NÃO;0
RO;BR-174;VILHENA;6;2;SÁBADO;5;1;1;00H-02H;MADRUGADA;PLENA NOITE;AUSÊNCIA DE REAÇÃO DO CONDUTOR;TOMBAMENTO;CÉU CLARO;SIMPLES;RETA;SIM;0
SE;BR-235;NOSSA SENHORA DO SOCORRO;6;2;SÁBADO;5;1;10;09H-11H;MANHA;PLENO DIA;FUMAÇA;INCÊNDIO;CÉU CLARO;DUPLA;RETA;SIM;0
PR;BR-163;TOLEDO;6;2;SÁBADO;5;1;9;09H-11H;MANHA;PLENO DIA;AUSÊNCIA DE REAÇÃO DO CONDUTOR;SAÍDA DE LEITO CARROÇÁVEL;NUBLADO;DUPLA;"CURVA;ROTATÓRIA";NÃO;0
MT;BR-163;SORRISO;6;2;SÁBADO;5;1;9;09H-11H;MANHA;PLENO DIA;AUSÊNCIA DE REAÇÃO DO CONDUTOR;COLISÃO TRASEIRA;CÉU CLARO;DUPLA;RETA;SIM;0
PE;BR-232;GRAVATA;6;2;SÁBADO;5;1;8;06H-08H;MANHA;PLENO DIA;ACESSO IRREGULAR;COLISÃO TRANSVERSAL;CÉU CLARO;DUPLA;RETA;NÃO;0
MT;BR-364;RONDONOPOLIS;6;2;SÁBADO;5;1;10;09H-11H;MANHA;PLENO DIA;ACESSAR A VIA SEM OBSERVAR A PRESENÇA DOS OUTROS VEÍCULOS;COLISÃO TRASEIRA;CÉU CLARO;DUPLA;RETA;SIM;0
MG;BR-040;JUIZ DE FORA;6;2;SÁBADO;5;1;10;09H-11H;MANHA;PLENO DIA;DEMAIS FALHAS MECÂNICAS OU ELÉTRICAS;SAÍDA DE LEITO CARROÇÁVEL;NUBLADO;DUPLA;RETA;NÃO;0
MG;BR-262;BOM DESPACHO;6;2;SÁBADO;5;1;7;06H-08H;MANHA;PLENO DIA;VELOCIDADE INCOMPATÍVEL;SAÍDA DE LEITO CARROÇÁVEL;SOL;SIMPLES;RETA;NÃO;0
CE;BR-116;MILAGRES;6;2;SÁBADO;5;1;9;09H-11H;MANHA;PLENO DIA;DEMAIS FALHAS NA VIA;TOMBAMENTO;CÉU CLARO;SIMPLES;"RETA;INTERSEÇÃO DE VIAS";NÃO;0
BA;BR-235;JUAZEIRO;6;2;SÁBADO;5;1;9;09H-11H;MANHA;PLENO DIA;MAL SÚBITO DO CONDUTOR;SAÍDA DE LEITO CARROÇÁVEL;CÉU CLARO;SIMPLES;RETA;NÃO;0
MG;BR-040;CONSELHEIRO LAFAIETE;6;2;SÁBADO;5;1;12;12H-14H;TARDE;PLENO DIA;REAÇÃO TARDIA OU INEFICIENTE DO CONDUTOR;TOMBAMENTO;CÉU CLARO;SIMPLES;RETA;NÃO;0
PI;BR-IGNORADA;CAMPO MAIOR;6;2;SÁBADO;5;1;8;06H-08H;MANHA;PLENO DIA;INGESTÃO DE ÁLCOOL PELO CONDUTOR;COLISÃO LATERAL MESMO SENTIDO;CÉU CLARO;SIMPLES;"RETA;INTERSEÇÃO DE VIAS";SIM;0
MT;BR-158;AGUA BOA;6;2;SÁBADO;5;1;9;09H-11H;MANHA;PLENO DIA;AUSÊNCIA DE REAÇÃO DO CONDUTOR;SAÍDA DE LEITO CARROÇÁVEL;CÉU CLARO;SIMPLES;RETA;NÃO;0
PA;BR-010;AURORA DO PARA;6;2;SÁBADO;5;1;10;09H-11H;MANHA;PLENO DIA;INGESTÃO DE ÁLCOOL PELO CONDUTOR;SAÍDA DE LEITO CARROÇÁVEL;SOL;SIMPLES;RETA;NÃO;0
BA;BR-324;SALVADOR;6;2;SÁBADO;5;1;13;12H-14H;TARDE;PLENO DIA;AVARIAS E/OU DESGASTE EXCESSIVO NO PNEU;TOMBAMENTO;CÉU CLARO;DUPLA;RETA;SIM;0
RR;BR-174;BOA VISTA;6;2;SÁBADO;5;1;11;09H-11H;MANHA;PLENO DIA;DEMAIS FALHAS MECÂNICAS OU ELÉTRICAS;INCÊNDIO;CÉU CLARO;SIMPLES;RETA;NÃO;0
GO;BR-414;ANAPOLIS;6;2;SÁBADO;5;1;12;12H-14H;TARDE;PLENO DIA;ACESSAR A VIA SEM OBSERVAR A PRESENÇA DOS OUTROS VEÍCULOS;COLISÃO TRANSVERSAL;CÉU CLARO;SIMPLES;"RETA;DECLIVE;INTERSEÇÃO DE VIAS";SIM;0
MG;BR-356;MURIAE;6;2;SÁBADO;5;1;11;09H-11H;MANHA;PLENO DIA;INGESTÃO DE ÁLCOOL PELO CONDUTOR;COLISÃO FRONTAL;CÉU CLARO;SIMPLES;"RETA;PONTE";SIM;0
SC;BR-101;BARRA VELHA;6;2;SÁBADO;5;1;14;12H-14H;TARDE;PLENO DIA;MANOBRA DE MUDANÇA DE FAIXA;COLISÃO LATERAL MESMO SENTIDO;NUBLADO;DUPLA;RETA;SIM;0
SC;BR-101;PALHOCA;6;2;SÁBADO;5;1;13;12H-14H;TARDE;PLENO DIA;INGESTÃO DE ÁLCOOL PELO CONDUTOR;COLISÃO TRANSVERSAL;CÉU CLARO;DUPLA;INTERSEÇÃO DE VIAS;SIM;0
PI;BR-316;TERESINA;6;2;SÁBADO;5;1;13;12H-14H;TARDE;PLENO DIA;ACESSAR A VIA SEM OBSERVAR A PRESENÇA DOS OUTROS VEÍCULOS;COLISÃO LATERAL MESMO SENTIDO;CÉU CLARO;DUPLA;DECLIVE;SIM;0
PR;BR-369;ROLANDIA;6;2;SÁBADO;5;1;12;12H-14H;TARDE;PLENO DIA;ACESSAR A VIA SEM OBSERVAR A PRESENÇA DOS OUTROS VEÍCULOS;COLISÃO TRANSVERSAL;CÉU CLARO;SIMPLES;INTERSEÇÃO DE VIAS;SIM;0
ES;BR-262;DOMINGOS MARTINS;6;2;SÁBADO;5;1;12;12H-14H;TARDE;PLENO DIA;ACESSAR A VIA SEM OBSERVAR A PRESENÇA DOS OUTROS VEÍCULOS;COLISÃO TRANSVERSAL;CÉU CLARO;SIMPLES;RETA;NÃO;0
MG;BR-381;BETIM;6;2;SÁBADO;5;1;15;15H-17H;TARDE;PLENO DIA;AUSÊNCIA DE REAÇÃO DO CONDUTOR;TOMBAMENTO;CÉU CLARO;MÚLTIPLA;RETA;NÃO;0
SC;BR-282;FLORIANOPOLIS;6;2;SÁBADO;5;1;14;12H-14H;TARDE;PLENO DIA;TRAFEGAR COM MOTOCICLETA (OU SIMILAR) ENTRE AS FAIXAS;COLISÃO LATERAL MESMO SENTIDO;NUBLADO;MÚLTIPLA;RETA;SIM;0
PI;BR-343;CAMPO MAIOR;6;2;SÁBADO;5;1;15;15H-17H;TARDE;PLENO DIA;INGESTÃO DE ÁLCOOL PELO CONDUTOR;COLISÃO TRASEIRA;CÉU CLARO;SIMPLES;RETA;SIM;0
PB;BR-230;POMBAL;6;2;SEXTA-FEIRA;4;0;16;15H-17H;TARDE;PLENA NOITE;INGESTÃO DE ÁLCOOL PELO CONDUTOR;TOMBAMENTO;CÉU CLARO;SIMPLES;RETA;SIM;0
BA;BR-324;SALVADOR;6;2;SÁBADO;5;1;14;12H-14H;TARDE;PLENO DIA;ULTRAPASSAGEM INDEVIDA;ATROPELAMENTO DE PEDESTRE;CÉU CLARO;DUPLA;RETA;SIM;0
BA;BR-324;SIMOES FILHO;5;2;SEGUNDA-FEIRA;0;0;19;18H-20H;NOITE;PLENA NOITE;CONDUTOR DEIXOU DE MANTER DISTÂNCIA DO VEÍCULO DA FRENTE;COLISÃO TRASEIRA;NUBLADO;MÚLTIPLA;RETA;NÃO;0
RO;BR-364;PRESIDENTE MEDICI;6;2;SÁBADO;5;1;10;09H-11H;MANHA;PLENO DIA;MAL SÚBITO DO CONDUTOR;COLISÃO TRANSVERSAL;SOL;SIMPLES;CURVA;NÃO;0
ES;BR-101;SAO MATEUS;6;2;SÁBADO;5;1;15;15H-17H;TARDE;PLENO DIA;ACESSAR A VIA SEM OBSERVAR A PRESENÇA DOS OUTROS VEÍCULOS;COLISÃO TRANSVERSAL;CÉU CLARO;SIMPLES;RETA;SIM;0
RJ;BR-040;PETROPOLIS;6;2;SÁBADO;5;1;8;06H-08H;MANHA;PLENO DIA;AUSÊNCIA DE REAÇÃO DO CONDUTOR;COLISÃO COM OBJETO;NUBLADO;DUPLA;"CURVA;DECLIVE";SIM;0
MG;BR-116;FERVEDOURO;6;2;SÁBADO;5;1;10;09H-11H;MANHA;PLENO DIA;CONVERSÃO PROIBIDA;COLISÃO LATERAL SENTIDO OPOSTO;NUBLADO;SIMPLES;CURVA;NÃO;0
MT;BR-174;COMODORO;6;2;SÁBADO;5;1;11;09H-11H;MANHA;PLENO DIA;MANOBRA DE MUDANÇA DE FAIXA;CAPOTAMENTO;CÉU CLARO;SIMPLES;RETA;NÃO;0
MG;BR-381;SANTO ANTONIO DO AMPARO;6;2;SÁBADO;5;1;14;12H-14H;TARDE;PLENO DIA;DEMAIS FALHAS MECÂNICAS OU ELÉTRICAS;CAPOTAMENTO;CÉU CLARO;DUPLA;RETA;NÃO;0
MT;BR-364;JACIARA;6;2;SÁBADO;5;1;13;12H-14H;TARDE;PLENO DIA;REAÇÃO TARDIA OU INEFICIENTE DO CONDUTOR;QUEDA DE OCUPANTE DE VEÍCULO;CÉU CLARO;DUPLA;RETA;SIM;0
BA;BR-101;ITABELA;6;2;SÁBADO;5;1;16;15H-17H;TARDE;PLENO DIA;REAÇÃO TARDIA OU INEFICIENTE DO CONDUTOR;COLISÃO COM OBJETO;CÉU CLARO;SIMPLES;"RETA;DECLIVE";NÃO;1
ES;BR-101;CARIACICA;6;2;SÁBADO;5;1;16;15H-17H;TARDE;PLENO DIA;AVARIAS E/OU DESGASTE EXCESSIVO NO PNEU;QUEDA DE OCUPANTE DE VEÍCULO;NUBLADO;DUPLA;RETA;NÃO;0
MG;BR-116;TEOFILO OTONI;6;2;SÁBADO;5;1;15;15H-17H;TARDE;PLENO DIA;AUSÊNCIA DE REAÇÃO DO CONDUTOR;TOMBAMENTO;CÉU CLARO;SIMPLES;CURVA;NÃO;0
RS;BR-290;GRAVATAI;6;2;SÁBADO;5;1;16;15H-17H;TARDE;PLENO DIA;DEMAIS FALHAS MECÂNICAS OU ELÉTRICAS;INCÊNDIO;NUBLADO;DUPLA;RETA;NÃO;0
PI;BR-343;TERESINA;6;2;SÁBADO;5;1;16;15H-17H;TARDE;PLENO DIA;AUSÊNCIA DE REAÇÃO DO CONDUTOR;CAPOTAMENTO;CÉU CLARO;DUPLA;RETA;SIM;0
RO;BR-319;PORTO VELHO;6;2;SÁBADO;5;1;16;15H-17H;TARDE;PLENO DIA;ACESSAR A VIA SEM OBSERVAR A PRESENÇA DOS OUTROS VEÍCULOS;COLISÃO TRANSVERSAL;CÉU CLARO;DUPLA;"INTERSEÇÃO DE VIAS;RETA";SIM;0
SC;BR-470;BLUMENAU;6;2;SÁBADO;5;1;16;15H-17H;TARDE;ANOITECER;REAÇÃO TARDIA OU INEFICIENTE DO CONDUTOR;COLISÃO TRASEIRA;NUBLADO;SIMPLES;"EM OBRAS;DESVIO TEMPORÁRIO;VIADUTO;RETA";NÃO;0
MS;BR-163;MUNDO NOVO;6;2;SÁBADO;5;1;16;15H-17H;TARDE;PLENO DIA;AVARIAS E/OU DESGASTE EXCESSIVO NO PNEU;COLISÃO COM OBJETO;NUBLADO;SIMPLES;"DECLIVE;RETA";NÃO;0
RS;BR-285;SAO LUIZ GONZAGA;6;2;SÁBADO;5;1;17;15H-17H;TARDE;PLENO DIA;MANOBRA DE MUDANÇA DE FAIXA;SAÍDA DE LEITO CARROÇÁVEL;NUBLADO;SIMPLES;RETA;SIM;0
PE;BR-101;RECIFE;6;2;SÁBADO;5;1;17;15H-17H;TARDE;ANOITECER;AUSÊNCIA DE REAÇÃO DO CONDUTOR;COLISÃO TRASEIRA;CÉU CLARO;DUPLA;RETA;NÃO;0
MG;BR-116;MANHUACU;4;2;DOMINGO;6;1;18;18H-20H;NOITE;PLENA NOITE;AUSÊNCIA DE REAÇÃO DO CONDUTOR;COLISÃO TRASEIRA;CÉU CLARO;SIMPLES;"RETA;ACLIVE";NÃO;0
RJ;BR-101;SILVA JARDIM;3;1;SEGUNDA-FEIRA;0;0;7;06H-08H;MANHA;PLENO DIA;AUSÊNCIA DE REAÇÃO DO CONDUTOR;COLISÃO COM OBJETO;CÉU CLARO;DUPLA;RETA;NÃO;0
BA;BR-242;ITABERABA;6;2;SÁBADO;5;1;16;15H-17H;TARDE;PLENO DIA;CONVERSÃO PROIBIDA;COLISÃO TRANSVERSAL;NUBLADO;SIMPLES;"RETA;ACLIVE";NÃO;0
TO;BR-010;PALMAS;6;2;SÁBADO;5;1;17;15H-17H;TARDE;PLENO DIA;RETORNO PROIBIDO;COLISÃO TRASEIRA;CÉU CLARO;DUPLA;RETA;SIM;0
ES;BR-101;SERRA;6;2;SÁBADO;5;1;17;15H-17H;TARDE;ANOITECER;AVARIAS E/OU DESGASTE EXCESSIVO NO PNEU;TOMBAMENTO;CÉU CLARO;DUPLA;CURVA;NÃO;0
MG;BR-262;IGARATINGA;6;2;SÁBADO;5;1;7;06H-08H;MANHA;PLENO DIA;VELOCIDADE INCOMPATÍVEL;SAÍDA DE LEITO CARROÇÁVEL;CÉU CLARO;DUPLA;RETA;NÃO;0
SC;BR-282;XANXERE;6;2;SÁBADO;5;1;18;18H-20H;NOITE;PLENA NOITE;INGESTÃO DE ÁLCOOL PELO CONDUTOR;COLISÃO LATERAL SENTIDO OPOSTO;CHUVA;SIMPLES;INTERSEÇÃO DE VIAS;NÃO;0
RS;BR-470;BENTO GONCALVES;6;2;SÁBADO;5;1;18;18H-20H;NOITE;PLENA NOITE;FREAR BRUSCAMENTE;COLISÃO TRASEIRA;NUBLADO;SIMPLES;"RETA;DECLIVE";SIM;0
MT;BR-163;DIAMANTINO;6;2;SÁBADO;5;1;14;12H-14H;TARDE;PLENO DIA;CONDUTOR DEIXOU DE MANTER DISTÂNCIA DO VEÍCULO DA FRENTE;COLISÃO TRASEIRA;CÉU CLARO;SIMPLES;RETA;NÃO;0
RS;BR-290;PORTO ALEGRE;6;2;SÁBADO;5;1;18;18H-20H;NOITE;PLENA NOITE;CONDUTOR DEIXOU DE MANTER DISTÂNCIA DO VEÍCULO DA FRENTE;COLISÃO TRASEIRA;CÉU CLARO;MÚLTIPLA;"RETORNO REGULAMENTADO;RETA";SIM;0
PE;BR-101;IGARASSU;6;2;SÁBADO;5;1;18;18H-20H;NOITE;PLENA NOITE;ENTRADA INOPINADA DO PEDESTRE;ATROPELAMENTO DE PEDESTRE;CÉU CLARO;DUPLA;RETA;SIM;0
SP;BR-116;GUARULHOS;6;2;SÁBADO;5;1;19;18H-20H;NOITE;PLENA NOITE;MANOBRA DE MUDANÇA DE FAIXA;COLISÃO LATERAL MESMO SENTIDO;CHUVA;MÚLTIPLA;RETA;SIM;0
PR;BR-376;APUCARANA;6;2;SÁBADO;5;1;16;15H-17H;TARDE;PLENO DIA;INGESTÃO DE ÁLCOOL PELO CONDUTOR;SAÍDA DE LEITO CARROÇÁVEL;NUBLADO;DUPLA;CURVA;NÃO;0