uf;br_formatada;municipio;mes;trimestre;dia_semana;dia_semana_num;fim_de_semana;hora;faixa_horaria;turno;fase_dia;causa_acidente;tipo_acidente;condicao_metereologica;tipo_pista;tracado_via;uso_solo;acidente_fatal
GO;BR-153;NOVA GLORIA;6;2;SEXTA-FEIRA;4;0;17;15H-17H;TARDE;ANOITECER;REAÇÃO TARDIA OU INEFICIENTE DO CONDUTOR;SAÍDA DE LEITO CARROÇÁVEL;CÉU CLARO;SIMPLES;RETA;NÃO;0
MG;BR-040;CONTAGEM;6;2;SEXTA-FEIRA;4;0;20;18H-20H;NOITE;PLENA NOITE;AFUNDAMENTO OU ONDULAÇÃO NO PAVIMENTO;TOMBAMENTO;CÉU CLARO;DUPLA;RETA;SIM;0
PR;BR-277;SAO JOSE DOS PINHAIS;6;2;SEXTA-FEIRA;4;0;18;18H-20H;NOITE;PLENA NOITE;INGESTÃO DE ÁLCOOL PELO CONDUTOR;COLISÃO TRASEIRA;NUBLADO;DUPLA;RETA;NÃO;0
SC;BR-280;RIO NEGRINHO;6;2;SEXTA-FEIRA;4;0;18;18H-20H;NOITE;PLENA NOITE;CONVERSÃO PROIBIDA;COLISÃO TRANSVERSAL;GAROA/CHUVISCO;SIMPLES;RETA;SIM;0
GO;BR-153;MORRINHOS;6;2;SEXTA-FEIRA;4;0;19;18H-20H;NOITE;PLENA NOITE;ANIMAIS NA PISTA;SAÍDA DE LEITO CARROÇÁVEL;CÉU CLARO;DUPLA;RETA;NÃO;0
SP;BR-116;ROSEIRA;6;2;SEXTA-FEIRA;4;0;20;18H-20H;NOITE;PLENA NOITE;ANIMAIS NA PISTA;ATROPELAMENTO DE ANIMAL;CÉU CLARO;DUPLA;RETA;NÃO;0
SC;BR-470;BLUMENAU;6;2;SEXTA-FEIRA;4;0;19;18H-20H;NOITE;PLENA NOITE;REAÇÃO TARDIA OU INEFICIENTE DO CONDUTOR;COLISÃO LATERAL SENTIDO OPOSTO;CHUVA;SIMPLES;RETA;NÃO;0
RJ;BR-101;CAMPOS DOS GOYTACAZES;6;2;SEXTA-FEIRA;4;0;20;18H-20H;NOITE;PLENA NOITE;AUSÊNCIA DE REAÇÃO DO CONDUTOR;COLISÃO TRANSVERSAL;CÉU CLARO;SIMPLES;RETA;SIM;0
PE;BR-408;CARPINA;6;2;SEXTA-FEIRA;4;0;19;18H-20H;NOITE;PLENA NOITE;MAL SÚBITO DO CONDUTOR;COLISÃO FRONTAL;CÉU CLARO;SIMPLES;CURVA;SIM;1
PR;BR-277;FOZ DO IGUACU;6;2;SEXTA-FEIRA;4;0;19;18H-20H;NOITE;PLENA NOITE;PEDESTRE CRUZAVA A PISTA FORA DA FAIXA;ATROPELAMENTO DE PEDESTRE;CÉU CLARO;DUPLA;RETA;SIM;1
PR;BR-277;CURITIBA;6;2;SEXTA-FEIRA;4;0;18;18H-20H;NOITE;PLENA NOITE;REAÇÃO TARDIA OU INEFICIENTE DO CONDUTOR;COLISÃO LATERAL MESMO SENTIDO;NUBLADO;MÚLTIPLA;RETA;SIM;0
PR;BR-376;TIBAGI;6;2;SEXTA-FEIRA;4;0;20;18H-20H;NOITE;PLENA NOITE;REAÇÃO TARDIA OU INEFICIENTE DO CONDUTOR;CAPOTAMENTO;CÉU CLARO;MÚLTIPLA;RETA;NÃO;0
GO;BR-153;PORANGATU;6;2;SEXTA-FEIRA;4;0;20;18H-20H;NOITE;PLENA NOITE;AUSÊNCIA DE REAÇÃO DO CONDUTOR;QUEDA DE OCUPANTE DE VEÍCULO;CÉU CLARO;SIMPLES;"ACLIVE;RETA";NÃO;0
PR;BR-277;NOVA LARANJEIRAS;6;2;SEXTA-FEIRA;4;0;19;18H-20H;NOITE;PLENA NOITE;TRANSITAR NA CONTRAMÃO;COLISÃO FRONTAL;CÉU CLARO;SIMPLES;"ACLIVE;RETA";NÃO;0
SC;BR-282;FLORIANOPOLIS;6;2;SEXTA-FEIRA;4;0;21;21H-23H;NOITE;PLENA NOITE;MAL SÚBITO DO CONDUTOR;COLISÃO FRONTAL;CHUVA;MÚLTIPLA;RETA;SIM;0
PR;BR-369;CASCAVEL;6;2;SEXTA-FEIRA;4;0;19;18H-20H;NOITE;PLENA NOITE;INGESTÃO DE ÁLCOOL PELO CONDUTOR;COLISÃO COM OBJETO;CÉU CLARO;SIMPLES;RETA;NÃO;0
ES;BR-101;CONCEICAO DA BARRA;6;2;SEXTA-FEIRA;4;0;20;18H-20H;NOITE;PLENA NOITE;VELOCIDADE INCOMPATÍVEL;COLISÃO TRASEIRA;NUBLADO;SIMPLES;"RETA;ACLIVE";NÃO;0
MG;BR-381;SABARA;6;2;SEXTA-FEIRA;4;0;21;21H-23H;NOITE;PLENA NOITE;AUSÊNCIA DE REAÇÃO DO CONDUTOR;COLISÃO TRASEIRA;CÉU CLARO;SIMPLES;RETA;SIM;0
RS;BR-116;CAXIAS DO SUL;6;2;SEXTA-FEIRA;4;0;21;21H-23H;NOITE;PLENA NOITE;CONVERSÃO PROIBIDA;COLISÃO FRONTAL;CÉU CLARO;SIMPLES;INTERSEÇÃO DE VIAS;NÃO;0
SC;BR-470;INDAIAL;6;2;SEXTA-FEIRA;4;0;19;18H-20H;NOITE;PLENA NOITE;INGESTÃO DE ÁLCOOL PELO CONDUTOR;COLISÃO COM OBJETO;CHUVA;DUPLA;"EM OBRAS;RETA";SIM;0
RJ;BR-116;GUAPIMIRIM;6;2;SEXTA-FEIRA;4;0;15;15H-17H;TARDE;PLENO DIA;ACESSAR A VIA SEM OBSERVAR A PRESENÇA DOS OUTROS VEÍCULOS;COLISÃO TRANSVERSAL;CÉU CLARO;SIMPLES;INTERSEÇÃO DE VIAS;NÃO;0
MG;BR-262;MATEUS LEME;6;2;SEXTA-FEIRA;4;0;19;18H-20H;NOITE;PLENO DIA;CONDUTOR DEIXOU DE MANTER DISTÂNCIA DO VEÍCULO DA FRENTE;COLISÃO TRASEIRA;CÉU CLARO;DUPLA;CURVA;NÃO;0
CE;BR-116;ITAITINGA;6;2;SEXTA-FEIRA;4;0;22;21H-23H;NOITE;PLENA NOITE;AUSÊNCIA DE REAÇÃO DO CONDUTOR;COLISÃO TRASEIRA;CÉU CLARO;DUPLA;RETA;NÃO;0
CE;BR-222;FRECHEIRINHA;6;2;SEXTA-FEIRA;4;0;20;18H-20H;NOITE;PLENA NOITE;ANIMAIS NA PISTA;ATROPELAMENTO DE ANIMAL;CÉU CLARO;SIMPLES;RETA;NÃO;0
SC;BR-158;CAIBI;6;2;SEXTA-FEIRA;4;0;20;18H-20H;NOITE;PLENA NOITE;SUICÍDIO (PRESUMIDO);SAÍDA DE LEITO CARROÇÁVEL;CÉU CLARO;SIMPLES;CURVA;NÃO;0
BA;BR-135;BARREIRAS;5;2;SEXTA-FEIRA;4;0;5;03H-05H;MADRUGADA;PLENO DIA;REAÇÃO TARDIA OU INEFICIENTE DO CONDUTOR;ATROPELAMENTO DE PEDESTRE;CÉU CLARO;SIMPLES;RETA;NÃO;0
RJ;BR-465;NOVA IGUACU;6;2;SEXTA-FEIRA;4;0;19;18H-20H;NOITE;PLENA NOITE;TRANSITAR NO ACOSTAMENTO;COLISÃO TRANSVERSAL;CÉU CLARO;SIMPLES;RETA;SIM;0
MG;BR-040;BELO HORIZONTE;6;2;SEXTA-FEIRA;4;0;22;21H-23H;NOITE;PLENA NOITE;ACESSAR A VIA SEM OBSERVAR A PRESENÇA DOS OUTROS VEÍCULOS;TOMBAMENTO;CÉU CLARO;DUPLA;"RETA;INTERSEÇÃO DE VIAS";SIM;0
RO;BR-319;PORTO VELHO;6;2;SEXTA-FEIRA;4;0;21;21H-23H;NOITE;PLENA NOITE;DEFICIÊNCIA DO SISTEMA DE ILUMINAÇÃO/SINALIZAÇÃO;COLISÃO TRASEIRA;CÉU CLARO;SIMPLES;RETA;NÃO;0
GO;BR-040;VALPARAISO DE GOIAS;6;2;SEXTA-FEIRA;4;0;23;21H-23H;NOITE;PLENA NOITE;TRANSITAR NA CONTRAMÃO;COLISÃO FRONTAL;CÉU CLARO;DUPLA;"RETORNO REGULAMENTADO;RETA";SIM;0
DF;BR-251;BRASILIA;5;2;TERÇA-FEIRA;1;0;9;09H-11H;MANHA;PLENO DIA;ULTRAPASSAGEM INDEVIDA;COLISÃO FRONTAL;CÉU CLARO;SIMPLES;RETA;NÃO;0
SP;BR-116;EMBU DAS ARTES;6;2;SEXTA-FEIRA;4;0;23;21H-23H;NOITE;PLENO DIA;REAÇÃO TARDIA OU INEFICIENTE DO CONDUTOR;COLISÃO TRASEIRA;CÉU CLARO;DUPLA;CURVA;NÃO;0
BA;BR-101;EUNAPOLIS;6;2;SEXTA-FEIRA;4;0;20;18H-20H;NOITE;PLENA NOITE;REAÇÃO TARDIA OU INEFICIENTE DO CONDUTOR;COLISÃO TRANSVERSAL;CÉU CLARO;SIMPLES;RETA;NÃO;0
PR;BR-277;PRUDENTOPOLIS;6;2;SEXTA-FEIRA;4;0;21;21H-23H;NOITE;PLENA NOITE;AUSÊNCIA DE REAÇÃO DO CONDUTOR;QUEDA DE OCUPANTE DE VEÍCULO;CÉU CLARO;SIMPLES;"RETA;EM OBRAS;DESVIO TEMPORÁRIO";NÃO;0
ES;BR-101;SERRA;6;2;SEXTA-FEIRA;4;0;23;21H-23H;NOITE;PLENA NOITE;ACESSO IRREGULAR;COLISÃO TRANSVERSAL;CÉU CLARO;DUPLA;CURVA;NÃO;0
SC;BR-101;BALNEARIO CAMBORIU;6;2;SEXTA-FEIRA;4;0;23;21H-23H;NOITE;PLENA NOITE;REAÇÃO TARDIA OU INEFICIENTE DO CONDUTOR;COLISÃO LATERAL MESMO SENTIDO;NUBLADO;SIMPLES;RETA;SIM;0
ES;BR-101;JAGUARE;6;2;SEXTA-FEIRA;4;0;23;21H-23H;NOITE;PLENA NOITE;VELOCIDADE INCOMPATÍVEL;SAÍDA DE LEITO CARROÇÁVEL;CÉU CLARO;SIMPLES;RETA;NÃO;0
RN;BR-101;SAO JOSE DE MIPIBU;6;2;SÁBADO;5;1;0;00H-02H;MADRUGADA;PLENA NOITE;INGESTÃO DE ÁLCOOL PELO CONDUTOR;QUEDA DE OCUPANTE DE VEÍCULO;CÉU CLARO;DUPLA;RETA;NÃO;0
SC;BR-101;SAO JOSE;6;2;SEXTA-FEIRA;4;0;23;21H-23H;NOITE;PLENA NOITE;PISTA ESCORREGADIA;TOMBAMENTO;CHUVA;MÚLTIPLA;CURVA;SIM;0
RJ;BR-101;PARATY;6;2;SÁBADO;5;1;2;00H-02H;MADRUGADA;PLENA NOITE;TRANSITAR NA CONTRAMÃO;COLISÃO FRONTAL;CÉU CLARO;SIMPLES;RETA;NÃO;0
PI;BR-316;TERESINA;6;2;SEXTA-FEIRA;4;0;17;15H-17H;TARDE;ANOITECER;REAÇÃO TARDIA OU INEFICIENTE DO CONDUTOR;COLISÃO TRASEIRA;CÉU CLARO;MÚLTIPLA;RETA;SIM;0
PB;BR-101;JOAO PESSOA;6;2;SÁBADO;5;1;3;03H-05H;MADRUGADA;PLENA NOITE;CHUVA;TOMBAMENTO;CHUVA;DUPLA;"INTERSEÇÃO DE VIAS;RETA";SIM;0
MG;BR-116;SANTA RITA DE MINAS;6;2;SÁBADO;5;1;1;00H-02H;MADRUGADA;PLENA NOITE;TRANSITAR NA CONTRAMÃO;COLISÃO FRONTAL;CÉU CLARO;SIMPLES;RETA;NÃO;1
MG;BR-040;JUIZ DE FORA;6;2;SÁBADO;5;1;4;03H-05H;MADRUGADA;PLENA NOITE;AUSÊNCIA DE REAÇÃO DO CONDUTOR;SAÍDA DE LEITO CARROÇÁVEL;NUBLADO;SIMPLES;"DECLIVE;CURVA";NÃO;0
PB;BR-230;PATOS;6;2;SÁBADO;5;1;4;03H-05H;MADRUGADA;PLENA NOITE;INGESTÃO DE ÁLCOOL PELO CONDUTOR;TOMBAMENTO;CÉU CLARO;DUPLA;RETA;NÃO;0
PI;BR-316;DEMERVAL LOBAO;6;2;SÁBADO;5;1;4;03H-05H;MADRUGADA;PLENA NOITE;ANIMAIS NA PISTA;ATROPELAMENTO DE ANIMAL;CÉU CLARO;DUPLA;"ACLIVE;RETA";NÃO;0
SP;BR-116;GUARULHOS;6;2;SÁBADO;5;1;6;06H-08H;MANHA;AMANHECER;AUSÊNCIA DE REAÇÃO DO CONDUTOR;COLISÃO TRASEIRA;CÉU CLARO;MÚLTIPLA;RETA;SIM;0
RJ;BR-356;ITAPERUNA;6;2;SÁBADO;5;1;5;03H-05H;MADRUGADA;AMANHECER;OBJETO ESTÁTICO SOBRE O LEITO CARROÇÁVEL;QUEDA DE OCUPANTE DE VEÍCULO;NUBLADO;SIMPLES;RETA;NÃO;0
TO;BR-153;NOVA OLINDA;6;2;SÁBADO;5;1;6;06H-08H;MANHA;PLENO DIA;AUSÊNCIA DE REAÇÃO DO CONDUTOR;QUEDA DE OCUPANTE DE VEÍCULO;CÉU CLARO;SIMPLES;RETA;NÃO;0
MG;BR-116;SAO JOAO DO MANHUACU;6;2;SÁBADO;5;1;0;00H-02H;MADRUGADA;PLENA NOITE;ACESSAR A VIA SEM OBSERVAR A PRESENÇA DOS OUTROS VEÍCULOS;COLISÃO FRONTAL;CÉU CLARO;SIMPLES;RETA;NÃO;0
SC;BR-101;ICARA;6;2;SÁBADO;5;1;2;00H-02H;MADRUGADA;PLENA NOITE;REAÇÃO TARDIA OU INEFICIENTE DO CONDUTOR;SAÍDA DE LEITO CARROÇÁVEL;IGNORADO;SIMPLES;RETA;NÃO;0
SC;BR-101;ARARANGUA;6;2;SÁBADO;5;1;0;00H-02H;MADRUGADA;PLENA NOITE;ACESSAR A VIA SEM OBSERVAR A PRESENÇA DOS OUTROS VEÍCULOS;COLISÃO FRONTAL;NUBLADO;SIMPLES;RETA;SIM;0
MG;BR-262;MATIPO;6;2;SEXTA-FEIRA;4;0;18;18H-20H;NOITE;PLENA NOITE;DEIXAR DE ACIONAR O FAROL DA MOTOCICLETA (OU SIMILAR);COLISÃO TRANSVERSAL;CÉU CLARO;SIMPLES;"RETA;ACLIVE";NÃO;0
GO;BR-060;SANTO ANTONIO DO DESCOBERTO;6;2;SÁBADO;5;1;5;03H-05H;MADRUGADA;AMANHECER;REAÇÃO TARDIA OU INEFICIENTE DO CONDUTOR;COLISÃO COM OBJETO;CÉU CLARO;DUPLA;RETA;NÃO;0
MG;BR-262;PARA DE MINAS;6;2;SÁBADO;5;1;1;00H-02H;MADRUGADA;PLENA NOITE;INGESTÃO DE ÁLCOOL PELO CONDUTOR;COLISÃO TRASEIRA;CÉU CLARO;DUPLA;RETA;NÃO;0
RR;BR-401;BONFIM;6;2;SÁBADO;5;1;4;03H-05H;MADRUGADA;AMANHECER;ANIMAIS NA PISTA;ATROPELAMENTO DE ANIMAL;CÉU CLARO;SIMPLES;RETA;NÃO;0
MG;BR-381;BETIM;6;2;SÁBADO;5;1;7;06H-08H;MANHA;AMANHECER;CONDUTOR DORMINDO;SAÍDA DE LEITO CARROÇÁVEL;CÉU CLARO;DUPLA;RETA;SIM;0
BA;BR-418;NOVA VICOSA;6;2;SÁBADO;5;1;5;03H-05H;MADRUGADA;AMANHECER;INGESTÃO DE ÁLCOOL PELO CONDUTOR;SAÍDA DE LEITO CARROÇÁVEL;NUBLADO;SIMPLES;RETA;SIM;1
SP;BR-153;SAO JOSE DO RIO PRETO;6;2;SÁBADO;5;1;8;06H-08H;MANHA;PLENO DIA;AUSÊNCIA DE REAÇÃO DO CONDUTOR;COLISÃO COM OBJETO;CÉU CLARO;MÚLTIPLA;RETA;SIM;0
ES;BR-101;LINHARES;6;2;SÁBADO;5;1;8;06H-08H;MANHA;PLENO DIA;DEMAIS FALHAS MECÂNICAS OU ELÉTRICAS;QUEDA DE OCUPANTE DE VEÍCULO;CÉU CLARO;MÚLTIPLA;RETA;SIM;0
RJ;BR-116;PIRAI;6;2;SÁBADO;5;1;7;06H-08H;MANHA;PLENO DIA;AUSÊNCIA DE REAÇÃO DO CONDUTOR;COLISÃO TRASEIRA;CÉU CLARO;DUPLA;RETA;NÃO;0
MG;BR-381;POUSO ALEGRE;6;2;SÁBADO;5;1;7;06H-08H;MANHA;PLENO DIA;VELOCIDADE INCOMPATÍVEL;COLISÃO TRASEIRA;SOL;DUPLA;RETA;NÃO;0
PE;BR-232;JABOATAO DOS GUARARAPES;6;2;SÁBADO;5;1;7;06H-08H;MANHA;PLENO DIA;CONDUTOR DEIXOU DE MANTER DISTÂNCIA DO VEÍCULO DA FRENTE;COLISÃO TRASEIRA;CHUVA;DUPLA;RETA;SIM;0
RJ;BR-040;DUQUE DE CAXIAS;6;2;SÁBADO;5;1;6;06H-08H;MANHA;PLENO DIA;TRANSITAR NA CALÇADA;COLISÃO COM OBJETO;CÉU CLARO;SIMPLES;RETA;SIM;0
MG;BR-262;NOVA SERRANA;6;2;SÁBADO;5;1;6;06H-08H;MANHA;PLENO DIA;AUSÊNCIA DE REAÇÃO DO CONDUTOR;SAÍDA DE LEITO CARROÇÁVEL;SOL;DUPLA;"RETA;ACLIVE";SIM;1
RS;BR-392;CANGUCU;6;2;SÁBADO;5;1;7;06H-08H;MANHA;PLENO DIA;AUSÊNCIA DE REAÇÃO DO CONDUTOR;SAÍDA DE LEITO CARROÇÁVEL;CHUVA;SIMPLES;"CURVA;ACLIVE";NÃO;0
PE;BR-408;JABOATAO DOS GUARARAPES;6;2;SÁBADO;5;1;9;09H-11H;MANHA;PLENO DIA;ENTRADA INOPINADA DO PEDESTRE;ATROPELAMENTO DE PEDESTRE;GAROA/CHUVISCO;DUPLA;RETA;SIM;0
DF;BR-020;BRASILIA;6;2;SÁBADO;5;1;9;09H-11H;MANHA;PLENO DIA;MANOBRA DE MUDANÇA DE FAIXA;COLISÃO LATERAL MESMO SENTIDO;CÉU CLARO;DUPLA;"RETORNO REGULAMENTADO;RETA;EM OBRAS";SIM;0
RS;BR-101;TORRES;6;2;SÁBADO;5;1;10;09H-11H;MANHA;PLENO DIA;REAÇÃO TARDIA OU INEFICIENTE DO CONDUTOR;COLISÃO TRASEIRA;CÉU CLARO;DUPLA;RETA;SIM;0
RS;BR-470;BARAO;6;2;SEXTA-FEIRA;4;0;19;18H-20H;NOITE;PLENA NOITE;REAÇÃO TARDIA OU INEFICIENTE DO CONDUTOR;ATROPELAMENTO DE PEDESTRE;CÉU CLARO;SIMPLES;CURVA;NÃO;0
RJ;BR-393;TRES RIOS;6;2;SÁBADO;5;1;9;09H-11H;MANHA;PLENO DIA;CONVERSÃO PROIBIDA;COLISÃO TRANSVERSAL;CÉU CLARO;SIMPLES;RETA;NÃO;0
SC;BR-116;MAFRA;6;2;SÁBADO;5;1;10;09H-11H;MANHA;PLENO DIA;REAÇÃO TARDIA OU INEFICIENTE DO CONDUTOR;COLISÃO COM OBJETO;CÉU CLARO;SIMPLES;"ACLIVE;RETA";NÃO;0
GO;BR-020;FORMOSA;6;2;SÁBADO;5;1;10;09H-11H;MANHA;PLENO DIA;ACESSAR A VIA SEM OBSERVAR A PRESENÇA DOS OUTROS VEÍCULOS;COLISÃO TRANSVERSAL;CÉU CLARO;SIMPLES;"CURVA;INTERSEÇÃO DE VIAS;EM OBRAS;DESVIO TEMPORÁRIO";SIM;0
PI;BR-402;LUIS CORREIA;6;2;SÁBADO;5;1;10;09H-11H;MANHA;PLENO DIA;AUSÊNCIA DE REAÇÃO DO CONDUTOR;COLISÃO TRASEIRA;CÉU CLARO;SIMPLES;RETA;NÃO;0
RJ;BR-101;PARATY;6;2;SÁBADO;5;1;9;09H-11H;MANHA;PLENO DIA;CONDUTOR DEIXOU DE MANTER DISTÂNCIA DO VEÍCULO DA FRENTE;COLISÃO TRASEIRA;CÉU CLARO;SIMPLES;RETA;NÃO;0
RS;BR-158;SANTANA DO LIVRAMENTO;6;2;SÁBADO;5;1;9;09H-11H;MANHA;PLENO DIA;ACUMULO DE ÁGUA SOBRE O PAVIMENTO;SAÍDA DE LEITO CARROÇÁVEL;CHUVA;SIMPLES;ACLIVE;NÃO;0
MG;BR-040;OURO PRETO;6;2;SÁBADO;5;1;10;09H-11H;MANHA;PLENO DIA;PEDESTRE CRUZAVA A PISTA FORA DA FAIXA;ATROPELAMENTO DE PEDESTRE;CÉU CLARO;SIMPLES;"RETA;ACLIVE";NÃO;0
BA;BR-116;VITORIA DA CONQUISTA;6;2;SÁBADO;5;1;11;09H-11H;MANHA;PLENO DIA;MANOBRA DE MUDANÇA DE FAIXA;COLISÃO LATERAL MESMO SENTIDO;CÉU CLARO;SIMPLES;RETA;SIM;0
ES;BR-101;SERRA;6;2;SÁBADO;5;1;12;12H-14H;TARDE;PLENO DIA;REAÇÃO TARDIA OU INEFICIENTE DO CONDUTOR;TOMBAMENTO;CÉU CLARO;DUPLA;RETA;NÃO;0
MA;BR-230;BALSAS;6;2;SÁBADO;5;1;12;12H-14H;TARDE;PLENO DIA;ACESSAR A VIA SEM OBSERVAR A PRESENÇA DOS OUTROS VEÍCULOS;COLISÃO TRANSVERSAL;CÉU CLARO;SIMPLES;INTERSEÇÃO DE VIAS;NÃO;0
ES;BR-101;CARIACICA;6;2;SÁBADO;5;1;13;12H-14H;TARDE;PLENO DIA;MANOBRA DE MUDANÇA DE FAIXA;COLISÃO LATERAL MESMO SENTIDO;NUBLADO;DUPLA;RETA;NÃO;0
BA;BR-324;CANDEIAS;6;2;SÁBADO;5;1;12;12H-14H;TARDE;PLENO DIA;DEMAIS FALHAS MECÂNICAS OU ELÉTRICAS;QUEDA DE OCUPANTE DE VEÍCULO;NUBLADO;DUPLA;RETA;NÃO;0
PI;BR-343;ALTOS;6;2;SÁBADO;5;1;13;12H-14H;TARDE;PLENO DIA;REAÇÃO TARDIA OU INEFICIENTE DO CONDUTOR;COLISÃO LATERAL MESMO SENTIDO;SOL;SIMPLES;"DECLIVE;RETA";NÃO;0
PB;BR-230;CABEDELO;6;2;SÁBADO;5;1;13;12H-14H;TARDE;PLENO DIA;AUSÊNCIA DE REAÇÃO DO CONDUTOR;TOMBAMENTO;SOL;DUPLA;RETA;SIM;0
SC;BR-101;BALNEARIO CAMBORIU;6;2;SÁBADO;5;1;13;12H-14H;TARDE;PLENO DIA;FREAR BRUSCAMENTE;COLISÃO TRASEIRA;NUBLADO;DUPLA;RETA;SIM;0
ES;BR-101;SERRA;6;2;SÁBADO;5;1;14;12H-14H;TARDE;PLENO DIA;CONDUTOR DEIXOU DE MANTER DISTÂNCIA DO VEÍCULO DA FRENTE;COLISÃO TRASEIRA;CÉU CLARO;MÚLTIPLA;RETA;SIM;0
MG;BR-050;ARAGUARI;6;2;SÁBADO;5;1;14;12H-14H;TARDE;PLENO DIA;REAÇÃO TARDIA OU INEFICIENTE DO CONDUTOR;SAÍDA DE LEITO CARROÇÁVEL;CÉU CLARO;DUPLA;"CURVA;ACLIVE";NÃO;0
RS;BR-392;RIO GRANDE;6;2;SÁBADO;5;1;14;12H-14H;TARDE;PLENO DIA;ACUMULO DE ÁGUA SOBRE O PAVIMENTO;SAÍDA DE LEITO CARROÇÁVEL;CHUVA;DUPLA;RETA;NÃO;0
RO;BR-364;JI-PARANA;6;2;SÁBADO;5;1;12;12H-14H;TARDE;PLENO DIA;CONDUTOR DEIXOU DE MANTER DISTÂNCIA DO VEÍCULO DA FRENTE;COLISÃO TRASEIRA;CÉU CLARO;DUPLA;RETA;SIM;0
MG;BR-381;BETIM;6;2;SÁBADO;5;1;15;15H-17H;TARDE;PLENO DIA;AFUNDAMENTO OU ONDULAÇÃO NO PAVIMENTO;TOMBAMENTO;CÉU CLARO;SIMPLES;"CURVA;RETORNO REGULAMENTADO";SIM;0
MG;BR-381;IGARAPE;6;2;SÁBADO;5;1;15;15H-17H;TARDE;PLENO DIA;REAÇÃO TARDIA OU INEFICIENTE DO CONDUTOR;TOMBAMENTO;CÉU CLARO;DUPLA;RETA;NÃO;0
SC;BR-101;BALNEARIO CAMBORIU;6;2;SÁBADO;5;1;15;15H-17H;TARDE;PLENO DIA;INGESTÃO DE ÁLCOOL PELO CONDUTOR;QUEDA DE OCUPANTE DE VEÍCULO;NUBLADO;DUPLA;RETA;SIM;0
PR;BR-277;IRATI;6;2;SÁBADO;5;1;15;15H-17H;TARDE;PLENO DIA;AUSÊNCIA DE REAÇÃO DO CONDUTOR;COLISÃO TRASEIRA;NUBLADO;SIMPLES;RETA;NÃO;0
RS;BR-116;PELOTAS;6;2;SÁBADO;5;1;15;15H-17H;TARDE;PLENO DIA;ACUMULO DE ÁGUA SOBRE O PAVIMENTO;SAÍDA DE LEITO CARROÇÁVEL;CHUVA;SIMPLES;CURVA;NÃO;0
ES;BR-101;SOORETAMA;6;2;SÁBADO;5;1;15;15H-17H;TARDE;PLENO DIA;CONDUTOR DESRESPEITOU A ILUMINAÇÃO VERMELHA DO SEMÁFORO;COLISÃO TRASEIRA;CÉU CLARO;SIMPLES;RETA;SIM;0
ES;BR-101;SERRA;6;2;SÁBADO;5;1;16;15H-17H;TARDE;PLENO DIA;TRAFEGAR COM MOTOCICLETA (OU SIMILAR) ENTRE AS FAIXAS;QUEDA DE OCUPANTE DE VEÍCULO;CÉU CLARO;DUPLA;RETA;SIM;0
RN;BR-304;ANGICOS;6;2;SÁBADO;5;1;14;12H-14H;TARDE;PLENO DIA;DEMAIS FALHAS MECÂNICAS OU ELÉTRICAS;INCÊNDIO;SOL;SIMPLES;RETA;NÃO;0
GO;BR-060;GUAPO;6;2;SÁBADO;5;1;15;15H-17H;TARDE;PLENO DIA;AVARIAS E/OU DESGASTE EXCESSIVO NO PNEU;TOMBAMENTO;CÉU CLARO;DUPLA;"ACLIVE;CURVA";NÃO;0
RS;BR-116;NOVO HAMBURGO;6;2;SÁBADO;5;1;16;15H-17H;TARDE;PLENO DIA;REAÇÃO TARDIA OU INEFICIENTE DO CONDUTOR;COLISÃO TRASEIRA;NUBLADO;MÚLTIPLA;"RETA;EM OBRAS";SIM;0
PI;BR-343;PARNAIBA;6;2;SÁBADO;5;1;15;15H-17H;TARDE;PLENO DIA;INGESTÃO DE ÁLCOOL PELO CONDUTOR;COLISÃO FRONTAL;CÉU CLARO;SIMPLES;CURVA;NÃO;0
RO;BR-364;JARU;6;2;SÁBADO;5;1;14;12H-14H;TARDE;PLENO DIA;ACESSAR A VIA SEM OBSERVAR A PRESENÇA DOS OUTROS VEÍCULOS;COLISÃO TRANSVERSAL;CÉU CLARO;MÚLTIPLA;"RETA;INTERSEÇÃO DE VIAS";SIM;0
SP;BR-116;SAO JOSE DOS CAMPOS;6;2;SÁBADO;5;1;16;15H-17H;TARDE;ANOITECER;ESTACIONAR OU PARAR EM LOCAL PROIBIDO;ENGAVETAMENTO;CÉU CLARO;DUPLA;RETA;SIM;0
BA;BR-324;RIACHAO DO JACUIPE;6;2;SÁBADO;5;1;13;12H-14H;TARDE;PLENO DIA;ULTRAPASSAGEM INDEVIDA;COLISÃO FRONTAL;CÉU CLARO;SIMPLES;RETA;SIM;0
PR;BR-376;PONTA GROSSA;6;2;SÁBADO;5;1;15;15H-17H;TARDE;PLENO DIA;REAÇÃO TARDIA OU INEFICIENTE DO CONDUTOR;SAÍDA DE LEITO CARROÇÁVEL;CÉU CLARO;DUPLA;RETA;NÃO;0
MT;BR-070;CACERES;6;2;TERÇA-FEIRA;1;0;4;03H-05H;MADRUGADA;PLENO DIA;DEMAIS FALHAS MECÂNICAS OU ELÉTRICAS;INCÊNDIO;CÉU CLARO;SIMPLES;RETA;NÃO;0
RO;BR-364;VILHENA;6;2;SÁBADO;5;1;11;09H-11H;MANHA;PLENO DIA;ENTRADA INOPINADA DO PEDESTRE;ATROPELAMENTO DE PEDESTRE;CÉU CLARO;SIMPLES;RETA;SIM;0
RS;BR-392;SANTA MARIA;6;2;SÁBADO;5;1;16;15H-17H;TARDE;PLENO DIA;AUSÊNCIA DE REAÇÃO DO CONDUTOR;COLISÃO TRASEIRA;CHUVA;SIMPLES;RETA;NÃO;0