uf;br_formatada;municipio;mes;trimestre;dia_semana;dia_semana_num;fim_de_semana;hora;faixa_horaria;turno;fase_dia;causa_acidente;tipo_acidente;condicao_metereologica;tipo_pista;tracado_via;uso_solo;acidente_fatal
RJ;BR-101;ITABORAI;6;2;SEGUNDA-FEIRA;0;0;16;15H-17H;TARDE;ANOITECER;REAÇÃO TARDIA OU INEFICIENTE DO CONDUTOR;COLISÃO LATERAL MESMO SENTIDO;CÉU CLARO;MÚLTIPLA;"CURVA;DECLIVE";SIM;0
SC;BR-282;PALHOCA;6;2;SEGUNDA-FEIRA;0;0;19;18H-20H;NOITE;PLENA NOITE;ACESSAR A VIA SEM OBSERVAR A PRESENÇA DOS OUTROS VEÍCULOS;COLISÃO TRANSVERSAL;CÉU CLARO;SIMPLES;RETA;SIM;0
BA;BR-367;PORTO SEGURO;6;2;SEGUNDA-FEIRA;0;0;12;12H-14H;TARDE;PLENO DIA;ULTRAPASSAGEM INDEVIDA;COLISÃO LATERAL MESMO SENTIDO;NUBLADO;SIMPLES;RETA;SIM;0
SC;BR-280;JARAGUA DO SUL;6;2;SEGUNDA-FEIRA;0;0;18;18H-20H;NOITE;PLENA NOITE;CONDUTOR DEIXOU DE MANTER DISTÂNCIA DO VEÍCULO DA FRENTE;COLISÃO TRASEIRA;NUBLADO;SIMPLES;"ACLIVE;RETA";NÃO;0
RS;BR-287;SANTA MARIA;6;2;SEGUNDA-FEIRA;0;0;18;18H-20H;NOITE;ANOITECER;CONDUTOR DEIXOU DE MANTER DISTÂNCIA DO VEÍCULO DA FRENTE;COLISÃO TRASEIRA;CHUVA;DUPLA;RETA;SIM;0
RJ;BR-116;NOVA IGUACU;6;2;SEGUNDA-FEIRA;0;0;19;18H-20H;NOITE;PLENA NOITE;AUSÊNCIA DE REAÇÃO DO CONDUTOR;QUEDA DE OCUPANTE DE VEÍCULO;CÉU CLARO;DUPLA;RETA;SIM;0
GO;BR-060;GOIANIA;6;2;SEGUNDA-FEIRA;0;0;19;18H-20H;NOITE;PLENA NOITE;ESTACIONAR OU PARAR EM LOCAL PROIBIDO;COLISÃO TRASEIRA;CÉU CLARO;DUPLA;ACLIVE;NÃO;0
ES;BR-101;SERRA;6;2;SEGUNDA-FEIRA;0;0;18;18H-20H;NOITE;PLENA NOITE;AUSÊNCIA DE REAÇÃO DO CONDUTOR;COLISÃO LATERAL MESMO SENTIDO;CÉU CLARO;DUPLA;RETA;SIM;0
RJ;BR-393;TRES RIOS;6;2;SEGUNDA-FEIRA;0;0;18;18H-20H;NOITE;PLENA NOITE;CONVERSÃO PROIBIDA;COLISÃO TRANSVERSAL;IGNORADO;SIMPLES;RETA;SIM;0
SC;BR-470;CURITIBANOS;6;2;SEGUNDA-FEIRA;0;0;17;15H-17H;TARDE;PLENO DIA;ACESSAR A VIA SEM OBSERVAR A PRESENÇA DOS OUTROS VEÍCULOS;COLISÃO TRANSVERSAL;CÉU CLARO;SIMPLES;"RETA;INTERSEÇÃO DE VIAS";SIM;0
MG;BR-040;CURVELO;6;2;SEGUNDA-FEIRA;0;0;19;18H-20H;NOITE;PLENA NOITE;PEDESTRE ANDAVA NA PISTA;ATROPELAMENTO DE PEDESTRE;CÉU CLARO;SIMPLES;RETA;NÃO;1
SP;BR-381;ATIBAIA;6;2;SEGUNDA-FEIRA;0;0;18;18H-20H;NOITE;PLENA NOITE;ENTRADA INOPINADA DO PEDESTRE;ATROPELAMENTO DE PEDESTRE;CÉU CLARO;DUPLA;RETA;NÃO;0
RS;BR-386;ESTRELA;6;2;SEGUNDA-FEIRA;0;0;19;18H-20H;NOITE;PLENA NOITE;DEMAIS FALHAS NA VIA;COLISÃO COM OBJETO;CÉU CLARO;SIMPLES;"INTERSEÇÃO DE VIAS;EM OBRAS;RETA";SIM;0
RJ;BR-101;ANGRA DOS REIS;6;2;SEGUNDA-FEIRA;0;0;19;18H-20H;NOITE;PLENA NOITE;CONVERSÃO PROIBIDA;COLISÃO FRONTAL;CÉU CLARO;SIMPLES;"RETA;INTERSEÇÃO DE VIAS";SIM;0
ES;BR-101;CARIACICA;6;2;SEGUNDA-FEIRA;0;0;20;18H-20H;NOITE;PLENA NOITE;ANIMAIS NA PISTA;ATROPELAMENTO DE ANIMAL;CÉU CLARO;DUPLA;"CURVA;DECLIVE";SIM;0
AM;BR-174;MANAUS;6;2;SEGUNDA-FEIRA;0;0;6;06H-08H;MANHA;AMANHECER;PEDESTRE ANDAVA NA PISTA;ATROPELAMENTO DE PEDESTRE;NUBLADO;SIMPLES;"DECLIVE;RETA";NÃO;0
MG;BR-262;PARA DE MINAS;4;2;DOMINGO;6;1;12;12H-14H;TARDE;PLENO DIA;AUSÊNCIA DE REAÇÃO DO CONDUTOR;COLISÃO LATERAL MESMO SENTIDO;SOL;DUPLA;RETA;NÃO;0
PB;BR-104;SAO SEBASTIAO DE LAGOA DE  ROCA;6;2;SEGUNDA-FEIRA;0;0;19;18H-20H;NOITE;PLENA NOITE;INGESTÃO DE ÁLCOOL PELO CONDUTOR;COLISÃO LATERAL SENTIDO OPOSTO;CÉU CLARO;SIMPLES;"ACLIVE;RETA";NÃO;0
MG;BR-116;AGUAS VERMELHAS;6;2;SEGUNDA-FEIRA;0;0;20;18H-20H;NOITE;PLENA NOITE;ACESSAR A VIA SEM OBSERVAR A PRESENÇA DOS OUTROS VEÍCULOS;COLISÃO TRANSVERSAL;CÉU CLARO;SIMPLES;CURVA;NÃO;0
SC;BR-280;CORUPA;6;2;SEGUNDA-FEIRA;0;0;17;15H-17H;TARDE;ANOITECER;ENTRADA INOPINADA DO PEDESTRE;ATROPELAMENTO DE PEDESTRE;NUBLADO;SIMPLES;RETA;SIM;0
PE;BR-101;RECIFE;6;2;SEGUNDA-FEIRA;0;0;21;21H-23H;NOITE;PLENA NOITE;REAÇÃO TARDIA OU INEFICIENTE DO CONDUTOR;COLISÃO TRASEIRA;CÉU CLARO;DUPLA;RETA;SIM;0
PR;BR-277;PALMEIRA;6;2;SEGUNDA-FEIRA;0;0;20;18H-20H;NOITE;PLENA NOITE;ACESSAR A VIA SEM OBSERVAR A PRESENÇA DOS OUTROS VEÍCULOS;ATROPELAMENTO DE PEDESTRE;CÉU CLARO;DUPLA;RETA;SIM;0
PE;BR-423;PARANATAMA;6;2;SEGUNDA-FEIRA;0;0;19;18H-20H;NOITE;PLENA NOITE;ENTRADA INOPINADA DO PEDESTRE;ATROPELAMENTO DE PEDESTRE;CÉU CLARO;SIMPLES;RETA;SIM;1
MG;BR-116;ALPERCATA;6;2;SEGUNDA-FEIRA;0;0;16;15H-17H;TARDE;PLENO DIA;ACESSAR A VIA SEM OBSERVAR A PRESENÇA DOS OUTROS VEÍCULOS;COLISÃO TRANSVERSAL;CÉU CLARO;SIMPLES;"RETA;INTERSEÇÃO DE VIAS";NÃO;0
MG;BR-116;GOVERNADOR VALADARES;6;2;SEGUNDA-FEIRA;0;0;17;15H-17H;TARDE;ANOITECER;ACESSAR A VIA SEM OBSERVAR A PRESENÇA DOS OUTROS VEÍCULOS;COLISÃO LATERAL MESMO SENTIDO;NUBLADO;SIMPLES;INTERSEÇÃO DE VIAS;SIM;0
MG;BR-381;BELO ORIENTE;6;2;SEGUNDA-FEIRA;0;0;17;15H-17H;TARDE;PLENO DIA;CONDUTOR DORMINDO;ENGAVETAMENTO;NUBLADO;SIMPLES;"RETA;EM OBRAS";NÃO;0
CE;BR-222;CAUCAIA;6;2;SEGUNDA-FEIRA;0;0;22;21H-23H;NOITE;PLENA NOITE;MANOBRA DE MUDANÇA DE FAIXA;COLISÃO LATERAL MESMO SENTIDO;CÉU CLARO;DUPLA;RETA;SIM;0
MG;BR-116;GOVERNADOR VALADARES;6;2;SEGUNDA-FEIRA;0;0;18;18H-20H;NOITE;PLENA NOITE;CONDUTOR DEIXOU DE MANTER DISTÂNCIA DO VEÍCULO DA FRENTE;COLISÃO TRASEIRA;CÉU CLARO;SIMPLES;RETA;SIM;0
PR;BR-277;FOZ DO IGUACU;6;2;SEGUNDA-FEIRA;0;0;23;21H-23H;NOITE;PLENA NOITE;DEMAIS FALHAS MECÂNICAS OU ELÉTRICAS;QUEDA DE OCUPANTE DE VEÍCULO;CÉU CLARO;DUPLA;RETA;SIM;0
ES;BR-101;CONCEICAO DA BARRA;5;2;QUARTA-FEIRA;2;0;8;06H-08H;MANHA;PLENO DIA;CHUVA;TOMBAMENTO;CHUVA;SIMPLES;"ACLIVE;RETA";NÃO;0
SC;BR-101;SAO JOSE;6;2;TERÇA-FEIRA;1;0;2;00H-02H;MADRUGADA;PLENO DIA;SUICÍDIO (PRESUMIDO);QUEDA DE OCUPANTE DE VEÍCULO;NUBLADO;MÚLTIPLA;"ACLIVE;RETA";SIM;0
SC;BR-163;SAO MIGUEL DO OESTE;6;2;TERÇA-FEIRA;1;0;2;00H-02H;MADRUGADA;PLENA NOITE;VELOCIDADE INCOMPATÍVEL;SAÍDA DE LEITO CARROÇÁVEL;CÉU CLARO;SIMPLES;"RETA;DECLIVE;INTERSEÇÃO DE VIAS";NÃO;0
RS;BR-392;MORRO REDONDO;6;2;TERÇA-FEIRA;1;0;2;00H-02H;MADRUGADA;PLENA NOITE;INGESTÃO DE ÁLCOOL PELO CONDUTOR;SAÍDA DE LEITO CARROÇÁVEL;CHUVA;SIMPLES;RETA;NÃO;0
SC;BR-101;CAPIVARI DE BAIXO;6;2;TERÇA-FEIRA;1;0;3;03H-05H;MADRUGADA;PLENA NOITE;REAÇÃO TARDIA OU INEFICIENTE DO CONDUTOR;COLISÃO TRASEIRA;CÉU CLARO;DUPLA;"RETA;ACLIVE";SIM;0
MG;BR-365;UBERLANDIA;1;1;SEXTA-FEIRA;4;0;15;15H-17H;TARDE;PLENO DIA;PISTA ESCORREGADIA;TOMBAMENTO;IGNORADO;DUPLA;RETA;SIM;0
PR;BR-116;FAZENDA RIO GRANDE;6;2;TERÇA-FEIRA;1;0;4;03H-05H;MADRUGADA;PLENA NOITE;CONVERSÃO PROIBIDA;COLISÃO TRANSVERSAL;NUBLADO;DUPLA;RETA;SIM;0
BA;BR-420;JAGUAQUARA;6;2;TERÇA-FEIRA;1;0;3;03H-05H;MADRUGADA;PLENA NOITE;VELOCIDADE INCOMPATÍVEL;QUEDA DE OCUPANTE DE VEÍCULO;CÉU CLARO;SIMPLES;RETA;NÃO;0
MG;BR-262;IGARATINGA;6;2;TERÇA-FEIRA;1;0;6;06H-08H;MANHA;PLENO DIA;PEDESTRE ANDAVA NA PISTA;ATROPELAMENTO DE PEDESTRE;CÉU CLARO;DUPLA;CURVA;NÃO;1
SP;BR-116;SAO JOSE DOS CAMPOS;6;2;TERÇA-FEIRA;1;0;5;03H-05H;MADRUGADA;AMANHECER;INGESTÃO DE ÁLCOOL PELO CONDUTOR;COLISÃO COM OBJETO;NEVOEIRO/NEBLINA;DUPLA;"RETA;ACLIVE";SIM;0
RJ;BR-040;DUQUE DE CAXIAS;6;2;TERÇA-FEIRA;1;0;4;03H-05H;MADRUGADA;AMANHECER;DEMAIS FALHAS MECÂNICAS OU ELÉTRICAS;CAPOTAMENTO;CÉU CLARO;MÚLTIPLA;"RETA;DECLIVE";SIM;0
RN;BR-304;RIACHUELO;6;2;TERÇA-FEIRA;1;0;5;03H-05H;MADRUGADA;AMANHECER;AUSÊNCIA DE REAÇÃO DO CONDUTOR;QUEDA DE OCUPANTE DE VEÍCULO;CÉU CLARO;SIMPLES;RETA;NÃO;0
AL;BR-104;UNIAO DOS PALMARES;6;2;TERÇA-FEIRA;1;0;6;06H-08H;MANHA;PLENO DIA;REAÇÃO TARDIA OU INEFICIENTE DO CONDUTOR;COLISÃO FRONTAL;CHUVA;SIMPLES;CURVA;NÃO;0
PE;BR-407;PETROLINA;6;2;TERÇA-FEIRA;1;0;6;06H-08H;MANHA;PLENO DIA;CONVERSÃO PROIBIDA;COLISÃO TRANSVERSAL;CÉU CLARO;SIMPLES;RETA;SIM;0
MS;BR-158;PARANAIBA;6;2;TERÇA-FEIRA;1;0;5;03H-05H;MADRUGADA;AMANHECER;ACESSAR A VIA SEM OBSERVAR A PRESENÇA DOS OUTROS VEÍCULOS;COLISÃO LATERAL MESMO SENTIDO;CÉU CLARO;DUPLA;INTERSEÇÃO DE VIAS;SIM;0
RJ;BR-101;PARATY;6;2;TERÇA-FEIRA;1;0;7;06H-08H;MANHA;AMANHECER;TRAFEGAR COM MOTOCICLETA (OU SIMILAR) ENTRE AS FAIXAS;QUEDA DE OCUPANTE DE VEÍCULO;CÉU CLARO;SIMPLES;RETA;SIM;0
PB;BR-230;JOAO PESSOA;6;2;TERÇA-FEIRA;1;0;7;06H-08H;MANHA;PLENO DIA;CONDUTOR DEIXOU DE MANTER DISTÂNCIA DO VEÍCULO DA FRENTE;COLISÃO TRASEIRA;CÉU CLARO;DUPLA;"DECLIVE;VIADUTO;RETA";SIM;0
PE;BR-232;SAO CAITANO;6;2;TERÇA-FEIRA;1;0;7;06H-08H;MANHA;PLENO DIA;ACESSAR A VIA SEM OBSERVAR A PRESENÇA DOS OUTROS VEÍCULOS;COLISÃO LATERAL MESMO SENTIDO;CÉU CLARO;DUPLA;RETA;NÃO;0
RN;BR-406;SAO GONCALO DO AMARANTE;6;2;TERÇA-FEIRA;1;0;6;06H-08H;MANHA;PLENO DIA;MANOBRA DE MUDANÇA DE FAIXA;COLISÃO LATERAL MESMO SENTIDO;CÉU CLARO;DUPLA;RETA;NÃO;0
MG;BR-040;RIBEIRAO DAS NEVES;6;2;TERÇA-FEIRA;1;0;5;03H-05H;MADRUGADA;PLENO DIA;CONDUTOR DEIXOU DE MANTER DISTÂNCIA DO VEÍCULO DA FRENTE;COLISÃO TRASEIRA;CÉU CLARO;DUPLA;RETA;SIM;0
TO;BR-010;PALMAS;6;2;TERÇA-FEIRA;1;0;8;06H-08H;MANHA;PLENO DIA;AVARIAS E/OU DESGASTE EXCESSIVO NO PNEU;QUEDA DE OCUPANTE DE VEÍCULO;SOL;MÚLTIPLA;"RETA;ACLIVE";NÃO;0
SP;BR-116;GUARULHOS;6;2;TERÇA-FEIRA;1;0;7;06H-08H;MANHA;AMANHECER;CONDUTOR DEIXOU DE MANTER DISTÂNCIA DO VEÍCULO DA FRENTE;COLISÃO LATERAL MESMO SENTIDO;CÉU CLARO;MÚLTIPLA;RETA;NÃO;0
BA;BR-367;EUNAPOLIS;6;2;TERÇA-FEIRA;1;0;8;06H-08H;MANHA;PLENO DIA;ACESSAR A VIA SEM OBSERVAR A PRESENÇA DOS OUTROS VEÍCULOS;COLISÃO LATERAL MESMO SENTIDO;CÉU CLARO;SIMPLES;RETA;SIM;0
SP;BR-116;SAO JOSE DOS CAMPOS;6;2;TERÇA-FEIRA;1;0;8;06H-08H;MANHA;PLENO DIA;CONDUTOR DEIXOU DE MANTER DISTÂNCIA DO VEÍCULO DA FRENTE;ENGAVETAMENTO;CÉU CLARO;DUPLA;"DESVIO TEMPORÁRIO;EM OBRAS;DECLIVE";NÃO;0
MG;BR-262;REDUTO;6;2;TERÇA-FEIRA;1;0;6;06H-08H;MANHA;AMANHECER;NEBLINA;TOMBAMENTO;NEVOEIRO/NEBLINA;SIMPLES;CURVA;NÃO;0
RN;BR-101;NATAL;6;2;TERÇA-FEIRA;1;0;8;06H-08H;MANHA;PLENO DIA;DEMAIS FALHAS MECÂNICAS OU ELÉTRICAS;QUEDA DE OCUPANTE DE VEÍCULO;CHUVA;DUPLA;RETA;SIM;0
ES;BR-101;CARIACICA;6;2;TERÇA-FEIRA;1;0;8;06H-08H;MANHA;PLENO DIA;AUSÊNCIA DE REAÇÃO DO CONDUTOR;TOMBAMENTO;CÉU CLARO;DUPLA;RETA;SIM;0
PR;BR-369;IBIPORA;6;2;TERÇA-FEIRA;1;0;7;06H-08H;MANHA;PLENO DIA;AUSÊNCIA DE REAÇÃO DO CONDUTOR;COLISÃO TRASEIRA;SOL;SIMPLES;RETA;SIM;0
BA;BR-101;TEIXEIRA DE FREITAS;6;2;TERÇA-FEIRA;1;0;8;06H-08H;MANHA;PLENO DIA;ACESSAR A VIA SEM OBSERVAR A PRESENÇA DOS OUTROS VEÍCULOS;COLISÃO TRANSVERSAL;NUBLADO;SIMPLES;"RETA;INTERSEÇÃO DE VIAS";SIM;0
PR;BR-277;CURITIBA;6;2;TERÇA-FEIRA;1;0;8;06H-08H;MANHA;PLENO DIA;TRAFEGAR COM MOTOCICLETA (OU SIMILAR) ENTRE AS FAIXAS;TOMBAMENTO;CÉU CLARO;DUPLA;RETA;SIM;0
PR;BR-277;CASCAVEL;6;2;TERÇA-FEIRA;1;0;7;06H-08H;MANHA;PLENO DIA;REAÇÃO TARDIA OU INEFICIENTE DO CONDUTOR;TOMBAMENTO;NUBLADO;SIMPLES;CURVA;NÃO;0
AC;BR-364;RIO BRANCO;6;2;TERÇA-FEIRA;1;0;6;06H-08H;MANHA;PLENO DIA;AUSÊNCIA DE REAÇÃO DO CONDUTOR;COLISÃO TRASEIRA;CÉU CLARO;DUPLA;RETA;SIM;0
PR;BR-376;CURITIBA;6;2;TERÇA-FEIRA;1;0;8;06H-08H;MANHA;AMANHECER;AUSÊNCIA DE REAÇÃO DO CONDUTOR;COLISÃO TRASEIRA;CÉU CLARO;DUPLA;RETA;NÃO;0
BA;BR-324;SALVADOR;6;2;TERÇA-FEIRA;1;0;6;06H-08H;MANHA;PLENO DIA;ACESSO IRREGULAR;TOMBAMENTO;CHUVA;MÚLTIPLA;CURVA;SIM;0
RJ;BR-040;PETROPOLIS;6;2;TERÇA-FEIRA;1;0;8;06H-08H;MANHA;PLENO DIA;AUSÊNCIA DE REAÇÃO DO CONDUTOR;QUEDA DE OCUPANTE DE VEÍCULO;CÉU CLARO;DUPLA;RETA;SIM;0
SC;BR-101;ITAJAI;6;2;TERÇA-FEIRA;1;0;8;06H-08H;MANHA;PLENO DIA;AUSÊNCIA DE REAÇÃO DO CONDUTOR;COLISÃO TRASEIRA;SOL;DUPLA;RETA;NÃO;0
SP;BR-381;GUARULHOS;6;2;TERÇA-FEIRA;1;0;7;06H-08H;MANHA;PLENO DIA;ULTRAPASSAGEM INDEVIDA;COLISÃO COM OBJETO;CÉU CLARO;MÚLTIPLA;RETA;SIM;0
RJ;BR-101;NITEROI;5;2;SÁBADO;5;1;22;21H-23H;NOITE;PLENA NOITE;AUSÊNCIA DE REAÇÃO DO CONDUTOR;COLISÃO LATERAL MESMO SENTIDO;CÉU CLARO;MÚLTIPLA;RETA;SIM;0
PR;BR-376;MARINGA;6;2;TERÇA-FEIRA;1;0;9;09H-11H;MANHA;PLENO DIA;REAÇÃO TARDIA OU INEFICIENTE DO CONDUTOR;COLISÃO TRANSVERSAL;CÉU CLARO;DUPLA;"RETA;INTERSEÇÃO DE VIAS";NÃO;0
SP;BR-116;EMBU DAS ARTES;6;2;TERÇA-FEIRA;1;0;9;09H-11H;MANHA;PLENO DIA;AUSÊNCIA DE REAÇÃO DO CONDUTOR;COLISÃO TRASEIRA;CÉU CLARO;DUPLA;"RETA;ACLIVE";SIM;0
RJ;BR-101;RIO BONITO;6;2;TERÇA-FEIRA;1;0;10;09H-11H;MANHA;PLENO DIA;CONDUTOR DORMINDO;SAÍDA DE LEITO CARROÇÁVEL;CÉU CLARO;DUPLA;RETA;NÃO;0
PE;BR-101;IPOJUCA;6;2;TERÇA-FEIRA;1;0;9;09H-11H;MANHA;PLENO DIA;AUSÊNCIA DE REAÇÃO DO CONDUTOR;SAÍDA DE LEITO CARROÇÁVEL;CHUVA;DUPLA;CURVA;NÃO;0
RJ;BR-493;MAGE;6;2;TERÇA-FEIRA;1;0;9;09H-11H;MANHA;PLENO DIA;CONVERSÃO PROIBIDA;COLISÃO TRANSVERSAL;CÉU CLARO;SIMPLES;RETA;SIM;0
PB;BR-230;CABEDELO;6;2;TERÇA-FEIRA;1;0;10;09H-11H;MANHA;PLENO DIA;AUSÊNCIA DE REAÇÃO DO CONDUTOR;ENGAVETAMENTO;CÉU CLARO;SIMPLES;RETA;SIM;0
PE;BR-232;RECIFE;6;2;TERÇA-FEIRA;1;0;11;09H-11H;MANHA;PLENO DIA;CONDUTOR DEIXOU DE MANTER DISTÂNCIA DO VEÍCULO DA FRENTE;COLISÃO TRASEIRA;CÉU CLARO;MÚLTIPLA;RETA;SIM;0
PB;BR-101;MAMANGUAPE;6;2;TERÇA-FEIRA;1;0;10;09H-11H;MANHA;PLENO DIA;ACESSAR A VIA SEM OBSERVAR A PRESENÇA DOS OUTROS VEÍCULOS;COLISÃO TRANSVERSAL;CÉU CLARO;DUPLA;RETA;NÃO;0
SC;BR-280;TRES BARRAS;6;2;TERÇA-FEIRA;1;0;9;09H-11H;MANHA;PLENO DIA;AVARIAS E/OU DESGASTE EXCESSIVO NO PNEU;SAÍDA DE LEITO CARROÇÁVEL;CÉU CLARO;SIMPLES;RETA;NÃO;0
RJ;BR-101;ANGRA DOS REIS;6;2;TERÇA-FEIRA;1;0;11;09H-11H;MANHA;PLENO DIA;REAÇÃO TARDIA OU INEFICIENTE DO CONDUTOR;COLISÃO TRASEIRA;CÉU CLARO;SIMPLES;RETA;SIM;0
DF;BR-070;BRASILIA;6;2;TERÇA-FEIRA;1;0;12;12H-14H;TARDE;PLENO DIA;CONDUTOR DEIXOU DE MANTER DISTÂNCIA DO VEÍCULO DA FRENTE;ENGAVETAMENTO;CÉU CLARO;DUPLA;RETA;SIM;0
RO;BR-364;PORTO VELHO;6;2;TERÇA-FEIRA;1;0;12;12H-14H;TARDE;PLENO DIA;ACESSAR A VIA SEM OBSERVAR A PRESENÇA DOS OUTROS VEÍCULOS;COLISÃO TRANSVERSAL;SOL;DUPLA;RETA;NÃO;0
PB;BR-230;JOAO PESSOA;5;2;SEGUNDA-FEIRA;0;0;4;03H-05H;MADRUGADA;PLENA NOITE;REAÇÃO TARDIA OU INEFICIENTE DO CONDUTOR;COLISÃO COM OBJETO;NUBLADO;DUPLA;CURVA;SIM;0
PR;BR-369;LONDRINA;6;2;TERÇA-FEIRA;1;0;13;12H-14H;TARDE;PLENO DIA;REAÇÃO TARDIA OU INEFICIENTE DO CONDUTOR;QUEDA DE OCUPANTE DE VEÍCULO;CÉU CLARO;DUPLA;RETA;SIM;0
BA;BR-242;ITABERABA;2;1;SEXTA-FEIRA;4;0;6;06H-08H;MANHA;PLENO DIA;ULTRAPASSAGEM INDEVIDA;SAÍDA DE LEITO CARROÇÁVEL;CHUVA;SIMPLES;RETA;NÃO;1
BA;BR-242;LENCOIS;6;2;TERÇA-FEIRA;1;0;5;03H-05H;MADRUGADA;AMANHECER;REAÇÃO TARDIA OU INEFICIENTE DO CONDUTOR;SAÍDA DE LEITO CARROÇÁVEL;CHUVA;SIMPLES;CURVA;NÃO;0
RS;BR-290;PORTO ALEGRE;3;1;SÁBADO;5;1;18;18H-20H;NOITE;ANOITECER;MANOBRA DE MUDANÇA DE FAIXA;COLISÃO LATERAL MESMO SENTIDO;NUBLADO;MÚLTIPLA;RETA;SIM;0
RS;BR-116;CANOAS;6;2;TERÇA-FEIRA;1;0;13;12H-14H;TARDE;PLENO DIA;ACUMULO DE ÁGUA SOBRE O PAVIMENTO;COLISÃO LATERAL MESMO SENTIDO;CHUVA;DUPLA;"RETA;EM OBRAS";SIM;0
GO;BR-251;CRISTALINA;6;2;TERÇA-FEIRA;1;0;12;12H-14H;TARDE;PLENO DIA;TRANSITAR NA CONTRAMÃO;COLISÃO FRONTAL;CÉU CLARO;SIMPLES;RETA;SIM;0
PI;BR-343;TERESINA;6;2;TERÇA-FEIRA;1;0;14;12H-14H;TARDE;PLENO DIA;CARGA EXCESSIVA E/OU MAL ACONDICIONADA;COLISÃO COM OBJETO;CÉU CLARO;SIMPLES;"RETA;DECLIVE";SIM;0
SC;BR-101;BALNEARIO CAMBORIU;6;2;TERÇA-FEIRA;1;0;14;12H-14H;TARDE;PLENO DIA;REAÇÃO TARDIA OU INEFICIENTE DO CONDUTOR;COLISÃO COM OBJETO;CÉU CLARO;MÚLTIPLA;RETA;SIM;0
RJ;BR-116;MAGE;6;2;TERÇA-FEIRA;1;0;13;12H-14H;TARDE;PLENO DIA;REAÇÃO TARDIA OU INEFICIENTE DO CONDUTOR;QUEDA DE OCUPANTE DE VEÍCULO;SOL;SIMPLES;VIADUTO;NÃO;0
PR;BR-476;COLOMBO;3;1;QUARTA-FEIRA;2;0;9;09H-11H;MANHA;PLENO DIA;CONVERSÃO PROIBIDA;QUEDA DE OCUPANTE DE VEÍCULO;NUBLADO;DUPLA;RETA;SIM;0
MT;BR-163;DIAMANTINO;6;2;TERÇA-FEIRA;1;0;11;09H-11H;MANHA;PLENO DIA;VELOCIDADE INCOMPATÍVEL;COLISÃO TRASEIRA;CÉU CLARO;DUPLA;"RETA;EM OBRAS";NÃO;0
MT;BR-163;DIAMANTINO;6;2;TERÇA-FEIRA;1;0;11;09H-11H;MANHA;PLENO DIA;MAL SÚBITO DO CONDUTOR;SAÍDA DE LEITO CARROÇÁVEL;SOL;DUPLA;RETA;NÃO;0
BA;BR-101;ITAMARAJU;6;2;TERÇA-FEIRA;1;0;12;12H-14H;TARDE;PLENO DIA;REAÇÃO TARDIA OU INEFICIENTE DO CONDUTOR;COLISÃO TRANSVERSAL;CÉU CLARO;SIMPLES;RETA;SIM;0
MG;BR-050;UBERABA;6;2;TERÇA-FEIRA;1;0;14;12H-14H;TARDE;PLENO DIA;VELOCIDADE INCOMPATÍVEL;TOMBAMENTO;CÉU CLARO;DUPLA;VIADUTO;SIM;0
PR;BR-376;SAO JOSE DOS PINHAIS;6;2;SEGUNDA-FEIRA;0;0;18;18H-20H;NOITE;PLENA NOITE;ACESSAR A VIA SEM OBSERVAR A PRESENÇA DOS OUTROS VEÍCULOS;COLISÃO FRONTAL;NUBLADO;SIMPLES;RETA;NÃO;0
PE;BR-232;CAMARAGIBE;6;2;TERÇA-FEIRA;1;0;13;12H-14H;TARDE;PLENO DIA;ACUMULO DE ÁGUA SOBRE O PAVIMENTO;SAÍDA DE LEITO CARROÇÁVEL;CHUVA;DUPLA;RETA;NÃO;0
RJ;BR-116;ITATIAIA;6;2;TERÇA-FEIRA;1;0;14;12H-14H;TARDE;PLENO DIA;AUSÊNCIA DE REAÇÃO DO CONDUTOR;COLISÃO COM OBJETO;SOL;SIMPLES;CURVA;SIM;0
GO;BR-414;NIQUELANDIA;6;2;TERÇA-FEIRA;1;0;16;15H-17H;TARDE;PLENO DIA;VELOCIDADE INCOMPATÍVEL;SAÍDA DE LEITO CARROÇÁVEL;CÉU CLARO;SIMPLES;CURVA;NÃO;0
RJ;BR-101;ANGRA DOS REIS;6;2;TERÇA-FEIRA;1;0;15;15H-17H;TARDE;PLENO DIA;CONDUTOR DORMINDO;COLISÃO LATERAL SENTIDO OPOSTO;CÉU CLARO;SIMPLES;CURVA;NÃO;0
BA;BR-324;FEIRA DE SANTANA;6;2;TERÇA-FEIRA;1;0;15;15H-17H;TARDE;PLENO DIA;PEDESTRE CRUZAVA A PISTA FORA DA FAIXA;ATROPELAMENTO DE PEDESTRE;CHUVA;SIMPLES;RETA;SIM;0
RS;BR-101;MAQUINE;6;2;TERÇA-FEIRA;1;0;15;15H-17H;TARDE;PLENO DIA;CONDUTOR DORMINDO;SAÍDA DE LEITO CARROÇÁVEL;CHUVA;DUPLA;RETA;NÃO;0
RJ;BR-101;MANGARATIBA;6;2;TERÇA-FEIRA;1;0;14;12H-14H;TARDE;PLENO DIA;ACESSAR A VIA SEM OBSERVAR A PRESENÇA DOS OUTROS VEÍCULOS;COLISÃO COM OBJETO;CÉU CLARO;DUPLA;CURVA;NÃO;0
RJ;BR-116;SAO JOAO DE MERITI;6;2;TERÇA-FEIRA;1;0;16;15H-17H;TARDE;PLENO DIA;CONDUTOR DEIXOU DE MANTER DISTÂNCIA DO VEÍCULO DA FRENTE;COLISÃO TRASEIRA;SOL;MÚLTIPLA;RETA;SIM;0