uf;br_formatada;municipio;mes;trimestre;dia_semana;dia_semana_num;fim_de_semana;hora;faixa_horaria;turno;fase_dia;causa_acidente;tipo_acidente;condicao_metereologica;tipo_pista;tracado_via;uso_solo;acidente_fatal
SC;BR-101;SAO JOSE;6;2;SEXTA-FEIRA;4;0;14;12H-14H;TARDE;PLENO DIA;MANOBRA DE MUDANÇA DE FAIXA;COLISÃO LATERAL MESMO SENTIDO;CÉU CLARO;MÚLTIPLA;"RETA;DECLIVE";NÃO;0
CE;BR-020;CAUCAIA;6;2;SEXTA-FEIRA;4;0;15;15H-17H;TARDE;PLENO DIA;MANOBRA DE MUDANÇA DE FAIXA;SAÍDA DE LEITO CARROÇÁVEL;NUBLADO;SIMPLES;RETA;NÃO;0
CE;BR-222;SOBRAL;6;2;SEXTA-FEIRA;4;0;15;15H-17H;TARDE;PLENO DIA;CONDUTOR DORMINDO;SAÍDA DE LEITO CARROÇÁVEL;CÉU CLARO;SIMPLES;"RETA;PONTE";NÃO;0
RN;BR-304;PARNAMIRIM;6;2;SEXTA-FEIRA;4;0;16;15H-17H;TARDE;PLENO DIA;PISTA ESCORREGADIA;QUEDA DE OCUPANTE DE VEÍCULO;CHUVA;SIMPLES;CURVA;SIM;0
SP;BR-381;ATIBAIA;6;2;SEXTA-FEIRA;4;0;14;12H-14H;TARDE;PLENO DIA;CONDUTOR DORMINDO;QUEDA DE OCUPANTE DE VEÍCULO;CÉU CLARO;DUPLA;RETA;NÃO;0
BA;BR-101;CONCEICAO DA FEIRA;6;2;SEXTA-FEIRA;4;0;16;15H-17H;TARDE;PLENO DIA;CONDUTOR DEIXOU DE MANTER DISTÂNCIA DO VEÍCULO DA FRENTE;COLISÃO TRASEIRA;CÉU CLARO;SIMPLES;"RETA;ACLIVE";NÃO;1
GO;BR-080;VILA PROPICIO;6;2;SEXTA-FEIRA;4;0;13;12H-14H;TARDE;PLENO DIA;ACESSAR A VIA SEM OBSERVAR A PRESENÇA DOS OUTROS VEÍCULOS;EVENTOS ATÍPICOS;CÉU CLARO;SIMPLES;RETA;SIM;0
SC;BR-280;ARAQUARI;6;2;SEXTA-FEIRA;4;0;16;15H-17H;TARDE;PLENA NOITE;TRANSITAR NA CONTRAMÃO;QUEDA DE OCUPANTE DE VEÍCULO;NUBLADO;SIMPLES;"INTERSEÇÃO DE VIAS;CURVA";NÃO;0
SP;BR-381;BRAGANCA PAULISTA;6;2;SEXTA-FEIRA;4;0;16;15H-17H;TARDE;PLENO DIA;AUSÊNCIA DE REAÇÃO DO CONDUTOR;CAPOTAMENTO;CÉU CLARO;MÚLTIPLA;CURVA;NÃO;0
PR;BR-277;SANTA TEREZINHA DE ITAIPU;6;2;SEXTA-FEIRA;4;0;15;15H-17H;TARDE;PLENO DIA;TRANSITAR NA CONTRAMÃO;COLISÃO TRASEIRA;NUBLADO;DUPLA;"DECLIVE;RETA";NÃO;0
MG;BR-381;SANTO ANTONIO DO AMPARO;6;2;SEXTA-FEIRA;4;0;17;15H-17H;TARDE;PLENO DIA;REAÇÃO TARDIA OU INEFICIENTE DO CONDUTOR;SAÍDA DE LEITO CARROÇÁVEL;CÉU CLARO;DUPLA;RETA;NÃO;0
PB;BR-101;MAMANGUAPE;6;2;SEXTA-FEIRA;4;0;16;15H-17H;TARDE;PLENO DIA;ESTACIONAR OU PARAR EM LOCAL PROIBIDO;EVENTOS ATÍPICOS;CHUVA;MÚLTIPLA;RETA;SIM;0
SP;BR-116;CAJATI;6;2;SEXTA-FEIRA;4;0;16;15H-17H;TARDE;PLENO DIA;VELOCIDADE INCOMPATÍVEL;COLISÃO COM OBJETO;CÉU CLARO;DUPLA;RETA;NÃO;0
RJ;BR-116;GUAPIMIRIM;6;2;SEXTA-FEIRA;4;0;16;15H-17H;TARDE;ANOITECER;AUSÊNCIA DE REAÇÃO DO CONDUTOR;COLISÃO TRASEIRA;NUBLADO;DUPLA;RETA;NÃO;0
ES;BR-101;VIANA;6;2;SEXTA-FEIRA;4;0;17;15H-17H;TARDE;ANOITECER;REAÇÃO TARDIA OU INEFICIENTE DO CONDUTOR;COLISÃO TRASEIRA;CÉU CLARO;MÚLTIPLA;"DECLIVE;INTERSEÇÃO DE VIAS";SIM;0
RJ;BR-101;ANGRA DOS REIS;3;1;DOMINGO;6;1;13;12H-14H;TARDE;PLENO DIA;AUSÊNCIA DE REAÇÃO DO CONDUTOR;COLISÃO TRANSVERSAL;SOL;SIMPLES;RETA;NÃO;0
PR;BR-277;GUARANIACU;6;2;SEXTA-FEIRA;4;0;17;15H-17H;TARDE;ANOITECER;ACESSAR A VIA SEM OBSERVAR A PRESENÇA DOS OUTROS VEÍCULOS;COLISÃO TRANSVERSAL;NEVOEIRO/NEBLINA;SIMPLES;INTERSEÇÃO DE VIAS;NÃO;0
PE;BR-232;SERTANIA;6;2;SEXTA-FEIRA;4;0;16;15H-17H;TARDE;PLENO DIA;REAÇÃO TARDIA OU INEFICIENTE DO CONDUTOR;SAÍDA DE LEITO CARROÇÁVEL;CÉU CLARO;SIMPLES;CURVA;NÃO;1
RJ;BR-101;CAMPOS DOS GOYTACAZES;6;2;SEXTA-FEIRA;4;0;17;15H-17H;TARDE;PLENO DIA;TRANSITAR NO ACOSTAMENTO;COLISÃO TRASEIRA;CÉU CLARO;SIMPLES;RETA;SIM;0
MT;BR-070;BARRA DO GARCAS;6;2;SEXTA-FEIRA;4;0;15;15H-17H;TARDE;PLENO DIA;AUSÊNCIA DE REAÇÃO DO CONDUTOR;COLISÃO TRASEIRA;CÉU CLARO;SIMPLES;RETA;SIM;0
PR;BR-116;CURITIBA;6;2;SEXTA-FEIRA;4;0;18;18H-20H;NOITE;PLENA NOITE;TRAFEGAR COM MOTOCICLETA (OU SIMILAR) ENTRE AS FAIXAS;COLISÃO TRASEIRA;NUBLADO;DUPLA;RETA;NÃO;0
PA;BR-316;BENEVIDES;6;2;SEXTA-FEIRA;4;0;16;15H-17H;TARDE;PLENO DIA;AUSÊNCIA DE REAÇÃO DO CONDUTOR;TOMBAMENTO;NUBLADO;DUPLA;RETA;NÃO;0
ES;BR-262;DOMINGOS MARTINS;6;2;SEXTA-FEIRA;4;0;18;18H-20H;NOITE;PLENA NOITE;AUSÊNCIA DE REAÇÃO DO CONDUTOR;COLISÃO TRASEIRA;CÉU CLARO;SIMPLES;RETA;NÃO;0
ES;BR-101;CONCEICAO DA BARRA;6;2;SEXTA-FEIRA;4;0;18;18H-20H;NOITE;PLENA NOITE;AUSÊNCIA DE REAÇÃO DO CONDUTOR;ATROPELAMENTO DE PEDESTRE;CÉU CLARO;SIMPLES;RETA;NÃO;0
SC;BR-280;ARAQUARI;6;2;SEXTA-FEIRA;4;0;18;18H-20H;NOITE;ANOITECER;DESRESPEITAR A PREFERÊNCIA NO CRUZAMENTO;COLISÃO TRANSVERSAL;CHUVA;SIMPLES;RETA;SIM;0
PB;BR-230;CAMPINA GRANDE;6;2;SEXTA-FEIRA;4;0;17;15H-17H;TARDE;PLENA NOITE;ACESSO IRREGULAR;COLISÃO TRANSVERSAL;GAROA/CHUVISCO;SIMPLES;"INTERSEÇÃO DE VIAS;EM OBRAS;RETA";SIM;0
SP;BR-116;JUQUITIBA;6;2;SEXTA-FEIRA;4;0;18;18H-20H;NOITE;PLENA NOITE;AUSÊNCIA DE REAÇÃO DO CONDUTOR;SAÍDA DE LEITO CARROÇÁVEL;CÉU CLARO;DUPLA;RETA;SIM;0
MT;BR-364;ALTO GARCAS;6;2;SEXTA-FEIRA;4;0;17;15H-17H;TARDE;PLENA NOITE;ANIMAIS NA PISTA;ATROPELAMENTO DE ANIMAL;CÉU CLARO;SIMPLES;RETA;NÃO;0
PR;BR-277;MATELANDIA;6;2;SEXTA-FEIRA;4;0;18;18H-20H;NOITE;ANOITECER;PISTA ESCORREGADIA;SAÍDA DE LEITO CARROÇÁVEL;GAROA/CHUVISCO;DUPLA;CURVA;NÃO;0
MG;BR-050;UBERLANDIA;6;2;SEXTA-FEIRA;4;0;18;18H-20H;NOITE;PLENA NOITE;VELOCIDADE INCOMPATÍVEL;QUEDA DE OCUPANTE DE VEÍCULO;CÉU CLARO;SIMPLES;VIADUTO;NÃO;0
PR;BR-369;CASCAVEL;6;2;SEXTA-FEIRA;4;0;17;15H-17H;TARDE;ANOITECER;REAÇÃO TARDIA OU INEFICIENTE DO CONDUTOR;TOMBAMENTO;GAROA/CHUVISCO;SIMPLES;CURVA;SIM;0
MG;BR-381;BETIM;6;2;SEXTA-FEIRA;4;0;19;18H-20H;NOITE;PLENA NOITE;MANOBRA DE MUDANÇA DE FAIXA;COLISÃO LATERAL MESMO SENTIDO;CÉU CLARO;DUPLA;RETA;NÃO;0
RJ;BR-101;ANGRA DOS REIS;6;2;SEXTA-FEIRA;4;0;20;18H-20H;NOITE;PLENA NOITE;ILUMINAÇÃO DEFICIENTE;COLISÃO FRONTAL;CÉU CLARO;SIMPLES;"CURVA;DECLIVE";NÃO;0
BA;BR-110;RIBEIRA DO POMBAL;6;2;SEXTA-FEIRA;4;0;18;18H-20H;NOITE;PLENA NOITE;ACESSO IRREGULAR;COLISÃO TRANSVERSAL;CÉU CLARO;SIMPLES;RETA;NÃO;0
PE;BR-428;PETROLINA;6;2;SEXTA-FEIRA;4;0;19;18H-20H;NOITE;PLENA NOITE;AUSÊNCIA DE REAÇÃO DO CONDUTOR;COLISÃO TRASEIRA;CÉU CLARO;DUPLA;RETA;SIM;0
RJ;BR-101;TANGUA;6;2;SEXTA-FEIRA;4;0;18;18H-20H;NOITE;PLENA NOITE;PEDESTRE ANDAVA NA PISTA;ATROPELAMENTO DE PEDESTRE;CÉU CLARO;DUPLA;RETA;SIM;1
RS;BR-290;ROSARIO DO SUL;6;2;SEXTA-FEIRA;4;0;18;18H-20H;NOITE;PLENA NOITE;DESRESPEITAR A PREFERÊNCIA NO CRUZAMENTO;COLISÃO TRANSVERSAL;NUBLADO;SIMPLES;INTERSEÇÃO DE VIAS;NÃO;0
MT;BR-070;NOSSA SENHORA DO LIVRAMENTO;6;2;SEXTA-FEIRA;4;0;18;18H-20H;NOITE;PLENA NOITE;ULTRAPASSAGEM INDEVIDA;SAÍDA DE LEITO CARROÇÁVEL;CÉU CLARO;SIMPLES;RETA;NÃO;0
SP;BR-116;SAO JOSE DOS CAMPOS;6;2;SEXTA-FEIRA;4;0;20;18H-20H;NOITE;PLENA NOITE;REAÇÃO TARDIA OU INEFICIENTE DO CONDUTOR;COLISÃO TRASEIRA;CÉU CLARO;MÚLTIPLA;DECLIVE;SIM;0
RJ;BR-101;NITEROI;6;2;SEXTA-FEIRA;4;0;17;15H-17H;TARDE;ANOITECER;AUSÊNCIA DE REAÇÃO DO CONDUTOR;COLISÃO TRASEIRA;CÉU CLARO;MÚLTIPLA;RETA;SIM;0
ES;BR-101;LINHARES;6;2;SEXTA-FEIRA;4;0;20;18H-20H;NOITE;PLENA NOITE;AUSÊNCIA DE REAÇÃO DO CONDUTOR;COLISÃO TRASEIRA;NEVOEIRO/NEBLINA;SIMPLES;RETA;NÃO;1
SC;BR-101;SAO JOSE;6;2;SEXTA-FEIRA;4;0;19;18H-20H;NOITE;PLENA NOITE;REAÇÃO TARDIA OU INEFICIENTE DO CONDUTOR;QUEDA DE OCUPANTE DE VEÍCULO;CÉU CLARO;DUPLA;RETA;NÃO;0
BA;BR-101;EUNAPOLIS;6;2;SEXTA-FEIRA;4;0;18;18H-20H;NOITE;PLENA NOITE;REAÇÃO TARDIA OU INEFICIENTE DO CONDUTOR;CAPOTAMENTO;NUBLADO;SIMPLES;"CURVA;DECLIVE";NÃO;0
MA;BR-316;SANTA INES;6;2;SEXTA-FEIRA;4;0;14;12H-14H;TARDE;PLENO DIA;ACESSAR A VIA SEM OBSERVAR A PRESENÇA DOS OUTROS VEÍCULOS;COLISÃO LATERAL MESMO SENTIDO;NUBLADO;SIMPLES;RETA;SIM;0
RJ;BR-116;SAO JOAO DE MERITI;6;2;SEXTA-FEIRA;4;0;21;21H-23H;NOITE;PLENA NOITE;REAÇÃO TARDIA OU INEFICIENTE DO CONDUTOR;COLISÃO TRASEIRA;CÉU CLARO;DUPLA;RETA;SIM;0
MG;BR-116;SAO JOAO DO MANHUACU;6;2;SEXTA-FEIRA;4;0;17;15H-17H;TARDE;ANOITECER;AUSÊNCIA DE REAÇÃO DO CONDUTOR;TOMBAMENTO;NUBLADO;SIMPLES;RETA;NÃO;0
PR;BR-277;MEDIANEIRA;6;2;SEXTA-FEIRA;4;0;22;21H-23H;NOITE;PLENA NOITE;CONDUTOR DEIXOU DE MANTER DISTÂNCIA DO VEÍCULO DA FRENTE;COLISÃO TRASEIRA;NUBLADO;DUPLA;RETA;SIM;0
MG;BR-354;POUSO ALTO;6;2;SEXTA-FEIRA;4;0;19;18H-20H;NOITE;PLENA NOITE;CONDUTOR DORMINDO;SAÍDA DE LEITO CARROÇÁVEL;CÉU CLARO;SIMPLES;CURVA;NÃO;0
RN;BR-304;RIACHUELO;6;2;SEXTA-FEIRA;4;0;21;21H-23H;NOITE;PLENA NOITE;TRANSITAR NA CONTRAMÃO;COLISÃO LATERAL SENTIDO OPOSTO;NUBLADO;SIMPLES;"DECLIVE;RETA";NÃO;0
BA;BR-235;CASA NOVA;6;2;SEXTA-FEIRA;4;0;15;15H-17H;TARDE;PLENO DIA;ACESSAR A VIA SEM OBSERVAR A PRESENÇA DOS OUTROS VEÍCULOS;COLISÃO TRANSVERSAL;CÉU CLARO;SIMPLES;INTERSEÇÃO DE VIAS;NÃO;1
SC;BR-101;PALHOCA;6;2;SEXTA-FEIRA;4;0;20;18H-20H;NOITE;PLENA NOITE;PEDESTRE ANDAVA NA PISTA;ATROPELAMENTO DE PEDESTRE;NUBLADO;DUPLA;"DECLIVE;RETA";NÃO;1
RS;BR-392;SANTA MARIA;6;2;SEXTA-FEIRA;4;0;21;21H-23H;NOITE;PLENA NOITE;PEDESTRE CRUZAVA A PISTA FORA DA FAIXA;ATROPELAMENTO DE PEDESTRE;CHUVA;SIMPLES;RETA;SIM;1
PR;BR-476;ARAUCARIA;6;2;SEXTA-FEIRA;4;0;22;21H-23H;NOITE;PLENA NOITE;MAL SÚBITO DO CONDUTOR;SAÍDA DE LEITO CARROÇÁVEL;CHUVA;DUPLA;RETA;SIM;0
MG;BR-116;CARATINGA;6;2;SEXTA-FEIRA;4;0;21;21H-23H;NOITE;PLENA NOITE;INGESTÃO DE ÁLCOOL PELO CONDUTOR;ATROPELAMENTO DE PEDESTRE;NUBLADO;SIMPLES;"RETA;DECLIVE";SIM;0
MG;BR-050;UBERABA;6;2;SEXTA-FEIRA;4;0;22;21H-23H;NOITE;PLENA NOITE;TRANSITAR NO ACOSTAMENTO;COLISÃO COM OBJETO;CÉU CLARO;DUPLA;"ACLIVE;VIADUTO";NÃO;0
MG;BR-381;SANTANA DO PARAISO;6;2;SEXTA-FEIRA;4;0;12;12H-14H;TARDE;PLENO DIA;ULTRAPASSAGEM INDEVIDA;COLISÃO TRASEIRA;IGNORADO;SIMPLES;RETA;NÃO;0
DF;BR-070;BRASILIA;6;2;SEXTA-FEIRA;4;0;22;21H-23H;NOITE;PLENA NOITE;FREAR BRUSCAMENTE;COLISÃO TRASEIRA;CÉU CLARO;DUPLA;RETA;NÃO;0
CE;BR-222;TIANGUA;6;2;SEXTA-FEIRA;4;0;22;21H-23H;NOITE;PLENA NOITE;REAÇÃO TARDIA OU INEFICIENTE DO CONDUTOR;QUEDA DE OCUPANTE DE VEÍCULO;GAROA/CHUVISCO;DUPLA;RETA;SIM;0
PR;BR-369;CORNELIO PROCOPIO;6;2;SEXTA-FEIRA;4;0;21;21H-23H;NOITE;PLENA NOITE;REAÇÃO TARDIA OU INEFICIENTE DO CONDUTOR;SAÍDA DE LEITO CARROÇÁVEL;CÉU CLARO;SIMPLES;RETA;NÃO;0
PA;BR-230;MARABA;6;2;SEXTA-FEIRA;4;0;21;21H-23H;NOITE;PLENA NOITE;ACESSAR A VIA SEM OBSERVAR A PRESENÇA DOS OUTROS VEÍCULOS;COLISÃO TRANSVERSAL;CÉU CLARO;DUPLA;RETA;SIM;0
PR;BR-277;FOZ DO IGUACU;6;2;SEXTA-FEIRA;4;0;23;21H-23H;NOITE;PLENA NOITE;VELOCIDADE INCOMPATÍVEL;TOMBAMENTO;CÉU CLARO;DUPLA;RETA;SIM;0
CE;BR-222;TIANGUA;6;2;SEXTA-FEIRA;4;0;23;21H-23H;NOITE;PLENA NOITE;AUSÊNCIA DE REAÇÃO DO CONDUTOR;COLISÃO TRASEIRA;CÉU CLARO;DUPLA;RETA;SIM;0
MG;BR-040;CONGONHAS;6;2;SEXTA-FEIRA;4;0;22;21H-23H;NOITE;PLENA NOITE;DEMAIS FALHAS MECÂNICAS OU ELÉTRICAS;INCÊNDIO;CÉU CLARO;SIMPLES;RETA;SIM;0
SC;BR-470;INDAIAL;6;2;SEXTA-FEIRA;4;0;23;21H-23H;NOITE;PLENA NOITE;AUSÊNCIA DE REAÇÃO DO CONDUTOR;COLISÃO TRASEIRA;NUBLADO;SIMPLES;RETA;NÃO;0
PB;BR-412;BOA VISTA;6;2;SEXTA-FEIRA;4;0;19;18H-20H;NOITE;PLENA NOITE;ULTRAPASSAGEM INDEVIDA;COLISÃO FRONTAL;NUBLADO;SIMPLES;"RETA;ACLIVE";NÃO;1
PB;BR-230;CAMPINA GRANDE;6;2;SEXTA-FEIRA;4;0;21;21H-23H;NOITE;PLENA NOITE;INGESTÃO DE ÁLCOOL PELO CONDUTOR;COLISÃO TRANSVERSAL;CHUVA;SIMPLES;"RETA;INTERSEÇÃO DE VIAS";NÃO;0
RJ;BR-356;SAO JOAO DA BARRA;6;2;SÁBADO;5;1;0;00H-02H;MADRUGADA;PLENA NOITE;VELOCIDADE INCOMPATÍVEL;SAÍDA DE LEITO CARROÇÁVEL;CÉU CLARO;SIMPLES;CURVA;NÃO;0
MG;BR-381;JAGUARACU;6;2;SÁBADO;5;1;0;00H-02H;MADRUGADA;PLENA NOITE;PEDESTRE ANDAVA NA PISTA;ATROPELAMENTO DE PEDESTRE;CÉU CLARO;SIMPLES;CURVA;NÃO;1
SP;BR-116;MIRACATU;6;2;SÁBADO;5;1;1;00H-02H;MADRUGADA;PLENA NOITE;REAÇÃO TARDIA OU INEFICIENTE DO CONDUTOR;SAÍDA DE LEITO CARROÇÁVEL;CÉU CLARO;DUPLA;"ACLIVE;CURVA";NÃO;0
PA;BR-316;CASTANHAL;6;2;SÁBADO;5;1;0;00H-02H;MADRUGADA;PLENA NOITE;ACESSAR A VIA SEM OBSERVAR A PRESENÇA DOS OUTROS VEÍCULOS;COLISÃO TRANSVERSAL;CÉU CLARO;DUPLA;CURVA;SIM;0
SP;BR-116;LAVRINHAS;6;2;SEXTA-FEIRA;4;0;23;21H-23H;NOITE;PLENA NOITE;ENTRADA INOPINADA DO PEDESTRE;ATROPELAMENTO DE PEDESTRE;CÉU CLARO;DUPLA;RETA;SIM;0
PA;BR-230;ALTAMIRA;6;2;SEXTA-FEIRA;4;0;22;21H-23H;NOITE;PLENA NOITE;TRANSITAR NA CONTRAMÃO;COLISÃO FRONTAL;CÉU CLARO;SIMPLES;RETA;SIM;1
DF;BR-020;BRASILIA;6;2;SÁBADO;5;1;2;00H-02H;MADRUGADA;PLENA NOITE;INGESTÃO DE ÁLCOOL PELO CONDUTOR;SAÍDA DE LEITO CARROÇÁVEL;CÉU CLARO;DUPLA;RETA;SIM;0
RJ;BR-040;PETROPOLIS;6;2;SÁBADO;5;1;3;03H-05H;MADRUGADA;PLENA NOITE;REAÇÃO TARDIA OU INEFICIENTE DO CONDUTOR;SAÍDA DE LEITO CARROÇÁVEL;CÉU CLARO;SIMPLES;RETORNO REGULAMENTADO;NÃO;0
SP;BR-116;SAO PAULO;6;2;SÁBADO;5;1;3;03H-05H;MADRUGADA;PLENA NOITE;PEDESTRE ANDAVA NA PISTA;ATROPELAMENTO DE PEDESTRE;CÉU CLARO;MÚLTIPLA;"RETA;EM OBRAS";SIM;1
RO;BR-364;PORTO VELHO;6;2;SÁBADO;5;1;2;00H-02H;MADRUGADA;PLENA NOITE;AUSÊNCIA DE REAÇÃO DO CONDUTOR;SAÍDA DE LEITO CARROÇÁVEL;CÉU CLARO;SIMPLES;ROTATÓRIA;SIM;0
SP;BR-116;JUQUITIBA;6;2;SÁBADO;5;1;3;03H-05H;MADRUGADA;PLENA NOITE;AUSÊNCIA DE REAÇÃO DO CONDUTOR;CAPOTAMENTO;CÉU CLARO;DUPLA;RETA;NÃO;0
RJ;BR-116;MESQUITA;6;2;SÁBADO;5;1;3;03H-05H;MADRUGADA;PLENA NOITE;CONVERSÃO PROIBIDA;COLISÃO TRASEIRA;CÉU CLARO;DUPLA;RETA;SIM;0
SC;BR-470;RIO DO SUL;6;2;SÁBADO;5;1;4;03H-05H;MADRUGADA;PLENA NOITE;TRANSITAR NA CONTRAMÃO;COLISÃO FRONTAL;CÉU CLARO;SIMPLES;"ACLIVE;RETA";SIM;0
PI;BR-343;TERESINA;6;2;SÁBADO;5;1;4;03H-05H;MADRUGADA;PLENA NOITE;AUSÊNCIA DE REAÇÃO DO CONDUTOR;SAÍDA DE LEITO CARROÇÁVEL;CÉU CLARO;DUPLA;"DECLIVE;RETA";SIM;0
MG;BR-262;NOVA SERRANA;6;2;SÁBADO;5;1;1;00H-02H;MADRUGADA;PLENA NOITE;AUSÊNCIA DE REAÇÃO DO CONDUTOR;COLISÃO TRASEIRA;CÉU CLARO;DUPLA;RETA;NÃO;0
BA;BR-116;VITORIA DA CONQUISTA;6;2;SÁBADO;5;1;5;03H-05H;MADRUGADA;PLENO DIA;REAÇÃO TARDIA OU INEFICIENTE DO CONDUTOR;COLISÃO TRASEIRA;NEVOEIRO/NEBLINA;DUPLA;RETA;SIM;0
BA;BR-110;INHAMBUPE;6;2;SÁBADO;5;1;5;03H-05H;MADRUGADA;PLENO DIA;INGESTÃO DE ÁLCOOL PELO CONDUTOR;COLISÃO LATERAL SENTIDO OPOSTO;CÉU CLARO;SIMPLES;RETA;NÃO;0
RO;BR-364;PORTO VELHO;6;2;SÁBADO;5;1;6;06H-08H;MANHA;PLENO DIA;CONDUTOR DORMINDO;QUEDA DE OCUPANTE DE VEÍCULO;CÉU CLARO;DUPLA;RETA;SIM;0
SC;BR-101;SAO JOSE;6;2;SÁBADO;5;1;7;06H-08H;MANHA;AMANHECER;AVARIAS E/OU DESGASTE EXCESSIVO NO PNEU;COLISÃO COM OBJETO;CÉU CLARO;MÚLTIPLA;RETA;SIM;0
RJ;BR-101;CAMPOS DOS GOYTACAZES;6;2;SÁBADO;5;1;7;06H-08H;MANHA;PLENO DIA;AUSÊNCIA DE REAÇÃO DO CONDUTOR;SAÍDA DE LEITO CARROÇÁVEL;CÉU CLARO;SIMPLES;"CURVA;INTERSEÇÃO DE VIAS";NÃO;0
PR;BR-369;ROLANDIA;6;2;SÁBADO;5;1;7;06H-08H;MANHA;PLENO DIA;REAÇÃO TARDIA OU INEFICIENTE DO CONDUTOR;SAÍDA DE LEITO CARROÇÁVEL;CÉU CLARO;DUPLA;ROTATÓRIA;SIM;0
GO;BR-040;VALPARAISO DE GOIAS;6;2;SÁBADO;5;1;7;06H-08H;MANHA;PLENO DIA;AUSÊNCIA DE REAÇÃO DO CONDUTOR;CAPOTAMENTO;CÉU CLARO;DUPLA;RETA;SIM;0
CE;BR-116;FORTALEZA;6;2;SÁBADO;5;1;7;06H-08H;MANHA;PLENO DIA;MANOBRA DE MUDANÇA DE FAIXA;COLISÃO LATERAL MESMO SENTIDO;NUBLADO;MÚLTIPLA;"RETA;ACLIVE";SIM;0
PB;BR-104;SAO SEBASTIAO DE LAGOA DE  ROCA;6;2;SÁBADO;5;1;3;03H-05H;MADRUGADA;PLENA NOITE;PEDESTRE ANDAVA NA PISTA;ATROPELAMENTO DE PEDESTRE;IGNORADO;SIMPLES;RETA;NÃO;1
SC;BR-280;CANOINHAS;6;2;SÁBADO;5;1;6;06H-08H;MANHA;AMANHECER;CONDUTOR DEIXOU DE MANTER DISTÂNCIA DO VEÍCULO DA FRENTE;COLISÃO TRASEIRA;NUBLADO;SIMPLES;"ACLIVE;RETA;INTERSEÇÃO DE VIAS";SIM;0
MT;BR-364;RONDONOPOLIS;6;2;SÁBADO;5;1;7;06H-08H;MANHA;PLENO DIA;CONDUTOR DEIXOU DE MANTER DISTÂNCIA DO VEÍCULO DA FRENTE;COLISÃO TRASEIRA;NEVOEIRO/NEBLINA;DUPLA;ACLIVE;SIM;0
PR;BR-277;FOZ DO IGUACU;6;2;SÁBADO;5;1;8;06H-08H;MANHA;PLENO DIA;CONDUTOR DEIXOU DE MANTER DISTÂNCIA DO VEÍCULO DA FRENTE;COLISÃO TRASEIRA;NUBLADO;SIMPLES;"RETA;VIADUTO";NÃO;0
BA;BR-324;FEIRA DE SANTANA;6;2;SÁBADO;5;1;8;06H-08H;MANHA;PLENO DIA;ACESSAR A VIA SEM OBSERVAR A PRESENÇA DOS OUTROS VEÍCULOS;COLISÃO TRANSVERSAL;NUBLADO;SIMPLES;RETA;SIM;0
SC;BR-282;PINHALZINHO;6;2;SÁBADO;5;1;7;06H-08H;MANHA;PLENO DIA;FREAR BRUSCAMENTE;CAPOTAMENTO;NUBLADO;SIMPLES;CURVA;NÃO;0
PR;BR-116;CAMPINA GRANDE DO SUL;5;2;QUINTA-FEIRA;3;0;1;00H-02H;MADRUGADA;PLENA NOITE;VELOCIDADE INCOMPATÍVEL;TOMBAMENTO;CÉU CLARO;DUPLA;RETA;NÃO;0
RS;BR-386;MONTENEGRO;4;2;QUINTA-FEIRA;3;0;20;18H-20H;NOITE;PLENA NOITE;ACESSAR A VIA SEM OBSERVAR A PRESENÇA DOS OUTROS VEÍCULOS;ATROPELAMENTO DE PEDESTRE;CÉU CLARO;DUPLA;ROTATÓRIA;NÃO;0
PI;BR-316;TERESINA;6;2;SÁBADO;5;1;8;06H-08H;MANHA;PLENO DIA;MANOBRA DE MUDANÇA DE FAIXA;COLISÃO LATERAL MESMO SENTIDO;CÉU CLARO;DUPLA;RETA;SIM;0
SC;BR-101;ITAJAI;6;2;SÁBADO;5;1;9;09H-11H;MANHA;PLENO DIA;REAÇÃO TARDIA OU INEFICIENTE DO CONDUTOR;COLISÃO TRASEIRA;CÉU CLARO;DUPLA;RETA;NÃO;0
GO;BR-060;ANAPOLIS;6;2;SÁBADO;5;1;9;09H-11H;MANHA;PLENO DIA;PEDESTRE CRUZAVA A PISTA FORA DA FAIXA;ATROPELAMENTO DE PEDESTRE;CÉU CLARO;DUPLA;CURVA;SIM;0
PB;BR-230;CABEDELO;6;2;SÁBADO;5;1;10;09H-11H;MANHA;PLENO DIA;PEDESTRE ANDAVA NA PISTA;ATROPELAMENTO DE PEDESTRE;CÉU CLARO;DUPLA;RETA;SIM;0
MG;BR-381;BETIM;6;2;SÁBADO;5;1;10;09H-11H;MANHA;PLENO DIA;DEMAIS FALHAS MECÂNICAS OU ELÉTRICAS;TOMBAMENTO;CÉU CLARO;DUPLA;RETA;SIM;0
CE;BR-222;FORTALEZA;6;2;SÁBADO;5;1;10;09H-11H;MANHA;PLENO DIA;CONDUTOR DEIXOU DE MANTER DISTÂNCIA DO VEÍCULO DA FRENTE;COLISÃO LATERAL MESMO SENTIDO;CHUVA;MÚLTIPLA;RETA;SIM;0
AC;BR-364;RIO BRANCO;6;2;SÁBADO;5;1;8;06H-08H;MANHA;PLENO DIA;REAÇÃO TARDIA OU INEFICIENTE DO CONDUTOR;COLISÃO TRASEIRA;CÉU CLARO;DUPLA;RETA;SIM;0
RO;BR-364;CACOAL;6;2;SÁBADO;5;1;7;06H-08H;MANHA;PLENO DIA;DESRESPEITAR A PREFERÊNCIA NO CRUZAMENTO;COLISÃO TRANSVERSAL;SOL;SIMPLES;"RETA;INTERSEÇÃO DE VIAS;RETORNO REGULAMENTADO";SIM;0