uf;br_formatada;municipio;mes;trimestre;dia_semana;dia_semana_num;fim_de_semana;hora;faixa_horaria;turno;fase_dia;causa_acidente;tipo_acidente;condicao_metereologica;tipo_pista;tracado_via;uso_solo;acidente_fatal
RJ;BR-493;MAGE;6;2;SÁBADO;5;1;11;09H-11H;MANHA;PLENO DIA;ULTRAPASSAGEM INDEVIDA;COLISÃO TRANSVERSAL;CÉU CLARO;SIMPLES;RETA;NÃO;0
SP;BR-116;SAO JOSE DOS CAMPOS;6;2;SÁBADO;5;1;11;09H-11H;MANHA;PLENO DIA;CONDUTOR DEIXOU DE MANTER DISTÂNCIA DO VEÍCULO DA FRENTE;COLISÃO TRASEIRA;CÉU CLARO;DUPLA;RETA;SIM;0
MG;BR-116;DIVISA ALEGRE;6;2;SÁBADO;5;1;6;06H-08H;MANHA;AMANHECER;ACESSAR A VIA SEM OBSERVAR A PRESENÇA DOS OUTROS VEÍCULOS;COLISÃO TRANSVERSAL;NUBLADO;SIMPLES;RETA;SIM;1
MG;BR-040;CONTAGEM;6;2;SÁBADO;5;1;11;09H-11H;MANHA;PLENO DIA;MANOBRA DE MUDANÇA DE FAIXA;SAÍDA DE LEITO CARROÇÁVEL;SOL;DUPLA;"DECLIVE;RETA";NÃO;0
PE;BR-232;RECIFE;6;2;SÁBADO;5;1;11;09H-11H;MANHA;PLENO DIA;TRAFEGAR COM MOTOCICLETA (OU SIMILAR) ENTRE AS FAIXAS;COLISÃO LATERAL MESMO SENTIDO;CÉU CLARO;DUPLA;CURVA;NÃO;0
RS;BR-472;TRES DE MAIO;6;2;SÁBADO;5;1;10;09H-11H;MANHA;PLENO DIA;REAÇÃO TARDIA OU INEFICIENTE DO CONDUTOR;SAÍDA DE LEITO CARROÇÁVEL;SOL;SIMPLES;RETA;NÃO;0
MS;BR-262;TERENOS;6;2;SÁBADO;5;1;10;09H-11H;MANHA;PLENO DIA;ACESSAR A VIA SEM OBSERVAR A PRESENÇA DOS OUTROS VEÍCULOS;COLISÃO TRANSVERSAL;CÉU CLARO;SIMPLES;"RETA;INTERSEÇÃO DE VIAS";NÃO;0
AL;BR-104;RIO LARGO;6;2;SÁBADO;5;1;11;09H-11H;MANHA;PLENO DIA;DEMAIS FALHAS MECÂNICAS OU ELÉTRICAS;QUEDA DE OCUPANTE DE VEÍCULO;NUBLADO;SIMPLES;CURVA;NÃO;0
PA;BR-316;BENEVIDES;6;2;SÁBADO;5;1;11;09H-11H;MANHA;PLENO DIA;AVARIAS E/OU DESGASTE EXCESSIVO NO PNEU;TOMBAMENTO;CÉU CLARO;DUPLA;RETA;SIM;0
SC;BR-116;SANTA CECILIA;6;2;SÁBADO;5;1;5;03H-05H;MADRUGADA;PLENA NOITE;INGESTÃO DE ÁLCOOL PELO CONDUTOR;COLISÃO COM OBJETO;CÉU CLARO;SIMPLES;CURVA;NÃO;0
SC;BR-101;IMBITUBA;6;2;SÁBADO;5;1;11;09H-11H;MANHA;PLENO DIA;ACESSAR A VIA SEM OBSERVAR A PRESENÇA DOS OUTROS VEÍCULOS;COLISÃO TRANSVERSAL;CÉU CLARO;SIMPLES;RETA;NÃO;0
RS;BR-116;GUAIBA;6;2;SÁBADO;5;1;13;12H-14H;TARDE;PLENO DIA;AUSÊNCIA DE REAÇÃO DO CONDUTOR;QUEDA DE OCUPANTE DE VEÍCULO;NUBLADO;DUPLA;"RETA;RETORNO REGULAMENTADO";NÃO;1
ES;BR-101;SAO MATEUS;6;2;SÁBADO;5;1;13;12H-14H;TARDE;PLENO DIA;CONVERSÃO PROIBIDA;COLISÃO LATERAL MESMO SENTIDO;CÉU CLARO;SIMPLES;RETA;NÃO;0
MG;BR-251;SALINAS;6;2;SÁBADO;5;1;12;12H-14H;TARDE;PLENO DIA;AUSÊNCIA DE REAÇÃO DO CONDUTOR;TOMBAMENTO;CÉU CLARO;SIMPLES;RETA;NÃO;0
RS;BR-285;IJUI;6;2;SÁBADO;5;1;12;12H-14H;TARDE;PLENO DIA;ACESSAR A VIA SEM OBSERVAR A PRESENÇA DOS OUTROS VEÍCULOS;COLISÃO TRANSVERSAL;NUBLADO;SIMPLES;INTERSEÇÃO DE VIAS;SIM;0
SE;BR-235;ITABAIANA;6;2;SÁBADO;5;1;13;12H-14H;TARDE;PLENO DIA;ACESSAR A VIA SEM OBSERVAR A PRESENÇA DOS OUTROS VEÍCULOS;COLISÃO TRASEIRA;CÉU CLARO;DUPLA;RETA;SIM;0
ES;BR-262;VENDA NOVA DO IMIGRANTE;6;2;SÁBADO;5;1;13;12H-14H;TARDE;PLENO DIA;ACESSAR A VIA SEM OBSERVAR A PRESENÇA DOS OUTROS VEÍCULOS;COLISÃO LATERAL MESMO SENTIDO;SOL;SIMPLES;RETA;SIM;0
MG;BR-381;BETIM;6;2;SÁBADO;5;1;14;12H-14H;TARDE;PLENO DIA;MANOBRA DE MUDANÇA DE FAIXA;COLISÃO TRASEIRA;CÉU CLARO;DUPLA;RETA;SIM;0
MG;BR-365;UBERLANDIA;6;2;SÁBADO;5;1;14;12H-14H;TARDE;PLENO DIA;AUSÊNCIA DE REAÇÃO DO CONDUTOR;TOMBAMENTO;CÉU CLARO;DUPLA;"CURVA;ACLIVE";NÃO;0
PI;BR-316;TERESINA;6;2;SÁBADO;5;1;14;12H-14H;TARDE;PLENO DIA;MANOBRA DE MUDANÇA DE FAIXA;COLISÃO LATERAL MESMO SENTIDO;CÉU CLARO;SIMPLES;"CURVA;VIADUTO;ROTATÓRIA";SIM;0
SC;BR-101;IMBITUBA;4;2;QUARTA-FEIRA;2;0;19;18H-20H;NOITE;PLENA NOITE;PEDESTRE CRUZAVA A PISTA FORA DA FAIXA;ATROPELAMENTO DE PEDESTRE;NUBLADO;MÚLTIPLA;RETA;NÃO;1
BA;BR-324;CANDEIAS;6;2;SÁBADO;5;1;13;12H-14H;TARDE;PLENO DIA;MANOBRA DE MUDANÇA DE FAIXA;SAÍDA DE LEITO CARROÇÁVEL;CÉU CLARO;DUPLA;RETA;NÃO;0
PR;BR-369;LONDRINA;6;2;SÁBADO;5;1;14;12H-14H;TARDE;PLENO DIA;CONDUTOR DESRESPEITOU A ILUMINAÇÃO VERMELHA DO SEMÁFORO;COLISÃO TRANSVERSAL;CÉU CLARO;DUPLA;"RETA;INTERSEÇÃO DE VIAS";SIM;0
MG;BR-116;TARUMIRIM;6;2;SÁBADO;5;1;10;09H-11H;MANHA;PLENO DIA;AUSÊNCIA DE REAÇÃO DO CONDUTOR;COLISÃO FRONTAL;CÉU CLARO;SIMPLES;CURVA;NÃO;0
MG;BR-262;IGARATINGA;6;2;SÁBADO;5;1;11;09H-11H;MANHA;PLENO DIA;AUSÊNCIA DE REAÇÃO DO CONDUTOR;SAÍDA DE LEITO CARROÇÁVEL;CÉU CLARO;DUPLA;RETA;NÃO;0
PB;BR-101;JOAO PESSOA;6;2;SÁBADO;5;1;14;12H-14H;TARDE;PLENO DIA;ACESSAR A VIA SEM OBSERVAR A PRESENÇA DOS OUTROS VEÍCULOS;COLISÃO LATERAL MESMO SENTIDO;CÉU CLARO;DUPLA;RETA;SIM;0
PI;BR-343;PARNAIBA;6;2;SÁBADO;5;1;14;12H-14H;TARDE;PLENO DIA;ACESSAR A VIA SEM OBSERVAR A PRESENÇA DOS OUTROS VEÍCULOS;COLISÃO TRANSVERSAL;CÉU CLARO;SIMPLES;"RETA;INTERSEÇÃO DE VIAS";SIM;0
TO;BR-010;PALMAS;6;2;SÁBADO;5;1;15;15H-17H;TARDE;PLENO DIA;ACESSAR A VIA SEM OBSERVAR A PRESENÇA DOS OUTROS VEÍCULOS;COLISÃO TRASEIRA;SOL;MÚLTIPLA;RETORNO REGULAMENTADO;SIM;0
SC;BR-101;LAGUNA;6;2;SÁBADO;5;1;15;15H-17H;TARDE;PLENO DIA;DESRESPEITAR A PREFERÊNCIA NO CRUZAMENTO;COLISÃO TRANSVERSAL;CÉU CLARO;MÚLTIPLA;"INTERSEÇÃO DE VIAS;VIADUTO";SIM;0
DF;BR-070;BRASILIA;6;2;SÁBADO;5;1;15;15H-17H;TARDE;PLENO DIA;MANOBRA DE MUDANÇA DE FAIXA;COLISÃO LATERAL MESMO SENTIDO;SOL;DUPLA;CURVA;SIM;0
ES;BR-101;CARIACICA;6;2;SÁBADO;5;1;16;15H-17H;TARDE;PLENO DIA;MANOBRA DE MUDANÇA DE FAIXA;QUEDA DE OCUPANTE DE VEÍCULO;CÉU CLARO;DUPLA;RETA;SIM;0
TO;BR-242;PEIXE;6;2;SÁBADO;5;1;10;09H-11H;MANHA;PLENO DIA;TRANSITAR NA CONTRAMÃO;COLISÃO FRONTAL;CÉU CLARO;SIMPLES;RETA;NÃO;0
BA;BR-367;PORTO SEGURO;6;2;SÁBADO;5;1;14;12H-14H;TARDE;PLENO DIA;ACESSAR A VIA SEM OBSERVAR A PRESENÇA DOS OUTROS VEÍCULOS;COLISÃO TRANSVERSAL;CÉU CLARO;SIMPLES;"RETORNO REGULAMENTADO;INTERSEÇÃO DE VIAS;CURVA";NÃO;0
RS;BR-116;PORTO ALEGRE;4;2;TERÇA-FEIRA;1;0;9;09H-11H;MANHA;PLENO DIA;CONDUTOR DEIXOU DE MANTER DISTÂNCIA DO VEÍCULO DA FRENTE;COLISÃO TRASEIRA;CÉU CLARO;MÚLTIPLA;RETA;SIM;0
PI;BR-343;ALTOS;6;2;SÁBADO;5;1;15;15H-17H;TARDE;PLENO DIA;ACESSAR A VIA SEM OBSERVAR A PRESENÇA DOS OUTROS VEÍCULOS;COLISÃO TRANSVERSAL;CÉU CLARO;SIMPLES;RETA;SIM;0
PR;BR-376;APUCARANA;6;2;SÁBADO;5;1;14;12H-14H;TARDE;PLENO DIA;DEMAIS FALHAS MECÂNICAS OU ELÉTRICAS;TOMBAMENTO;CÉU CLARO;DUPLA;RETA;NÃO;0
SP;BR-381;SAO PAULO;6;2;SÁBADO;5;1;16;15H-17H;TARDE;PLENO DIA;VELOCIDADE INCOMPATÍVEL;CAPOTAMENTO;CHUVA;DUPLA;CURVA;NÃO;0
SP;BR-101;UBATUBA;6;2;SÁBADO;5;1;14;12H-14H;TARDE;PLENO DIA;REAÇÃO TARDIA OU INEFICIENTE DO CONDUTOR;COLISÃO LATERAL MESMO SENTIDO;CÉU CLARO;SIMPLES;CURVA;SIM;0
SC;BR-101;JOINVILLE;6;2;SÁBADO;5;1;12;12H-14H;TARDE;PLENO DIA;TRAFEGAR COM MOTOCICLETA (OU SIMILAR) ENTRE AS FAIXAS;COLISÃO TRASEIRA;CÉU CLARO;DUPLA;RETA;SIM;0
SC;BR-101;SAO JOSE;6;2;SÁBADO;5;1;17;15H-17H;TARDE;PLENA NOITE;REAÇÃO TARDIA OU INEFICIENTE DO CONDUTOR;ENGAVETAMENTO;CÉU CLARO;MÚLTIPLA;"RETA;INTERSEÇÃO DE VIAS";SIM;0
RJ;BR-101;RIO DE JANEIRO;6;2;SÁBADO;5;1;15;15H-17H;TARDE;PLENO DIA;AUSÊNCIA DE REAÇÃO DO CONDUTOR;COLISÃO TRASEIRA;NUBLADO;DUPLA;RETA;SIM;0
PE;BR-232;GRAVATA;6;2;SÁBADO;5;1;17;15H-17H;TARDE;ANOITECER;CONDUTOR DEIXOU DE MANTER DISTÂNCIA DO VEÍCULO DA FRENTE;COLISÃO TRASEIRA;CÉU CLARO;DUPLA;CURVA;NÃO;0
PA;BR-316;SANTA MARIA DO PARA;6;2;SÁBADO;5;1;16;15H-17H;TARDE;PLENO DIA;AUSÊNCIA DE REAÇÃO DO CONDUTOR;TOMBAMENTO;CÉU CLARO;SIMPLES;"RETA;ACLIVE";SIM;0
PE;BR-104;CARUARU;6;2;SÁBADO;5;1;17;15H-17H;TARDE;PLENA NOITE;INGESTÃO DE ÁLCOOL PELO CONDUTOR;SAÍDA DE LEITO CARROÇÁVEL;GAROA/CHUVISCO;DUPLA;RETA;SIM;0
AL;BR-316;PILAR;6;2;SÁBADO;5;1;17;15H-17H;TARDE;PLENA NOITE;ACESSAR A VIA SEM OBSERVAR A PRESENÇA DOS OUTROS VEÍCULOS;COLISÃO TRANSVERSAL;NUBLADO;SIMPLES;RETA;SIM;0
PE;BR-423;SAO CAITANO;6;2;SÁBADO;5;1;16;15H-17H;TARDE;ANOITECER;ULTRAPASSAGEM INDEVIDA;COLISÃO LATERAL MESMO SENTIDO;CHUVA;SIMPLES;RETA;NÃO;0
SC;BR-101;MARACAJA;6;2;SÁBADO;5;1;17;15H-17H;TARDE;PLENA NOITE;MANOBRA DE MUDANÇA DE FAIXA;COLISÃO LATERAL MESMO SENTIDO;IGNORADO;SIMPLES;RETA;NÃO;0
BA;BR-110;RIBEIRA DO POMBAL;6;2;SÁBADO;5;1;18;18H-20H;NOITE;PLENA NOITE;INGESTÃO DE ÁLCOOL PELO CONDUTOR;COLISÃO FRONTAL;NUBLADO;SIMPLES;RETA;NÃO;0
RS;BR-392;CANGUCU;6;2;SÁBADO;5;1;18;18H-20H;NOITE;ANOITECER;INGESTÃO DE ÁLCOOL PELO CONDUTOR;COLISÃO FRONTAL;CÉU CLARO;SIMPLES;RETA;SIM;0
ES;BR-101;SERRA;6;2;SEGUNDA-FEIRA;0;0;8;06H-08H;MANHA;PLENO DIA;CARGA EXCESSIVA E/OU MAL ACONDICIONADA;DERRAMAMENTO DE CARGA;SOL;DUPLA;RETA;SIM;0
SP;BR-116;SAO JOSE DOS CAMPOS;6;2;SÁBADO;5;1;17;15H-17H;TARDE;PLENO DIA;CONDUTOR DEIXOU DE MANTER DISTÂNCIA DO VEÍCULO DA FRENTE;ENGAVETAMENTO;CÉU CLARO;MÚLTIPLA;RETA;SIM;0
PR;BR-277;PARANAGUA;5;2;QUINTA-FEIRA;3;0;7;06H-08H;MANHA;AMANHECER;PISTA ESCORREGADIA;QUEDA DE OCUPANTE DE VEÍCULO;CÉU CLARO;MÚLTIPLA;ROTATÓRIA;SIM;0
RJ;BR-101;NITEROI;6;2;SÁBADO;5;1;16;15H-17H;TARDE;PLENO DIA;PEDESTRE CRUZAVA A PISTA FORA DA FAIXA;ATROPELAMENTO DE PEDESTRE;CÉU CLARO;MÚLTIPLA;CURVA;NÃO;0
RJ;BR-465;NOVA IGUACU;6;2;SÁBADO;5;1;16;15H-17H;TARDE;PLENA NOITE;ACESSAR A VIA SEM OBSERVAR A PRESENÇA DOS OUTROS VEÍCULOS;COLISÃO TRANSVERSAL;CÉU CLARO;SIMPLES;RETA;SIM;0
ES;BR-262;VENDA NOVA DO IMIGRANTE;6;2;SÁBADO;5;1;19;18H-20H;NOITE;PLENA NOITE;DEMAIS FALHAS MECÂNICAS OU ELÉTRICAS;INCÊNDIO;CÉU CLARO;SIMPLES;CURVA;NÃO;0
MS;BR-060;SIDROLANDIA;6;2;SÁBADO;5;1;18;18H-20H;NOITE;PLENA NOITE;ANIMAIS NA PISTA;ATROPELAMENTO DE ANIMAL;CÉU CLARO;SIMPLES;RETA;NÃO;0
RO;BR-364;CANDEIAS DO JAMARI;6;2;SÁBADO;5;1;16;15H-17H;TARDE;PLENO DIA;FREAR BRUSCAMENTE;TOMBAMENTO;CÉU CLARO;SIMPLES;"RETA;EM OBRAS";SIM;0
AP;BR-210;MACAPA;6;2;SÁBADO;5;1;19;18H-20H;NOITE;PLENA NOITE;PEDESTRE CRUZAVA A PISTA FORA DA FAIXA;ATROPELAMENTO DE PEDESTRE;NUBLADO;DUPLA;RETA;SIM;0
ES;BR-101;IBIRACU;6;2;SÁBADO;5;1;19;18H-20H;NOITE;PLENA NOITE;TRANSITAR NA CONTRAMÃO;COLISÃO LATERAL SENTIDO OPOSTO;CÉU CLARO;SIMPLES;CURVA;NÃO;0
MG;BR-116;TEOFILO OTONI;6;2;SÁBADO;5;1;18;18H-20H;NOITE;ANOITECER;TRANSITAR NO ACOSTAMENTO;ATROPELAMENTO DE PEDESTRE;NUBLADO;SIMPLES;RETA;NÃO;0
GO;BR-070;AGUAS LINDAS DE GOIAS;6;2;SÁBADO;5;1;19;18H-20H;NOITE;PLENA NOITE;INGESTÃO DE ÁLCOOL PELO CONDUTOR;COLISÃO TRASEIRA;CÉU CLARO;DUPLA;RETA;SIM;0
DF;BR-070;BRASILIA;6;2;SÁBADO;5;1;19;18H-20H;NOITE;PLENA NOITE;MANOBRA DE MUDANÇA DE FAIXA;COLISÃO TRANSVERSAL;CÉU CLARO;DUPLA;RETA;SIM;0
MG;BR-050;UBERLANDIA;6;2;SÁBADO;5;1;19;18H-20H;NOITE;PLENA NOITE;MANOBRA DE MUDANÇA DE FAIXA;COLISÃO COM OBJETO;NUBLADO;DUPLA;"RETA;DECLIVE;INTERSEÇÃO DE VIAS";SIM;0
SE;BR-235;FREI PAULO;6;2;SÁBADO;5;1;19;18H-20H;NOITE;PLENA NOITE;CONDUTOR DORMINDO;QUEDA DE OCUPANTE DE VEÍCULO;CÉU CLARO;SIMPLES;RETA;NÃO;0
RJ;BR-101;ITABORAI;6;2;SÁBADO;5;1;18;18H-20H;NOITE;PLENA NOITE;ESTACIONAR OU PARAR EM LOCAL PROIBIDO;COLISÃO TRASEIRA;CÉU CLARO;SIMPLES;RETA;NÃO;0
PE;BR-423;GARANHUNS;6;2;SÁBADO;5;1;20;18H-20H;NOITE;PLENA NOITE;CONDUTOR DEIXOU DE MANTER DISTÂNCIA DO VEÍCULO DA FRENTE;COLISÃO TRASEIRA;CÉU CLARO;SIMPLES;DECLIVE;NÃO;0
SC;BR-282;SANTO AMARO DA IMPERATRIZ;6;2;SÁBADO;5;1;18;18H-20H;NOITE;PLENA NOITE;INGESTÃO DE ÁLCOOL PELO CONDUTOR;COLISÃO TRASEIRA;CÉU CLARO;SIMPLES;CURVA;SIM;0
BA;BR-110;NOVA SOURE;6;2;SÁBADO;5;1;19;18H-20H;NOITE;PLENA NOITE;INGESTÃO DE ÁLCOOL PELO CONDUTOR;COLISÃO TRASEIRA;NUBLADO;SIMPLES;RETA;SIM;0
TO;BR-153;ARAGUAINA;6;2;SÁBADO;5;1;20;18H-20H;NOITE;PLENA NOITE;REAÇÃO TARDIA OU INEFICIENTE DO CONDUTOR;ATROPELAMENTO DE PEDESTRE;CÉU CLARO;SIMPLES;RETA;SIM;0
SC;BR-101;TUBARAO;6;2;SÁBADO;5;1;20;18H-20H;NOITE;PLENA NOITE;AUSÊNCIA DE REAÇÃO DO CONDUTOR;SAÍDA DE LEITO CARROÇÁVEL;CÉU CLARO;SIMPLES;RETA;SIM;0
SP;BR-116;GUARULHOS;6;2;SÁBADO;5;1;20;18H-20H;NOITE;PLENA NOITE;AUSÊNCIA DE REAÇÃO DO CONDUTOR;COLISÃO COM OBJETO;CÉU CLARO;MÚLTIPLA;DECLIVE;SIM;1
GO;BR-050;CATALAO;6;2;SÁBADO;5;1;20;18H-20H;NOITE;PLENA NOITE;DEMAIS FALHAS MECÂNICAS OU ELÉTRICAS;INCÊNDIO;CÉU CLARO;DUPLA;RETA;NÃO;0
MT;BR-163;CLAUDIA;6;2;SÁBADO;5;1;17;15H-17H;TARDE;ANOITECER;ULTRAPASSAGEM INDEVIDA;SAÍDA DE LEITO CARROÇÁVEL;CÉU CLARO;SIMPLES;RETA;NÃO;0
SC;BR-101;ARARANGUA;6;2;SÁBADO;5;1;20;18H-20H;NOITE;PLENA NOITE;AUSÊNCIA DE REAÇÃO DO CONDUTOR;COLISÃO COM OBJETO;CÉU CLARO;SIMPLES;RETA;SIM;0
SC;BR-101;TIJUCAS;6;2;SÁBADO;5;1;21;21H-23H;NOITE;PLENA NOITE;AUSÊNCIA DE REAÇÃO DO CONDUTOR;COLISÃO COM OBJETO;NUBLADO;DUPLA;CURVA;SIM;0
MT;BR-070;BARRA DO GARCAS;5;2;SEXTA-FEIRA;4;0;6;06H-08H;MANHA;PLENO DIA;DESRESPEITAR A PREFERÊNCIA NO CRUZAMENTO;COLISÃO TRANSVERSAL;CÉU CLARO;DUPLA;"RETORNO REGULAMENTADO;RETA;INTERSEÇÃO DE VIAS";SIM;0
GO;BR-050;CRISTALINA;6;2;SÁBADO;5;1;21;21H-23H;NOITE;PLENA NOITE;REAÇÃO TARDIA OU INEFICIENTE DO CONDUTOR;COLISÃO TRASEIRA;CÉU CLARO;DUPLA;RETA;NÃO;0
SC;BR-101;ITAPEMA;6;2;SÁBADO;5;1;19;18H-20H;NOITE;PLENA NOITE;REAÇÃO TARDIA OU INEFICIENTE DO CONDUTOR;COLISÃO TRASEIRA;CÉU CLARO;DUPLA;RETA;SIM;0
AL;BR-316;ATALAIA;6;2;SÁBADO;5;1;20;18H-20H;NOITE;PLENA NOITE;ACESSAR A VIA SEM OBSERVAR A PRESENÇA DOS OUTROS VEÍCULOS;COLISÃO TRANSVERSAL;CÉU CLARO;SIMPLES;RETA;SIM;0
AP;BR-156;CALCOENE;6;2;SÁBADO;5;1;15;15H-17H;TARDE;PLENO DIA;TRANSITAR NA CONTRAMÃO;COLISÃO FRONTAL;CÉU CLARO;SIMPLES;DECLIVE;NÃO;0
RJ;BR-101;ANGRA DOS REIS;6;2;SÁBADO;5;1;20;18H-20H;NOITE;PLENA NOITE;FREAR BRUSCAMENTE;COLISÃO TRASEIRA;CÉU CLARO;DUPLA;RETA;NÃO;0
PR;BR-277;LARANJEIRAS DO SUL;6;2;SÁBADO;5;1;21;21H-23H;NOITE;PLENA NOITE;REAÇÃO TARDIA OU INEFICIENTE DO CONDUTOR;QUEDA DE OCUPANTE DE VEÍCULO;CHUVA;SIMPLES;"ACLIVE;RETA";NÃO;0
SP;BR-116;EMBU DAS ARTES;6;2;SÁBADO;5;1;21;21H-23H;NOITE;PLENA NOITE;OBJETO ESTÁTICO SOBRE O LEITO CARROÇÁVEL;COLISÃO COM OBJETO;NUBLADO;DUPLA;"ACLIVE;RETA";SIM;0
SC;BR-282;NOVA ITABERABA;6;2;SÁBADO;5;1;18;18H-20H;NOITE;PLENA NOITE;DEMAIS FALHAS NA VIA;COLISÃO COM OBJETO;CÉU CLARO;SIMPLES;"ACLIVE;CURVA;PONTE";NÃO;0
MS;BR-163;CAMPO GRANDE;6;2;SÁBADO;5;1;17;15H-17H;TARDE;ANOITECER;CONDUTOR DESRESPEITOU A ILUMINAÇÃO VERMELHA DO SEMÁFORO;COLISÃO TRANSVERSAL;CÉU CLARO;SIMPLES;INTERSEÇÃO DE VIAS;SIM;0
PE;BR-232;SERRA TALHADA;6;2;SÁBADO;5;1;21;21H-23H;NOITE;PLENA NOITE;ILUMINAÇÃO DEFICIENTE;QUEDA DE OCUPANTE DE VEÍCULO;CÉU CLARO;SIMPLES;RETA;SIM;0
TO;BR-153;COLINAS DO TOCANTINS;6;2;SÁBADO;5;1;23;21H-23H;NOITE;PLENO DIA;REAÇÃO TARDIA OU INEFICIENTE DO CONDUTOR;ATROPELAMENTO DE PEDESTRE;CÉU CLARO;MÚLTIPLA;INTERSEÇÃO DE VIAS;SIM;0
MG;BR-381;BRUMADINHO;6;2;SÁBADO;5;1;22;21H-23H;NOITE;PLENA NOITE;CURVA ACENTUADA;SAÍDA DE LEITO CARROÇÁVEL;CÉU CLARO;DUPLA;"CURVA;ACLIVE";NÃO;0
PB;BR-104;LAGOA SECA;6;2;SÁBADO;5;1;23;21H-23H;NOITE;PLENA NOITE;TRANSITAR NA CONTRAMÃO;COLISÃO LATERAL SENTIDO OPOSTO;CHUVA;SIMPLES;RETA;SIM;0
PR;BR-376;APUCARANA;6;2;SÁBADO;5;1;20;18H-20H;NOITE;PLENA NOITE;CHUVA;SAÍDA DE LEITO CARROÇÁVEL;CHUVA;SIMPLES;"CURVA;DECLIVE;VIADUTO";SIM;0
MG;BR-116;MANHUACU;6;2;SÁBADO;5;1;21;21H-23H;NOITE;PLENA NOITE;INGESTÃO DE ÁLCOOL PELO CONDUTOR;COLISÃO LATERAL MESMO SENTIDO;CÉU CLARO;SIMPLES;RETA;NÃO;0
SC;BR-116;MAFRA;6;2;SÁBADO;5;1;19;18H-20H;NOITE;PLENA NOITE;REAÇÃO TARDIA OU INEFICIENTE DO CONDUTOR;COLISÃO TRANSVERSAL;CÉU CLARO;SIMPLES;INTERSEÇÃO DE VIAS;SIM;0
RS;BR-153;BAGE;6;2;SÁBADO;5;1;21;21H-23H;NOITE;PLENA NOITE;VELOCIDADE INCOMPATÍVEL;SAÍDA DE LEITO CARROÇÁVEL;CÉU CLARO;SIMPLES;RETA;NÃO;0
SP;BR-116;LORENA;6;2;SÁBADO;5;1;21;21H-23H;NOITE;PLENA NOITE;AUSÊNCIA DE REAÇÃO DO CONDUTOR;COLISÃO TRASEIRA;CÉU CLARO;DUPLA;RETA;SIM;0
MG;BR-050;UBERLANDIA;6;2;SÁBADO;5;1;23;21H-23H;NOITE;PLENA NOITE;INGESTÃO DE ÁLCOOL PELO CONDUTOR;COLISÃO COM OBJETO;CÉU CLARO;DUPLA;RETA;SIM;0
PB;BR-101;MAMANGUAPE;6;2;SÁBADO;5;1;23;21H-23H;NOITE;PLENA NOITE;AUSÊNCIA DE REAÇÃO DO CONDUTOR;QUEDA DE OCUPANTE DE VEÍCULO;NUBLADO;DUPLA;"RETA;DECLIVE";SIM;0
GO;BR-153;MORRINHOS;6;2;SÁBADO;5;1;22;21H-23H;NOITE;PLENA NOITE;VELOCIDADE INCOMPATÍVEL;SAÍDA DE LEITO CARROÇÁVEL;CÉU CLARO;DUPLA;RETA;NÃO;1
SC;BR-101;ITAJAI;6;2;SÁBADO;5;1;23;21H-23H;NOITE;PLENA NOITE;PEDESTRE CRUZAVA A PISTA FORA DA FAIXA;ATROPELAMENTO DE PEDESTRE;CÉU CLARO;MÚLTIPLA;RETA;SIM;0
RO;BR-421;CAMPO NOVO DE RONDONIA;6;2;SÁBADO;5;1;18;18H-20H;NOITE;PLENA NOITE;AUSÊNCIA DE REAÇÃO DO CONDUTOR;COLISÃO FRONTAL;CÉU CLARO;SIMPLES;DECLIVE;NÃO;0
RS;BR-285;CARAZINHO;6;2;SÁBADO;5;1;22;21H-23H;NOITE;PLENA NOITE;INGESTÃO DE ÁLCOOL PELO CONDUTOR;COLISÃO FRONTAL;CÉU CLARO;SIMPLES;"RETA;PONTE";NÃO;0
AC;BR-364;RIO BRANCO;6;2;SÁBADO;5;1;21;21H-23H;NOITE;PLENA NOITE;ILUMINAÇÃO DEFICIENTE;ATROPELAMENTO DE ANIMAL;CÉU CLARO;DUPLA;"RETA;DECLIVE";NÃO;0
PB;BR-104;LAGOA SECA;6;2;SÁBADO;5;1;22;21H-23H;NOITE;PLENA NOITE;CONDUTOR DEIXOU DE MANTER DISTÂNCIA DO VEÍCULO DA FRENTE;COLISÃO TRASEIRA;NEVOEIRO/NEBLINA;SIMPLES;RETA;SIM;0
PR;BR-376;CURITIBA;6;2;SÁBADO;5;1;22;21H-23H;NOITE;PLENA NOITE;AUSÊNCIA DE REAÇÃO DO CONDUTOR;COLISÃO LATERAL MESMO SENTIDO;NUBLADO;DUPLA;RETA;NÃO;0
PR;BR-376;CURITIBA;6;2;SÁBADO;5;1;22;21H-23H;NOITE;PLENA NOITE;VELOCIDADE INCOMPATÍVEL;COLISÃO TRASEIRA;CÉU CLARO;DUPLA;RETA;NÃO;0
SC;BR-282;LAGES;6;2;SÁBADO;5;1;23;21H-23H;NOITE;PLENA NOITE;AUSÊNCIA DE REAÇÃO DO CONDUTOR;SAÍDA DE LEITO CARROÇÁVEL;NEVOEIRO/NEBLINA;SIMPLES;"DECLIVE;RETA";NÃO;0