uf;br_formatada;municipio;mes;trimestre;dia_semana;dia_semana_num;fim_de_semana;hora;faixa_horaria;turno;fase_dia;causa_acidente;tipo_acidente;condicao_metereologica;tipo_pista;tracado_via;uso_solo;acidente_fatal
CE;BR-116;FORTALEZA;6;2;QUINTA-FEIRA;3;0;20;18H-20H;NOITE;PLENA NOITE;CONDUTOR DEIXOU DE MANTER DISTÂNCIA DO VEÍCULO DA FRENTE;COLISÃO LATERAL SENTIDO OPOSTO;NUBLADO;DUPLA;"VIADUTO;RETA";SIM;0
RN;BR-304;MOSSORO;6;2;SEXTA-FEIRA;4;0;5;03H-05H;MADRUGADA;AMANHECER;ACESSAR A VIA SEM OBSERVAR A PRESENÇA DOS OUTROS VEÍCULOS;COLISÃO LATERAL MESMO SENTIDO;CÉU CLARO;DUPLA;RETA;SIM;0
RS;BR-116;CAXIAS DO SUL;6;2;SEXTA-FEIRA;4;0;4;03H-05H;MADRUGADA;PLENA NOITE;REAÇÃO TARDIA OU INEFICIENTE DO CONDUTOR;COLISÃO COM OBJETO;NEVOEIRO/NEBLINA;SIMPLES;"EM OBRAS;RETA";SIM;0
ES;BR-101;VIANA;6;2;SEXTA-FEIRA;4;0;5;03H-05H;MADRUGADA;AMANHECER;ANIMAIS NA PISTA;ATROPELAMENTO DE ANIMAL;NUBLADO;SIMPLES;RETA;SIM;0
ES;BR-262;BREJETUBA;6;2;SEXTA-FEIRA;4;0;5;03H-05H;MADRUGADA;AMANHECER;REAÇÃO TARDIA OU INEFICIENTE DO CONDUTOR;SAÍDA DE LEITO CARROÇÁVEL;NUBLADO;SIMPLES;CURVA;NÃO;0
PR;BR-476;ARAUCARIA;6;2;SEXTA-FEIRA;4;0;0;00H-02H;MADRUGADA;PLENA NOITE;AUSÊNCIA DE REAÇÃO DO CONDUTOR;TOMBAMENTO;CHUVA;DUPLA;RETA;SIM;0
RO;BR-364;PRESIDENTE MEDICI;6;2;QUINTA-FEIRA;3;0;18;18H-20H;NOITE;ANOITECER;REAÇÃO TARDIA OU INEFICIENTE DO CONDUTOR;COLISÃO TRASEIRA;CÉU CLARO;SIMPLES;RETA;NÃO;0
BA;BR-324;SALVADOR;6;2;SEXTA-FEIRA;4;0;7;06H-08H;MANHA;PLENO DIA;CONDUTOR DEIXOU DE MANTER DISTÂNCIA DO VEÍCULO DA FRENTE;ENGAVETAMENTO;CHUVA;MÚLTIPLA;RETA;SIM;0
BA;BR-415;ILHEUS;6;2;SEXTA-FEIRA;4;0;6;06H-08H;MANHA;PLENO DIA;AUSÊNCIA DE REAÇÃO DO CONDUTOR;COLISÃO LATERAL MESMO SENTIDO;SOL;MÚLTIPLA;RETA;NÃO;0
DF;BR-040;BRASILIA;6;2;SEXTA-FEIRA;4;0;7;06H-08H;MANHA;PLENO DIA;REAÇÃO TARDIA OU INEFICIENTE DO CONDUTOR;COLISÃO TRASEIRA;SOL;DUPLA;RETA;SIM;0
RJ;BR-101;MANGARATIBA;6;2;SEXTA-FEIRA;4;0;7;06H-08H;MANHA;PLENO DIA;DEMAIS FALHAS MECÂNICAS OU ELÉTRICAS;INCÊNDIO;CÉU CLARO;SIMPLES;RETA;NÃO;0
RJ;BR-101;ANGRA DOS REIS;6;2;SEXTA-FEIRA;4;0;6;06H-08H;MANHA;AMANHECER;DEMAIS FALHAS MECÂNICAS OU ELÉTRICAS;COLISÃO COM OBJETO;CÉU CLARO;SIMPLES;RETA;NÃO;0
RN;BR-406;CEARA-MIRIM;6;2;SEXTA-FEIRA;4;0;7;06H-08H;MANHA;PLENO DIA;CONVERSÃO PROIBIDA;SAÍDA DE LEITO CARROÇÁVEL;CÉU CLARO;SIMPLES;RETA;NÃO;0
MT;BR-163;PEIXOTO DE AZEVEDO;6;2;SEXTA-FEIRA;4;0;6;06H-08H;MANHA;PLENO DIA;ACESSO IRREGULAR;COLISÃO TRANSVERSAL;CÉU CLARO;SIMPLES;RETA;SIM;0
PR;BR-376;MANDAGUARI;6;2;SEXTA-FEIRA;4;0;7;06H-08H;MANHA;PLENO DIA;ACESSAR A VIA SEM OBSERVAR A PRESENÇA DOS OUTROS VEÍCULOS;COLISÃO TRANSVERSAL;NEVOEIRO/NEBLINA;DUPLA;"RETORNO REGULAMENTADO;RETA";NÃO;0
TO;BR-153;ARAGUAINA;6;2;SEXTA-FEIRA;4;0;8;06H-08H;MANHA;PLENO DIA;REAÇÃO TARDIA OU INEFICIENTE DO CONDUTOR;COLISÃO TRASEIRA;CÉU CLARO;DUPLA;ROTATÓRIA;SIM;0
RJ;BR-040;DUQUE DE CAXIAS;6;2;SEXTA-FEIRA;4;0;7;06H-08H;MANHA;PLENO DIA;CONDUTOR USANDO CELULAR;COLISÃO FRONTAL;CÉU CLARO;MÚLTIPLA;RETA;SIM;0
RS;BR-158;ITAARA;6;2;SEXTA-FEIRA;4;0;8;06H-08H;MANHA;PLENO DIA;ACESSAR A VIA SEM OBSERVAR A PRESENÇA DOS OUTROS VEÍCULOS;COLISÃO TRANSVERSAL;NEVOEIRO/NEBLINA;SIMPLES;"RETA;DECLIVE";SIM;0
RJ;BR-101;SAO GONCALO;6;2;SEXTA-FEIRA;4;0;8;06H-08H;MANHA;PLENO DIA;AUSÊNCIA DE REAÇÃO DO CONDUTOR;TOMBAMENTO;CÉU CLARO;DUPLA;RETA;SIM;0
GO;BR-060;ABADIANIA;5;2;SÁBADO;5;1;17;15H-17H;TARDE;PLENO DIA;MANOBRA DE MUDANÇA DE FAIXA;COLISÃO TRASEIRA;CÉU CLARO;DUPLA;RETA;SIM;0
GO;BR-060;RIO VERDE;6;2;SEXTA-FEIRA;4;0;8;06H-08H;MANHA;PLENO DIA;AUSÊNCIA DE REAÇÃO DO CONDUTOR;TOMBAMENTO;CÉU CLARO;DUPLA;RETA;SIM;0
BA;BR-116;VITORIA DA CONQUISTA;6;2;SEXTA-FEIRA;4;0;7;06H-08H;MANHA;PLENO DIA;DESRESPEITAR A PREFERÊNCIA NO CRUZAMENTO;COLISÃO TRANSVERSAL;GAROA/CHUVISCO;SIMPLES;INTERSEÇÃO DE VIAS;SIM;0
RJ;BR-101;RIO DE JANEIRO;3;1;DOMINGO;6;1;21;21H-23H;NOITE;PLENO DIA;AUSÊNCIA DE REAÇÃO DO CONDUTOR;QUEDA DE OCUPANTE DE VEÍCULO;CÉU CLARO;MÚLTIPLA;RETA;NÃO;0
RN;BR-405;RAFAEL FERNANDES;6;2;SEXTA-FEIRA;4;0;8;06H-08H;MANHA;PLENO DIA;SUICÍDIO (PRESUMIDO);COLISÃO COM OBJETO;CÉU CLARO;SIMPLES;RETA;NÃO;1
RJ;BR-101;SAO GONCALO;6;2;SEXTA-FEIRA;4;0;4;03H-05H;MADRUGADA;PLENA NOITE;PEDESTRE CRUZAVA A PISTA FORA DA FAIXA;ATROPELAMENTO DE PEDESTRE;CÉU CLARO;DUPLA;RETA;SIM;1
RJ;BR-101;ITAGUAI;4;2;SEGUNDA-FEIRA;0;0;22;21H-23H;NOITE;PLENA NOITE;ILUMINAÇÃO DEFICIENTE;COLISÃO TRASEIRA;NUBLADO;DUPLA;RETA;NÃO;0
MG;BR-IGNORADA;CONTAGEM;6;2;SEGUNDA-FEIRA;0;0;13;12H-14H;TARDE;PLENO DIA;REAÇÃO TARDIA OU INEFICIENTE DO CONDUTOR;COLISÃO COM OBJETO;CÉU CLARO;SIMPLES;RETA;SIM;0
PR;BR-277;SANTA TEREZA DO OESTE;6;2;SEXTA-FEIRA;4;0;8;06H-08H;MANHA;AMANHECER;REAÇÃO TARDIA OU INEFICIENTE DO CONDUTOR;COLISÃO TRASEIRA;NEVOEIRO/NEBLINA;SIMPLES;RETA;SIM;0
SC;BR-101;TUBARAO;6;2;SEXTA-FEIRA;4;0;8;06H-08H;MANHA;PLENO DIA;CONDUTOR USANDO CELULAR;SAÍDA DE LEITO CARROÇÁVEL;CÉU CLARO;DUPLA;RETA;NÃO;0
PR;BR-369;CASCAVEL;5;2;DOMINGO;6;1;7;06H-08H;MANHA;PLENO DIA;ACESSAR A VIA SEM OBSERVAR A PRESENÇA DOS OUTROS VEÍCULOS;COLISÃO TRANSVERSAL;CÉU CLARO;SIMPLES;RETA;SIM;0
PB;BR-230;SANTA LUZIA;6;2;SEXTA-FEIRA;4;0;6;06H-08H;MANHA;PLENO DIA;ANIMAIS NA PISTA;ATROPELAMENTO DE ANIMAL;CÉU CLARO;SIMPLES;RETA;NÃO;0
MG;BR-116;LEOPOLDINA;6;2;SEXTA-FEIRA;4;0;9;09H-11H;MANHA;PLENO DIA;MANOBRA DE MUDANÇA DE FAIXA;COLISÃO TRASEIRA;CÉU CLARO;SIMPLES;"RETA;INTERSEÇÃO DE VIAS";SIM;0
RN;BR-101;NATAL;6;2;SEXTA-FEIRA;4;0;9;09H-11H;MANHA;PLENO DIA;CONDUTOR DEIXOU DE MANTER DISTÂNCIA DO VEÍCULO DA FRENTE;COLISÃO LATERAL MESMO SENTIDO;SOL;SIMPLES;CURVA;NÃO;0
PI;BR-135;BOM JESUS;6;2;SEXTA-FEIRA;4;0;9;09H-11H;MANHA;PLENO DIA;MANOBRA DE MUDANÇA DE FAIXA;COLISÃO LATERAL MESMO SENTIDO;CÉU CLARO;DUPLA;RETA;SIM;0
PR;BR-376;SAO JOSE DOS PINHAIS;6;2;SEXTA-FEIRA;4;0;9;09H-11H;MANHA;PLENO DIA;REAÇÃO TARDIA OU INEFICIENTE DO CONDUTOR;TOMBAMENTO;GAROA/CHUVISCO;DUPLA;RETA;NÃO;0
MG;BR-365;UBERLANDIA;6;2;SEXTA-FEIRA;4;0;8;06H-08H;MANHA;PLENO DIA;REAÇÃO TARDIA OU INEFICIENTE DO CONDUTOR;COLISÃO LATERAL MESMO SENTIDO;CÉU CLARO;SIMPLES;RETA;SIM;0
MG;BR-040;JUIZ DE FORA;6;2;SEXTA-FEIRA;4;0;9;09H-11H;MANHA;PLENO DIA;CONVERSÃO PROIBIDA;COLISÃO LATERAL SENTIDO OPOSTO;CÉU CLARO;SIMPLES;"RETORNO REGULAMENTADO;INTERSEÇÃO DE VIAS";NÃO;0
SC;BR-282;NOVA ITABERABA;6;2;SÁBADO;5;1;18;18H-20H;NOITE;PLENA NOITE;DEMAIS FALHAS NA VIA;COLISÃO COM OBJETO;CÉU CLARO;SIMPLES;"ACLIVE;CURVA;PONTE";NÃO;0
PB;BR-230;CAMPINA GRANDE;6;2;SEXTA-FEIRA;4;0;9;09H-11H;MANHA;PLENO DIA;REAÇÃO TARDIA OU INEFICIENTE DO CONDUTOR;COLISÃO TRASEIRA;CÉU CLARO;SIMPLES;RETA;SIM;0
PB;BR-101;SANTA RITA;6;2;SEXTA-FEIRA;4;0;9;09H-11H;MANHA;PLENO DIA;REAÇÃO TARDIA OU INEFICIENTE DO CONDUTOR;SAÍDA DE LEITO CARROÇÁVEL;CÉU CLARO;DUPLA;RETA;NÃO;0
MS;BR-262;CAMPO GRANDE;6;2;SEXTA-FEIRA;4;0;9;09H-11H;MANHA;PLENO DIA;CONDUTOR DEIXOU DE MANTER DISTÂNCIA DO VEÍCULO DA FRENTE;COLISÃO TRASEIRA;CÉU CLARO;SIMPLES;RETA;SIM;0
PR;BR-277;FOZ DO IGUACU;6;2;SEXTA-FEIRA;4;0;10;09H-11H;MANHA;PLENO DIA;REAÇÃO TARDIA OU INEFICIENTE DO CONDUTOR;CAPOTAMENTO;NUBLADO;DUPLA;RETA;SIM;0
RS;BR-153;ERECHIM;6;2;SEXTA-FEIRA;4;0;9;09H-11H;MANHA;PLENO DIA;VELOCIDADE INCOMPATÍVEL;COLISÃO TRASEIRA;NUBLADO;DUPLA;RETA;SIM;0
MG;BR-050;UBERABA;6;2;SEXTA-FEIRA;4;0;10;09H-11H;MANHA;PLENO DIA;VELOCIDADE INCOMPATÍVEL;CAPOTAMENTO;CÉU CLARO;DUPLA;RETORNO REGULAMENTADO;NÃO;0
ES;BR-262;VENDA NOVA DO IMIGRANTE;6;2;SEXTA-FEIRA;4;0;7;06H-08H;MANHA;PLENO DIA;REAÇÃO TARDIA OU INEFICIENTE DO CONDUTOR;COLISÃO COM OBJETO;CÉU CLARO;SIMPLES;"DECLIVE;CURVA";NÃO;0
MA;BR-135;SAO LUIS;6;2;SEXTA-FEIRA;4;0;8;06H-08H;MANHA;PLENA NOITE;REAÇÃO TARDIA OU INEFICIENTE DO CONDUTOR;COLISÃO TRASEIRA;NUBLADO;MÚLTIPLA;RETA;SIM;0
RS;BR-293;SANTANA DO LIVRAMENTO;6;2;SEXTA-FEIRA;4;0;8;06H-08H;MANHA;PLENO DIA;AUSÊNCIA DE REAÇÃO DO CONDUTOR;SAÍDA DE LEITO CARROÇÁVEL;CÉU CLARO;SIMPLES;RETA;NÃO;0
MG;BR-040;SETE LAGOAS;6;2;SEXTA-FEIRA;4;0;12;12H-14H;TARDE;PLENO DIA;PISTA ESBURACADA;QUEDA DE OCUPANTE DE VEÍCULO;CÉU CLARO;DUPLA;DECLIVE;SIM;0
MG;BR-116;GOVERNADOR VALADARES;6;2;SEXTA-FEIRA;4;0;11;09H-11H;MANHA;PLENO DIA;ACESSAR A VIA SEM OBSERVAR A PRESENÇA DOS OUTROS VEÍCULOS;COLISÃO TRANSVERSAL;CÉU CLARO;MÚLTIPLA;ROTATÓRIA;SIM;0
ES;BR-101;SAO MATEUS;6;2;SEXTA-FEIRA;4;0;10;09H-11H;MANHA;PLENO DIA;CONDUTOR DEIXOU DE MANTER DISTÂNCIA DO VEÍCULO DA FRENTE;COLISÃO TRASEIRA;CÉU CLARO;SIMPLES;"RETA;INTERSEÇÃO DE VIAS";SIM;0
MG;BR-262;ABRE CAMPO;6;2;SEXTA-FEIRA;4;0;10;09H-11H;MANHA;PLENO DIA;ACESSAR A VIA SEM OBSERVAR A PRESENÇA DOS OUTROS VEÍCULOS;COLISÃO TRANSVERSAL;CÉU CLARO;SIMPLES;RETA;SIM;0
DF;BR-020;BRASILIA;6;2;SEXTA-FEIRA;4;0;12;12H-14H;TARDE;PLENO DIA;AUSÊNCIA DE SINALIZAÇÃO;COLISÃO LATERAL MESMO SENTIDO;SOL;SIMPLES;"RETA;EM OBRAS;DESVIO TEMPORÁRIO";SIM;1
BA;BR-324;SIMOES FILHO;6;2;SEXTA-FEIRA;4;0;12;12H-14H;TARDE;PLENO DIA;OBJETO ESTÁTICO SOBRE O LEITO CARROÇÁVEL;COLISÃO COM OBJETO;CÉU CLARO;DUPLA;RETA;NÃO;0
SC;BR-282;PINHALZINHO;6;2;SEXTA-FEIRA;4;0;11;09H-11H;MANHA;PLENO DIA;TRANSITAR NO ACOSTAMENTO;COLISÃO TRASEIRA;NEVOEIRO/NEBLINA;SIMPLES;RETA;NÃO;0
MG;BR-116;TEOFILO OTONI;6;2;SEXTA-FEIRA;4;0;12;12H-14H;TARDE;PLENO DIA;ÁREA URBANA SEM A PRESENÇA DE LOCAL APROPRIADO PARA A TRAVESSIA DE PEDESTRES;ATROPELAMENTO DE PEDESTRE;CÉU CLARO;SIMPLES;RETA;SIM;0
SP;BR-116;EMBU DAS ARTES;6;2;SEXTA-FEIRA;4;0;13;12H-14H;TARDE;PLENO DIA;AUSÊNCIA DE REAÇÃO DO CONDUTOR;COLISÃO TRASEIRA;CHUVA;DUPLA;RETA;SIM;0
MG;BR-267;MARIPA DE MINAS;6;2;SEXTA-FEIRA;4;0;11;09H-11H;MANHA;PLENO DIA;REAÇÃO TARDIA OU INEFICIENTE DO CONDUTOR;COLISÃO LATERAL MESMO SENTIDO;CÉU CLARO;SIMPLES;RETA;NÃO;0
AL;BR-316;PALMEIRA DOS INDIOS;6;2;SEXTA-FEIRA;4;0;13;12H-14H;TARDE;PLENO DIA;ACESSAR A VIA SEM OBSERVAR A PRESENÇA DOS OUTROS VEÍCULOS;COLISÃO TRANSVERSAL;NUBLADO;SIMPLES;RETA;NÃO;0
MG;BR-040;JOAO PINHEIRO;6;2;SEXTA-FEIRA;4;0;13;12H-14H;TARDE;PLENO DIA;AUSÊNCIA DE REAÇÃO DO CONDUTOR;COLISÃO TRASEIRA;CÉU CLARO;SIMPLES;RETA;SIM;0
RJ;BR-040;DUQUE DE CAXIAS;6;2;SEXTA-FEIRA;4;0;12;12H-14H;TARDE;PLENO DIA;FREAR BRUSCAMENTE;ENGAVETAMENTO;CÉU CLARO;MÚLTIPLA;RETA;NÃO;0
MG;BR-381;OLIVEIRA;6;2;SEXTA-FEIRA;4;0;12;12H-14H;TARDE;PLENO DIA;MANOBRA DE MUDANÇA DE FAIXA;TOMBAMENTO;CÉU CLARO;DUPLA;"RETA;EM OBRAS";NÃO;0
PR;BR-116;SAO JOSE DOS PINHAIS;5;2;DOMINGO;6;1;20;18H-20H;NOITE;PLENA NOITE;PEDESTRE CRUZAVA A PISTA FORA DA FAIXA;ATROPELAMENTO DE PEDESTRE;NUBLADO;DUPLA;RETA;NÃO;1
MG;BR-381;BETIM;6;2;SEXTA-FEIRA;4;0;14;12H-14H;TARDE;PLENO DIA;AUSÊNCIA DE REAÇÃO DO CONDUTOR;ENGAVETAMENTO;CÉU CLARO;MÚLTIPLA;RETA;SIM;0
SC;BR-101;CAMBORIU;6;2;SEXTA-FEIRA;4;0;14;12H-14H;TARDE;PLENO DIA;CONVERSÃO PROIBIDA;COLISÃO TRANSVERSAL;NUBLADO;SIMPLES;RETA;SIM;0
PR;BR-277;MEDIANEIRA;6;2;SEXTA-FEIRA;4;0;13;12H-14H;TARDE;PLENO DIA;ANIMAIS NA PISTA;ATROPELAMENTO DE ANIMAL;CÉU CLARO;DUPLA;RETA;NÃO;0
SC;BR-470;APIUNA;6;2;SEXTA-FEIRA;4;0;14;12H-14H;TARDE;PLENO DIA;AUSÊNCIA DE REAÇÃO DO CONDUTOR;COLISÃO LATERAL SENTIDO OPOSTO;NUBLADO;SIMPLES;CURVA;NÃO;0
SP;BR-381;GUARULHOS;6;2;SEXTA-FEIRA;4;0;6;06H-08H;MANHA;PLENO DIA;AUSÊNCIA DE REAÇÃO DO CONDUTOR;COLISÃO LATERAL MESMO SENTIDO;CÉU CLARO;SIMPLES;RETA;SIM;0
MG;BR-040;EWBANK DA CAMARA;6;2;SEXTA-FEIRA;4;0;15;15H-17H;TARDE;PLENO DIA;VELOCIDADE INCOMPATÍVEL;TOMBAMENTO;CÉU CLARO;SIMPLES;RETA;NÃO;0
RO;BR-364;PORTO VELHO;6;2;SEXTA-FEIRA;4;0;14;12H-14H;TARDE;PLENO DIA;REAÇÃO TARDIA OU INEFICIENTE DO CONDUTOR;COLISÃO TRASEIRA;CÉU CLARO;DUPLA;INTERSEÇÃO DE VIAS;SIM;0
PE;BR-232;CARUARU;6;2;SEXTA-FEIRA;4;0;15;15H-17H;TARDE;PLENO DIA;REAÇÃO TARDIA OU INEFICIENTE DO CONDUTOR;ENGAVETAMENTO;CHUVA;DUPLA;RETA;NÃO;0
RN;BR-101;SAO JOSE DE MIPIBU;6;2;SEXTA-FEIRA;4;0;15;15H-17H;TARDE;PLENO DIA;ACESSAR A VIA SEM OBSERVAR A PRESENÇA DOS OUTROS VEÍCULOS;COLISÃO LATERAL MESMO SENTIDO;SOL;DUPLA;RETA;SIM;0
RS;BR-116;SAPUCAIA DO SUL;6;2;SEXTA-FEIRA;4;0;15;15H-17H;TARDE;PLENO DIA;REAÇÃO TARDIA OU INEFICIENTE DO CONDUTOR;COLISÃO COM OBJETO;CÉU CLARO;MÚLTIPLA;RETA;SIM;0
MS;BR-IGNORADA;PARANAIBA;6;2;SEXTA-FEIRA;4;0;14;12H-14H;TARDE;PLENO DIA;DEMAIS FALHAS MECÂNICAS OU ELÉTRICAS;INCÊNDIO;CÉU CLARO;SIMPLES;RETA;SIM;0
RJ;BR-116;DUQUE DE CAXIAS;6;2;QUINTA-FEIRA;3;0;11;09H-11H;MANHA;PLENO DIA;MANOBRA DE MUDANÇA DE FAIXA;COLISÃO LATERAL MESMO SENTIDO;CÉU CLARO;MÚLTIPLA;CURVA;SIM;0
RN;BR-405;MOSSORO;6;2;SEXTA-FEIRA;4;0;13;12H-14H;TARDE;PLENO DIA;CONVERSÃO PROIBIDA;COLISÃO TRANSVERSAL;CÉU CLARO;SIMPLES;RETA;SIM;0
PR;BR-277;SANTA TEREZINHA DE ITAIPU;6;2;SEXTA-FEIRA;4;0;15;15H-17H;TARDE;PLENO DIA;AUSÊNCIA DE REAÇÃO DO CONDUTOR;COLISÃO TRASEIRA;NUBLADO;DUPLA;RETA;NÃO;0
PE;BR-101;RECIFE;6;2;SEXTA-FEIRA;4;0;16;15H-17H;TARDE;PLENO DIA;CONDUTOR DEIXOU DE MANTER DISTÂNCIA DO VEÍCULO DA FRENTE;TOMBAMENTO;CHUVA;DUPLA;RETA;SIM;0
ES;BR-101;LINHARES;5;2;SEXTA-FEIRA;4;0;12;12H-14H;TARDE;PLENO DIA;AUSÊNCIA DE REAÇÃO DO CONDUTOR;COLISÃO TRASEIRA;CÉU CLARO;DUPLA;RETA;NÃO;0
SC;BR-280;RIO NEGRINHO;6;2;SEXTA-FEIRA;4;0;16;15H-17H;TARDE;ANOITECER;ACESSAR A VIA SEM OBSERVAR A PRESENÇA DOS OUTROS VEÍCULOS;COLISÃO LATERAL MESMO SENTIDO;GAROA/CHUVISCO;SIMPLES;"DECLIVE;INTERSEÇÃO DE VIAS";NÃO;0
DF;BR-020;BRASILIA;6;2;SEGUNDA-FEIRA;0;0;17;15H-17H;TARDE;ANOITECER;MANOBRA DE MUDANÇA DE FAIXA;COLISÃO LATERAL MESMO SENTIDO;CÉU CLARO;DUPLA;"RETA;EM OBRAS";NÃO;0
RJ;BR-116;NOVA IGUACU;6;2;SEXTA-FEIRA;4;0;14;12H-14H;TARDE;PLENO DIA;VELOCIDADE INCOMPATÍVEL;COLISÃO TRASEIRA;CÉU CLARO;MÚLTIPLA;RETA;SIM;0
SP;BR-381;GUARULHOS;6;2;SEXTA-FEIRA;4;0;17;15H-17H;TARDE;ANOITECER;MANOBRA DE MUDANÇA DE FAIXA;COLISÃO LATERAL MESMO SENTIDO;CÉU CLARO;DUPLA;RETA;SIM;0
CE;BR-304;ARACATI;6;2;SEXTA-FEIRA;4;0;17;15H-17H;TARDE;PLENO DIA;DEMAIS FENÔMENOS DA NATUREZA;COLISÃO TRANSVERSAL;CÉU CLARO;SIMPLES;RETA;NÃO;0
PB;BR-230;CAJAZEIRAS;6;2;SEXTA-FEIRA;4;0;17;15H-17H;TARDE;PLENO DIA;TRANSITAR NA CONTRAMÃO;COLISÃO FRONTAL;CÉU CLARO;SIMPLES;CURVA;SIM;0
SC;BR-101;SAO JOSE;6;2;TERÇA-FEIRA;1;0;15;15H-17H;TARDE;PLENO DIA;AVARIAS E/OU DESGASTE EXCESSIVO NO PNEU;TOMBAMENTO;CÉU CLARO;MÚLTIPLA;RETA;SIM;0
MT;BR-163;SORRISO;6;2;QUARTA-FEIRA;2;0;6;06H-08H;MANHA;PLENO DIA;REAÇÃO TARDIA OU INEFICIENTE DO CONDUTOR;COLISÃO TRASEIRA;CÉU CLARO;SIMPLES;RETORNO REGULAMENTADO;SIM;0
GO;BR-040;VALPARAISO DE GOIAS;6;2;SEXTA-FEIRA;4;0;17;15H-17H;TARDE;PLENO DIA;REAÇÃO TARDIA OU INEFICIENTE DO CONDUTOR;SAÍDA DE LEITO CARROÇÁVEL;CÉU CLARO;DUPLA;RETA;SIM;0
MT;BR-174;PONTES E LACERDA;6;2;SEXTA-FEIRA;4;0;15;15H-17H;TARDE;PLENO DIA;INGESTÃO DE ÁLCOOL PELO CONDUTOR;CAPOTAMENTO;CÉU CLARO;SIMPLES;RETA;NÃO;0
RS;BR-116;CAXIAS DO SUL;6;2;SEXTA-FEIRA;4;0;17;15H-17H;TARDE;ANOITECER;CONDUTOR DEIXOU DE MANTER DISTÂNCIA DO VEÍCULO DA FRENTE;COLISÃO TRASEIRA;CÉU CLARO;DUPLA;RETA;SIM;0
DF;BR-020;BRASILIA;6;2;SEXTA-FEIRA;4;0;17;15H-17H;TARDE;ANOITECER;MANOBRA DE MUDANÇA DE FAIXA;COLISÃO LATERAL MESMO SENTIDO;IGNORADO;DUPLA;"RETA;ACLIVE";SIM;0
PR;BR-116;CAMPINA GRANDE DO SUL;6;2;SEXTA-FEIRA;4;0;14;12H-14H;TARDE;PLENO DIA;AVARIAS E/OU DESGASTE EXCESSIVO NO PNEU;COLISÃO COM OBJETO;CHUVA;DUPLA;CURVA;NÃO;0
RS;BR-101;TORRES;6;2;SEXTA-FEIRA;4;0;17;15H-17H;TARDE;PLENO DIA;INGESTÃO DE ÁLCOOL PELO CONDUTOR;QUEDA DE OCUPANTE DE VEÍCULO;CÉU CLARO;DUPLA;RETA;SIM;0
PI;BR-343;TERESINA;6;2;SEXTA-FEIRA;4;0;17;15H-17H;TARDE;PLENO DIA;REAÇÃO TARDIA OU INEFICIENTE DO CONDUTOR;COLISÃO LATERAL MESMO SENTIDO;CÉU CLARO;SIMPLES;ROTATÓRIA;SIM;0
SP;BR-116;GUARULHOS;6;2;SEXTA-FEIRA;4;0;18;18H-20H;NOITE;PLENA NOITE;AUSÊNCIA DE REAÇÃO DO CONDUTOR;COLISÃO LATERAL MESMO SENTIDO;CÉU CLARO;MÚLTIPLA;EM OBRAS;NÃO;0
MG;BR-153;COMENDADOR GOMES;6;2;SEXTA-FEIRA;4;0;16;15H-17H;TARDE;PLENO DIA;AUSÊNCIA DE REAÇÃO DO CONDUTOR;COLISÃO TRASEIRA;CÉU CLARO;SIMPLES;RETA;NÃO;0
RN;BR-101;NATAL;6;2;SEXTA-FEIRA;4;0;18;18H-20H;NOITE;PLENA NOITE;CONDUTOR DEIXOU DE MANTER DISTÂNCIA DO VEÍCULO DA FRENTE;COLISÃO TRASEIRA;CÉU CLARO;MÚLTIPLA;"RETA;INTERSEÇÃO DE VIAS";SIM;0
GO;BR-153;GOIANIA;6;2;SEXTA-FEIRA;4;0;18;18H-20H;NOITE;PLENA NOITE;MANOBRA DE MUDANÇA DE FAIXA;COLISÃO TRASEIRA;CÉU CLARO;DUPLA;RETA;SIM;0
RS;BR-116;PELOTAS;6;2;SEXTA-FEIRA;4;0;18;18H-20H;NOITE;PLENA NOITE;ACESSAR A VIA SEM OBSERVAR A PRESENÇA DOS OUTROS VEÍCULOS;COLISÃO TRANSVERSAL;CÉU CLARO;SIMPLES;RETORNO REGULAMENTADO;SIM;0
GO;BR-153;ANAPOLIS;6;2;SEXTA-FEIRA;4;0;17;15H-17H;TARDE;ANOITECER;DEMAIS FALHAS MECÂNICAS OU ELÉTRICAS;INCÊNDIO;CÉU CLARO;DUPLA;"DECLIVE;RETA";NÃO;0
MG;BR-381;BETIM;6;2;SEXTA-FEIRA;4;0;18;18H-20H;NOITE;PLENA NOITE;MANOBRA DE MUDANÇA DE FAIXA;COLISÃO LATERAL MESMO SENTIDO;CÉU CLARO;MÚLTIPLA;"DECLIVE;RETA";SIM;0
MG;BR-040;BELO HORIZONTE;6;2;SEXTA-FEIRA;4;0;18;18H-20H;NOITE;PLENA NOITE;ACESSAR A VIA SEM OBSERVAR A PRESENÇA DOS OUTROS VEÍCULOS;COLISÃO FRONTAL;CÉU CLARO;DUPLA;"DECLIVE;RETA";SIM;0
SC;BR-101;BALNEARIO PICARRAS;6;2;SEXTA-FEIRA;4;0;18;18H-20H;NOITE;PLENA NOITE;TRANSITAR NO ACOSTAMENTO;QUEDA DE OCUPANTE DE VEÍCULO;NUBLADO;DUPLA;RETA;NÃO;0
SC;BR-282;FLORIANOPOLIS;6;2;SEXTA-FEIRA;4;0;18;18H-20H;NOITE;PLENA NOITE;REAÇÃO TARDIA OU INEFICIENTE DO CONDUTOR;COLISÃO TRASEIRA;NUBLADO;DUPLA;"CURVA;DECLIVE";NÃO;0
SC;BR-101;PALHOCA;6;2;SEXTA-FEIRA;4;0;18;18H-20H;NOITE;PLENA NOITE;CONDUTOR DEIXOU DE MANTER DISTÂNCIA DO VEÍCULO DA FRENTE;ENGAVETAMENTO;NUBLADO;MÚLTIPLA;RETA;NÃO;0