uf;br_formatada;municipio;mes;trimestre;dia_semana;dia_semana_num;fim_de_semana;hora;faixa_horaria;turno;fase_dia;causa_acidente;tipo_acidente;condicao_metereologica;tipo_pista;tracado_via;uso_solo;acidente_fatal
RJ;BR-116;PIRAI;6;2;DOMINGO;6;1;5;03H-05H;MADRUGADA;PLENA NOITE;ANIMAIS NA PISTA;ATROPELAMENTO DE ANIMAL;CÉU CLARO;DUPLA;DECLIVE;NÃO;0
GO;BR-153;RIALMA;7;3;QUARTA-FEIRA;2;0;17;15H-17H;TARDE;PLENO DIA;INGESTÃO DE ÁLCOOL PELO CONDUTOR;TOMBAMENTO;CÉU CLARO;SIMPLES;RETA;NÃO;0
PR;BR-277;FOZ DO IGUACU;7;3;QUARTA-FEIRA;2;0;18;18H-20H;NOITE;ANOITECER;REAÇÃO TARDIA OU INEFICIENTE DO CONDUTOR;COLISÃO LATERAL MESMO SENTIDO;IGNORADO;DUPLA;CURVA;SIM;0
BA;BR-101;TEIXEIRA DE FREITAS;7;3;QUARTA-FEIRA;2;0;18;18H-20H;NOITE;PLENA NOITE;INGESTÃO DE ÁLCOOL PELO CONDUTOR;COLISÃO TRANSVERSAL;CÉU CLARO;SIMPLES;RETA;SIM;0
PR;BR-116;CURITIBA;7;3;QUARTA-FEIRA;2;0;18;18H-20H;NOITE;PLENA NOITE;REAÇÃO TARDIA OU INEFICIENTE DO CONDUTOR;ENGAVETAMENTO;NUBLADO;DUPLA;RETA;NÃO;0
PI;BR-343;TERESINA;7;3;QUARTA-FEIRA;2;0;18;18H-20H;NOITE;ANOITECER;AUSÊNCIA DE REAÇÃO DO CONDUTOR;COLISÃO TRASEIRA;CÉU CLARO;DUPLA;ROTATÓRIA;SIM;0
PR;BR-277;FOZ DO IGUACU;7;3;QUARTA-FEIRA;2;0;18;18H-20H;NOITE;PLENA NOITE;PEDESTRE CRUZAVA A PISTA FORA DA FAIXA;ATROPELAMENTO DE PEDESTRE;CÉU CLARO;DUPLA;RETA;SIM;0
ES;BR-101;LINHARES;7;3;QUARTA-FEIRA;2;0;17;15H-17H;TARDE;ANOITECER;ACESSAR A VIA SEM OBSERVAR A PRESENÇA DOS OUTROS VEÍCULOS;COLISÃO TRANSVERSAL;CÉU CLARO;SIMPLES;RETA;NÃO;0
MT;BR-163;SINOP;7;3;QUARTA-FEIRA;2;0;17;15H-17H;TARDE;ANOITECER;ÁREA URBANA SEM A PRESENÇA DE LOCAL APROPRIADO PARA A TRAVESSIA DE PEDESTRES;ATROPELAMENTO DE PEDESTRE;CÉU CLARO;SIMPLES;RETA;SIM;0
CE;BR-304;ARACATI;7;3;QUARTA-FEIRA;2;0;18;18H-20H;NOITE;PLENA NOITE;ACESSO IRREGULAR;COLISÃO TRANSVERSAL;CÉU CLARO;DUPLA;RETA;SIM;0
BA;BR-116;VITORIA DA CONQUISTA;7;3;QUARTA-FEIRA;2;0;17;15H-17H;TARDE;ANOITECER;INGESTÃO DE ÁLCOOL PELO CONDUTOR;COLISÃO LATERAL MESMO SENTIDO;CÉU CLARO;SIMPLES;RETA;NÃO;0
SP;BR-116;REGISTRO;7;3;QUARTA-FEIRA;2;0;18;18H-20H;NOITE;PLENA NOITE;CONDUTOR DEIXOU DE MANTER DISTÂNCIA DO VEÍCULO DA FRENTE;COLISÃO TRASEIRA;GAROA/CHUVISCO;DUPLA;"RETA;INTERSEÇÃO DE VIAS;DECLIVE";SIM;0
RJ;BR-101;ITABORAI;7;3;QUARTA-FEIRA;2;0;18;18H-20H;NOITE;PLENA NOITE;DEMAIS FALHAS MECÂNICAS OU ELÉTRICAS;INCÊNDIO;CHUVA;DUPLA;RETA;SIM;0
RO;BR-364;VILHENA;7;3;QUARTA-FEIRA;2;0;17;15H-17H;TARDE;ANOITECER;AUSÊNCIA DE REAÇÃO DO CONDUTOR;COLISÃO TRASEIRA;CÉU CLARO;SIMPLES;RETA;SIM;0
MG;BR-153;PRATA;7;3;QUARTA-FEIRA;2;0;19;18H-20H;NOITE;PLENA NOITE;CONVERSÃO PROIBIDA;SAÍDA DE LEITO CARROÇÁVEL;CÉU CLARO;SIMPLES;RETA;NÃO;0
GO;BR-153;BURITI ALEGRE;7;3;QUARTA-FEIRA;2;0;18;18H-20H;NOITE;PLENO DIA;AUSÊNCIA DE REAÇÃO DO CONDUTOR;SAÍDA DE LEITO CARROÇÁVEL;CÉU CLARO;DUPLA;RETA;NÃO;0
GO;BR-070;AGUAS LINDAS DE GOIAS;7;3;QUARTA-FEIRA;2;0;18;18H-20H;NOITE;ANOITECER;VELOCIDADE INCOMPATÍVEL;COLISÃO LATERAL MESMO SENTIDO;CÉU CLARO;DUPLA;"ACLIVE;VIADUTO";SIM;1
BA;BR-116;SANTA TERESINHA;7;3;QUARTA-FEIRA;2;0;18;18H-20H;NOITE;PLENA NOITE;AFUNDAMENTO OU ONDULAÇÃO NO PAVIMENTO;QUEDA DE OCUPANTE DE VEÍCULO;CÉU CLARO;SIMPLES;"EM OBRAS;RETA";NÃO;0
RS;BR-392;CANGUCU;7;3;QUARTA-FEIRA;2;0;18;18H-20H;NOITE;PLENA NOITE;CONDUTOR DEIXOU DE MANTER DISTÂNCIA DO VEÍCULO DA FRENTE;COLISÃO TRASEIRA;CÉU CLARO;SIMPLES;RETA;NÃO;0
SC;BR-282;XANXERE;7;3;QUARTA-FEIRA;2;0;18;18H-20H;NOITE;PLENA NOITE;DESRESPEITAR A PREFERÊNCIA NO CRUZAMENTO;COLISÃO TRANSVERSAL;CÉU CLARO;SIMPLES;"RETA;INTERSEÇÃO DE VIAS";SIM;0
RS;BR-158;PEJUCARA;7;3;QUARTA-FEIRA;2;0;20;18H-20H;NOITE;PLENA NOITE;VELOCIDADE INCOMPATÍVEL;SAÍDA DE LEITO CARROÇÁVEL;CÉU CLARO;SIMPLES;"RETA;ACLIVE";NÃO;0
RJ;BR-101;TANGUA;7;3;QUARTA-FEIRA;2;0;19;18H-20H;NOITE;PLENA NOITE;PISTA ESCORREGADIA;COLISÃO TRASEIRA;CHUVA;DUPLA;RETA;NÃO;0
SP;BR-381;GUARULHOS;7;3;QUARTA-FEIRA;2;0;18;18H-20H;NOITE;PLENA NOITE;REAÇÃO TARDIA OU INEFICIENTE DO CONDUTOR;QUEDA DE OCUPANTE DE VEÍCULO;CÉU CLARO;DUPLA;RETA;NÃO;0
DF;BR-040;BRASILIA;7;3;QUARTA-FEIRA;2;0;18;18H-20H;NOITE;PLENA NOITE;MANOBRA DE MUDANÇA DE FAIXA;COLISÃO LATERAL MESMO SENTIDO;CÉU CLARO;DUPLA;RETA;SIM;0
SC;BR-282;SAO MIGUEL DO OESTE;7;3;QUARTA-FEIRA;2;0;13;12H-14H;TARDE;PLENO DIA;REAÇÃO TARDIA OU INEFICIENTE DO CONDUTOR;SAÍDA DE LEITO CARROÇÁVEL;CÉU CLARO;SIMPLES;"ACLIVE;CURVA";NÃO;0
RO;BR-429;ALVORADA DOESTE;7;3;QUARTA-FEIRA;2;0;18;18H-20H;NOITE;PLENA NOITE;ANIMAIS NA PISTA;ATROPELAMENTO DE ANIMAL;CÉU CLARO;SIMPLES;RETA;NÃO;0
BA;BR-101;SAPEACU;7;3;QUARTA-FEIRA;2;0;19;18H-20H;NOITE;PLENA NOITE;TRANSITAR NA CONTRAMÃO;COLISÃO LATERAL SENTIDO OPOSTO;CÉU CLARO;SIMPLES;ACLIVE;NÃO;0
RO;BR-364;JI-PARANA;7;3;QUARTA-FEIRA;2;0;16;15H-17H;TARDE;PLENO DIA;PISTA ESBURACADA;QUEDA DE OCUPANTE DE VEÍCULO;CÉU CLARO;DUPLA;"RETA;PONTE";SIM;0
ES;BR-101;VIANA;7;3;QUARTA-FEIRA;2;0;21;21H-23H;NOITE;PLENA NOITE;DEMAIS FALHAS MECÂNICAS OU ELÉTRICAS;QUEDA DE OCUPANTE DE VEÍCULO;IGNORADO;DUPLA;RETA;SIM;0
MG;BR-262;NOVA SERRANA;7;3;QUARTA-FEIRA;2;0;15;15H-17H;TARDE;PLENO DIA;AUSÊNCIA DE REAÇÃO DO CONDUTOR;COLISÃO TRASEIRA;SOL;SIMPLES;RETA;SIM;0
PB;BR-230;CAMPINA GRANDE;7;3;QUARTA-FEIRA;2;0;19;18H-20H;NOITE;PLENA NOITE;DESRESPEITAR A PREFERÊNCIA NO CRUZAMENTO;COLISÃO TRANSVERSAL;CÉU CLARO;SIMPLES;ROTATÓRIA;SIM;0
MG;BR-262;MANHUACU;7;3;QUARTA-FEIRA;2;0;16;15H-17H;TARDE;PLENO DIA;REAÇÃO TARDIA OU INEFICIENTE DO CONDUTOR;COLISÃO TRANSVERSAL;CÉU CLARO;SIMPLES;CURVA;SIM;0
PR;BR-277;CURITIBA;7;3;QUARTA-FEIRA;2;0;19;18H-20H;NOITE;PLENA NOITE;CONDUTOR DEIXOU DE MANTER DISTÂNCIA DO VEÍCULO DA FRENTE;COLISÃO TRASEIRA;CÉU CLARO;DUPLA;RETA;SIM;0
PE;BR-408;PAUDALHO;5;2;SEXTA-FEIRA;4;0;5;03H-05H;MADRUGADA;AMANHECER;AUSÊNCIA DE REAÇÃO DO CONDUTOR;COLISÃO TRASEIRA;CÉU CLARO;DUPLA;RETA;NÃO;1
RJ;BR-493;SEROPEDICA;7;3;QUARTA-FEIRA;2;0;21;21H-23H;NOITE;PLENA NOITE;AUSÊNCIA DE REAÇÃO DO CONDUTOR;COLISÃO TRANSVERSAL;CHUVA;DUPLA;RETA;NÃO;0
SP;BR-381;GUARULHOS;7;3;QUARTA-FEIRA;2;0;21;21H-23H;NOITE;PLENA NOITE;AUSÊNCIA DE REAÇÃO DO CONDUTOR;ATROPELAMENTO DE PEDESTRE;CÉU CLARO;MÚLTIPLA;RETA;NÃO;0
MG;BR-116;CARATINGA;7;3;QUARTA-FEIRA;2;0;18;18H-20H;NOITE;PLENA NOITE;ANIMAIS NA PISTA;ATROPELAMENTO DE ANIMAL;CÉU CLARO;SIMPLES;RETA;NÃO;0
GO;BR-158;BOM JARDIM DE GOIAS;7;3;QUARTA-FEIRA;2;0;16;15H-17H;TARDE;PLENO DIA;INGESTÃO DE SUBSTÂNCIAS PSICOATIVAS PELO CONDUTOR;SAÍDA DE LEITO CARROÇÁVEL;CÉU CLARO;SIMPLES;RETA;NÃO;0
MG;BR-116;FERVEDOURO;7;3;QUARTA-FEIRA;2;0;18;18H-20H;NOITE;ANOITECER;PEDESTRE CRUZAVA A PISTA FORA DA FAIXA;ATROPELAMENTO DE PEDESTRE;NUBLADO;SIMPLES;RETA;SIM;0
ES;BR-101;SERRA;6;2;SEGUNDA-FEIRA;0;0;6;06H-08H;MANHA;AMANHECER;CONVERSÃO PROIBIDA;COLISÃO LATERAL MESMO SENTIDO;CÉU CLARO;DUPLA;RETA;SIM;0
SP;BR-116;ITAPECERICA DA SERRA;7;3;QUARTA-FEIRA;2;0;21;21H-23H;NOITE;PLENA NOITE;PISTA ESCORREGADIA;TOMBAMENTO;GAROA/CHUVISCO;DUPLA;RETORNO REGULAMENTADO;SIM;0
RJ;BR-101;MANGARATIBA;7;3;QUARTA-FEIRA;2;0;22;21H-23H;NOITE;PLENA NOITE;CONDUTOR USANDO CELULAR;COLISÃO TRANSVERSAL;NUBLADO;SIMPLES;RETA;NÃO;0
MG;BR-116;ITAOBIM;7;3;QUARTA-FEIRA;2;0;17;15H-17H;TARDE;PLENO DIA;ACESSAR A VIA SEM OBSERVAR A PRESENÇA DOS OUTROS VEÍCULOS;COLISÃO LATERAL MESMO SENTIDO;CÉU CLARO;SIMPLES;INTERSEÇÃO DE VIAS;SIM;0
MS;BR-163;NOVA ALVORADA DO SUL;7;3;QUARTA-FEIRA;2;0;18;18H-20H;NOITE;PLENA NOITE;CONVERSÃO PROIBIDA;COLISÃO TRANSVERSAL;CÉU CLARO;SIMPLES;"RETA;ACLIVE";NÃO;0
MG;BR-040;RIBEIRAO DAS NEVES;7;3;QUARTA-FEIRA;2;0;20;18H-20H;NOITE;PLENA NOITE;AUSÊNCIA DE REAÇÃO DO CONDUTOR;COLISÃO TRASEIRA;CÉU CLARO;DUPLA;"RETA;ACLIVE";NÃO;0
SP;BR-116;ROSEIRA;7;3;QUARTA-FEIRA;2;0;21;21H-23H;NOITE;PLENA NOITE;AUSÊNCIA DE REAÇÃO DO CONDUTOR;COLISÃO TRASEIRA;CHUVA;DUPLA;RETA;NÃO;0
RS;BR-287;SAO VICENTE DO SUL;7;3;QUARTA-FEIRA;2;0;22;21H-23H;NOITE;PLENA NOITE;AUSÊNCIA DE REAÇÃO DO CONDUTOR;COLISÃO FRONTAL;CÉU CLARO;SIMPLES;"RETA;PONTE;EM OBRAS";NÃO;0
PI;BR-230;OEIRAS;7;3;QUARTA-FEIRA;2;0;19;18H-20H;NOITE;PLENA NOITE;CONVERSÃO PROIBIDA;COLISÃO TRANSVERSAL;CÉU CLARO;SIMPLES;RETA;SIM;0
CE;BR-020;MADALENA;7;3;QUARTA-FEIRA;2;0;23;21H-23H;NOITE;PLENA NOITE;TRANSITAR NA CONTRAMÃO;COLISÃO FRONTAL;CÉU CLARO;SIMPLES;RETA;NÃO;1
MG;BR-365;MONTE ALEGRE DE MINAS;7;3;QUINTA-FEIRA;3;0;0;00H-02H;MADRUGADA;PLENA NOITE;OBJETO ESTÁTICO SOBRE O LEITO CARROÇÁVEL;COLISÃO COM OBJETO;CÉU CLARO;DUPLA;RETA;NÃO;0
PA;BR-230;ALTAMIRA;7;3;QUINTA-FEIRA;3;0;0;00H-02H;MADRUGADA;PLENA NOITE;CONDUTOR DESRESPEITOU A ILUMINAÇÃO VERMELHA DO SEMÁFORO;COLISÃO TRANSVERSAL;CÉU CLARO;SIMPLES;"RETA;DECLIVE;INTERSEÇÃO DE VIAS";SIM;0
PR;BR-277;FOZ DO IGUACU;7;3;QUINTA-FEIRA;3;0;1;00H-02H;MADRUGADA;PLENA NOITE;CONDUTOR DEIXOU DE MANTER DISTÂNCIA DO VEÍCULO DA FRENTE;COLISÃO TRASEIRA;CÉU CLARO;DUPLA;RETA;SIM;0
PR;BR-153;SANTO ANTONIO DA PLATINA;7;3;QUINTA-FEIRA;3;0;4;03H-05H;MADRUGADA;PLENA NOITE;DEMAIS FALHAS MECÂNICAS OU ELÉTRICAS;COLISÃO TRANSVERSAL;CÉU CLARO;SIMPLES;"RETA;INTERSEÇÃO DE VIAS";SIM;0
SC;BR-163;SAO MIGUEL DO OESTE;7;3;QUINTA-FEIRA;3;0;4;03H-05H;MADRUGADA;PLENA NOITE;DESRESPEITAR A PREFERÊNCIA NO CRUZAMENTO;COLISÃO TRANSVERSAL;CÉU CLARO;DUPLA;ROTATÓRIA;SIM;0
RS;BR-116;CANOAS;7;3;QUINTA-FEIRA;3;0;6;06H-08H;MANHA;AMANHECER;REAÇÃO TARDIA OU INEFICIENTE DO CONDUTOR;COLISÃO LATERAL MESMO SENTIDO;CHUVA;MÚLTIPLA;RETA;NÃO;0
GO;BR-070;AGUAS LINDAS DE GOIAS;7;3;QUINTA-FEIRA;3;0;6;06H-08H;MANHA;PLENO DIA;CONDUTOR DORMINDO;SAÍDA DE LEITO CARROÇÁVEL;CÉU CLARO;DUPLA;CURVA;SIM;0
DF;BR-060;BRASILIA;7;3;QUINTA-FEIRA;3;0;6;06H-08H;MANHA;AMANHECER;PISTA ESBURACADA;TOMBAMENTO;CÉU CLARO;DUPLA;"RETA;DECLIVE";NÃO;0
PR;BR-376;SARANDI;7;3;QUINTA-FEIRA;3;0;7;06H-08H;MANHA;PLENO DIA;AUSÊNCIA DE REAÇÃO DO CONDUTOR;QUEDA DE OCUPANTE DE VEÍCULO;NUBLADO;DUPLA;"EM OBRAS;RETA";SIM;0
PR;BR-369;CORBELIA;7;3;QUINTA-FEIRA;3;0;6;06H-08H;MANHA;AMANHECER;ULTRAPASSAGEM INDEVIDA;COLISÃO FRONTAL;IGNORADO;SIMPLES;RETA;SIM;0
SP;BR-116;GUARULHOS;7;3;QUINTA-FEIRA;3;0;7;06H-08H;MANHA;PLENO DIA;CONDUTOR DEIXOU DE MANTER DISTÂNCIA DO VEÍCULO DA FRENTE;COLISÃO LATERAL MESMO SENTIDO;NUBLADO;MÚLTIPLA;RETA;NÃO;0
PR;BR-369;ARAPONGAS;7;3;QUINTA-FEIRA;3;0;7;06H-08H;MANHA;PLENO DIA;ULTRAPASSAGEM INDEVIDA;COLISÃO TRANSVERSAL;CÉU CLARO;SIMPLES;INTERSEÇÃO DE VIAS;SIM;0
BA;BR-349;CORRENTINA;7;3;QUINTA-FEIRA;3;0;7;06H-08H;MANHA;PLENO DIA;ACESSAR A VIA SEM OBSERVAR A PRESENÇA DOS OUTROS VEÍCULOS;COLISÃO TRANSVERSAL;CÉU CLARO;SIMPLES;RETA;NÃO;1
RS;BR-116;CAMAQUA;7;3;QUINTA-FEIRA;3;0;7;06H-08H;MANHA;AMANHECER;PEDESTRE ANDAVA NA PISTA;ATROPELAMENTO DE PEDESTRE;CÉU CLARO;DUPLA;RETA;SIM;0
PB;BR-101;BAYEUX;7;3;QUINTA-FEIRA;3;0;7;06H-08H;MANHA;PLENO DIA;REAÇÃO TARDIA OU INEFICIENTE DO CONDUTOR;QUEDA DE OCUPANTE DE VEÍCULO;SOL;DUPLA;RETA;SIM;0
ES;BR-101;SERRA;7;3;QUINTA-FEIRA;3;0;7;06H-08H;MANHA;PLENO DIA;CONDUTOR DEIXOU DE MANTER DISTÂNCIA DO VEÍCULO DA FRENTE;COLISÃO TRASEIRA;CHUVA;DUPLA;RETA;SIM;0
MG;BR-381;GOVERNADOR VALADARES;7;3;QUINTA-FEIRA;3;0;5;03H-05H;MADRUGADA;AMANHECER;VELOCIDADE INCOMPATÍVEL;SAÍDA DE LEITO CARROÇÁVEL;CÉU CLARO;SIMPLES;RETORNO REGULAMENTADO;NÃO;0
SC;BR-101;ITAPEMA;7;3;QUINTA-FEIRA;3;0;7;06H-08H;MANHA;PLENO DIA;AVARIAS E/OU DESGASTE EXCESSIVO NO PNEU;TOMBAMENTO;CÉU CLARO;DUPLA;RETA;SIM;0
PR;BR-277;CASCAVEL;7;3;QUINTA-FEIRA;3;0;8;06H-08H;MANHA;PLENO DIA;REAÇÃO TARDIA OU INEFICIENTE DO CONDUTOR;COLISÃO TRASEIRA;CÉU CLARO;SIMPLES;RETA;SIM;0
RS;BR-290;PORTO ALEGRE;7;3;QUINTA-FEIRA;3;0;8;06H-08H;MANHA;PLENO DIA;ACESSAR A VIA SEM OBSERVAR A PRESENÇA DOS OUTROS VEÍCULOS;COLISÃO LATERAL MESMO SENTIDO;CÉU CLARO;DUPLA;"RETA;PONTE";NÃO;0
RJ;BR-116;DUQUE DE CAXIAS;7;3;QUINTA-FEIRA;3;0;7;06H-08H;MANHA;PLENO DIA;REAÇÃO TARDIA OU INEFICIENTE DO CONDUTOR;COLISÃO TRASEIRA;GAROA/CHUVISCO;DUPLA;RETA;SIM;0
CE;BR-304;ARACATI;7;3;QUINTA-FEIRA;3;0;8;06H-08H;MANHA;PLENO DIA;RETORNO PROIBIDO;COLISÃO TRASEIRA;CÉU CLARO;DUPLA;CURVA;NÃO;0
RO;BR-364;CACOAL;7;3;QUINTA-FEIRA;3;0;7;06H-08H;MANHA;PLENO DIA;DESRESPEITAR A PREFERÊNCIA NO CRUZAMENTO;COLISÃO TRANSVERSAL;CÉU CLARO;SIMPLES;ROTATÓRIA;NÃO;0
RS;BR-153;CACHOEIRA DO SUL;7;3;QUINTA-FEIRA;3;0;6;06H-08H;MANHA;AMANHECER;ACESSAR A VIA SEM OBSERVAR A PRESENÇA DOS OUTROS VEÍCULOS;COLISÃO TRANSVERSAL;NUBLADO;SIMPLES;INTERSEÇÃO DE VIAS;SIM;0
MG;BR-381;CONTAGEM;7;3;QUINTA-FEIRA;3;0;7;06H-08H;MANHA;PLENO DIA;VELOCIDADE INCOMPATÍVEL;COLISÃO TRASEIRA;NUBLADO;DUPLA;RETA;NÃO;0
MG;BR-040;CONTAGEM;4;2;QUARTA-FEIRA;2;0;17;15H-17H;TARDE;ANOITECER;CONDUTOR DEIXOU DE MANTER DISTÂNCIA DO VEÍCULO DA FRENTE;COLISÃO TRASEIRA;CÉU CLARO;DUPLA;RETA;NÃO;0
SP;BR-116;SAO JOSE DOS CAMPOS;7;3;QUINTA-FEIRA;3;0;9;09H-11H;MANHA;PLENO DIA;MAL SÚBITO DO CONDUTOR;COLISÃO TRASEIRA;NUBLADO;DUPLA;RETA;NÃO;0
SC;BR-101;SAO JOSE;7;3;QUINTA-FEIRA;3;0;9;09H-11H;MANHA;PLENO DIA;ACUMULO DE ÓLEO SOBRE O PAVIMENTO;TOMBAMENTO;CÉU CLARO;MÚLTIPLA;CURVA;SIM;0
MG;BR-381;CONTAGEM;7;3;QUINTA-FEIRA;3;0;6;06H-08H;MANHA;PLENO DIA;TRAFEGAR COM MOTOCICLETA (OU SIMILAR) ENTRE AS FAIXAS;COLISÃO LATERAL MESMO SENTIDO;CÉU CLARO;DUPLA;"CURVA;DECLIVE";SIM;0
RJ;BR-101;NITEROI;7;3;QUINTA-FEIRA;3;0;8;06H-08H;MANHA;PLENO DIA;AUSÊNCIA DE REAÇÃO DO CONDUTOR;COLISÃO TRASEIRA;CHUVA;DUPLA;RETA;SIM;0
ES;BR-262;DOMINGOS MARTINS;6;2;DOMINGO;6;1;9;09H-11H;MANHA;PLENO DIA;VELOCIDADE INCOMPATÍVEL;QUEDA DE OCUPANTE DE VEÍCULO;CÉU CLARO;SIMPLES;CURVA;NÃO;0
GO;BR-153;APARECIDA DE GOIANIA;7;3;QUINTA-FEIRA;3;0;10;09H-11H;MANHA;PLENO DIA;REAÇÃO TARDIA OU INEFICIENTE DO CONDUTOR;COLISÃO LATERAL MESMO SENTIDO;CÉU CLARO;DUPLA;INTERSEÇÃO DE VIAS;SIM;0
SC;BR-101;ITAPEMA;6;2;SEXTA-FEIRA;4;0;22;21H-23H;NOITE;PLENO DIA;AUSÊNCIA DE REAÇÃO DO CONDUTOR;COLISÃO COM OBJETO;CÉU CLARO;MÚLTIPLA;RETA;NÃO;0
RS;BR-101;TORRES;7;3;QUINTA-FEIRA;3;0;7;06H-08H;MANHA;PLENO DIA;VELOCIDADE INCOMPATÍVEL;COLISÃO TRASEIRA;CÉU CLARO;SIMPLES;RETA;SIM;0
GO;BR-060;ABADIANIA;7;3;QUINTA-FEIRA;3;0;10;09H-11H;MANHA;PLENO DIA;REAÇÃO TARDIA OU INEFICIENTE DO CONDUTOR;COLISÃO TRASEIRA;SOL;DUPLA;CURVA;NÃO;0
PB;BR-104;QUEIMADAS;7;3;QUINTA-FEIRA;3;0;10;09H-11H;MANHA;PLENO DIA;ACESSAR A VIA SEM OBSERVAR A PRESENÇA DOS OUTROS VEÍCULOS;COLISÃO TRASEIRA;CÉU CLARO;SIMPLES;RETA;NÃO;0
MG;BR-116;LEOPOLDINA;7;3;QUINTA-FEIRA;3;0;11;09H-11H;MANHA;PLENO DIA;CONDUTOR DEIXOU DE MANTER DISTÂNCIA DO VEÍCULO DA FRENTE;COLISÃO TRASEIRA;CÉU CLARO;DUPLA;"INTERSEÇÃO DE VIAS;ROTATÓRIA";SIM;0
PR;BR-116;CAMPINA GRANDE DO SUL;7;3;QUINTA-FEIRA;3;0;10;09H-11H;MANHA;PLENO DIA;VELOCIDADE INCOMPATÍVEL;SAÍDA DE LEITO CARROÇÁVEL;CHUVA;DUPLA;"DECLIVE;RETA;PONTE";NÃO;0
RJ;BR-116;BARRA MANSA;7;3;QUINTA-FEIRA;3;0;11;09H-11H;MANHA;PLENO DIA;DEMAIS FALHAS MECÂNICAS OU ELÉTRICAS;COLISÃO COM OBJETO;NUBLADO;DUPLA;CURVA;NÃO;0
SC;BR-101;PESCARIA BRAVA;4;2;SEXTA-FEIRA;4;0;10;09H-11H;MANHA;PLENO DIA;MANOBRA DE MUDANÇA DE FAIXA;COLISÃO TRANSVERSAL;CÉU CLARO;MÚLTIPLA;RETA;SIM;0
MG;BR-381;TRES CORACOES;7;3;QUINTA-FEIRA;3;0;11;09H-11H;MANHA;PLENO DIA;CONDUTOR DORMINDO;SAÍDA DE LEITO CARROÇÁVEL;CÉU CLARO;DUPLA;RETA;NÃO;0
RJ;BR-116;RESENDE;7;3;QUINTA-FEIRA;3;0;11;09H-11H;MANHA;PLENO DIA;CONDUTOR DORMINDO;COLISÃO COM OBJETO;GAROA/CHUVISCO;SIMPLES;RETA;NÃO;0
MG;BR-040;CONTAGEM;7;3;QUINTA-FEIRA;3;0;12;12H-14H;TARDE;PLENO DIA;CONDUTOR DEIXOU DE MANTER DISTÂNCIA DO VEÍCULO DA FRENTE;COLISÃO LATERAL MESMO SENTIDO;SOL;DUPLA;RETA;SIM;0
TO;BR-153;WANDERLANDIA;7;3;QUINTA-FEIRA;3;0;11;09H-11H;MANHA;PLENO DIA;REAÇÃO TARDIA OU INEFICIENTE DO CONDUTOR;SAÍDA DE LEITO CARROÇÁVEL;SOL;SIMPLES;RETA;NÃO;0
SP;BR-101;UBATUBA;7;3;QUINTA-FEIRA;3;0;12;12H-14H;TARDE;PLENO DIA;TRANSITAR NA CONTRAMÃO;COLISÃO TRANSVERSAL;NUBLADO;SIMPLES;RETA;SIM;0
PE;BR-316;TRINDADE;6;2;SÁBADO;5;1;5;03H-05H;MADRUGADA;PLENO DIA;AUSÊNCIA DE REAÇÃO DO CONDUTOR;CAPOTAMENTO;NUBLADO;SIMPLES;RETA;NÃO;0
RS;BR-285;PASSO FUNDO;7;3;QUINTA-FEIRA;3;0;12;12H-14H;TARDE;PLENO DIA;ACESSAR A VIA SEM OBSERVAR A PRESENÇA DOS OUTROS VEÍCULOS;COLISÃO TRANSVERSAL;SOL;DUPLA;ROTATÓRIA;SIM;0
ES;BR-101;SERRA;7;3;QUINTA-FEIRA;3;0;12;12H-14H;TARDE;PLENO DIA;CHUVA;SAÍDA DE LEITO CARROÇÁVEL;CHUVA;SIMPLES;RETA;SIM;0
RS;BR-116;CAXIAS DO SUL;7;3;QUINTA-FEIRA;3;0;13;12H-14H;TARDE;PLENO DIA;MANOBRA DE MUDANÇA DE FAIXA;QUEDA DE OCUPANTE DE VEÍCULO;CÉU CLARO;DUPLA;RETA;SIM;0
SP;BR-116;JACUPIRANGA;7;3;QUINTA-FEIRA;3;0;10;09H-11H;MANHA;PLENO DIA;AUSÊNCIA DE REAÇÃO DO CONDUTOR;COLISÃO TRANSVERSAL;CÉU CLARO;SIMPLES;RETA;SIM;0
PR;BR-116;SAO JOSE DOS PINHAIS;6;2;DOMINGO;6;1;19;18H-20H;NOITE;PLENA NOITE;DEMAIS FALHAS NA VIA;QUEDA DE OCUPANTE DE VEÍCULO;IGNORADO;DUPLA;RETA;NÃO;0
PE;BR-232;SAO CAITANO;6;2;TERÇA-FEIRA;1;0;13;12H-14H;TARDE;PLENO DIA;ACUMULO DE AREIA OU DETRITOS SOBRE O PAVIMENTO;COLISÃO TRANSVERSAL;GAROA/CHUVISCO;DUPLA;RETA;NÃO;0
RR;BR-174;AMAJARI;7;3;QUINTA-FEIRA;3;0;10;09H-11H;MANHA;PLENO DIA;REAÇÃO TARDIA OU INEFICIENTE DO CONDUTOR;ATROPELAMENTO DE PEDESTRE;CHUVA;SIMPLES;RETA;NÃO;1
CE;BR-222;CAUCAIA;7;3;QUINTA-FEIRA;3;0;12;12H-14H;TARDE;PLENO DIA;DESRESPEITAR A PREFERÊNCIA NO CRUZAMENTO;COLISÃO TRANSVERSAL;SOL;MÚLTIPLA;"RETA;RETORNO REGULAMENTADO";SIM;0
GO;BR-040;VALPARAISO DE GOIAS;7;3;QUINTA-FEIRA;3;0;12;12H-14H;TARDE;PLENO DIA;AUSÊNCIA DE REAÇÃO DO CONDUTOR;COLISÃO TRANSVERSAL;CÉU CLARO;DUPLA;"RETORNO REGULAMENTADO;RETA";SIM;0