uf;br_formatada;municipio;mes;trimestre;dia_semana;dia_semana_num;fim_de_semana;hora;faixa_horaria;turno;fase_dia;causa_acidente;tipo_acidente;condicao_metereologica;tipo_pista;tracado_via;uso_solo;acidente_fatal
MT;BR-163;SINOP;7;3;SEXTA-FEIRA;4;0;18;18H-20H;NOITE;PLENA NOITE;ULTRAPASSAGEM INDEVIDA;COLISÃO LATERAL SENTIDO OPOSTO;CÉU CLARO;SIMPLES;VIADUTO;SIM;0
PA;BR-230;MARABA;7;3;SEXTA-FEIRA;4;0;19;18H-20H;NOITE;PLENA NOITE;DESRESPEITAR A PREFERÊNCIA NO CRUZAMENTO;COLISÃO TRANSVERSAL;CÉU CLARO;DUPLA;INTERSEÇÃO DE VIAS;SIM;0
PR;BR-116;CAMPINA GRANDE DO SUL;7;3;SEXTA-FEIRA;4;0;18;18H-20H;NOITE;PLENA NOITE;VELOCIDADE INCOMPATÍVEL;CAPOTAMENTO;CHUVA;DUPLA;CURVA;NÃO;1
SC;BR-280;RIO NEGRINHO;7;3;SEXTA-FEIRA;4;0;18;18H-20H;NOITE;PLENA NOITE;ACESSAR A VIA SEM OBSERVAR A PRESENÇA DOS OUTROS VEÍCULOS;COLISÃO TRANSVERSAL;NUBLADO;SIMPLES;INTERSEÇÃO DE VIAS;SIM;0
RN;BR-405;MOSSORO;7;3;SEXTA-FEIRA;4;0;19;18H-20H;NOITE;PLENA NOITE;AUSÊNCIA DE REAÇÃO DO CONDUTOR;QUEDA DE OCUPANTE DE VEÍCULO;CÉU CLARO;DUPLA;RETA;SIM;0
ES;BR-101;JAGUARE;7;3;SEXTA-FEIRA;4;0;19;18H-20H;NOITE;PLENA NOITE;ULTRAPASSAGEM INDEVIDA;COLISÃO FRONTAL;CÉU CLARO;SIMPLES;RETA;NÃO;0
AL;BR-316;CACIMBINHAS;7;3;SEXTA-FEIRA;4;0;19;18H-20H;NOITE;PLENA NOITE;ANIMAIS NA PISTA;ATROPELAMENTO DE ANIMAL;CÉU CLARO;SIMPLES;RETA;NÃO;0
GO;BR-070;AGUAS LINDAS DE GOIAS;7;3;SEXTA-FEIRA;4;0;19;18H-20H;NOITE;PLENA NOITE;ENTRADA INOPINADA DO PEDESTRE;ATROPELAMENTO DE PEDESTRE;CÉU CLARO;DUPLA;RETA;SIM;0
MT;BR-163;SINOP;7;3;SEXTA-FEIRA;4;0;18;18H-20H;NOITE;PLENA NOITE;ACESSO IRREGULAR;COLISÃO TRANSVERSAL;CÉU CLARO;SIMPLES;"EM OBRAS;RETA";NÃO;0
RJ;BR-101;ITABORAI;7;3;SEXTA-FEIRA;4;0;18;18H-20H;NOITE;PLENO DIA;CONDUTOR DEIXOU DE MANTER DISTÂNCIA DO VEÍCULO DA FRENTE;TOMBAMENTO;CÉU CLARO;DUPLA;RETA;SIM;0
ES;BR-101;ARACRUZ;7;3;SEXTA-FEIRA;4;0;20;18H-20H;NOITE;PLENA NOITE;REAÇÃO TARDIA OU INEFICIENTE DO CONDUTOR;TOMBAMENTO;CÉU CLARO;SIMPLES;RETA;NÃO;0
SP;BR-116;GUARULHOS;7;3;SEXTA-FEIRA;4;0;20;18H-20H;NOITE;PLENA NOITE;TRAFEGAR COM MOTOCICLETA (OU SIMILAR) ENTRE AS FAIXAS;TOMBAMENTO;NUBLADO;MÚLTIPLA;RETA;SIM;0
SP;BR-116;SAO PAULO;7;3;SEXTA-FEIRA;4;0;20;18H-20H;NOITE;PLENA NOITE;MANOBRA DE MUDANÇA DE FAIXA;COLISÃO TRASEIRA;NUBLADO;MÚLTIPLA;"RETA;EM OBRAS";SIM;1
RJ;BR-101;SAO GONCALO;7;3;SEXTA-FEIRA;4;0;19;18H-20H;NOITE;PLENA NOITE;REAÇÃO TARDIA OU INEFICIENTE DO CONDUTOR;COLISÃO TRASEIRA;CÉU CLARO;DUPLA;RETA;SIM;0
MG;BR-040;JOAO PINHEIRO;7;3;SEXTA-FEIRA;4;0;17;15H-17H;TARDE;PLENO DIA;ACESSAR A VIA SEM OBSERVAR A PRESENÇA DOS OUTROS VEÍCULOS;COLISÃO LATERAL MESMO SENTIDO;CÉU CLARO;SIMPLES;RETA;NÃO;0
RJ;BR-101;NITEROI;7;3;SEXTA-FEIRA;4;0;20;18H-20H;NOITE;PLENA NOITE;REAÇÃO TARDIA OU INEFICIENTE DO CONDUTOR;COLISÃO TRASEIRA;CÉU CLARO;SIMPLES;RETA;SIM;0
PB;BR-230;PATOS;7;3;SEXTA-FEIRA;4;0;18;18H-20H;NOITE;PLENA NOITE;CONDUTOR DEIXOU DE MANTER DISTÂNCIA DO VEÍCULO DA FRENTE;ENGAVETAMENTO;CÉU CLARO;SIMPLES;RETA;NÃO;0
DF;BR-040;BRASILIA;7;3;SEXTA-FEIRA;4;0;20;18H-20H;NOITE;PLENA NOITE;REAÇÃO TARDIA OU INEFICIENTE DO CONDUTOR;ENGAVETAMENTO;CÉU CLARO;DUPLA;RETA;NÃO;0
GO;BR-060;ANAPOLIS;7;3;SEXTA-FEIRA;4;0;21;21H-23H;NOITE;PLENA NOITE;CONDUTOR DEIXOU DE MANTER DISTÂNCIA DO VEÍCULO DA FRENTE;COLISÃO TRASEIRA;CÉU CLARO;DUPLA;"VIADUTO;ROTATÓRIA";SIM;0
SP;BR-101;UBATUBA;7;3;SEXTA-FEIRA;4;0;19;18H-20H;NOITE;PLENA NOITE;PEDESTRE ANDAVA NA PISTA;ATROPELAMENTO DE PEDESTRE;CÉU CLARO;SIMPLES;"RETA;PONTE";SIM;0
SP;BR-116;JACAREI;7;3;SEXTA-FEIRA;4;0;19;18H-20H;NOITE;PLENA NOITE;VELOCIDADE INCOMPATÍVEL;SAÍDA DE LEITO CARROÇÁVEL;NUBLADO;SIMPLES;RETA;SIM;1
MG;BR-381;BETIM;7;3;SEXTA-FEIRA;4;0;21;21H-23H;NOITE;PLENO DIA;REAÇÃO TARDIA OU INEFICIENTE DO CONDUTOR;ATROPELAMENTO DE PEDESTRE;CÉU CLARO;DUPLA;CURVA;NÃO;0
MG;BR-040;SIMAO PEREIRA;7;3;SEXTA-FEIRA;4;0;21;21H-23H;NOITE;PLENA NOITE;INGESTÃO DE ÁLCOOL PELO CONDUTOR;COLISÃO TRASEIRA;NUBLADO;DUPLA;RETA;NÃO;0
DF;BR-020;BRASILIA;7;3;SEXTA-FEIRA;4;0;20;18H-20H;NOITE;PLENA NOITE;ACESSAR A VIA SEM OBSERVAR A PRESENÇA DOS OUTROS VEÍCULOS;COLISÃO TRASEIRA;CÉU CLARO;DUPLA;RETA;SIM;0
PR;BR-116;CAMPINA GRANDE DO SUL;7;3;SEXTA-FEIRA;4;0;20;18H-20H;NOITE;PLENA NOITE;CHUVA;COLISÃO COM OBJETO;CHUVA;DUPLA;CURVA;NÃO;0
RO;BR-364;JI-PARANA;7;3;SEXTA-FEIRA;4;0;19;18H-20H;NOITE;PLENA NOITE;ACESSO IRREGULAR;COLISÃO TRASEIRA;CÉU CLARO;DUPLA;"CURVA;INTERSEÇÃO DE VIAS";SIM;0
PR;BR-373;PONTA GROSSA;7;3;SEXTA-FEIRA;4;0;20;18H-20H;NOITE;PLENA NOITE;TRAFEGAR COM MOTOCICLETA (OU SIMILAR) ENTRE AS FAIXAS;ENGAVETAMENTO;CÉU CLARO;SIMPLES;RETA;SIM;0
PR;BR-376;MARINGA;7;3;SEXTA-FEIRA;4;0;20;18H-20H;NOITE;PLENA NOITE;ACESSAR A VIA SEM OBSERVAR A PRESENÇA DOS OUTROS VEÍCULOS;COLISÃO TRANSVERSAL;NUBLADO;MÚLTIPLA;"RETA;INTERSEÇÃO DE VIAS";SIM;0
RO;BR-364;JI-PARANA;7;3;SEXTA-FEIRA;4;0;17;15H-17H;TARDE;PLENO DIA;CONDUTOR DEIXOU DE MANTER DISTÂNCIA DO VEÍCULO DA FRENTE;ENGAVETAMENTO;CÉU CLARO;DUPLA;RETA;SIM;0
PE;BR-232;VITORIA DE SANTO ANTAO;7;3;SEXTA-FEIRA;4;0;21;21H-23H;NOITE;PLENA NOITE;ANIMAIS NA PISTA;COLISÃO COM OBJETO;CÉU CLARO;DUPLA;RETA;SIM;0
RJ;BR-101;ANGRA DOS REIS;7;3;SEXTA-FEIRA;4;0;18;18H-20H;NOITE;PLENA NOITE;DEMAIS FALHAS MECÂNICAS OU ELÉTRICAS;COLISÃO TRANSVERSAL;NUBLADO;SIMPLES;RETA;NÃO;0
RO;BR-364;JI-PARANA;7;3;SEXTA-FEIRA;4;0;18;18H-20H;NOITE;ANOITECER;TRAFEGAR COM MOTOCICLETA (OU SIMILAR) ENTRE AS FAIXAS;COLISÃO TRASEIRA;CÉU CLARO;DUPLA;RETA;SIM;0
GO;BR-060;GUAPO;7;3;SEXTA-FEIRA;4;0;21;21H-23H;NOITE;PLENA NOITE;REAÇÃO TARDIA OU INEFICIENTE DO CONDUTOR;SAÍDA DE LEITO CARROÇÁVEL;CÉU CLARO;DUPLA;RETA;NÃO;0
RR;BR-401;CANTA;7;3;SEXTA-FEIRA;4;0;19;18H-20H;NOITE;PLENA NOITE;TRANSITAR NO ACOSTAMENTO;COLISÃO TRASEIRA;IGNORADO;DUPLA;RETA;NÃO;0
GO;BR-060;RIO VERDE;7;3;SEXTA-FEIRA;4;0;21;21H-23H;NOITE;PLENA NOITE;INGESTÃO DE ÁLCOOL PELO CONDUTOR;COLISÃO TRASEIRA;CÉU CLARO;DUPLA;"RETA;ACLIVE";SIM;0
PE;BR-232;CARUARU;7;3;SEXTA-FEIRA;4;0;21;21H-23H;NOITE;PLENA NOITE;REAÇÃO TARDIA OU INEFICIENTE DO CONDUTOR;CAPOTAMENTO;CÉU CLARO;DUPLA;RETA;NÃO;0
PE;BR-101;AGUA PRETA;7;3;SEXTA-FEIRA;4;0;21;21H-23H;NOITE;PLENA NOITE;DEMAIS FALHAS NA VIA;SAÍDA DE LEITO CARROÇÁVEL;CÉU CLARO;DUPLA;RETA;NÃO;0
MG;BR-116;TEOFILO OTONI;7;3;SEXTA-FEIRA;4;0;19;18H-20H;NOITE;ANOITECER;DESRESPEITAR A PREFERÊNCIA NO CRUZAMENTO;COLISÃO TRANSVERSAL;NUBLADO;SIMPLES;RETA;SIM;0
PR;BR-369;LONDRINA;7;3;SEXTA-FEIRA;4;0;21;21H-23H;NOITE;PLENA NOITE;TRANSITAR NA CONTRAMÃO;COLISÃO FRONTAL;CÉU CLARO;DUPLA;CURVA;NÃO;1
PR;BR-116;CAMPINA GRANDE DO SUL;7;3;SEXTA-FEIRA;4;0;22;21H-23H;NOITE;PLENA NOITE;REAÇÃO TARDIA OU INEFICIENTE DO CONDUTOR;COLISÃO COM OBJETO;CHUVA;DUPLA;RETA;NÃO;0
CE;BR-116;MORADA NOVA;7;3;SEXTA-FEIRA;4;0;22;21H-23H;NOITE;PLENA NOITE;PEDESTRE ANDAVA NA PISTA;ATROPELAMENTO DE PEDESTRE;CÉU CLARO;SIMPLES;RETA;NÃO;1
RO;BR-364;CACOAL;7;3;SEXTA-FEIRA;4;0;22;21H-23H;NOITE;PLENA NOITE;ULTRAPASSAGEM INDEVIDA;COLISÃO LATERAL SENTIDO OPOSTO;CÉU CLARO;SIMPLES;"DECLIVE;RETA";NÃO;0
ES;BR-262;MARECHAL FLORIANO;7;3;SEXTA-FEIRA;4;0;23;21H-23H;NOITE;PLENA NOITE;PEDESTRE ANDAVA NA PISTA;ATROPELAMENTO DE PEDESTRE;NUBLADO;SIMPLES;RETA;SIM;0
PB;BR-230;CONDADO;7;3;SEXTA-FEIRA;4;0;22;21H-23H;NOITE;PLENA NOITE;INGESTÃO DE ÁLCOOL PELO CONDUTOR;COLISÃO FRONTAL;CÉU CLARO;SIMPLES;"RETA;INTERSEÇÃO DE VIAS";SIM;0
MG;BR-040;JOAO PINHEIRO;7;3;SEXTA-FEIRA;4;0;16;15H-17H;TARDE;PLENO DIA;ACESSAR A VIA SEM OBSERVAR A PRESENÇA DOS OUTROS VEÍCULOS;COLISÃO TRANSVERSAL;CÉU CLARO;SIMPLES;"RETA;INTERSEÇÃO DE VIAS";NÃO;0
PR;BR-158;PATO BRANCO;7;3;SEXTA-FEIRA;4;0;22;21H-23H;NOITE;PLENA NOITE;AUSÊNCIA DE REAÇÃO DO CONDUTOR;SAÍDA DE LEITO CARROÇÁVEL;CÉU CLARO;SIMPLES;CURVA;SIM;0
MG;BR-381;BETIM;7;3;SEXTA-FEIRA;4;0;23;21H-23H;NOITE;PLENA NOITE;REAÇÃO TARDIA OU INEFICIENTE DO CONDUTOR;TOMBAMENTO;CÉU CLARO;DUPLA;CURVA;SIM;0
PA;BR-010;SAO MIGUEL DO GUAMA;7;3;SEXTA-FEIRA;4;0;21;21H-23H;NOITE;PLENA NOITE;TRANSITAR NA CONTRAMÃO;COLISÃO TRANSVERSAL;GAROA/CHUVISCO;SIMPLES;RETA;SIM;0
RS;BR-116;CAMAQUA;7;3;SEXTA-FEIRA;4;0;22;21H-23H;NOITE;PLENA NOITE;AUSÊNCIA DE REAÇÃO DO CONDUTOR;CAPOTAMENTO;NEVOEIRO/NEBLINA;SIMPLES;"EM OBRAS;RETA;DESVIO TEMPORÁRIO";SIM;0
MA;BR-226;MATOES;7;3;SEXTA-FEIRA;4;0;18;18H-20H;NOITE;PLENA NOITE;AUSÊNCIA DE REAÇÃO DO CONDUTOR;COLISÃO TRASEIRA;CÉU CLARO;SIMPLES;RETA;NÃO;1
SC;BR-101;BIGUACU;7;3;SEXTA-FEIRA;4;0;23;21H-23H;NOITE;PLENA NOITE;INGESTÃO DE ÁLCOOL PELO CONDUTOR;SAÍDA DE LEITO CARROÇÁVEL;GAROA/CHUVISCO;MÚLTIPLA;RETA;NÃO;0
MG;BR-381;BETIM;7;3;SEXTA-FEIRA;4;0;23;21H-23H;NOITE;PLENA NOITE;AUSÊNCIA DE REAÇÃO DO CONDUTOR;CAPOTAMENTO;CÉU CLARO;DUPLA;RETA;NÃO;0
SP;BR-116;CACAPAVA;7;3;SEXTA-FEIRA;4;0;21;21H-23H;NOITE;PLENA NOITE;MAL SÚBITO DO CONDUTOR;EVENTOS ATÍPICOS;CÉU CLARO;DUPLA;ACLIVE;NÃO;0
SP;BR-116;SAO JOSE DOS CAMPOS;6;2;QUINTA-FEIRA;3;0;12;12H-14H;TARDE;PLENO DIA;MAL SÚBITO DO CONDUTOR;EVENTOS ATÍPICOS;CÉU CLARO;DUPLA;RETA;SIM;0
PR;BR-376;ORTIGUEIRA;7;3;SEXTA-FEIRA;4;0;22;21H-23H;NOITE;PLENA NOITE;REAÇÃO TARDIA OU INEFICIENTE DO CONDUTOR;SAÍDA DE LEITO CARROÇÁVEL;CÉU CLARO;SIMPLES;CURVA;NÃO;0
MS;BR-163;CAMPO GRANDE;7;3;SEXTA-FEIRA;4;0;22;21H-23H;NOITE;PLENA NOITE;AUSÊNCIA DE REAÇÃO DO CONDUTOR;SAÍDA DE LEITO CARROÇÁVEL;CÉU CLARO;SIMPLES;"DESVIO TEMPORÁRIO;EM OBRAS";NÃO;0
PR;BR-272;CAMPO MOURAO;7;3;SÁBADO;5;1;0;00H-02H;MADRUGADA;PLENA NOITE;MANOBRA DE MUDANÇA DE FAIXA;COLISÃO LATERAL MESMO SENTIDO;CÉU CLARO;DUPLA;RETA;SIM;0
PR;BR-369;CASCAVEL;7;3;SEXTA-FEIRA;4;0;23;21H-23H;NOITE;PLENA NOITE;ULTRAPASSAGEM INDEVIDA;SAÍDA DE LEITO CARROÇÁVEL;CÉU CLARO;SIMPLES;RETA;NÃO;0
RS;BR-153;CACHOEIRA DO SUL;7;3;SÁBADO;5;1;0;00H-02H;MADRUGADA;PLENA NOITE;AVARIAS E/OU DESGASTE EXCESSIVO NO PNEU;SAÍDA DE LEITO CARROÇÁVEL;CÉU CLARO;SIMPLES;DECLIVE;NÃO;0
MG;BR-381;ITAPEVA;7;3;SÁBADO;5;1;0;00H-02H;MADRUGADA;PLENA NOITE;AUSÊNCIA DE REAÇÃO DO CONDUTOR;SAÍDA DE LEITO CARROÇÁVEL;CÉU CLARO;DUPLA;RETA;SIM;0
SC;BR-280;ARAQUARI;7;3;SÁBADO;5;1;1;00H-02H;MADRUGADA;PLENA NOITE;INGESTÃO DE ÁLCOOL PELO CONDUTOR;COLISÃO FRONTAL;NUBLADO;SIMPLES;RETA;NÃO;0
PA;BR-316;BENEVIDES;7;3;SÁBADO;5;1;2;00H-02H;MADRUGADA;PLENA NOITE;AUSÊNCIA DE REAÇÃO DO CONDUTOR;ATROPELAMENTO DE PEDESTRE;NUBLADO;DUPLA;RETA;NÃO;1
RJ;BR-101;RIO DE JANEIRO;7;3;SÁBADO;5;1;2;00H-02H;MADRUGADA;PLENA NOITE;DEMAIS FALHAS MECÂNICAS OU ELÉTRICAS;TOMBAMENTO;CÉU CLARO;MÚLTIPLA;RETA;SIM;0
RO;BR-364;PIMENTA BUENO;7;3;SÁBADO;5;1;2;00H-02H;MADRUGADA;PLENA NOITE;REAÇÃO TARDIA OU INEFICIENTE DO CONDUTOR;TOMBAMENTO;CÉU CLARO;DUPLA;RETA;NÃO;0
PR;BR-476;SAO MATEUS DO SUL;7;3;SÁBADO;5;1;1;00H-02H;MADRUGADA;PLENA NOITE;AUSÊNCIA DE REAÇÃO DO CONDUTOR;SAÍDA DE LEITO CARROÇÁVEL;NUBLADO;SIMPLES;"RETA;DECLIVE";SIM;0
SP;BR-116;EMBU DAS ARTES;7;3;SÁBADO;5;1;3;03H-05H;MADRUGADA;PLENA NOITE;TRANSITAR NA CONTRAMÃO;COLISÃO LATERAL SENTIDO OPOSTO;CÉU CLARO;SIMPLES;"CURVA;RETORNO REGULAMENTADO";NÃO;0
SC;BR-116;MONTE CASTELO;7;3;SÁBADO;5;1;1;00H-02H;MADRUGADA;PLENA NOITE;CONDUTOR DORMINDO;SAÍDA DE LEITO CARROÇÁVEL;GAROA/CHUVISCO;SIMPLES;RETA;NÃO;0
ES;BR-101;SAO MATEUS;7;3;SÁBADO;5;1;2;00H-02H;MADRUGADA;PLENA NOITE;CONDUTOR DEIXOU DE MANTER DISTÂNCIA DO VEÍCULO DA FRENTE;COLISÃO TRASEIRA;NUBLADO;SIMPLES;RETA;NÃO;0
MG;BR-116;GOVERNADOR VALADARES;7;3;SÁBADO;5;1;3;03H-05H;MADRUGADA;PLENA NOITE;AUSÊNCIA DE REAÇÃO DO CONDUTOR;COLISÃO TRASEIRA;CÉU CLARO;DUPLA;RETA;SIM;0
CE;BR-222;FORTALEZA;7;3;SÁBADO;5;1;3;03H-05H;MADRUGADA;PLENA NOITE;CONDUTOR DESRESPEITOU A ILUMINAÇÃO VERMELHA DO SEMÁFORO;COLISÃO TRANSVERSAL;CÉU CLARO;MÚLTIPLA;"RETA;RETORNO REGULAMENTADO";SIM;0
MS;BR-163;DOURADINA;7;3;SÁBADO;5;1;2;00H-02H;MADRUGADA;PLENA NOITE;AUSÊNCIA DE REAÇÃO DO CONDUTOR;ATROPELAMENTO DE PEDESTRE;CÉU CLARO;SIMPLES;RETA;SIM;0
PR;BR-277;MEDIANEIRA;7;3;SÁBADO;5;1;3;03H-05H;MADRUGADA;PLENA NOITE;MANOBRA DE MUDANÇA DE FAIXA;COLISÃO LATERAL MESMO SENTIDO;CÉU CLARO;DUPLA;RETA;NÃO;0
SC;BR-101;PALHOCA;7;3;SÁBADO;5;1;3;03H-05H;MADRUGADA;PLENA NOITE;VELOCIDADE INCOMPATÍVEL;COLISÃO COM OBJETO;CÉU CLARO;DUPLA;CURVA;NÃO;0
SC;BR-101;JAGUARUNA;7;3;SÁBADO;5;1;4;03H-05H;MADRUGADA;PLENA NOITE;AUSÊNCIA DE REAÇÃO DO CONDUTOR;SAÍDA DE LEITO CARROÇÁVEL;CÉU CLARO;DUPLA;CURVA;NÃO;0
SC;BR-101;IMBITUBA;7;3;SÁBADO;5;1;3;03H-05H;MADRUGADA;PLENA NOITE;INGESTÃO DE ÁLCOOL PELO CONDUTOR;COLISÃO LATERAL MESMO SENTIDO;CÉU CLARO;MÚLTIPLA;RETA;SIM;0
SC;BR-101;TIJUCAS;7;3;SÁBADO;5;1;3;03H-05H;MADRUGADA;PLENA NOITE;AUSÊNCIA DE REAÇÃO DO CONDUTOR;COLISÃO TRASEIRA;NUBLADO;DUPLA;RETA;NÃO;0
PR;BR-369;ARAPONGAS;7;3;SÁBADO;5;1;4;03H-05H;MADRUGADA;PLENA NOITE;VELOCIDADE INCOMPATÍVEL;SAÍDA DE LEITO CARROÇÁVEL;CÉU CLARO;DUPLA;RETA;NÃO;0
RS;BR-116;CANOAS;7;3;SÁBADO;5;1;4;03H-05H;MADRUGADA;PLENA NOITE;INGESTÃO DE ÁLCOOL PELO CONDUTOR;COLISÃO COM OBJETO;CÉU CLARO;MÚLTIPLA;RETORNO REGULAMENTADO;NÃO;0
RJ;BR-101;ITABORAI;7;3;SEXTA-FEIRA;4;0;19;18H-20H;NOITE;PLENA NOITE;REAÇÃO TARDIA OU INEFICIENTE DO CONDUTOR;COLISÃO TRASEIRA;CÉU CLARO;DUPLA;RETA;SIM;0
RN;BR-101;CEARA-MIRIM;7;3;SÁBADO;5;1;3;03H-05H;MADRUGADA;AMANHECER;AUSÊNCIA DE REAÇÃO DO CONDUTOR;COLISÃO COM OBJETO;CÉU CLARO;SIMPLES;RETA;NÃO;0
PR;BR-277;SANTA TEREZINHA DE ITAIPU;7;3;SÁBADO;5;1;4;03H-05H;MADRUGADA;PLENA NOITE;INGESTÃO DE ÁLCOOL PELO CONDUTOR;SAÍDA DE LEITO CARROÇÁVEL;CÉU CLARO;DUPLA;RETA;NÃO;0
SC;BR-101;BALNEARIO CAMBORIU;7;3;SÁBADO;5;1;5;03H-05H;MADRUGADA;PLENA NOITE;INGESTÃO DE ÁLCOOL PELO CONDUTOR;SAÍDA DE LEITO CARROÇÁVEL;NUBLADO;DUPLA;CURVA;SIM;1
SC;BR-101;BARRA VELHA;7;3;SÁBADO;5;1;4;03H-05H;MADRUGADA;PLENA NOITE;CONDUTOR DORMINDO;SAÍDA DE LEITO CARROÇÁVEL;NUBLADO;DUPLA;"DECLIVE;CURVA";SIM;0
MG;BR-365;ITUIUTABA;7;3;SÁBADO;5;1;4;03H-05H;MADRUGADA;PLENA NOITE;INGESTÃO DE ÁLCOOL PELO CONDUTOR;SAÍDA DE LEITO CARROÇÁVEL;CÉU CLARO;DUPLA;RETA;SIM;0
PR;BR-277;PARANAGUA;7;3;SÁBADO;5;1;5;03H-05H;MADRUGADA;AMANHECER;REAÇÃO TARDIA OU INEFICIENTE DO CONDUTOR;CAPOTAMENTO;NUBLADO;SIMPLES;"RETA;INTERSEÇÃO DE VIAS";NÃO;0
SC;BR-101;BIGUACU;7;3;SÁBADO;5;1;5;03H-05H;MADRUGADA;AMANHECER;CONDUTOR DORMINDO;COLISÃO COM OBJETO;CÉU CLARO;DUPLA;RETA;SIM;0
GO;BR-153;PORANGATU;7;3;SÁBADO;5;1;6;06H-08H;MANHA;AMANHECER;DEMAIS FALHAS MECÂNICAS OU ELÉTRICAS;SAÍDA DE LEITO CARROÇÁVEL;CÉU CLARO;SIMPLES;RETA;NÃO;0
SP;BR-381;BRAGANCA PAULISTA;7;3;SÁBADO;5;1;1;00H-02H;MADRUGADA;PLENA NOITE;DECLIVE ACENTUADO;COLISÃO COM OBJETO;CÉU CLARO;DUPLA;DECLIVE;NÃO;0
MT;BR-364;RONDONOPOLIS;7;3;SÁBADO;5;1;4;03H-05H;MADRUGADA;AMANHECER;AUSÊNCIA DE REAÇÃO DO CONDUTOR;SAÍDA DE LEITO CARROÇÁVEL;CÉU CLARO;DUPLA;RETA;NÃO;0
PR;BR-467;CASCAVEL;7;3;SÁBADO;5;1;6;06H-08H;MANHA;AMANHECER;VELOCIDADE INCOMPATÍVEL;SAÍDA DE LEITO CARROÇÁVEL;CÉU CLARO;DUPLA;RETA;NÃO;0
MT;BR-364;VARZEA GRANDE;7;3;SEXTA-FEIRA;4;0;18;18H-20H;NOITE;PLENA NOITE;ACESSO IRREGULAR;COLISÃO TRANSVERSAL;CÉU CLARO;DUPLA;RETA;SIM;0
MG;BR-050;UBERLANDIA;4;2;DOMINGO;6;1;11;09H-11H;MANHA;PLENO DIA;PROBLEMA COM O FREIO;INCÊNDIO;CÉU CLARO;DUPLA;RETA;SIM;0
SE;BR-235;ARACAJU;7;3;SÁBADO;5;1;7;06H-08H;MANHA;PLENO DIA;ACESSO IRREGULAR;COLISÃO TRASEIRA;NUBLADO;DUPLA;RETA;SIM;0
MT;BR-163;NOVA MUTUM;7;3;SEXTA-FEIRA;4;0;22;21H-23H;NOITE;PLENA NOITE;REAÇÃO TARDIA OU INEFICIENTE DO CONDUTOR;SAÍDA DE LEITO CARROÇÁVEL;CÉU CLARO;SIMPLES;"DESVIO TEMPORÁRIO;EM OBRAS";NÃO;0
RO;BR-364;CACOAL;7;3;SÁBADO;5;1;7;06H-08H;MANHA;PLENO DIA;CONDUTOR DESRESPEITOU A ILUMINAÇÃO VERMELHA DO SEMÁFORO;COLISÃO TRANSVERSAL;CÉU CLARO;SIMPLES;INTERSEÇÃO DE VIAS;SIM;0
RJ;BR-116;MAGE;7;3;SÁBADO;5;1;7;06H-08H;MANHA;PLENO DIA;REAÇÃO TARDIA OU INEFICIENTE DO CONDUTOR;TOMBAMENTO;CÉU CLARO;DUPLA;RETA;NÃO;0
RO;BR-364;VILHENA;7;3;SÁBADO;5;1;4;03H-05H;MADRUGADA;PLENA NOITE;AUSÊNCIA DE REAÇÃO DO CONDUTOR;TOMBAMENTO;IGNORADO;DUPLA;RETA;NÃO;0
PB;BR-412;SAO JOAO DO CARIRI;7;3;SÁBADO;5;1;5;03H-05H;MADRUGADA;AMANHECER;ANIMAIS NA PISTA;ATROPELAMENTO DE ANIMAL;VENTO;SIMPLES;RETA;NÃO;1
RJ;BR-465;SEROPEDICA;7;3;SÁBADO;5;1;6;06H-08H;MANHA;PLENO DIA;AUSÊNCIA DE REAÇÃO DO CONDUTOR;QUEDA DE OCUPANTE DE VEÍCULO;CÉU CLARO;SIMPLES;RETA;NÃO;0
AL;BR-423;DELMIRO GOUVEIA;7;3;SÁBADO;5;1;7;06H-08H;MANHA;PLENO DIA;ACESSAR A VIA SEM OBSERVAR A PRESENÇA DOS OUTROS VEÍCULOS;COLISÃO TRANSVERSAL;CÉU CLARO;SIMPLES;"INTERSEÇÃO DE VIAS;DECLIVE;RETA";NÃO;0
SC;BR-470;BLUMENAU;7;3;SÁBADO;5;1;8;06H-08H;MANHA;PLENO DIA;RETORNO PROIBIDO;TOMBAMENTO;NUBLADO;SIMPLES;"ACLIVE;CURVA;EM OBRAS";NÃO;0
GO;BR-414;ANAPOLIS;7;3;SÁBADO;5;1;7;06H-08H;MANHA;PLENO DIA;CONDUTOR DEIXOU DE MANTER DISTÂNCIA DO VEÍCULO DA FRENTE;COLISÃO TRASEIRA;CÉU CLARO;SIMPLES;RETA;NÃO;0
RJ;BR-116;RESENDE;7;3;SEXTA-FEIRA;4;0;14;12H-14H;TARDE;PLENO DIA;DEMAIS FALHAS MECÂNICAS OU ELÉTRICAS;QUEDA DE OCUPANTE DE VEÍCULO;NUBLADO;DUPLA;RETA;SIM;0
MG;BR-365;UBERLANDIA;7;3;SÁBADO;5;1;8;06H-08H;MANHA;PLENO DIA;DESRESPEITAR A PREFERÊNCIA NO CRUZAMENTO;COLISÃO TRANSVERSAL;CÉU CLARO;SIMPLES;"RETA;INTERSEÇÃO DE VIAS";SIM;0
RS;BR-116;CAXIAS DO SUL;7;3;SÁBADO;5;1;7;06H-08H;MANHA;PLENO DIA;AUSÊNCIA DE REAÇÃO DO CONDUTOR;SAÍDA DE LEITO CARROÇÁVEL;CÉU CLARO;SIMPLES;RETA;SIM;0
PE;BR-232;MORENO;7;3;SÁBADO;5;1;8;06H-08H;MANHA;PLENO DIA;AUSÊNCIA DE REAÇÃO DO CONDUTOR;COLISÃO TRASEIRA;CÉU CLARO;DUPLA;CURVA;NÃO;0