uf;br_formatada;municipio;mes;trimestre;dia_semana;dia_semana_num;fim_de_semana;hora;faixa_horaria;turno;fase_dia;causa_acidente;tipo_acidente;condicao_metereologica;tipo_pista;tracado_via;uso_solo;acidente_fatal
SC;BR-101;BIGUACU;7;3;TERÇA-FEIRA;1;0;12;12H-14H;TARDE;PLENO DIA;REAÇÃO TARDIA OU INEFICIENTE DO CONDUTOR;COLISÃO TRASEIRA;CÉU CLARO;MÚLTIPLA;RETA;NÃO;0
SC;BR-282;AGUAS MORNAS;6;2;QUARTA-FEIRA;2;0;21;21H-23H;NOITE;PLENA NOITE;CONDUTOR DEIXOU DE MANTER DISTÂNCIA DO VEÍCULO DA FRENTE;COLISÃO LATERAL MESMO SENTIDO;NUBLADO;SIMPLES;RETA;NÃO;0
PE;BR-116;BELEM DE SAO FRANCISCO;7;3;TERÇA-FEIRA;1;0;12;12H-14H;TARDE;PLENO DIA;AVARIAS E/OU DESGASTE EXCESSIVO NO PNEU;CAPOTAMENTO;NUBLADO;SIMPLES;RETA;NÃO;0
CE;BR-020;CAUCAIA;7;3;TERÇA-FEIRA;1;0;12;12H-14H;TARDE;PLENO DIA;ACESSAR A VIA SEM OBSERVAR A PRESENÇA DOS OUTROS VEÍCULOS;COLISÃO TRANSVERSAL;CÉU CLARO;SIMPLES;RETA;SIM;0
CE;BR-116;FORTALEZA;7;3;TERÇA-FEIRA;1;0;13;12H-14H;TARDE;PLENO DIA;ACESSO IRREGULAR;COLISÃO TRANSVERSAL;CÉU CLARO;MÚLTIPLA;"RETA;INTERSEÇÃO DE VIAS";SIM;0
MG;BR-365;UBERLANDIA;7;3;TERÇA-FEIRA;1;0;12;12H-14H;TARDE;PLENO DIA;MANOBRA DE MUDANÇA DE FAIXA;COLISÃO LATERAL MESMO SENTIDO;CÉU CLARO;DUPLA;"RETA;ACLIVE;VIADUTO";SIM;0
PR;BR-163;CAPANEMA;7;3;TERÇA-FEIRA;1;0;10;09H-11H;MANHA;PLENO DIA;VELOCIDADE INCOMPATÍVEL;SAÍDA DE LEITO CARROÇÁVEL;CÉU CLARO;SIMPLES;CURVA;NÃO;0
PB;BR-230;JOAO PESSOA;7;3;TERÇA-FEIRA;1;0;12;12H-14H;TARDE;PLENO DIA;SUICÍDIO (PRESUMIDO);EVENTOS ATÍPICOS;CÉU CLARO;DUPLA;RETA;NÃO;0
SC;BR-280;ARAQUARI;7;3;TERÇA-FEIRA;1;0;13;12H-14H;TARDE;PLENO DIA;ACESSAR A VIA SEM OBSERVAR A PRESENÇA DOS OUTROS VEÍCULOS;COLISÃO TRANSVERSAL;CÉU CLARO;SIMPLES;RETA;SIM;0
SC;BR-101;SAO JOSE;7;3;TERÇA-FEIRA;1;0;13;12H-14H;TARDE;PLENO DIA;CONDUTOR DEIXOU DE MANTER DISTÂNCIA DO VEÍCULO DA FRENTE;COLISÃO TRASEIRA;CÉU CLARO;DUPLA;RETA;SIM;0
RJ;BR-040;PETROPOLIS;6;2;SEGUNDA-FEIRA;0;0;17;15H-17H;TARDE;PLENA NOITE;ACESSAR A VIA SEM OBSERVAR A PRESENÇA DOS OUTROS VEÍCULOS;COLISÃO TRANSVERSAL;CÉU CLARO;SIMPLES;RETA;SIM;0
SC;BR-116;CORREIA PINTO;7;3;SEXTA-FEIRA;4;0;18;18H-20H;NOITE;ANOITECER;ACESSAR A VIA SEM OBSERVAR A PRESENÇA DOS OUTROS VEÍCULOS;COLISÃO TRANSVERSAL;NUBLADO;SIMPLES;RETA;SIM;0
PR;BR-158;MARQUINHO;7;3;TERÇA-FEIRA;1;0;12;12H-14H;TARDE;PLENO DIA;ACESSAR A VIA SEM OBSERVAR A PRESENÇA DOS OUTROS VEÍCULOS;COLISÃO TRANSVERSAL;CÉU CLARO;MÚLTIPLA;"CURVA;ACLIVE";NÃO;0
PI;BR-343;TERESINA;7;3;TERÇA-FEIRA;1;0;8;06H-08H;MANHA;PLENO DIA;PISTA ESCORREGADIA;TOMBAMENTO;CÉU CLARO;SIMPLES;ROTATÓRIA;SIM;0
RJ;BR-116;ITATIAIA;7;3;TERÇA-FEIRA;1;0;13;12H-14H;TARDE;PLENO DIA;REAÇÃO TARDIA OU INEFICIENTE DO CONDUTOR;TOMBAMENTO;CÉU CLARO;MÚLTIPLA;RETA;NÃO;0
MA;BR-135;SAO LUIS;7;3;TERÇA-FEIRA;1;0;12;12H-14H;TARDE;PLENO DIA;CONDUTOR DEIXOU DE MANTER DISTÂNCIA DO VEÍCULO DA FRENTE;COLISÃO TRASEIRA;CHUVA;DUPLA;RETA;SIM;0
BA;BR-116;SANTO ESTEVAO;7;3;TERÇA-FEIRA;1;0;13;12H-14H;TARDE;PLENO DIA;PISTA ESBURACADA;TOMBAMENTO;NUBLADO;DUPLA;RETA;NÃO;0
SP;BR-116;GUARULHOS;7;3;TERÇA-FEIRA;1;0;19;18H-20H;NOITE;PLENA NOITE;ACESSAR A VIA SEM OBSERVAR A PRESENÇA DOS OUTROS VEÍCULOS;COLISÃO LATERAL MESMO SENTIDO;CÉU CLARO;MÚLTIPLA;RETA;SIM;0
RJ;BR-393;VASSOURAS;7;3;TERÇA-FEIRA;1;0;12;12H-14H;TARDE;PLENO DIA;ACESSAR A VIA SEM OBSERVAR A PRESENÇA DOS OUTROS VEÍCULOS;COLISÃO TRANSVERSAL;SOL;SIMPLES;INTERSEÇÃO DE VIAS;SIM;0
RJ;BR-116;SAO JOAO DE MERITI;7;3;TERÇA-FEIRA;1;0;14;12H-14H;TARDE;PLENO DIA;CONDUTOR DEIXOU DE MANTER DISTÂNCIA DO VEÍCULO DA FRENTE;COLISÃO TRASEIRA;SOL;MÚLTIPLA;RETA;NÃO;0
GO;BR-040;VALPARAISO DE GOIAS;5;2;TERÇA-FEIRA;1;0;10;09H-11H;MANHA;PLENO DIA;AUSÊNCIA DE REAÇÃO DO CONDUTOR;ENGAVETAMENTO;CÉU CLARO;DUPLA;RETA;SIM;0
PR;BR-376;MARINGA;7;3;TERÇA-FEIRA;1;0;14;12H-14H;TARDE;PLENO DIA;MANOBRA DE MUDANÇA DE FAIXA;COLISÃO LATERAL MESMO SENTIDO;CÉU CLARO;DUPLA;RETA;SIM;0
SC;BR-101;PALHOCA;7;3;TERÇA-FEIRA;1;0;14;12H-14H;TARDE;PLENO DIA;VELOCIDADE INCOMPATÍVEL;COLISÃO TRASEIRA;CÉU CLARO;MÚLTIPLA;"RETA;DECLIVE";NÃO;0
SP;BR-381;ATIBAIA;7;3;TERÇA-FEIRA;1;0;14;12H-14H;TARDE;PLENO DIA;VELOCIDADE INCOMPATÍVEL;CAPOTAMENTO;CÉU CLARO;DUPLA;RETA;NÃO;0
MG;BR-381;BETIM;6;2;DOMINGO;6;1;15;15H-17H;TARDE;PLENO DIA;VELOCIDADE INCOMPATÍVEL;COLISÃO TRASEIRA;CÉU CLARO;DUPLA;"RETA;ACLIVE";SIM;0
BA;BR-135;RIACHAO DAS NEVES;7;3;TERÇA-FEIRA;1;0;15;15H-17H;TARDE;PLENO DIA;REAÇÃO TARDIA OU INEFICIENTE DO CONDUTOR;COLISÃO COM OBJETO;CÉU CLARO;SIMPLES;RETA;NÃO;1
PI;BR-343;PARNAIBA;7;3;TERÇA-FEIRA;1;0;15;15H-17H;TARDE;PLENO DIA;CONDUTOR DEIXOU DE MANTER DISTÂNCIA DO VEÍCULO DA FRENTE;TOMBAMENTO;CÉU CLARO;SIMPLES;RETA;NÃO;0
MG;BR-040;CONSELHEIRO LAFAIETE;7;3;TERÇA-FEIRA;1;0;13;12H-14H;TARDE;PLENO DIA;AVARIAS E/OU DESGASTE EXCESSIVO NO PNEU;SAÍDA DE LEITO CARROÇÁVEL;SOL;SIMPLES;CURVA;SIM;0
MS;BR-262;LADARIO;7;3;SÁBADO;5;1;19;18H-20H;NOITE;PLENA NOITE;ACESSAR A VIA SEM OBSERVAR A PRESENÇA DOS OUTROS VEÍCULOS;ATROPELAMENTO DE PEDESTRE;CÉU CLARO;SIMPLES;RETA;NÃO;0
SC;BR-280;ARAQUARI;7;3;TERÇA-FEIRA;1;0;14;12H-14H;TARDE;PLENO DIA;TRANSITAR NA CONTRAMÃO;COLISÃO TRANSVERSAL;CÉU CLARO;SIMPLES;RETA;NÃO;0
MG;BR-262;NOVA SERRANA;7;3;TERÇA-FEIRA;1;0;13;12H-14H;TARDE;PLENO DIA;OBJETO ESTÁTICO SOBRE O LEITO CARROÇÁVEL;SAÍDA DE LEITO CARROÇÁVEL;CÉU CLARO;DUPLA;RETA;NÃO;0
PB;BR-230;JOAO PESSOA;7;3;TERÇA-FEIRA;1;0;15;15H-17H;TARDE;PLENO DIA;AUSÊNCIA DE REAÇÃO DO CONDUTOR;COLISÃO TRASEIRA;CÉU CLARO;DUPLA;RETA;SIM;0
SC;BR-101;MARACAJA;7;3;TERÇA-FEIRA;1;0;12;12H-14H;TARDE;PLENO DIA;DESRESPEITAR A PREFERÊNCIA NO CRUZAMENTO;COLISÃO TRANSVERSAL;CÉU CLARO;MÚLTIPLA;"INTERSEÇÃO DE VIAS;VIADUTO";SIM;0
SP;BR-381;SAO PAULO;7;3;TERÇA-FEIRA;1;0;15;15H-17H;TARDE;PLENO DIA;DEMAIS FALHAS NA VIA;COLISÃO TRASEIRA;CÉU CLARO;MÚLTIPLA;"RETA;INTERSEÇÃO DE VIAS";SIM;0
MS;BR-163;MUNDO NOVO;7;3;TERÇA-FEIRA;1;0;15;15H-17H;TARDE;PLENO DIA;AUSÊNCIA DE REAÇÃO DO CONDUTOR;SAÍDA DE LEITO CARROÇÁVEL;CÉU CLARO;SIMPLES;RETA;NÃO;0
RS;BR-392;CERRO LARGO;7;3;TERÇA-FEIRA;1;0;16;15H-17H;TARDE;PLENO DIA;REAÇÃO TARDIA OU INEFICIENTE DO CONDUTOR;SAÍDA DE LEITO CARROÇÁVEL;CÉU CLARO;SIMPLES;CURVA;NÃO;0
RJ;BR-465;SEROPEDICA;7;3;TERÇA-FEIRA;1;0;15;15H-17H;TARDE;PLENO DIA;CONVERSÃO PROIBIDA;COLISÃO TRANSVERSAL;CÉU CLARO;SIMPLES;RETA;SIM;0
SC;BR-101;PAULO LOPES;7;3;TERÇA-FEIRA;1;0;13;12H-14H;TARDE;PLENO DIA;AUSÊNCIA DE REAÇÃO DO CONDUTOR;SAÍDA DE LEITO CARROÇÁVEL;SOL;DUPLA;RETA;NÃO;0
SC;BR-280;ARAQUARI;7;3;TERÇA-FEIRA;1;0;16;15H-17H;TARDE;PLENO DIA;ACESSAR A VIA SEM OBSERVAR A PRESENÇA DOS OUTROS VEÍCULOS;COLISÃO TRANSVERSAL;CÉU CLARO;SIMPLES;RETA;SIM;0
PR;BR-376;MANDAGUARI;7;3;TERÇA-FEIRA;1;0;16;15H-17H;TARDE;PLENO DIA;RETORNO PROIBIDO;COLISÃO TRANSVERSAL;CÉU CLARO;SIMPLES;RETA;SIM;0
RN;BR-101;PARNAMIRIM;7;3;TERÇA-FEIRA;1;0;17;15H-17H;TARDE;ANOITECER;FREAR BRUSCAMENTE;COLISÃO TRASEIRA;NUBLADO;MÚLTIPLA;VIADUTO;SIM;0
TO;BR-IGNORADA;ARAGUAINA;7;3;TERÇA-FEIRA;1;0;14;12H-14H;TARDE;PLENO DIA;TRANSITAR NA CONTRAMÃO;COLISÃO LATERAL MESMO SENTIDO;CÉU CLARO;DUPLA;RETA;SIM;0
PE;BR-232;SERRA TALHADA;7;3;TERÇA-FEIRA;1;0;16;15H-17H;TARDE;PLENO DIA;ACUMULO DE AREIA OU DETRITOS SOBRE O PAVIMENTO;TOMBAMENTO;NUBLADO;SIMPLES;"RETA;PONTE";NÃO;0
SC;BR-470;RIO DO SUL;7;3;TERÇA-FEIRA;1;0;17;15H-17H;TARDE;PLENO DIA;OBJETO ESTÁTICO SOBRE O LEITO CARROÇÁVEL;COLISÃO COM OBJETO;SOL;SIMPLES;RETA;NÃO;0
PB;BR-101;JOAO PESSOA;7;3;TERÇA-FEIRA;1;0;17;15H-17H;TARDE;ANOITECER;CONDUTOR DEIXOU DE MANTER DISTÂNCIA DO VEÍCULO DA FRENTE;COLISÃO TRANSVERSAL;CÉU CLARO;DUPLA;RETORNO REGULAMENTADO;SIM;0
MG;BR-381;BETIM;6;2;SEXTA-FEIRA;4;0;19;18H-20H;NOITE;PLENA NOITE;AUSÊNCIA DE REAÇÃO DO CONDUTOR;COLISÃO TRASEIRA;CÉU CLARO;DUPLA;"RETA;DECLIVE";NÃO;0
PB;BR-230;JOAO PESSOA;7;3;TERÇA-FEIRA;1;0;17;15H-17H;TARDE;ANOITECER;REAÇÃO TARDIA OU INEFICIENTE DO CONDUTOR;TOMBAMENTO;CÉU CLARO;DUPLA;RETA;SIM;0
SC;BR-101;SAO JOSE;7;3;TERÇA-FEIRA;1;0;17;15H-17H;TARDE;ANOITECER;CONDUTOR DEIXOU DE MANTER DISTÂNCIA DO VEÍCULO DA FRENTE;COLISÃO TRANSVERSAL;CÉU CLARO;DUPLA;"CURVA;INTERSEÇÃO DE VIAS";SIM;0
SC;BR-282;PALHOCA;7;3;TERÇA-FEIRA;1;0;18;18H-20H;NOITE;PLENA NOITE;ACESSAR A VIA SEM OBSERVAR A PRESENÇA DOS OUTROS VEÍCULOS;COLISÃO TRANSVERSAL;CÉU CLARO;SIMPLES;INTERSEÇÃO DE VIAS;NÃO;0
PR;BR-IGNORADA;SANTA TEREZINHA DE ITAIPU;7;3;TERÇA-FEIRA;1;0;18;18H-20H;NOITE;ANOITECER;REAÇÃO TARDIA OU INEFICIENTE DO CONDUTOR;COLISÃO TRASEIRA;CÉU CLARO;DUPLA;RETA;SIM;0
SC;BR-282;LAGES;7;3;TERÇA-FEIRA;1;0;12;12H-14H;TARDE;PLENO DIA;ANIMAIS NA PISTA;ATROPELAMENTO DE ANIMAL;NUBLADO;SIMPLES;RETA;NÃO;0
PR;BR-163;GUAIRA;7;3;TERÇA-FEIRA;1;0;18;18H-20H;NOITE;ANOITECER;CONDUTOR DEIXOU DE MANTER DISTÂNCIA DO VEÍCULO DA FRENTE;COLISÃO TRASEIRA;CÉU CLARO;SIMPLES;RETA;NÃO;0
SC;BR-153;CONCORDIA;7;3;TERÇA-FEIRA;1;0;18;18H-20H;NOITE;PLENA NOITE;ACESSO IRREGULAR;COLISÃO FRONTAL;CÉU CLARO;SIMPLES;CURVA;NÃO;0
PR;BR-376;CURITIBA;7;3;TERÇA-FEIRA;1;0;17;15H-17H;TARDE;ANOITECER;TRAFEGAR COM MOTOCICLETA (OU SIMILAR) ENTRE AS FAIXAS;COLISÃO TRASEIRA;CÉU CLARO;DUPLA;VIADUTO;SIM;0
PR;BR-277;BALSA NOVA;7;3;TERÇA-FEIRA;1;0;17;15H-17H;TARDE;PLENO DIA;ACESSAR A VIA SEM OBSERVAR A PRESENÇA DOS OUTROS VEÍCULOS;SAÍDA DE LEITO CARROÇÁVEL;CÉU CLARO;SIMPLES;"DECLIVE;RETA";NÃO;0
PE;BR-101;ABREU E LIMA;7;3;TERÇA-FEIRA;1;0;19;18H-20H;NOITE;PLENA NOITE;REAÇÃO TARDIA OU INEFICIENTE DO CONDUTOR;TOMBAMENTO;CÉU CLARO;MÚLTIPLA;RETA;NÃO;0
SC;BR-101;TUBARAO;7;3;TERÇA-FEIRA;1;0;18;18H-20H;NOITE;PLENA NOITE;REAÇÃO TARDIA OU INEFICIENTE DO CONDUTOR;QUEDA DE OCUPANTE DE VEÍCULO;CÉU CLARO;DUPLA;RETA;SIM;0
PR;BR-277;FOZ DO IGUACU;7;3;TERÇA-FEIRA;1;0;18;18H-20H;NOITE;ANOITECER;ENTRADA INOPINADA DO PEDESTRE;ATROPELAMENTO DE PEDESTRE;CÉU CLARO;DUPLA;RETA;SIM;0
RS;BR-116;PELOTAS;7;3;TERÇA-FEIRA;1;0;18;18H-20H;NOITE;PLENA NOITE;ACESSAR A VIA SEM OBSERVAR A PRESENÇA DOS OUTROS VEÍCULOS;COLISÃO TRANSVERSAL;NUBLADO;MÚLTIPLA;VIADUTO;SIM;0
MA;BR-135;SAO LUIS;7;3;TERÇA-FEIRA;1;0;18;18H-20H;NOITE;PLENA NOITE;ENTRADA INOPINADA DO PEDESTRE;ATROPELAMENTO DE PEDESTRE;CÉU CLARO;DUPLA;DECLIVE;SIM;0
RJ;BR-393;BARRA DO PIRAI;7;3;TERÇA-FEIRA;1;0;19;18H-20H;NOITE;PLENA NOITE;INGESTÃO DE ÁLCOOL PELO CONDUTOR;TOMBAMENTO;CÉU CLARO;SIMPLES;RETA;NÃO;0
RO;BR-364;PORTO VELHO;7;3;TERÇA-FEIRA;1;0;17;15H-17H;TARDE;ANOITECER;ACESSAR A VIA SEM OBSERVAR A PRESENÇA DOS OUTROS VEÍCULOS;COLISÃO LATERAL MESMO SENTIDO;CÉU CLARO;DUPLA;"RETA;INTERSEÇÃO DE VIAS";SIM;0
RS;BR-386;MONTENEGRO;7;3;TERÇA-FEIRA;1;0;20;18H-20H;NOITE;PLENO DIA;DEMAIS FALHAS MECÂNICAS OU ELÉTRICAS;TOMBAMENTO;CÉU CLARO;DUPLA;"RETA;VIADUTO";NÃO;0
GO;BR-153;PIRENOPOLIS;7;3;TERÇA-FEIRA;1;0;19;18H-20H;NOITE;PLENA NOITE;ACESSAR A VIA SEM OBSERVAR A PRESENÇA DOS OUTROS VEÍCULOS;COLISÃO TRANSVERSAL;CÉU CLARO;SIMPLES;INTERSEÇÃO DE VIAS;NÃO;0
ES;BR-101;SOORETAMA;5;2;SEXTA-FEIRA;4;0;19;18H-20H;NOITE;PLENA NOITE;AUSÊNCIA DE REAÇÃO DO CONDUTOR;QUEDA DE OCUPANTE DE VEÍCULO;CÉU CLARO;SIMPLES;RETA;SIM;0
SC;BR-116;LAGES;7;3;TERÇA-FEIRA;1;0;17;15H-17H;TARDE;PLENO DIA;SUICÍDIO (PRESUMIDO);COLISÃO COM OBJETO;NUBLADO;SIMPLES;CURVA;NÃO;0
MG;BR-116;MURIAE;7;3;TERÇA-FEIRA;1;0;18;18H-20H;NOITE;PLENA NOITE;INGESTÃO DE ÁLCOOL PELO CONDUTOR;TOMBAMENTO;CÉU CLARO;SIMPLES;RETA;SIM;0
RJ;BR-116;MAGE;7;3;TERÇA-FEIRA;1;0;18;18H-20H;NOITE;PLENA NOITE;ACESSAR A VIA SEM OBSERVAR A PRESENÇA DOS OUTROS VEÍCULOS;COLISÃO LATERAL MESMO SENTIDO;NUBLADO;DUPLA;"RETA;DESVIO TEMPORÁRIO";NÃO;0
RJ;BR-040;DUQUE DE CAXIAS;7;3;TERÇA-FEIRA;1;0;18;18H-20H;NOITE;PLENA NOITE;REAÇÃO TARDIA OU INEFICIENTE DO CONDUTOR;COLISÃO TRASEIRA;CÉU CLARO;MÚLTIPLA;RETA;SIM;0
ES;BR-101;LINHARES;5;2;SEXTA-FEIRA;4;0;18;18H-20H;NOITE;ANOITECER;ACESSAR A VIA SEM OBSERVAR A PRESENÇA DOS OUTROS VEÍCULOS;COLISÃO TRANSVERSAL;CÉU CLARO;SIMPLES;CURVA;NÃO;0
SP;BR-116;GUARULHOS;7;3;TERÇA-FEIRA;1;0;20;18H-20H;NOITE;PLENA NOITE;SINALIZAÇÃO MAL POSICIONADA;COLISÃO COM OBJETO;CÉU CLARO;MÚLTIPLA;"RETA;EM OBRAS;DESVIO TEMPORÁRIO";SIM;0
MT;BR-163;RONDONOPOLIS;7;3;TERÇA-FEIRA;1;0;17;15H-17H;TARDE;ANOITECER;REAÇÃO TARDIA OU INEFICIENTE DO CONDUTOR;COLISÃO LATERAL MESMO SENTIDO;CÉU CLARO;DUPLA;CURVA;SIM;0
PR;BR-116;MANDIRITUBA;7;3;TERÇA-FEIRA;1;0;21;21H-23H;NOITE;PLENA NOITE;AUSÊNCIA DE REAÇÃO DO CONDUTOR;SAÍDA DE LEITO CARROÇÁVEL;NEVOEIRO/NEBLINA;SIMPLES;CURVA;NÃO;0
RN;BR-427;JARDIM DO SERIDO;7;3;TERÇA-FEIRA;1;0;18;18H-20H;NOITE;PLENA NOITE;CONDUTOR DEIXOU DE MANTER DISTÂNCIA DO VEÍCULO DA FRENTE;COLISÃO TRASEIRA;CÉU CLARO;SIMPLES;RETA;NÃO;0
SC;BR-101;SAO JOSE;7;3;TERÇA-FEIRA;1;0;21;21H-23H;NOITE;PLENA NOITE;REAÇÃO TARDIA OU INEFICIENTE DO CONDUTOR;TOMBAMENTO;NUBLADO;MÚLTIPLA;CURVA;SIM;0
MA;BR-316;ALTO ALEGRE DO MARANHAO;7;3;TERÇA-FEIRA;1;0;19;18H-20H;NOITE;PLENA NOITE;ILUMINAÇÃO DEFICIENTE;TOMBAMENTO;NUBLADO;SIMPLES;RETA;NÃO;1
GO;BR-070;AGUAS LINDAS DE GOIAS;4;2;TERÇA-FEIRA;1;0;19;18H-20H;NOITE;PLENA NOITE;ILUMINAÇÃO DEFICIENTE;ATROPELAMENTO DE PEDESTRE;CÉU CLARO;DUPLA;"CURVA;ACLIVE";SIM;0
PE;BR-101;RECIFE;7;3;TERÇA-FEIRA;1;0;21;21H-23H;NOITE;PLENA NOITE;DEMAIS FALHAS MECÂNICAS OU ELÉTRICAS;QUEDA DE OCUPANTE DE VEÍCULO;NUBLADO;MÚLTIPLA;RETA;SIM;0
GO;BR-060;SANTO ANTONIO DA BARRA;7;3;TERÇA-FEIRA;1;0;18;18H-20H;NOITE;ANOITECER;MAL SÚBITO DO CONDUTOR;SAÍDA DE LEITO CARROÇÁVEL;CÉU CLARO;DUPLA;RETA;SIM;0
MG;BR-040;CONGONHAS;7;3;TERÇA-FEIRA;1;0;20;18H-20H;NOITE;PLENA NOITE;AUSÊNCIA DE REAÇÃO DO CONDUTOR;SAÍDA DE LEITO CARROÇÁVEL;CÉU CLARO;SIMPLES;CURVA;NÃO;0
SC;BR-280;GUARAMIRIM;7;3;TERÇA-FEIRA;1;0;17;15H-17H;TARDE;ANOITECER;ACESSAR A VIA SEM OBSERVAR A PRESENÇA DOS OUTROS VEÍCULOS;COLISÃO TRANSVERSAL;CÉU CLARO;SIMPLES;"INTERSEÇÃO DE VIAS;RETA;ROTATÓRIA";NÃO;0
RJ;BR-101;PARATY;7;3;TERÇA-FEIRA;1;0;18;18H-20H;NOITE;PLENA NOITE;PEDESTRE ANDAVA NA PISTA;ATROPELAMENTO DE PEDESTRE;CÉU CLARO;SIMPLES;CURVA;NÃO;0
AP;BR-210;MACAPA;7;3;TERÇA-FEIRA;1;0;22;21H-23H;NOITE;PLENA NOITE;AFUNDAMENTO OU ONDULAÇÃO NO PAVIMENTO;COLISÃO FRONTAL;CÉU CLARO;SIMPLES;RETA;SIM;0
DF;BR-070;BRASILIA;7;3;TERÇA-FEIRA;1;0;22;21H-23H;NOITE;PLENA NOITE;AUSÊNCIA DE REAÇÃO DO CONDUTOR;COLISÃO COM OBJETO;CÉU CLARO;DUPLA;ROTATÓRIA;SIM;0
RJ;BR-040;DUQUE DE CAXIAS;7;3;TERÇA-FEIRA;1;0;19;18H-20H;NOITE;PLENA NOITE;REAÇÃO TARDIA OU INEFICIENTE DO CONDUTOR;COLISÃO TRASEIRA;CÉU CLARO;MÚLTIPLA;RETA;SIM;0
RO;BR-364;JI-PARANA;7;3;SEXTA-FEIRA;4;0;17;15H-17H;TARDE;ANOITECER;VELOCIDADE INCOMPATÍVEL;COLISÃO TRASEIRA;CÉU CLARO;DUPLA;RETA;SIM;0
BA;BR-110;NOVA SOURE;7;3;TERÇA-FEIRA;1;0;20;18H-20H;NOITE;PLENA NOITE;ACESSAR A VIA SEM OBSERVAR A PRESENÇA DOS OUTROS VEÍCULOS;COLISÃO TRANSVERSAL;CÉU CLARO;SIMPLES;INTERSEÇÃO DE VIAS;SIM;0
RS;BR-448;ESTEIO;7;3;TERÇA-FEIRA;1;0;22;21H-23H;NOITE;PLENA NOITE;REAÇÃO TARDIA OU INEFICIENTE DO CONDUTOR;TOMBAMENTO;CÉU CLARO;DUPLA;CURVA;SIM;0
RJ;BR-101;ITAGUAI;7;3;TERÇA-FEIRA;1;0;22;21H-23H;NOITE;PLENA NOITE;AUSÊNCIA DE REAÇÃO DO CONDUTOR;COLISÃO TRASEIRA;CÉU CLARO;DUPLA;RETA;NÃO;0
PI;BR-316;GEMINIANO;7;3;TERÇA-FEIRA;1;0;21;21H-23H;NOITE;PLENA NOITE;ANIMAIS NA PISTA;ATROPELAMENTO DE ANIMAL;CÉU CLARO;SIMPLES;RETA;NÃO;0
RJ;BR-116;ITATIAIA;7;3;TERÇA-FEIRA;1;0;22;21H-23H;NOITE;PLENA NOITE;OBJETO ESTÁTICO SOBRE O LEITO CARROÇÁVEL;COLISÃO COM OBJETO;CÉU CLARO;SIMPLES;RETA;NÃO;0
SC;BR-470;RIO DO SUL;7;3;TERÇA-FEIRA;1;0;23;21H-23H;NOITE;PLENA NOITE;REAÇÃO TARDIA OU INEFICIENTE DO CONDUTOR;SAÍDA DE LEITO CARROÇÁVEL;CÉU CLARO;SIMPLES;ROTATÓRIA;NÃO;0
BA;BR-110;PAULO AFONSO;7;3;TERÇA-FEIRA;1;0;22;21H-23H;NOITE;PLENA NOITE;ANIMAIS NA PISTA;ATROPELAMENTO DE ANIMAL;NUBLADO;SIMPLES;RETA;NÃO;0
MG;BR-381;ANTONIO DIAS;7;3;SEGUNDA-FEIRA;0;0;12;12H-14H;TARDE;PLENO DIA;REAÇÃO TARDIA OU INEFICIENTE DO CONDUTOR;COLISÃO TRASEIRA;NUBLADO;DUPLA;RETA;NÃO;0
MG;BR-262;JUATUBA;7;3;QUARTA-FEIRA;2;0;0;00H-02H;MADRUGADA;PLENA NOITE;REAÇÃO TARDIA OU INEFICIENTE DO CONDUTOR;COLISÃO TRASEIRA;NUBLADO;DUPLA;RETA;NÃO;0
SP;BR-153;NOVA GRANADA;7;3;TERÇA-FEIRA;1;0;23;21H-23H;NOITE;PLENA NOITE;VELOCIDADE INCOMPATÍVEL;SAÍDA DE LEITO CARROÇÁVEL;CÉU CLARO;SIMPLES;ROTATÓRIA;SIM;0
DF;BR-070;BRASILIA;7;3;QUARTA-FEIRA;2;0;1;00H-02H;MADRUGADA;PLENA NOITE;AUSÊNCIA DE REAÇÃO DO CONDUTOR;SAÍDA DE LEITO CARROÇÁVEL;CÉU CLARO;DUPLA;RETA;NÃO;0
SP;BR-153;JOSE BONIFACIO;7;3;QUARTA-FEIRA;2;0;1;00H-02H;MADRUGADA;PLENA NOITE;AUSÊNCIA DE REAÇÃO DO CONDUTOR;TOMBAMENTO;CÉU CLARO;SIMPLES;RETA;SIM;0
GO;BR-153;JARAGUA;7;3;QUARTA-FEIRA;2;0;5;03H-05H;MADRUGADA;AMANHECER;ACESSAR A VIA SEM OBSERVAR A PRESENÇA DOS OUTROS VEÍCULOS;COLISÃO TRANSVERSAL;CÉU CLARO;SIMPLES;"INTERSEÇÃO DE VIAS;RETA";SIM;0
PI;BR-316;TERESINA;7;3;QUARTA-FEIRA;2;0;6;06H-08H;MANHA;AMANHECER;CONDUTOR DEIXOU DE MANTER DISTÂNCIA DO VEÍCULO DA FRENTE;COLISÃO TRASEIRA;CÉU CLARO;MÚLTIPLA;RETA;SIM;0
MG;BR-262;IGARATINGA;7;3;QUARTA-FEIRA;2;0;3;03H-05H;MADRUGADA;PLENA NOITE;CONDUTOR DORMINDO;SAÍDA DE LEITO CARROÇÁVEL;VENTO;DUPLA;RETA;NÃO;0
SP;BR-116;LAVRINHAS;7;3;QUARTA-FEIRA;2;0;5;03H-05H;MADRUGADA;PLENA NOITE;CONDUTOR DORMINDO;COLISÃO TRASEIRA;CÉU CLARO;DUPLA;RETA;NÃO;0
PB;BR-101;JOAO PESSOA;7;3;QUARTA-FEIRA;2;0;6;06H-08H;MANHA;PLENO DIA;ACESSAR A VIA SEM OBSERVAR A PRESENÇA DOS OUTROS VEÍCULOS;COLISÃO TRANSVERSAL;CÉU CLARO;MÚLTIPLA;"RETA;RETORNO REGULAMENTADO";SIM;0