uf;br_formatada;municipio;mes;trimestre;dia_semana;dia_semana_num;fim_de_semana;hora;faixa_horaria;turno;fase_dia;causa_acidente;tipo_acidente;condicao_metereologica;tipo_pista;tracado_via;uso_solo;acidente_fatal
RS;BR-448;CANOAS;7;3;QUARTA-FEIRA;2;0;22;21H-23H;NOITE;PLENA NOITE;DEMAIS FALHAS MECÂNICAS OU ELÉTRICAS;QUEDA DE OCUPANTE DE VEÍCULO;CÉU CLARO;MÚLTIPLA;RETA;NÃO;0
MG;BR-459;CONGONHAL;7;3;QUARTA-FEIRA;2;0;23;21H-23H;NOITE;PLENA NOITE;VELOCIDADE INCOMPATÍVEL;TOMBAMENTO;CÉU CLARO;SIMPLES;RETA;NÃO;0
PR;BR-116;CURITIBA;7;3;QUARTA-FEIRA;2;0;23;21H-23H;NOITE;PLENA NOITE;DEMAIS FALHAS MECÂNICAS OU ELÉTRICAS;INCÊNDIO;CÉU CLARO;DUPLA;CURVA;NÃO;0
PE;BR-101;GOIANA;7;3;QUARTA-FEIRA;2;0;23;21H-23H;NOITE;PLENA NOITE;REAÇÃO TARDIA OU INEFICIENTE DO CONDUTOR;QUEDA DE OCUPANTE DE VEÍCULO;CÉU CLARO;SIMPLES;RETA;NÃO;0
ES;BR-393;CACHOEIRO DE ITAPEMIRIM;7;3;QUARTA-FEIRA;2;0;20;18H-20H;NOITE;PLENA NOITE;ANIMAIS NA PISTA;ATROPELAMENTO DE ANIMAL;CÉU CLARO;SIMPLES;RETA;NÃO;0
AM;BR-174;MANAUS;7;3;QUARTA-FEIRA;2;0;23;21H-23H;NOITE;PLENA NOITE;REAÇÃO TARDIA OU INEFICIENTE DO CONDUTOR;COLISÃO TRASEIRA;CÉU CLARO;SIMPLES;DECLIVE;NÃO;1
SC;BR-470;BLUMENAU;7;3;QUINTA-FEIRA;3;0;4;03H-05H;MADRUGADA;PLENA NOITE;DEMAIS FALHAS MECÂNICAS OU ELÉTRICAS;COLISÃO COM OBJETO;CÉU CLARO;DUPLA;CURVA;SIM;0
RJ;BR-116;RIO DE JANEIRO;7;3;QUINTA-FEIRA;3;0;4;03H-05H;MADRUGADA;AMANHECER;AUSÊNCIA DE REAÇÃO DO CONDUTOR;TOMBAMENTO;NUBLADO;SIMPLES;RETA;NÃO;0
RS;BR-448;PORTO ALEGRE;7;3;QUINTA-FEIRA;3;0;6;06H-08H;MANHA;AMANHECER;CHUVA;COLISÃO COM OBJETO;CHUVA;DUPLA;"ACLIVE;CURVA";SIM;0
SC;BR-101;PAULO LOPES;7;3;QUINTA-FEIRA;3;0;5;03H-05H;MADRUGADA;AMANHECER;ULTRAPASSAGEM INDEVIDA;COLISÃO TRANSVERSAL;CÉU CLARO;SIMPLES;"ACLIVE;RETA";NÃO;0
MS;BR-163;CAMPO GRANDE;7;3;QUARTA-FEIRA;2;0;20;18H-20H;NOITE;PLENA NOITE;AUSÊNCIA DE REAÇÃO DO CONDUTOR;COLISÃO COM OBJETO;CÉU CLARO;SIMPLES;"RETA;ACLIVE";NÃO;0
GO;BR-364;PARANAIGUARA;7;3;QUARTA-FEIRA;2;0;20;18H-20H;NOITE;PLENA NOITE;AUSÊNCIA DE REAÇÃO DO CONDUTOR;COLISÃO COM OBJETO;CÉU CLARO;SIMPLES;CURVA;NÃO;0
CE;BR-304;ARACATI;7;3;QUINTA-FEIRA;3;0;6;06H-08H;MANHA;PLENO DIA;REAÇÃO TARDIA OU INEFICIENTE DO CONDUTOR;COLISÃO TRASEIRA;SOL;DUPLA;CURVA;NÃO;0
BA;BR-116;SANTO ESTEVAO;7;3;QUINTA-FEIRA;3;0;6;06H-08H;MANHA;AMANHECER;CONDUTOR DORMINDO;COLISÃO COM OBJETO;CÉU CLARO;DUPLA;RETA;NÃO;0
ES;BR-393;MUQUI;7;3;QUINTA-FEIRA;3;0;5;03H-05H;MADRUGADA;AMANHECER;ANIMAIS NA PISTA;ATROPELAMENTO DE ANIMAL;NEVOEIRO/NEBLINA;SIMPLES;RETA;NÃO;0
MT;BR-364;VARZEA GRANDE;7;3;QUARTA-FEIRA;2;0;17;15H-17H;TARDE;PLENA NOITE;REAÇÃO TARDIA OU INEFICIENTE DO CONDUTOR;COLISÃO LATERAL MESMO SENTIDO;CÉU CLARO;DUPLA;RETA;SIM;0
PR;BR-369;CASCAVEL;7;3;QUINTA-FEIRA;3;0;7;06H-08H;MANHA;PLENO DIA;ACESSAR A VIA SEM OBSERVAR A PRESENÇA DOS OUTROS VEÍCULOS;COLISÃO TRANSVERSAL;SOL;SIMPLES;"INTERSEÇÃO DE VIAS;ROTATÓRIA";NÃO;0
CE;BR-222;FORTALEZA;7;3;QUINTA-FEIRA;3;0;7;06H-08H;MANHA;PLENO DIA;FREAR BRUSCAMENTE;COLISÃO TRASEIRA;CÉU CLARO;MÚLTIPLA;RETA;NÃO;0
MG;BR-381;BETIM;7;3;QUINTA-FEIRA;3;0;7;06H-08H;MANHA;PLENO DIA;AUSÊNCIA DE REAÇÃO DO CONDUTOR;COLISÃO COM OBJETO;SOL;MÚLTIPLA;RETA;SIM;0
MG;BR-381;BETIM;7;3;QUINTA-FEIRA;3;0;8;06H-08H;MANHA;PLENO DIA;MANOBRA DE MUDANÇA DE FAIXA;COLISÃO LATERAL MESMO SENTIDO;CÉU CLARO;MÚLTIPLA;"DECLIVE;RETA";SIM;0
MG;BR-040;SIMAO PEREIRA;7;3;QUINTA-FEIRA;3;0;7;06H-08H;MANHA;PLENO DIA;CONDUTOR DORMINDO;COLISÃO COM OBJETO;NUBLADO;DUPLA;CURVA;NÃO;0
SC;BR-101;JOINVILLE;7;3;QUINTA-FEIRA;3;0;7;06H-08H;MANHA;PLENO DIA;TRAFEGAR COM MOTOCICLETA (OU SIMILAR) ENTRE AS FAIXAS;COLISÃO TRASEIRA;SOL;DUPLA;CURVA;SIM;0
RS;BR-386;NOVA SANTA RITA;7;3;QUINTA-FEIRA;3;0;8;06H-08H;MANHA;PLENO DIA;CHUVA;SAÍDA DE LEITO CARROÇÁVEL;CHUVA;DUPLA;RETA;NÃO;0
AP;BR-IGNORADA;MACAPA;7;3;QUINTA-FEIRA;3;0;8;06H-08H;MANHA;PLENO DIA;REAÇÃO TARDIA OU INEFICIENTE DO CONDUTOR;COLISÃO TRASEIRA;CÉU CLARO;DUPLA;RETA;SIM;0
RS;BR-290;BUTIA;7;3;QUINTA-FEIRA;3;0;7;06H-08H;MANHA;PLENO DIA;ACESSAR A VIA SEM OBSERVAR A PRESENÇA DOS OUTROS VEÍCULOS;COLISÃO TRANSVERSAL;CHUVA;SIMPLES;"INTERSEÇÃO DE VIAS;ACLIVE;RETA";SIM;0
ES;BR-101;SERRA;7;3;QUINTA-FEIRA;3;0;9;09H-11H;MANHA;PLENO DIA;VELOCIDADE INCOMPATÍVEL;QUEDA DE OCUPANTE DE VEÍCULO;SOL;MÚLTIPLA;RETA;SIM;0
MG;BR-381;NAQUE;7;3;QUINTA-FEIRA;3;0;8;06H-08H;MANHA;PLENO DIA;AUSÊNCIA DE REAÇÃO DO CONDUTOR;COLISÃO TRASEIRA;CÉU CLARO;SIMPLES;RETA;NÃO;1
SC;BR-282;AGUAS MORNAS;6;2;SEXTA-FEIRA;4;0;22;21H-23H;NOITE;PLENA NOITE;VELOCIDADE INCOMPATÍVEL;COLISÃO FRONTAL;CHUVA;SIMPLES;"DECLIVE;CURVA";NÃO;0
PE;BR-101;ABREU E LIMA;7;3;QUINTA-FEIRA;3;0;9;09H-11H;MANHA;PLENO DIA;DESRESPEITAR A PREFERÊNCIA NO CRUZAMENTO;COLISÃO TRANSVERSAL;CÉU CLARO;MÚLTIPLA;"RETA;RETORNO REGULAMENTADO";SIM;0
SP;BR-153;SAO JOSE DO RIO PRETO;7;3;QUINTA-FEIRA;3;0;9;09H-11H;MANHA;PLENO DIA;ACESSAR A VIA SEM OBSERVAR A PRESENÇA DOS OUTROS VEÍCULOS;COLISÃO LATERAL MESMO SENTIDO;CÉU CLARO;DUPLA;RETA;SIM;0
PR;BR-376;MANDAGUACU;7;3;QUINTA-FEIRA;3;0;8;06H-08H;MANHA;PLENO DIA;ENTRADA INOPINADA DO PEDESTRE;ATROPELAMENTO DE PEDESTRE;CÉU CLARO;DUPLA;CURVA;SIM;1
PE;BR-101;ABREU E LIMA;7;3;QUINTA-FEIRA;3;0;10;09H-11H;MANHA;PLENO DIA;CONDUTOR DEIXOU DE MANTER DISTÂNCIA DO VEÍCULO DA FRENTE;COLISÃO TRASEIRA;CÉU CLARO;DUPLA;RETA;SIM;0
RJ;BR-116;SAO JOAO DE MERITI;7;3;QUINTA-FEIRA;3;0;10;09H-11H;MANHA;PLENO DIA;AUSÊNCIA DE REAÇÃO DO CONDUTOR;TOMBAMENTO;SOL;MÚLTIPLA;RETA;NÃO;0
RN;BR-101;NATAL;7;3;QUINTA-FEIRA;3;0;10;09H-11H;MANHA;PLENO DIA;ACESSAR A VIA SEM OBSERVAR A PRESENÇA DOS OUTROS VEÍCULOS;QUEDA DE OCUPANTE DE VEÍCULO;NUBLADO;DUPLA;RETA;SIM;0
BA;BR-101;CACHOEIRA;7;3;QUINTA-FEIRA;3;0;0;00H-02H;MADRUGADA;PLENA NOITE;ANIMAIS NA PISTA;ATROPELAMENTO DE ANIMAL;CÉU CLARO;SIMPLES;RETA;NÃO;0
PR;BR-376;MAUA DA SERRA;7;3;QUINTA-FEIRA;3;0;9;09H-11H;MANHA;PLENO DIA;REAÇÃO TARDIA OU INEFICIENTE DO CONDUTOR;COLISÃO COM OBJETO;CÉU CLARO;DUPLA;CURVA;NÃO;0
GO;BR-060;RIO VERDE;7;3;QUINTA-FEIRA;3;0;9;09H-11H;MANHA;PLENO DIA;VELOCIDADE INCOMPATÍVEL;SAÍDA DE LEITO CARROÇÁVEL;CÉU CLARO;DUPLA;RETA;NÃO;0
PR;BR-277;SAO MIGUEL DO IGUACU;7;3;QUINTA-FEIRA;3;0;6;06H-08H;MANHA;AMANHECER;AUSÊNCIA DE REAÇÃO DO CONDUTOR;SAÍDA DE LEITO CARROÇÁVEL;NEVOEIRO/NEBLINA;DUPLA;CURVA;NÃO;0
RS;BR-285;PASSO FUNDO;7;3;QUINTA-FEIRA;3;0;12;12H-14H;TARDE;PLENO DIA;ACESSAR A VIA SEM OBSERVAR A PRESENÇA DOS OUTROS VEÍCULOS;COLISÃO TRANSVERSAL;CHUVA;DUPLA;"RETA;ROTATÓRIA";SIM;0
MG;BR-365;MONTE ALEGRE DE MINAS;7;3;QUINTA-FEIRA;3;0;12;12H-14H;TARDE;PLENO DIA;REAÇÃO TARDIA OU INEFICIENTE DO CONDUTOR;TOMBAMENTO;CÉU CLARO;SIMPLES;"DECLIVE;RETA";NÃO;0
MT;BR-070;POCONE;7;3;QUINTA-FEIRA;3;0;4;03H-05H;MADRUGADA;PLENA NOITE;ACESSAR A VIA SEM OBSERVAR A PRESENÇA DOS OUTROS VEÍCULOS;COLISÃO TRANSVERSAL;CÉU CLARO;SIMPLES;CURVA;NÃO;0
GO;BR-153;URUACU;7;3;QUINTA-FEIRA;3;0;9;09H-11H;MANHA;PLENO DIA;CONDUTOR DEIXOU DE MANTER DISTÂNCIA DO VEÍCULO DA FRENTE;COLISÃO TRASEIRA;CÉU CLARO;SIMPLES;RETA;SIM;0
SC;BR-282;AGUAS MORNAS;7;3;QUINTA-FEIRA;3;0;12;12H-14H;TARDE;PLENO DIA;DEMAIS FALHAS MECÂNICAS OU ELÉTRICAS;EVENTOS ATÍPICOS;CÉU CLARO;SIMPLES;"ACLIVE;RETA";NÃO;0
MG;BR-050;DELTA;7;3;QUINTA-FEIRA;3;0;10;09H-11H;MANHA;PLENO DIA;REAÇÃO TARDIA OU INEFICIENTE DO CONDUTOR;COLISÃO TRASEIRA;CÉU CLARO;DUPLA;"EM OBRAS;DECLIVE;RETA";NÃO;0
SC;BR-101;GARUVA;7;3;QUINTA-FEIRA;3;0;10;09H-11H;MANHA;PLENO DIA;REAÇÃO TARDIA OU INEFICIENTE DO CONDUTOR;TOMBAMENTO;CÉU CLARO;MÚLTIPLA;"RETA;ROTATÓRIA";NÃO;0
GO;BR-364;MINEIROS;7;3;QUINTA-FEIRA;3;0;5;03H-05H;MADRUGADA;AMANHECER;ENTRADA INOPINADA DO PEDESTRE;ATROPELAMENTO DE PEDESTRE;CÉU CLARO;SIMPLES;"RETA;PONTE";NÃO;0
SP;BR-116;MIRACATU;7;3;QUINTA-FEIRA;3;0;13;12H-14H;TARDE;PLENO DIA;RETORNO PROIBIDO;COLISÃO TRANSVERSAL;SOL;DUPLA;RETA;NÃO;0
PE;BR-423;GARANHUNS;7;3;DOMINGO;6;1;5;03H-05H;MADRUGADA;AMANHECER;CONDUTOR DEIXOU DE MANTER DISTÂNCIA DO VEÍCULO DA FRENTE;ENGAVETAMENTO;NUBLADO;SIMPLES;"RETA;DECLIVE";NÃO;0
GO;BR-040;CRISTALINA;7;3;QUINTA-FEIRA;3;0;12;12H-14H;TARDE;PLENO DIA;REAÇÃO TARDIA OU INEFICIENTE DO CONDUTOR;SAÍDA DE LEITO CARROÇÁVEL;CÉU CLARO;SIMPLES;RETA;NÃO;0
MG;BR-116;MURIAE;7;3;QUINTA-FEIRA;3;0;9;09H-11H;MANHA;PLENO DIA;ACESSAR A VIA SEM OBSERVAR A PRESENÇA DOS OUTROS VEÍCULOS;COLISÃO TRASEIRA;CÉU CLARO;SIMPLES;CURVA;SIM;0
RN;BR-101;NATAL;7;3;QUINTA-FEIRA;3;0;13;12H-14H;TARDE;PLENO DIA;REAÇÃO TARDIA OU INEFICIENTE DO CONDUTOR;COLISÃO TRASEIRA;CÉU CLARO;DUPLA;"RETA;PONTE";NÃO;0
BA;BR-324;SALVADOR;7;3;QUINTA-FEIRA;3;0;13;12H-14H;TARDE;PLENO DIA;FREAR BRUSCAMENTE;TOMBAMENTO;CHUVA;DUPLA;RETA;NÃO;0
PR;BR-277;FOZ DO IGUACU;7;3;QUINTA-FEIRA;3;0;13;12H-14H;TARDE;PLENO DIA;CONVERSÃO PROIBIDA;COLISÃO FRONTAL;NUBLADO;DUPLA;RETA;SIM;0
SC;BR-282;VARGEM BONITA;7;3;SEGUNDA-FEIRA;0;0;1;00H-02H;MADRUGADA;PLENA NOITE;REAÇÃO TARDIA OU INEFICIENTE DO CONDUTOR;SAÍDA DE LEITO CARROÇÁVEL;CÉU CLARO;SIMPLES;RETA;NÃO;0
MG;BR-262;MOEMA;7;3;QUINTA-FEIRA;3;0;11;09H-11H;MANHA;PLENO DIA;DESRESPEITAR A PREFERÊNCIA NO CRUZAMENTO;COLISÃO TRANSVERSAL;SOL;SIMPLES;"ROTATÓRIA;INTERSEÇÃO DE VIAS";NÃO;0
PB;BR-230;PATOS;7;3;QUINTA-FEIRA;3;0;13;12H-14H;TARDE;PLENO DIA;VELOCIDADE INCOMPATÍVEL;SAÍDA DE LEITO CARROÇÁVEL;CÉU CLARO;SIMPLES;"CURVA;DECLIVE";NÃO;0
SC;BR-101;JAGUARUNA;7;3;QUINTA-FEIRA;3;0;14;12H-14H;TARDE;PLENO DIA;AUSÊNCIA DE REAÇÃO DO CONDUTOR;COLISÃO TRASEIRA;CÉU CLARO;MÚLTIPLA;"EM OBRAS;DESVIO TEMPORÁRIO;RETA";SIM;0
PB;BR-230;CAMPINA GRANDE;7;3;QUINTA-FEIRA;3;0;10;09H-11H;MANHA;PLENO DIA;ACESSAR A VIA SEM OBSERVAR A PRESENÇA DOS OUTROS VEÍCULOS;COLISÃO TRANSVERSAL;CÉU CLARO;SIMPLES;INTERSEÇÃO DE VIAS;SIM;0
BA;BR-242;MUQUEM DE SAO FRANCISCO;7;3;QUINTA-FEIRA;3;0;13;12H-14H;TARDE;PLENO DIA;DEMAIS FALHAS MECÂNICAS OU ELÉTRICAS;SAÍDA DE LEITO CARROÇÁVEL;CÉU CLARO;SIMPLES;RETA;NÃO;0
SC;BR-282;SAO JOSE;7;3;QUINTA-FEIRA;3;0;15;15H-17H;TARDE;PLENO DIA;MANOBRA DE MUDANÇA DE FAIXA;COLISÃO TRANSVERSAL;NUBLADO;DUPLA;CURVA;SIM;0
RN;BR-304;MOSSORO;7;3;QUINTA-FEIRA;3;0;13;12H-14H;TARDE;PLENO DIA;AUSÊNCIA DE REAÇÃO DO CONDUTOR;TOMBAMENTO;SOL;DUPLA;CURVA;NÃO;0
ES;BR-101;SERRA;7;3;QUINTA-FEIRA;3;0;15;15H-17H;TARDE;PLENO DIA;CONVERSÃO PROIBIDA;COLISÃO TRANSVERSAL;CÉU CLARO;SIMPLES;"RETORNO REGULAMENTADO;RETA";NÃO;0
RJ;BR-116;TERESOPOLIS;7;3;QUINTA-FEIRA;3;0;14;12H-14H;TARDE;PLENO DIA;ACESSAR A VIA SEM OBSERVAR A PRESENÇA DOS OUTROS VEÍCULOS;COLISÃO TRANSVERSAL;CÉU CLARO;SIMPLES;RETA;NÃO;0
MG;BR-381;BOM JESUS DO AMPARO;7;3;QUINTA-FEIRA;3;0;15;15H-17H;TARDE;PLENO DIA;AFUNDAMENTO OU ONDULAÇÃO NO PAVIMENTO;QUEDA DE OCUPANTE DE VEÍCULO;SOL;DUPLA;RETA;NÃO;0
CE;BR-116;FORTALEZA;7;3;QUINTA-FEIRA;3;0;15;15H-17H;TARDE;PLENO DIA;REAÇÃO TARDIA OU INEFICIENTE DO CONDUTOR;COLISÃO TRASEIRA;SOL;MÚLTIPLA;RETA;SIM;0
MG;BR-040;PARAOPEBA;7;3;QUINTA-FEIRA;3;0;15;15H-17H;TARDE;PLENO DIA;AUSÊNCIA DE REAÇÃO DO CONDUTOR;COLISÃO TRASEIRA;CÉU CLARO;DUPLA;RETA;NÃO;0
CE;BR-116;FORTALEZA;7;3;QUINTA-FEIRA;3;0;15;15H-17H;TARDE;PLENO DIA;VELOCIDADE INCOMPATÍVEL;COLISÃO TRASEIRA;CÉU CLARO;DUPLA;RETA;SIM;0
CE;BR-222;FORTALEZA;7;3;QUINTA-FEIRA;3;0;17;15H-17H;TARDE;PLENO DIA;ACESSAR A VIA SEM OBSERVAR A PRESENÇA DOS OUTROS VEÍCULOS;ATROPELAMENTO DE PEDESTRE;CÉU CLARO;DUPLA;RETA;SIM;0
BA;BR-110;RIBEIRA DO POMBAL;7;3;QUINTA-FEIRA;3;0;16;15H-17H;TARDE;PLENO DIA;AFUNDAMENTO OU ONDULAÇÃO NO PAVIMENTO;TOMBAMENTO;CÉU CLARO;SIMPLES;RETA;NÃO;0
SC;BR-101;ITAJAI;6;2;DOMINGO;6;1;17;15H-17H;TARDE;PLENO DIA;REAÇÃO TARDIA OU INEFICIENTE DO CONDUTOR;COLISÃO TRASEIRA;CÉU CLARO;DUPLA;RETA;SIM;0
RS;BR-101;TRES FORQUILHAS;7;3;QUINTA-FEIRA;3;0;16;15H-17H;TARDE;PLENO DIA;ACUMULO DE ÁGUA SOBRE O PAVIMENTO;SAÍDA DE LEITO CARROÇÁVEL;CHUVA;DUPLA;CURVA;NÃO;0
RJ;BR-101;MANGARATIBA;7;3;QUINTA-FEIRA;3;0;19;18H-20H;NOITE;PLENA NOITE;CURVA ACENTUADA;SAÍDA DE LEITO CARROÇÁVEL;CÉU CLARO;SIMPLES;CURVA;NÃO;0
PB;BR-101;BAYEUX;7;3;QUINTA-FEIRA;3;0;17;15H-17H;TARDE;PLENA NOITE;AUSÊNCIA DE REAÇÃO DO CONDUTOR;COLISÃO LATERAL MESMO SENTIDO;CÉU CLARO;DUPLA;RETA;SIM;0
MG;BR-381;JOAO MONLEVADE;7;3;QUINTA-FEIRA;3;0;17;15H-17H;TARDE;ANOITECER;TRANSITAR NO ACOSTAMENTO;COLISÃO TRANSVERSAL;CÉU CLARO;SIMPLES;"RETORNO REGULAMENTADO;INTERSEÇÃO DE VIAS";NÃO;0
RN;BR-101;NATAL;7;3;QUINTA-FEIRA;3;0;16;15H-17H;TARDE;ANOITECER;CONDUTOR DEIXOU DE MANTER DISTÂNCIA DO VEÍCULO DA FRENTE;COLISÃO TRASEIRA;CÉU CLARO;MÚLTIPLA;"VIADUTO;RETA";NÃO;0
MT;BR-070;BARRA DO GARCAS;7;3;QUINTA-FEIRA;3;0;16;15H-17H;TARDE;PLENO DIA;REAÇÃO TARDIA OU INEFICIENTE DO CONDUTOR;COLISÃO TRASEIRA;CÉU CLARO;DUPLA;"ACLIVE;ROTATÓRIA";SIM;0
RS;BR-116;CAXIAS DO SUL;7;3;QUINTA-FEIRA;3;0;17;15H-17H;TARDE;ANOITECER;TRAFEGAR COM MOTOCICLETA (OU SIMILAR) ENTRE AS FAIXAS;COLISÃO TRANSVERSAL;CÉU CLARO;DUPLA;"INTERSEÇÃO DE VIAS;RETA";NÃO;0
MG;BR-040;SETE LAGOAS;7;3;QUINTA-FEIRA;3;0;18;18H-20H;NOITE;ANOITECER;MANOBRA DE MUDANÇA DE FAIXA;SAÍDA DE LEITO CARROÇÁVEL;CÉU CLARO;DUPLA;RETA;NÃO;0
MA;BR-230;BALSAS;7;3;QUINTA-FEIRA;3;0;15;15H-17H;TARDE;PLENO DIA;REAÇÃO TARDIA OU INEFICIENTE DO CONDUTOR;COLISÃO TRASEIRA;CÉU CLARO;SIMPLES;RETA;SIM;0
DF;BR-070;BRASILIA;7;3;QUINTA-FEIRA;3;0;18;18H-20H;NOITE;PLENA NOITE;MANOBRA DE MUDANÇA DE FAIXA;COLISÃO LATERAL MESMO SENTIDO;CÉU CLARO;DUPLA;RETA;SIM;0
MG;BR-040;SETE LAGOAS;7;3;QUINTA-FEIRA;3;0;18;18H-20H;NOITE;PLENA NOITE;DEMAIS FALHAS MECÂNICAS OU ELÉTRICAS;SAÍDA DE LEITO CARROÇÁVEL;CÉU CLARO;SIMPLES;"DECLIVE;VIADUTO;ROTATÓRIA";SIM;0
SP;BR-153;OURINHOS;7;3;QUINTA-FEIRA;3;0;18;18H-20H;NOITE;PLENA NOITE;INGESTÃO DE ÁLCOOL PELO CONDUTOR;COLISÃO TRASEIRA;CÉU CLARO;DUPLA;RETA;NÃO;0
MT;BR-163;ITAUBA;7;3;QUINTA-FEIRA;3;0;18;18H-20H;NOITE;PLENA NOITE;AUSÊNCIA DE REAÇÃO DO CONDUTOR;COLISÃO TRASEIRA;CÉU CLARO;SIMPLES;"DECLIVE;RETA";NÃO;1
SC;BR-101;BIGUACU;7;3;QUINTA-FEIRA;3;0;20;18H-20H;NOITE;PLENA NOITE;REAÇÃO TARDIA OU INEFICIENTE DO CONDUTOR;ENGAVETAMENTO;GAROA/CHUVISCO;MÚLTIPLA;RETA;SIM;0
MG;BR-267;BOM JARDIM DE MINAS;7;3;QUINTA-FEIRA;3;0;19;18H-20H;NOITE;PLENA NOITE;ACESSAR A VIA SEM OBSERVAR A PRESENÇA DOS OUTROS VEÍCULOS;ATROPELAMENTO DE PEDESTRE;CÉU CLARO;SIMPLES;"RETA;INTERSEÇÃO DE VIAS;PONTE";SIM;0
RN;BR-101;GOIANINHA;7;3;QUINTA-FEIRA;3;0;20;18H-20H;NOITE;PLENA NOITE;AFUNDAMENTO OU ONDULAÇÃO NO PAVIMENTO;COLISÃO COM OBJETO;CÉU CLARO;DUPLA;RETA;NÃO;0
MG;BR-040;SAO GONCALO DO ABAETE;7;3;QUINTA-FEIRA;3;0;19;18H-20H;NOITE;PLENA NOITE;ACESSAR A VIA SEM OBSERVAR A PRESENÇA DOS OUTROS VEÍCULOS;COLISÃO TRANSVERSAL;CÉU CLARO;SIMPLES;RETA;SIM;0
SP;BR-381;SAO PAULO;7;3;QUINTA-FEIRA;3;0;20;18H-20H;NOITE;PLENA NOITE;REAÇÃO TARDIA OU INEFICIENTE DO CONDUTOR;TOMBAMENTO;CÉU CLARO;SIMPLES;CURVA;NÃO;0
MS;BR-262;RIBAS DO RIO PARDO;7;3;QUINTA-FEIRA;3;0;18;18H-20H;NOITE;PLENA NOITE;ACESSAR A VIA SEM OBSERVAR A PRESENÇA DOS OUTROS VEÍCULOS;COLISÃO TRANSVERSAL;CÉU CLARO;SIMPLES;"RETA;INTERSEÇÃO DE VIAS";SIM;0
AL;BR-316;PALMEIRA DOS INDIOS;7;3;QUINTA-FEIRA;3;0;20;18H-20H;NOITE;PLENA NOITE;ULTRAPASSAGEM INDEVIDA;COLISÃO FRONTAL;IGNORADO;SIMPLES;ACLIVE;NÃO;0
PE;BR-428;PETROLINA;7;3;QUINTA-FEIRA;3;0;18;18H-20H;NOITE;PLENA NOITE;CONDUTOR DESRESPEITOU A ILUMINAÇÃO VERMELHA DO SEMÁFORO;COLISÃO TRANSVERSAL;CÉU CLARO;MÚLTIPLA;"INTERSEÇÃO DE VIAS;RETA;RETORNO REGULAMENTADO";SIM;0
RO;BR-174;VILHENA;7;3;QUARTA-FEIRA;2;0;22;21H-23H;NOITE;PLENA NOITE;ACESSAR A VIA SEM OBSERVAR A PRESENÇA DOS OUTROS VEÍCULOS;COLISÃO TRANSVERSAL;CÉU CLARO;DUPLA;INTERSEÇÃO DE VIAS;SIM;0
SC;BR-101;BIGUACU;7;3;QUINTA-FEIRA;3;0;19;18H-20H;NOITE;PLENA NOITE;DEMAIS FALHAS MECÂNICAS OU ELÉTRICAS;COLISÃO COM OBJETO;IGNORADO;MÚLTIPLA;"ACLIVE;RETA";SIM;1
SP;BR-116;EMBU DAS ARTES;7;3;QUINTA-FEIRA;3;0;20;18H-20H;NOITE;PLENA NOITE;MANOBRA DE MUDANÇA DE FAIXA;COLISÃO LATERAL MESMO SENTIDO;CÉU CLARO;DUPLA;"RETA;ACLIVE";SIM;0
SC;BR-101;JOINVILLE;7;3;QUINTA-FEIRA;3;0;19;18H-20H;NOITE;PLENA NOITE;AVARIAS E/OU DESGASTE EXCESSIVO NO PNEU;TOMBAMENTO;NUBLADO;DUPLA;CURVA;NÃO;0
MG;BR-050;UBERLANDIA;7;3;QUINTA-FEIRA;3;0;19;18H-20H;NOITE;PLENA NOITE;PEDESTRE CRUZAVA A PISTA FORA DA FAIXA;COLISÃO COM OBJETO;CÉU CLARO;DUPLA;RETA;SIM;0
SC;BR-101;GARUVA;7;3;QUINTA-FEIRA;3;0;17;15H-17H;TARDE;PLENO DIA;DEMAIS FALHAS MECÂNICAS OU ELÉTRICAS;COLISÃO COM OBJETO;NUBLADO;DUPLA;RETA;SIM;0
PR;BR-376;CAMPINA GRANDE DO SUL;7;3;QUINTA-FEIRA;3;0;20;18H-20H;NOITE;PLENA NOITE;AUSÊNCIA DE REAÇÃO DO CONDUTOR;COLISÃO TRASEIRA;CÉU CLARO;DUPLA;"RETA;DECLIVE";NÃO;0
RJ;BR-465;NOVA IGUACU;7;3;QUINTA-FEIRA;3;0;20;18H-20H;NOITE;PLENA NOITE;AUSÊNCIA DE REAÇÃO DO CONDUTOR;COLISÃO LATERAL MESMO SENTIDO;CÉU CLARO;SIMPLES;RETA;SIM;0
DF;BR-040;BRASILIA;7;3;QUINTA-FEIRA;3;0;21;21H-23H;NOITE;PLENA NOITE;DEMAIS FALHAS MECÂNICAS OU ELÉTRICAS;TOMBAMENTO;CÉU CLARO;DUPLA;DECLIVE;SIM;0
PR;BR-116;COLOMBO;7;3;QUINTA-FEIRA;3;0;18;18H-20H;NOITE;PLENO DIA;AUSÊNCIA DE REAÇÃO DO CONDUTOR;TOMBAMENTO;CÉU CLARO;DUPLA;"RETA;ACLIVE;VIADUTO";SIM;0
GO;BR-070;ARAGARCAS;5;2;SEXTA-FEIRA;4;0;18;18H-20H;NOITE;ANOITECER;ULTRAPASSAGEM INDEVIDA;COLISÃO LATERAL MESMO SENTIDO;CÉU CLARO;DUPLA;"ACLIVE;INTERSEÇÃO DE VIAS;RETA";SIM;0