uf;br_formatada;municipio;mes;trimestre;dia_semana;dia_semana_num;fim_de_semana;hora;faixa_horaria;turno;fase_dia;causa_acidente;tipo_acidente;condicao_metereologica;tipo_pista;tracado_via;uso_solo;acidente_fatal
MG;BR-365;UBERLANDIA;7;3;SÁBADO;5;1;20;18H-20H;NOITE;PLENA NOITE;AUSÊNCIA DE REAÇÃO DO CONDUTOR;COLISÃO LATERAL MESMO SENTIDO;CÉU CLARO;DUPLA;RETA;NÃO;0
MG;BR-459;POUSO ALEGRE;7;3;SÁBADO;5;1;22;21H-23H;NOITE;PLENA NOITE;INGESTÃO DE ÁLCOOL PELO CONDUTOR;COLISÃO COM OBJETO;CÉU CLARO;SIMPLES;"DECLIVE;CURVA";NÃO;0
ES;BR-101;SERRA;7;3;SÁBADO;5;1;21;21H-23H;NOITE;PLENA NOITE;INGESTÃO DE SUBSTÂNCIAS PSICOATIVAS PELO CONDUTOR;COLISÃO LATERAL MESMO SENTIDO;CÉU CLARO;DUPLA;"ACLIVE;RETA";SIM;0
RJ;BR-116;MAGE;7;3;SÁBADO;5;1;20;18H-20H;NOITE;PLENA NOITE;TRAFEGAR COM MOTOCICLETA (OU SIMILAR) ENTRE AS FAIXAS;COLISÃO LATERAL MESMO SENTIDO;CÉU CLARO;DUPLA;CURVA;SIM;0
PR;BR-376;APUCARANA;7;3;SÁBADO;5;1;22;21H-23H;NOITE;PLENA NOITE;INGESTÃO DE ÁLCOOL PELO CONDUTOR;SAÍDA DE LEITO CARROÇÁVEL;CÉU CLARO;DUPLA;"RETA;DECLIVE";NÃO;0
PR;BR-376;CAMBIRA;7;3;SÁBADO;5;1;21;21H-23H;NOITE;PLENA NOITE;ACESSAR A VIA SEM OBSERVAR A PRESENÇA DOS OUTROS VEÍCULOS;COLISÃO TRANSVERSAL;CÉU CLARO;DUPLA;RETORNO REGULAMENTADO;NÃO;0
BA;BR-101;CRUZ DAS ALMAS;7;3;SÁBADO;5;1;21;21H-23H;NOITE;PLENA NOITE;ACESSAR A VIA SEM OBSERVAR A PRESENÇA DOS OUTROS VEÍCULOS;COLISÃO TRANSVERSAL;CÉU CLARO;SIMPLES;"RETA;ACLIVE";NÃO;1
RO;BR-319;PORTO VELHO;7;3;SÁBADO;5;1;21;21H-23H;NOITE;PLENO DIA;REAÇÃO TARDIA OU INEFICIENTE DO CONDUTOR;COLISÃO LATERAL MESMO SENTIDO;CÉU CLARO;DUPLA;RETA;SIM;0
BA;BR-116;ARACI;7;3;SÁBADO;5;1;23;21H-23H;NOITE;PLENA NOITE;AUSÊNCIA DE REAÇÃO DO CONDUTOR;SAÍDA DE LEITO CARROÇÁVEL;CÉU CLARO;SIMPLES;RETA;NÃO;1
SP;BR-153;MIRASSOL;7;3;DOMINGO;6;1;0;00H-02H;MADRUGADA;PLENA NOITE;AVARIAS E/OU DESGASTE EXCESSIVO NO PNEU;COLISÃO COM OBJETO;CÉU CLARO;DUPLA;RETA;NÃO;0
PR;BR-158;PATO BRANCO;7;3;SÁBADO;5;1;21;21H-23H;NOITE;PLENA NOITE;ULTRAPASSAGEM INDEVIDA;SAÍDA DE LEITO CARROÇÁVEL;CÉU CLARO;SIMPLES;RETA;NÃO;1
MT;BR-364;JACIARA;7;3;SÁBADO;5;1;19;18H-20H;NOITE;PLENA NOITE;REAÇÃO TARDIA OU INEFICIENTE DO CONDUTOR;COLISÃO LATERAL MESMO SENTIDO;CÉU CLARO;DUPLA;"CURVA;DECLIVE";NÃO;1
MG;BR-050;UBERABA;7;3;SÁBADO;5;1;20;18H-20H;NOITE;PLENA NOITE;DEMAIS FALHAS MECÂNICAS OU ELÉTRICAS;TOMBAMENTO;CÉU CLARO;DUPLA;"DECLIVE;RETA";SIM;0
MG;BR-365;UBERLANDIA;7;3;SÁBADO;5;1;23;21H-23H;NOITE;PLENA NOITE;ENTRADA INOPINADA DO PEDESTRE;ATROPELAMENTO DE PEDESTRE;CÉU CLARO;DUPLA;CURVA;SIM;1
MG;BR-365;SANTA VITORIA;7;3;SÁBADO;5;1;22;21H-23H;NOITE;PLENA NOITE;AUSÊNCIA DE REAÇÃO DO CONDUTOR;COLISÃO COM OBJETO;NUBLADO;SIMPLES;"PONTE;RETA";NÃO;0
MG;BR-116;TEOFILO OTONI;7;3;SÁBADO;5;1;23;21H-23H;NOITE;PLENA NOITE;AUSÊNCIA DE REAÇÃO DO CONDUTOR;SAÍDA DE LEITO CARROÇÁVEL;CÉU CLARO;SIMPLES;"RETA;ACLIVE";NÃO;0
MG;BR-381;BETIM;7;3;DOMINGO;6;1;0;00H-02H;MADRUGADA;PLENA NOITE;AUSÊNCIA DE REAÇÃO DO CONDUTOR;SAÍDA DE LEITO CARROÇÁVEL;CÉU CLARO;SIMPLES;VIADUTO;NÃO;0
PR;BR-153;IBAITI;7;3;SÁBADO;5;1;23;21H-23H;NOITE;PLENA NOITE;REAÇÃO TARDIA OU INEFICIENTE DO CONDUTOR;COLISÃO TRANSVERSAL;CÉU CLARO;SIMPLES;RETA;NÃO;0
CE;BR-020;CAUCAIA;7;3;SÁBADO;5;1;21;21H-23H;NOITE;PLENA NOITE;INGESTÃO DE ÁLCOOL PELO CONDUTOR;COLISÃO TRASEIRA;CÉU CLARO;SIMPLES;RETA;NÃO;0
CE;BR-116;AQUIRAZ;7;3;DOMINGO;6;1;1;00H-02H;MADRUGADA;PLENA NOITE;AUSÊNCIA DE REAÇÃO DO CONDUTOR;COLISÃO COM OBJETO;NUBLADO;DUPLA;RETA;SIM;0
GO;BR-050;IPAMERI;7;3;DOMINGO;6;1;1;00H-02H;MADRUGADA;PLENA NOITE;INGESTÃO DE ÁLCOOL PELO CONDUTOR;COLISÃO TRASEIRA;CÉU CLARO;DUPLA;RETA;NÃO;0
RS;BR-290;GRAVATAI;7;3;SÁBADO;5;1;22;21H-23H;NOITE;PLENA NOITE;AUSÊNCIA DE REAÇÃO DO CONDUTOR;SAÍDA DE LEITO CARROÇÁVEL;NEVOEIRO/NEBLINA;MÚLTIPLA;CURVA;NÃO;0
SE;BR-101;NOSSA SENHORA DO SOCORRO;7;3;DOMINGO;6;1;2;00H-02H;MADRUGADA;PLENA NOITE;ANIMAIS NA PISTA;ATROPELAMENTO DE ANIMAL;CÉU CLARO;DUPLA;RETA;SIM;0
SC;BR-101;SANGAO;7;3;SÁBADO;5;1;23;21H-23H;NOITE;PLENA NOITE;AUSÊNCIA DE REAÇÃO DO CONDUTOR;ATROPELAMENTO DE PEDESTRE;NEVOEIRO/NEBLINA;MÚLTIPLA;RETA;NÃO;0
PE;BR-232;BEZERROS;7;3;DOMINGO;6;1;2;00H-02H;MADRUGADA;PLENA NOITE;ACESSAR A VIA SEM OBSERVAR A PRESENÇA DOS OUTROS VEÍCULOS;ATROPELAMENTO DE PEDESTRE;CÉU CLARO;DUPLA;RETA;SIM;1
CE;BR-116;FORTALEZA;7;3;DOMINGO;6;1;2;00H-02H;MADRUGADA;PLENA NOITE;AUSÊNCIA DE REAÇÃO DO CONDUTOR;COLISÃO COM OBJETO;NUBLADO;DUPLA;RETA;NÃO;0
BA;BR-116;VITORIA DA CONQUISTA;7;3;DOMINGO;6;1;3;03H-05H;MADRUGADA;PLENA NOITE;INGESTÃO DE ÁLCOOL PELO CONDUTOR;QUEDA DE OCUPANTE DE VEÍCULO;NUBLADO;SIMPLES;RETA;NÃO;0
BA;BR-242;CRISTOPOLIS;7;3;DOMINGO;6;1;3;03H-05H;MADRUGADA;PLENA NOITE;OBJETO ESTÁTICO SOBRE O LEITO CARROÇÁVEL;SAÍDA DE LEITO CARROÇÁVEL;CÉU CLARO;SIMPLES;RETA;NÃO;0
PR;BR-369;CAMBARA;7;3;DOMINGO;6;1;2;00H-02H;MADRUGADA;PLENA NOITE;INGESTÃO DE ÁLCOOL PELO CONDUTOR;COLISÃO COM OBJETO;CÉU CLARO;SIMPLES;RETA;NÃO;0
SP;BR-153;MARILIA;7;3;DOMINGO;6;1;3;03H-05H;MADRUGADA;PLENA NOITE;INGESTÃO DE ÁLCOOL PELO CONDUTOR;CAPOTAMENTO;CÉU CLARO;SIMPLES;RETA;NÃO;0
MG;BR-381;CAETE;7;3;DOMINGO;6;1;4;03H-05H;MADRUGADA;PLENA NOITE;AUSÊNCIA DE REAÇÃO DO CONDUTOR;SAÍDA DE LEITO CARROÇÁVEL;CÉU CLARO;DUPLA;CURVA;NÃO;0
PR;BR-163;SANTO ANTONIO DO SUDOESTE;7;3;DOMINGO;6;1;2;00H-02H;MADRUGADA;PLENA NOITE;OBJETO ESTÁTICO SOBRE O LEITO CARROÇÁVEL;COLISÃO TRASEIRA;NUBLADO;SIMPLES;"ACLIVE;RETA";NÃO;0
RS;BR-116;SAO LEOPOLDO;7;3;DOMINGO;6;1;4;03H-05H;MADRUGADA;PLENA NOITE;INGESTÃO DE ÁLCOOL PELO CONDUTOR;COLISÃO COM OBJETO;CÉU CLARO;SIMPLES;CURVA;SIM;0
SP;BR-116;SANTA ISABEL;7;3;DOMINGO;6;1;5;03H-05H;MADRUGADA;PLENA NOITE;REAÇÃO TARDIA OU INEFICIENTE DO CONDUTOR;COLISÃO COM OBJETO;IGNORADO;DUPLA;CURVA;NÃO;1
SC;BR-101;LAGUNA;7;3;DOMINGO;6;1;4;03H-05H;MADRUGADA;PLENA NOITE;INGESTÃO DE ÁLCOOL PELO CONDUTOR;COLISÃO COM OBJETO;CÉU CLARO;MÚLTIPLA;RETA;SIM;0
RS;BR-116;CAXIAS DO SUL;7;3;DOMINGO;6;1;4;03H-05H;MADRUGADA;PLENA NOITE;INGESTÃO DE ÁLCOOL PELO CONDUTOR;COLISÃO COM OBJETO;CÉU CLARO;DUPLA;"RETA;ACLIVE;VIADUTO";SIM;0
ES;BR-101;CARIACICA;7;3;DOMINGO;6;1;4;03H-05H;MADRUGADA;PLENA NOITE;VELOCIDADE INCOMPATÍVEL;SAÍDA DE LEITO CARROÇÁVEL;NUBLADO;MÚLTIPLA;CURVA;SIM;0
SC;BR-116;LAGES;7;3;DOMINGO;6;1;3;03H-05H;MADRUGADA;PLENA NOITE;AUSÊNCIA DE REAÇÃO DO CONDUTOR;CAPOTAMENTO;NUBLADO;SIMPLES;ROTATÓRIA;SIM;0
PR;BR-376;NOVA ESPERANCA;7;3;DOMINGO;6;1;5;03H-05H;MADRUGADA;AMANHECER;CONDUTOR DORMINDO;QUEDA DE OCUPANTE DE VEÍCULO;CÉU CLARO;DUPLA;RETA;NÃO;0
RS;BR-116;VACARIA;7;3;DOMINGO;6;1;5;03H-05H;MADRUGADA;PLENA NOITE;REAÇÃO TARDIA OU INEFICIENTE DO CONDUTOR;SAÍDA DE LEITO CARROÇÁVEL;CÉU CLARO;SIMPLES;"DESVIO TEMPORÁRIO;EM OBRAS;RETA";SIM;0
DF;BR-020;BRASILIA;7;3;DOMINGO;6;1;5;03H-05H;MADRUGADA;PLENA NOITE;AUSÊNCIA DE REAÇÃO DO CONDUTOR;CAPOTAMENTO;CÉU CLARO;DUPLA;"EM OBRAS;RETA";NÃO;0
MT;BR-070;BARRA DO GARCAS;7;3;DOMINGO;6;1;4;03H-05H;MADRUGADA;AMANHECER;FREAR BRUSCAMENTE;ENGAVETAMENTO;CÉU CLARO;SIMPLES;"DECLIVE;RETA";NÃO;0
SC;BR-101;SOMBRIO;7;3;SÁBADO;5;1;18;18H-20H;NOITE;PLENA NOITE;MANOBRA DE MUDANÇA DE FAIXA;COLISÃO LATERAL MESMO SENTIDO;CÉU CLARO;DUPLA;RETA;SIM;0
RJ;BR-356;CAMPOS DOS GOYTACAZES;7;3;DOMINGO;6;1;5;03H-05H;MADRUGADA;PLENA NOITE;PARTICIPAR DE RACHA;COLISÃO FRONTAL;CÉU CLARO;SIMPLES;RETA;SIM;1
RS;BR-290;ELDORADO DO SUL;7;3;DOMINGO;6;1;6;06H-08H;MANHA;PLENA NOITE;CONDUTOR DORMINDO;SAÍDA DE LEITO CARROÇÁVEL;NEVOEIRO/NEBLINA;SIMPLES;"CURVA;ACLIVE;VIADUTO";NÃO;0
SC;BR-101;BARRA VELHA;7;3;DOMINGO;6;1;2;00H-02H;MADRUGADA;PLENA NOITE;VELOCIDADE INCOMPATÍVEL;CAPOTAMENTO;CÉU CLARO;DUPLA;"RETA;INTERSEÇÃO DE VIAS";SIM;0
SC;BR-101;JOINVILLE;7;3;SÁBADO;5;1;19;18H-20H;NOITE;PLENA NOITE;PEDESTRE ANDAVA NA PISTA;ATROPELAMENTO DE PEDESTRE;CÉU CLARO;DUPLA;RETA;NÃO;0
RS;BR-153;TRES ARROIOS;7;3;DOMINGO;6;1;0;00H-02H;MADRUGADA;PLENA NOITE;ACOSTAMENTO EM DESNÍVEL;QUEDA DE OCUPANTE DE VEÍCULO;CÉU CLARO;SIMPLES;RETA;NÃO;0
SC;BR-282;VARGEM BONITA;7;3;SÁBADO;5;1;21;21H-23H;NOITE;PLENA NOITE;AUSÊNCIA DE REAÇÃO DO CONDUTOR;CAPOTAMENTO;NUBLADO;SIMPLES;ACLIVE;NÃO;0
BA;BR-349;CORRENTINA;7;3;DOMINGO;6;1;7;06H-08H;MANHA;PLENO DIA;VELOCIDADE INCOMPATÍVEL;SAÍDA DE LEITO CARROÇÁVEL;CÉU CLARO;SIMPLES;RETA;NÃO;0
RS;BR-287;SAO PEDRO DO SUL;7;3;DOMINGO;6;1;5;03H-05H;MADRUGADA;AMANHECER;INGESTÃO DE ÁLCOOL PELO CONDUTOR;COLISÃO FRONTAL;NEVOEIRO/NEBLINA;SIMPLES;RETA;NÃO;1
RJ;BR-116;MAGE;7;3;DOMINGO;6;1;1;00H-02H;MADRUGADA;PLENA NOITE;VELOCIDADE INCOMPATÍVEL;QUEDA DE OCUPANTE DE VEÍCULO;CÉU CLARO;DUPLA;RETA;NÃO;0
MG;BR-365;ITUIUTABA;7;3;DOMINGO;6;1;2;00H-02H;MADRUGADA;PLENA NOITE;REAÇÃO TARDIA OU INEFICIENTE DO CONDUTOR;COLISÃO COM OBJETO;CÉU CLARO;SIMPLES;"DECLIVE;RETA";NÃO;0
MT;BR-163;MATUPA;7;3;DOMINGO;6;1;3;03H-05H;MADRUGADA;AMANHECER;REAÇÃO TARDIA OU INEFICIENTE DO CONDUTOR;CAPOTAMENTO;CÉU CLARO;SIMPLES;"ACLIVE;CURVA";NÃO;0
RS;BR-290;ELDORADO DO SUL;7;3;DOMINGO;6;1;7;06H-08H;MANHA;PLENO DIA;VELOCIDADE INCOMPATÍVEL;COLISÃO TRASEIRA;NEVOEIRO/NEBLINA;DUPLA;RETA;NÃO;0
SC;BR-282;LAGES;7;3;DOMINGO;6;1;8;06H-08H;MANHA;PLENO DIA;AUSÊNCIA DE REAÇÃO DO CONDUTOR;SAÍDA DE LEITO CARROÇÁVEL;NEVOEIRO/NEBLINA;SIMPLES;"DECLIVE;RETA";NÃO;0
PR;BR-476;LAPA;7;3;DOMINGO;6;1;8;06H-08H;MANHA;PLENO DIA;ULTRAPASSAGEM INDEVIDA;COLISÃO LATERAL SENTIDO OPOSTO;CÉU CLARO;SIMPLES;"DECLIVE;RETA";SIM;0
MG;BR-381;ESTIVA;7;3;DOMINGO;6;1;9;09H-11H;MANHA;PLENO DIA;ACESSAR A VIA SEM OBSERVAR A PRESENÇA DOS OUTROS VEÍCULOS;COLISÃO TRANSVERSAL;CÉU CLARO;DUPLA;RETORNO REGULAMENTADO;NÃO;0
GO;BR-060;ANAPOLIS;7;3;DOMINGO;6;1;9;09H-11H;MANHA;PLENO DIA;VELOCIDADE INCOMPATÍVEL;COLISÃO TRASEIRA;CÉU CLARO;DUPLA;"DECLIVE;RETA";SIM;0
SC;BR-101;SANGAO;7;3;DOMINGO;6;1;5;03H-05H;MADRUGADA;PLENA NOITE;FREAR BRUSCAMENTE;SAÍDA DE LEITO CARROÇÁVEL;NEVOEIRO/NEBLINA;DUPLA;"RETA;INTERSEÇÃO DE VIAS";NÃO;1
BA;BR-367;PORTO SEGURO;7;3;DOMINGO;6;1;9;09H-11H;MANHA;PLENO DIA;PISTA ESCORREGADIA;COLISÃO FRONTAL;GAROA/CHUVISCO;SIMPLES;CURVA;NÃO;0
ES;BR-101;SERRA;7;3;DOMINGO;6;1;9;09H-11H;MANHA;PLENO DIA;AUSÊNCIA DE REAÇÃO DO CONDUTOR;COLISÃO LATERAL MESMO SENTIDO;CÉU CLARO;DUPLA;RETA;SIM;0
SC;BR-101;SANGAO;7;3;DOMINGO;6;1;6;06H-08H;MANHA;AMANHECER;INGESTÃO DE ÁLCOOL PELO CONDUTOR;SAÍDA DE LEITO CARROÇÁVEL;NEVOEIRO/NEBLINA;DUPLA;"CURVA;ACLIVE";NÃO;0
MA;BR-316;TIMON;5;2;QUINTA-FEIRA;3;0;3;03H-05H;MADRUGADA;PLENA NOITE;TRANSITAR NA CONTRAMÃO;COLISÃO FRONTAL;CÉU CLARO;SIMPLES;RETA;SIM;1
SC;BR-101;ITAJAI;7;3;DOMINGO;6;1;11;09H-11H;MANHA;PLENO DIA;CONDUTOR DEIXOU DE MANTER DISTÂNCIA DO VEÍCULO DA FRENTE;COLISÃO TRASEIRA;CÉU CLARO;DUPLA;RETA;SIM;0
SC;BR-163;SAO MIGUEL DO OESTE;7;3;DOMINGO;6;1;7;06H-08H;MANHA;PLENO DIA;INGESTÃO DE ÁLCOOL PELO CONDUTOR;COLISÃO COM OBJETO;CÉU CLARO;DUPLA;RETA;SIM;0
RS;BR-116;PORTO ALEGRE;7;3;DOMINGO;6;1;11;09H-11H;MANHA;PLENO DIA;VELOCIDADE INCOMPATÍVEL;TOMBAMENTO;CÉU CLARO;SIMPLES;CURVA;SIM;0
PR;BR-376;GUAIRACA;7;3;DOMINGO;6;1;10;09H-11H;MANHA;PLENO DIA;ACESSAR A VIA SEM OBSERVAR A PRESENÇA DOS OUTROS VEÍCULOS;COLISÃO TRANSVERSAL;CÉU CLARO;SIMPLES;INTERSEÇÃO DE VIAS;NÃO;0
RS;BR-392;CANGUCU;7;3;DOMINGO;6;1;11;09H-11H;MANHA;PLENO DIA;CONDUTOR DEIXOU DE MANTER DISTÂNCIA DO VEÍCULO DA FRENTE;COLISÃO TRASEIRA;CÉU CLARO;SIMPLES;RETA;NÃO;0
SP;BR-381;MAIRIPORA;7;3;DOMINGO;6;1;11;09H-11H;MANHA;PLENO DIA;DEMAIS FALHAS MECÂNICAS OU ELÉTRICAS;COLISÃO LATERAL MESMO SENTIDO;CÉU CLARO;DUPLA;RETA;SIM;0
RJ;BR-040;PETROPOLIS;7;3;DOMINGO;6;1;9;09H-11H;MANHA;PLENO DIA;VELOCIDADE INCOMPATÍVEL;COLISÃO TRASEIRA;CÉU CLARO;DUPLA;RETA;NÃO;0
RR;BR-432;CANTA;7;3;DOMINGO;6;1;10;09H-11H;MANHA;PLENO DIA;INGESTÃO DE ÁLCOOL PELO CONDUTOR;TOMBAMENTO;NUBLADO;SIMPLES;RETA;NÃO;0
MG;BR-116;GOVERNADOR VALADARES;7;3;DOMINGO;6;1;11;09H-11H;MANHA;PLENO DIA;INGESTÃO DE ÁLCOOL PELO CONDUTOR;COLISÃO TRASEIRA;SOL;SIMPLES;RETA;SIM;0
PI;BR-316;FRANCISCO SANTOS;7;3;DOMINGO;6;1;11;09H-11H;MANHA;PLENO DIA;CONDUTOR DORMINDO;SAÍDA DE LEITO CARROÇÁVEL;CÉU CLARO;SIMPLES;RETA;SIM;0
MG;BR-381;SANTA LUZIA;7;3;DOMINGO;6;1;12;12H-14H;TARDE;PLENO DIA;CONVERSÃO PROIBIDA;COLISÃO TRANSVERSAL;CÉU CLARO;SIMPLES;CURVA;NÃO;0
RS;BR-386;SARANDI;7;3;DOMINGO;6;1;11;09H-11H;MANHA;PLENO DIA;AUSÊNCIA DE REAÇÃO DO CONDUTOR;SAÍDA DE LEITO CARROÇÁVEL;CÉU CLARO;SIMPLES;"CURVA;ACLIVE";NÃO;0
GO;BR-153;HIDROLANDIA;6;2;SEGUNDA-FEIRA;0;0;14;12H-14H;TARDE;PLENO DIA;ANIMAIS NA PISTA;ATROPELAMENTO DE ANIMAL;CÉU CLARO;DUPLA;ACLIVE;NÃO;0
AL;BR-316;MARAVILHA;6;2;DOMINGO;6;1;18;18H-20H;NOITE;PLENO DIA;ANIMAIS NA PISTA;ATROPELAMENTO DE ANIMAL;NUBLADO;SIMPLES;RETA;NÃO;0
PR;BR-277;PORTO AMAZONAS;7;3;DOMINGO;6;1;13;12H-14H;TARDE;PLENO DIA;ACESSAR A VIA SEM OBSERVAR A PRESENÇA DOS OUTROS VEÍCULOS;COLISÃO TRANSVERSAL;CÉU CLARO;SIMPLES;"RETA;INTERSEÇÃO DE VIAS";NÃO;0
MA;BR-226;LAJEADO NOVO;7;3;SEXTA-FEIRA;4;0;23;21H-23H;NOITE;PLENA NOITE;TRANSITAR NA CONTRAMÃO;COLISÃO FRONTAL;CÉU CLARO;SIMPLES;CURVA;NÃO;0
MG;BR-116;TEOFILO OTONI;7;3;DOMINGO;6;1;12;12H-14H;TARDE;PLENO DIA;REAÇÃO TARDIA OU INEFICIENTE DO CONDUTOR;COLISÃO LATERAL MESMO SENTIDO;CÉU CLARO;SIMPLES;RETA;NÃO;0
RJ;BR-040;PETROPOLIS;7;3;DOMINGO;6;1;10;09H-11H;MANHA;PLENO DIA;REAÇÃO TARDIA OU INEFICIENTE DO CONDUTOR;COLISÃO COM OBJETO;CÉU CLARO;DUPLA;CURVA;SIM;0
ES;BR-101;LINHARES;7;3;DOMINGO;6;1;14;12H-14H;TARDE;PLENO DIA;MANOBRA DE MUDANÇA DE FAIXA;TOMBAMENTO;CÉU CLARO;MÚLTIPLA;RETA;SIM;0
ES;BR-262;IUNA;7;3;DOMINGO;6;1;14;12H-14H;TARDE;PLENO DIA;AUSÊNCIA DE REAÇÃO DO CONDUTOR;TOMBAMENTO;SOL;SIMPLES;RETA;NÃO;0
AM;BR-319;HUMAITA;6;2;QUINTA-FEIRA;3;0;11;09H-11H;MANHA;PLENO DIA;PISTA ESBURACADA;TOMBAMENTO;NUBLADO;SIMPLES;RETA;NÃO;0
RR;BR-401;CANTA;7;3;DOMINGO;6;1;13;12H-14H;TARDE;PLENO DIA;AUSÊNCIA DE REAÇÃO DO CONDUTOR;COLISÃO TRASEIRA;NUBLADO;DUPLA;RETA;NÃO;0
PE;BR-407;PETROLINA;7;3;DOMINGO;6;1;13;12H-14H;TARDE;PLENO DIA;ACESSAR A VIA SEM OBSERVAR A PRESENÇA DOS OUTROS VEÍCULOS;COLISÃO TRANSVERSAL;SOL;SIMPLES;"INTERSEÇÃO DE VIAS;ACLIVE;RETA";NÃO;1
SC;BR-470;BLUMENAU;7;3;DOMINGO;6;1;14;12H-14H;TARDE;PLENO DIA;ACESSAR A VIA SEM OBSERVAR A PRESENÇA DOS OUTROS VEÍCULOS;COLISÃO LATERAL MESMO SENTIDO;CÉU CLARO;SIMPLES;INTERSEÇÃO DE VIAS;SIM;0
SP;BR-381;VARGEM;7;3;DOMINGO;6;1;14;12H-14H;TARDE;PLENO DIA;INGESTÃO DE ÁLCOOL PELO CONDUTOR;COLISÃO COM OBJETO;CÉU CLARO;DUPLA;RETA;SIM;0
MT;BR-163;CLAUDIA;7;3;DOMINGO;6;1;12;12H-14H;TARDE;PLENO DIA;ACESSAR A VIA SEM OBSERVAR A PRESENÇA DOS OUTROS VEÍCULOS;COLISÃO TRANSVERSAL;CÉU CLARO;SIMPLES;RETA;NÃO;0
PI;BR-230;OEIRAS;7;3;DOMINGO;6;1;13;12H-14H;TARDE;PLENO DIA;REAÇÃO TARDIA OU INEFICIENTE DO CONDUTOR;SAÍDA DE LEITO CARROÇÁVEL;CÉU CLARO;SIMPLES;"DECLIVE;CURVA";NÃO;0
RJ;BR-493;DUQUE DE CAXIAS;7;3;DOMINGO;6;1;14;12H-14H;TARDE;PLENO DIA;DEMAIS FALHAS MECÂNICAS OU ELÉTRICAS;TOMBAMENTO;CÉU CLARO;DUPLA;RETA;NÃO;0
MG;BR-381;SABARA;7;3;DOMINGO;6;1;16;15H-17H;TARDE;PLENO DIA;MANOBRA DE MUDANÇA DE FAIXA;COLISÃO LATERAL MESMO SENTIDO;CÉU CLARO;SIMPLES;ACLIVE;NÃO;0
MG;BR-116;MURIAE;7;3;DOMINGO;6;1;14;12H-14H;TARDE;PLENO DIA;AUSÊNCIA DE REAÇÃO DO CONDUTOR;COLISÃO LATERAL SENTIDO OPOSTO;CÉU CLARO;SIMPLES;RETA;NÃO;0
MG;BR-040;CONTAGEM;7;3;DOMINGO;6;1;15;15H-17H;TARDE;PLENO DIA;REAÇÃO TARDIA OU INEFICIENTE DO CONDUTOR;SAÍDA DE LEITO CARROÇÁVEL;CÉU CLARO;MÚLTIPLA;RETA;SIM;0
ES;BR-262;IUNA;7;3;DOMINGO;6;1;16;15H-17H;TARDE;PLENO DIA;MAL SÚBITO DO CONDUTOR;COLISÃO COM OBJETO;CÉU CLARO;SIMPLES;"DECLIVE;RETA";NÃO;0
MG;BR-050;UBERLANDIA;7;3;DOMINGO;6;1;16;15H-17H;TARDE;PLENO DIA;PROBLEMA COM O FREIO;QUEDA DE OCUPANTE DE VEÍCULO;CÉU CLARO;DUPLA;VIADUTO;NÃO;0
PR;BR-277;GUARAPUAVA;7;3;DOMINGO;6;1;14;12H-14H;TARDE;PLENO DIA;REAÇÃO TARDIA OU INEFICIENTE DO CONDUTOR;SAÍDA DE LEITO CARROÇÁVEL;CÉU CLARO;DUPLA;"CURVA;ACLIVE";NÃO;0
SP;BR-116;SAO JOSE DOS CAMPOS;7;3;DOMINGO;6;1;17;15H-17H;TARDE;PLENO DIA;AVARIAS E/OU DESGASTE EXCESSIVO NO PNEU;QUEDA DE OCUPANTE DE VEÍCULO;CÉU CLARO;DUPLA;RETA;SIM;0
MG;BR-267;LEOPOLDINA;7;3;DOMINGO;6;1;15;15H-17H;TARDE;PLENO DIA;MANOBRA DE MUDANÇA DE FAIXA;COLISÃO TRASEIRA;SOL;SIMPLES;CURVA;NÃO;0
PR;BR-376;MARIALVA;7;3;DOMINGO;6;1;17;15H-17H;TARDE;PLENO DIA;REAÇÃO TARDIA OU INEFICIENTE DO CONDUTOR;COLISÃO TRASEIRA;NUBLADO;DUPLA;RETA;NÃO;0
SC;BR-101;ITAJAI;7;3;DOMINGO;6;1;17;15H-17H;TARDE;PLENO DIA;MANOBRA DE MUDANÇA DE FAIXA;COLISÃO LATERAL MESMO SENTIDO;CÉU CLARO;DUPLA;RETA;SIM;0
RS;BR-392;PELOTAS;7;3;DOMINGO;6;1;17;15H-17H;TARDE;ANOITECER;ACESSAR A VIA SEM OBSERVAR A PRESENÇA DOS OUTROS VEÍCULOS;COLISÃO TRANSVERSAL;NUBLADO;SIMPLES;RETA;SIM;0
PE;BR-101;GOIANA;7;3;DOMINGO;6;1;17;15H-17H;TARDE;ANOITECER;AUSÊNCIA DE REAÇÃO DO CONDUTOR;TOMBAMENTO;CÉU CLARO;SIMPLES;"CURVA;DECLIVE";NÃO;0
MG;BR-116;TEOFILO OTONI;7;3;DOMINGO;6;1;16;15H-17H;TARDE;PLENO DIA;AUSÊNCIA DE REAÇÃO DO CONDUTOR;COLISÃO TRANSVERSAL;CÉU CLARO;SIMPLES;RETA;SIM;0
SC;BR-470;IBIRAMA;7;3;DOMINGO;6;1;17;15H-17H;TARDE;ANOITECER;TRANSITAR NO ACOSTAMENTO;ATROPELAMENTO DE PEDESTRE;CÉU CLARO;SIMPLES;RETA;SIM;0
PR;BR-277;GUARANIACU;7;3;DOMINGO;6;1;16;15H-17H;TARDE;PLENO DIA;CONVERSÃO PROIBIDA;COLISÃO TRANSVERSAL;CÉU CLARO;SIMPLES;RETA;NÃO;0