uf;br_formatada;municipio;mes;trimestre;dia_semana;dia_semana_num;fim_de_semana;hora;faixa_horaria;turno;fase_dia;causa_acidente;tipo_acidente;condicao_metereologica;tipo_pista;tracado_via;uso_solo;acidente_fatal
SC;BR-101;SAO JOSE;7;3;SEGUNDA-FEIRA;0;0;23;21H-23H;NOITE;PLENA NOITE;REAÇÃO TARDIA OU INEFICIENTE DO CONDUTOR;COLISÃO LATERAL MESMO SENTIDO;NUBLADO;MÚLTIPLA;CURVA;NÃO;0
SP;BR-116;GUARULHOS;7;3;SEGUNDA-FEIRA;0;0;23;21H-23H;NOITE;PLENA NOITE;AUSÊNCIA DE REAÇÃO DO CONDUTOR;QUEDA DE OCUPANTE DE VEÍCULO;NUBLADO;MÚLTIPLA;RETA;SIM;0
SC;BR-101;BIGUACU;7;3;SEGUNDA-FEIRA;0;0;23;21H-23H;NOITE;PLENA NOITE;OBJETO ESTÁTICO SOBRE O LEITO CARROÇÁVEL;COLISÃO COM OBJETO;CÉU CLARO;MÚLTIPLA;RETA;NÃO;0
PB;BR-230;JOAO PESSOA;7;3;SEGUNDA-FEIRA;0;0;23;21H-23H;NOITE;PLENA NOITE;AUSÊNCIA DE REAÇÃO DO CONDUTOR;SAÍDA DE LEITO CARROÇÁVEL;CÉU CLARO;DUPLA;"DECLIVE;RETA";SIM;0
MG;BR-381;SAO GONCALO DO RIO ABAIXO;7;3;SEGUNDA-FEIRA;0;0;21;21H-23H;NOITE;PLENA NOITE;AUSÊNCIA DE REAÇÃO DO CONDUTOR;COLISÃO TRASEIRA;CÉU CLARO;SIMPLES;CURVA;SIM;0
RR;BR-174;AMAJARI;7;3;SEGUNDA-FEIRA;0;0;18;18H-20H;NOITE;PLENA NOITE;DEMAIS FALHAS NA VIA;SAÍDA DE LEITO CARROÇÁVEL;NUBLADO;SIMPLES;RETA;NÃO;0
SP;BR-116;JUQUITIBA;7;3;TERÇA-FEIRA;1;0;2;00H-02H;MADRUGADA;PLENA NOITE;DEMAIS FALHAS MECÂNICAS OU ELÉTRICAS;CAPOTAMENTO;NEVOEIRO/NEBLINA;DUPLA;RETA;NÃO;0
RS;BR-386;SOLEDADE;7;3;SEGUNDA-FEIRA;0;0;18;18H-20H;NOITE;PLENA NOITE;INGESTÃO DE ÁLCOOL PELO CONDUTOR;SAÍDA DE LEITO CARROÇÁVEL;CÉU CLARO;SIMPLES;"EM OBRAS;RETA";SIM;0
PB;BR-230;CAMPINA GRANDE;7;3;TERÇA-FEIRA;1;0;5;03H-05H;MADRUGADA;PLENO DIA;AUSÊNCIA DE REAÇÃO DO CONDUTOR;TOMBAMENTO;CÉU CLARO;DUPLA;RETA;SIM;0
RJ;BR-040;DUQUE DE CAXIAS;7;3;TERÇA-FEIRA;1;0;4;03H-05H;MADRUGADA;PLENA NOITE;DEMAIS FALHAS MECÂNICAS OU ELÉTRICAS;INCÊNDIO;CÉU CLARO;DUPLA;RETA;SIM;0
RS;BR-158;PANAMBI;7;3;SEGUNDA-FEIRA;0;0;23;21H-23H;NOITE;PLENA NOITE;AFUNDAMENTO OU ONDULAÇÃO NO PAVIMENTO;INCÊNDIO;CÉU CLARO;SIMPLES;RETA;NÃO;0
SP;BR-116;GUARULHOS;7;3;TERÇA-FEIRA;1;0;5;03H-05H;MADRUGADA;AMANHECER;REAÇÃO TARDIA OU INEFICIENTE DO CONDUTOR;COLISÃO TRASEIRA;NUBLADO;MÚLTIPLA;RETA;SIM;0
MG;BR-116;ITAMBACURI;7;3;TERÇA-FEIRA;1;0;5;03H-05H;MADRUGADA;AMANHECER;TRANSITAR NA CONTRAMÃO;COLISÃO FRONTAL;CÉU CLARO;SIMPLES;RETA;NÃO;0
PE;BR-101;GOIANA;7;3;TERÇA-FEIRA;1;0;6;06H-08H;MANHA;PLENO DIA;MANOBRA DE MUDANÇA DE FAIXA;CAPOTAMENTO;CÉU CLARO;DUPLA;RETA;NÃO;0
SC;BR-101;SAO JOSE;7;3;TERÇA-FEIRA;1;0;7;06H-08H;MANHA;PLENO DIA;REAÇÃO TARDIA OU INEFICIENTE DO CONDUTOR;COLISÃO TRASEIRA;CÉU CLARO;DUPLA;RETA;SIM;0
RJ;BR-101;NITEROI;7;3;SÁBADO;5;1;5;03H-05H;MADRUGADA;AMANHECER;AUSÊNCIA DE REAÇÃO DO CONDUTOR;COLISÃO TRASEIRA;CÉU CLARO;MÚLTIPLA;RETA;NÃO;0
ES;BR-101;SERRA;7;3;TERÇA-FEIRA;1;0;7;06H-08H;MANHA;PLENO DIA;CONDUTOR DEIXOU DE MANTER DISTÂNCIA DO VEÍCULO DA FRENTE;COLISÃO TRASEIRA;CÉU CLARO;DUPLA;RETA;SIM;0
ES;BR-101;JOAO NEIVA;7;3;TERÇA-FEIRA;1;0;7;06H-08H;MANHA;PLENO DIA;VELOCIDADE INCOMPATÍVEL;SAÍDA DE LEITO CARROÇÁVEL;CÉU CLARO;SIMPLES;RETA;NÃO;0
MG;BR-381;CARMO DA CACHOEIRA;7;3;SEGUNDA-FEIRA;0;0;23;21H-23H;NOITE;PLENA NOITE;AUSÊNCIA DE REAÇÃO DO CONDUTOR;SAÍDA DE LEITO CARROÇÁVEL;NUBLADO;DUPLA;"DECLIVE;RETA";NÃO;0
ES;BR-101;LINHARES;7;3;TERÇA-FEIRA;1;0;7;06H-08H;MANHA;PLENO DIA;VELOCIDADE INCOMPATÍVEL;ATROPELAMENTO DE PEDESTRE;CÉU CLARO;DUPLA;RETA;NÃO;0
SP;BR-153;SAO JOSE DO RIO PRETO;7;3;TERÇA-FEIRA;1;0;7;06H-08H;MANHA;PLENO DIA;MANOBRA DE MUDANÇA DE FAIXA;COLISÃO LATERAL MESMO SENTIDO;CÉU CLARO;DUPLA;RETA;SIM;0
BA;BR-101;ALAGOINHAS;6;2;QUARTA-FEIRA;2;0;18;18H-20H;NOITE;PLENA NOITE;AUSÊNCIA DE REAÇÃO DO CONDUTOR;QUEDA DE OCUPANTE DE VEÍCULO;CÉU CLARO;SIMPLES;RETA;NÃO;0
PB;BR-101;JOAO PESSOA;7;3;TERÇA-FEIRA;1;0;8;06H-08H;MANHA;PLENO DIA;TRAFEGAR COM MOTOCICLETA (OU SIMILAR) ENTRE AS FAIXAS;COLISÃO LATERAL MESMO SENTIDO;SOL;DUPLA;"RETA;ACLIVE";SIM;0
SC;BR-101;SAO JOSE;7;3;TERÇA-FEIRA;1;0;7;06H-08H;MANHA;PLENO DIA;MANOBRA DE MUDANÇA DE FAIXA;COLISÃO TRASEIRA;CÉU CLARO;SIMPLES;RETA;SIM;0
MG;BR-381;BETIM;7;3;TERÇA-FEIRA;1;0;7;06H-08H;MANHA;PLENO DIA;AUSÊNCIA DE REAÇÃO DO CONDUTOR;COLISÃO TRASEIRA;CÉU CLARO;DUPLA;RETA;SIM;0
SE;BR-235;ARACAJU;7;3;TERÇA-FEIRA;1;0;8;06H-08H;MANHA;PLENO DIA;ENTRADA INOPINADA DO PEDESTRE;ATROPELAMENTO DE PEDESTRE;CÉU CLARO;DUPLA;RETA;SIM;0
PR;BR-277;LARANJEIRAS DO SUL;7;3;TERÇA-FEIRA;1;0;7;06H-08H;MANHA;PLENO DIA;OBJETO ESTÁTICO SOBRE O LEITO CARROÇÁVEL;QUEDA DE OCUPANTE DE VEÍCULO;CÉU CLARO;SIMPLES;RETA;NÃO;0
SP;BR-116;TAUBATE;7;3;TERÇA-FEIRA;1;0;7;06H-08H;MANHA;PLENO DIA;REAÇÃO TARDIA OU INEFICIENTE DO CONDUTOR;COLISÃO TRASEIRA;CÉU CLARO;DUPLA;RETA;SIM;0
MG;BR-262;IGARATINGA;7;3;TERÇA-FEIRA;1;0;7;06H-08H;MANHA;PLENO DIA;REAÇÃO TARDIA OU INEFICIENTE DO CONDUTOR;SAÍDA DE LEITO CARROÇÁVEL;SOL;DUPLA;CURVA;NÃO;0
SP;BR-153;SAO JOSE DO RIO PRETO;7;3;TERÇA-FEIRA;1;0;9;09H-11H;MANHA;PLENO DIA;CONDUTOR DEIXOU DE MANTER DISTÂNCIA DO VEÍCULO DA FRENTE;COLISÃO TRASEIRA;CÉU CLARO;DUPLA;RETA;NÃO;0
SC;BR-282;SAUDADES;7;3;TERÇA-FEIRA;1;0;5;03H-05H;MADRUGADA;PLENA NOITE;PEDESTRE ANDAVA NA PISTA;ATROPELAMENTO DE PEDESTRE;CÉU CLARO;SIMPLES;RETA;NÃO;1
PR;BR-277;FOZ DO IGUACU;7;3;TERÇA-FEIRA;1;0;9;09H-11H;MANHA;PLENO DIA;MANOBRA DE MUDANÇA DE FAIXA;COLISÃO LATERAL MESMO SENTIDO;CÉU CLARO;DUPLA;INTERSEÇÃO DE VIAS;SIM;0
RO;BR-319;PORTO VELHO;7;3;TERÇA-FEIRA;1;0;7;06H-08H;MANHA;PLENO DIA;REAÇÃO TARDIA OU INEFICIENTE DO CONDUTOR;COLISÃO TRASEIRA;CÉU CLARO;DUPLA;RETA;SIM;0
BA;BR-101;ITAGIMIRIM;7;3;TERÇA-FEIRA;1;0;5;03H-05H;MADRUGADA;AMANHECER;CONDUTOR DORMINDO;COLISÃO LATERAL SENTIDO OPOSTO;CÉU CLARO;SIMPLES;"DECLIVE;CURVA";NÃO;0
PI;BR-230;FRONTEIRAS;7;3;TERÇA-FEIRA;1;0;7;06H-08H;MANHA;PLENO DIA;MAL SÚBITO DO CONDUTOR;COLISÃO COM OBJETO;SOL;SIMPLES;"RETA;ACLIVE";NÃO;1
RS;BR-116;PELOTAS;7;3;TERÇA-FEIRA;1;0;9;09H-11H;MANHA;PLENO DIA;CONVERSÃO PROIBIDA;COLISÃO LATERAL MESMO SENTIDO;CÉU CLARO;DUPLA;"RETA;INTERSEÇÃO DE VIAS";SIM;0
MG;BR-040;BELO HORIZONTE;7;3;TERÇA-FEIRA;1;0;8;06H-08H;MANHA;PLENO DIA;MANOBRA DE MUDANÇA DE FAIXA;COLISÃO LATERAL MESMO SENTIDO;CÉU CLARO;DUPLA;RETA;SIM;0
SP;BR-116;SAO PAULO;7;3;TERÇA-FEIRA;1;0;9;09H-11H;MANHA;PLENO DIA;AUSÊNCIA DE REAÇÃO DO CONDUTOR;COLISÃO LATERAL MESMO SENTIDO;CÉU CLARO;MÚLTIPLA;RETA;SIM;0
PB;BR-104;QUEIMADAS;7;3;TERÇA-FEIRA;1;0;8;06H-08H;MANHA;PLENO DIA;DESRESPEITAR A PREFERÊNCIA NO CRUZAMENTO;COLISÃO TRANSVERSAL;CÉU CLARO;SIMPLES;RETA;SIM;0
PE;BR-232;PESQUEIRA;7;3;TERÇA-FEIRA;1;0;8;06H-08H;MANHA;PLENO DIA;ULTRAPASSAGEM INDEVIDA;COLISÃO FRONTAL;CÉU CLARO;SIMPLES;CURVA;NÃO;0
SC;BR-101;PORTO BELO;7;3;TERÇA-FEIRA;1;0;11;09H-11H;MANHA;PLENO DIA;CONDUTOR DEIXOU DE MANTER DISTÂNCIA DO VEÍCULO DA FRENTE;COLISÃO TRANSVERSAL;SOL;SIMPLES;"RETA;INTERSEÇÃO DE VIAS";SIM;0
RJ;BR-116;NOVA IGUACU;7;3;TERÇA-FEIRA;1;0;9;09H-11H;MANHA;PLENO DIA;AUSÊNCIA DE REAÇÃO DO CONDUTOR;COLISÃO LATERAL MESMO SENTIDO;SOL;DUPLA;RETA;NÃO;0
PE;BR-116;SALGUEIRO;7;3;TERÇA-FEIRA;1;0;10;09H-11H;MANHA;PLENO DIA;ACESSAR A VIA SEM OBSERVAR A PRESENÇA DOS OUTROS VEÍCULOS;COLISÃO TRANSVERSAL;CÉU CLARO;SIMPLES;RETA;SIM;0
MG;BR-262;MANHUACU;7;3;TERÇA-FEIRA;1;0;11;09H-11H;MANHA;PLENO DIA;ACESSAR A VIA SEM OBSERVAR A PRESENÇA DOS OUTROS VEÍCULOS;COLISÃO TRANSVERSAL;CÉU CLARO;SIMPLES;RETA;SIM;0
MS;BR-060;NIOAQUE;7;3;TERÇA-FEIRA;1;0;10;09H-11H;MANHA;PLENO DIA;AUSÊNCIA DE REAÇÃO DO CONDUTOR;COLISÃO LATERAL SENTIDO OPOSTO;CÉU CLARO;SIMPLES;"DECLIVE;CURVA";NÃO;0
BA;BR-324;FEIRA DE SANTANA;7;3;TERÇA-FEIRA;1;0;10;09H-11H;MANHA;PLENO DIA;ACESSAR A VIA SEM OBSERVAR A PRESENÇA DOS OUTROS VEÍCULOS;COLISÃO FRONTAL;CÉU CLARO;SIMPLES;RETA;SIM;0
PR;BR-116;SAO JOSE DOS PINHAIS;7;3;TERÇA-FEIRA;1;0;11;09H-11H;MANHA;PLENO DIA;AUSÊNCIA DE REAÇÃO DO CONDUTOR;QUEDA DE OCUPANTE DE VEÍCULO;SOL;DUPLA;RETA;NÃO;0
RS;BR-116;PELOTAS;7;3;TERÇA-FEIRA;1;0;10;09H-11H;MANHA;PLENO DIA;AUSÊNCIA DE REAÇÃO DO CONDUTOR;TOMBAMENTO;CÉU CLARO;MÚLTIPLA;RETA;NÃO;0
SC;BR-101;SAO JOSE;7;3;SEXTA-FEIRA;4;0;18;18H-20H;NOITE;PLENA NOITE;REAÇÃO TARDIA OU INEFICIENTE DO CONDUTOR;COLISÃO TRASEIRA;CÉU CLARO;DUPLA;RETA;SIM;0
RS;BR-470;VERANOPOLIS;7;3;TERÇA-FEIRA;1;0;7;06H-08H;MANHA;PLENO DIA;ACESSAR A VIA SEM OBSERVAR A PRESENÇA DOS OUTROS VEÍCULOS;COLISÃO TRANSVERSAL;NUBLADO;SIMPLES;RETA;NÃO;0
MG;BR-459;SENADOR JOSE BENTO;7;3;TERÇA-FEIRA;1;0;12;12H-14H;TARDE;PLENO DIA;REAÇÃO TARDIA OU INEFICIENTE DO CONDUTOR;SAÍDA DE LEITO CARROÇÁVEL;CÉU CLARO;DUPLA;RETA;NÃO;0
PB;BR-101;JOAO PESSOA;7;3;TERÇA-FEIRA;1;0;12;12H-14H;TARDE;PLENO DIA;REAÇÃO TARDIA OU INEFICIENTE DO CONDUTOR;COLISÃO TRASEIRA;CÉU CLARO;DUPLA;INTERSEÇÃO DE VIAS;SIM;0
PB;BR-405;UIRAUNA;7;3;TERÇA-FEIRA;1;0;8;06H-08H;MANHA;PLENO DIA;AUSÊNCIA DE REAÇÃO DO CONDUTOR;COLISÃO TRASEIRA;CÉU CLARO;SIMPLES;"RETA;ACLIVE";SIM;0
RJ;BR-101;ANGRA DOS REIS;7;3;TERÇA-FEIRA;1;0;11;09H-11H;MANHA;PLENO DIA;CONVERSÃO PROIBIDA;COLISÃO LATERAL MESMO SENTIDO;SOL;SIMPLES;CURVA;SIM;0
MG;BR-381;CAETE;7;3;TERÇA-FEIRA;1;0;12;12H-14H;TARDE;PLENO DIA;VELOCIDADE INCOMPATÍVEL;SAÍDA DE LEITO CARROÇÁVEL;CÉU CLARO;DUPLA;"CURVA;DECLIVE";NÃO;0
RS;BR-386;SARANDI;7;3;TERÇA-FEIRA;1;0;13;12H-14H;TARDE;PLENO DIA;AUSÊNCIA DE REAÇÃO DO CONDUTOR;COLISÃO TRANSVERSAL;CÉU CLARO;SIMPLES;RETA;SIM;0
SC;BR-101;JOINVILLE;7;3;TERÇA-FEIRA;1;0;13;12H-14H;TARDE;PLENO DIA;REAÇÃO TARDIA OU INEFICIENTE DO CONDUTOR;TOMBAMENTO;SOL;DUPLA;RETA;SIM;0
BA;BR-367;PORTO SEGURO;7;3;TERÇA-FEIRA;1;0;11;09H-11H;MANHA;PLENO DIA;CONDUTOR DEIXOU DE MANTER DISTÂNCIA DO VEÍCULO DA FRENTE;COLISÃO TRASEIRA;SOL;SIMPLES;RETA;SIM;0
BA;BR-101;UBAITABA;7;3;SEXTA-FEIRA;4;0;11;09H-11H;MANHA;PLENO DIA;RETORNO PROIBIDO;COLISÃO TRANSVERSAL;NUBLADO;SIMPLES;ACLIVE;NÃO;0
ES;BR-101;SAO MATEUS;7;3;TERÇA-FEIRA;1;0;13;12H-14H;TARDE;PLENO DIA;CONDUTOR DEIXOU DE MANTER DISTÂNCIA DO VEÍCULO DA FRENTE;COLISÃO TRASEIRA;SOL;SIMPLES;"RETA;ACLIVE";NÃO;0
GO;BR-060;ANAPOLIS;7;3;TERÇA-FEIRA;1;0;21;21H-23H;NOITE;PLENA NOITE;ACESSAR A VIA SEM OBSERVAR A PRESENÇA DOS OUTROS VEÍCULOS;COLISÃO TRANSVERSAL;CÉU CLARO;DUPLA;"DECLIVE;RETA";SIM;0
MT;BR-070;BARRA DO GARCAS;7;3;TERÇA-FEIRA;1;0;13;12H-14H;TARDE;PLENO DIA;REAÇÃO TARDIA OU INEFICIENTE DO CONDUTOR;QUEDA DE OCUPANTE DE VEÍCULO;CÉU CLARO;SIMPLES;CURVA;NÃO;0
RJ;BR-040;DUQUE DE CAXIAS;7;3;SÁBADO;5;1;21;21H-23H;NOITE;PLENA NOITE;ACESSAR A VIA SEM OBSERVAR A PRESENÇA DOS OUTROS VEÍCULOS;COLISÃO TRASEIRA;CÉU CLARO;MÚLTIPLA;"PONTE;RETA";SIM;0
RN;BR-101;NATAL;7;3;TERÇA-FEIRA;1;0;15;15H-17H;TARDE;PLENO DIA;AUSÊNCIA DE REAÇÃO DO CONDUTOR;COLISÃO TRASEIRA;SOL;DUPLA;RETA;SIM;0
PR;BR-369;LONDRINA;7;3;TERÇA-FEIRA;1;0;16;15H-17H;TARDE;PLENO DIA;TRAFEGAR COM MOTOCICLETA (OU SIMILAR) ENTRE AS FAIXAS;COLISÃO LATERAL MESMO SENTIDO;CÉU CLARO;DUPLA;RETA;SIM;0
MG;BR-040;CONTAGEM;7;3;TERÇA-FEIRA;1;0;15;15H-17H;TARDE;PLENO DIA;ACESSAR A VIA SEM OBSERVAR A PRESENÇA DOS OUTROS VEÍCULOS;COLISÃO TRASEIRA;CÉU CLARO;DUPLA;"CURVA;RETORNO REGULAMENTADO";SIM;0
SC;BR-282;CORDILHEIRA ALTA;7;3;TERÇA-FEIRA;1;0;15;15H-17H;TARDE;PLENO DIA;ACESSAR A VIA SEM OBSERVAR A PRESENÇA DOS OUTROS VEÍCULOS;QUEDA DE OCUPANTE DE VEÍCULO;CÉU CLARO;SIMPLES;RETA;NÃO;0
PR;BR-277;PARANAGUA;7;3;TERÇA-FEIRA;1;0;15;15H-17H;TARDE;PLENO DIA;REAÇÃO TARDIA OU INEFICIENTE DO CONDUTOR;QUEDA DE OCUPANTE DE VEÍCULO;CÉU CLARO;DUPLA;RETA;SIM;0
RS;BR-158;ROSARIO DO SUL;7;3;SEGUNDA-FEIRA;0;0;6;06H-08H;MANHA;AMANHECER;ULTRAPASSAGEM INDEVIDA;COLISÃO FRONTAL;NEVOEIRO/NEBLINA;SIMPLES;RETA;NÃO;0
SC;BR-101;PALHOCA;7;3;TERÇA-FEIRA;1;0;15;15H-17H;TARDE;PLENO DIA;REAÇÃO TARDIA OU INEFICIENTE DO CONDUTOR;COLISÃO LATERAL MESMO SENTIDO;CÉU CLARO;MÚLTIPLA;RETA;SIM;0
BA;BR-116;JEQUIE;7;3;TERÇA-FEIRA;1;0;13;12H-14H;TARDE;PLENO DIA;DEMAIS FALHAS MECÂNICAS OU ELÉTRICAS;INCÊNDIO;CÉU CLARO;SIMPLES;RETA;NÃO;0
SP;BR-116;CACHOEIRA PAULISTA;7;3;TERÇA-FEIRA;1;0;14;12H-14H;TARDE;PLENO DIA;ACUMULO DE ÓLEO SOBRE O PAVIMENTO;QUEDA DE OCUPANTE DE VEÍCULO;CÉU CLARO;SIMPLES;CURVA;SIM;0
BA;BR-349;CORRENTINA;7;3;TERÇA-FEIRA;1;0;15;15H-17H;TARDE;PLENO DIA;VELOCIDADE INCOMPATÍVEL;COLISÃO TRASEIRA;CÉU CLARO;SIMPLES;"RETA;ACLIVE;INTERSEÇÃO DE VIAS";SIM;0
BA;BR-367;EUNAPOLIS;7;3;TERÇA-FEIRA;1;0;16;15H-17H;TARDE;PLENO DIA;ACESSAR A VIA SEM OBSERVAR A PRESENÇA DOS OUTROS VEÍCULOS;COLISÃO TRANSVERSAL;CÉU CLARO;SIMPLES;RETA;SIM;0
RJ;BR-101;ITABORAI;7;3;TERÇA-FEIRA;1;0;15;15H-17H;TARDE;PLENO DIA;REAÇÃO TARDIA OU INEFICIENTE DO CONDUTOR;COLISÃO TRASEIRA;CÉU CLARO;DUPLA;CURVA;SIM;0
RN;BR-304;ACU;7;3;TERÇA-FEIRA;1;0;17;15H-17H;TARDE;PLENA NOITE;MANOBRA DE MUDANÇA DE FAIXA;COLISÃO LATERAL SENTIDO OPOSTO;CÉU CLARO;SIMPLES;RETA;NÃO;0
RN;BR-101;NATAL;7;3;TERÇA-FEIRA;1;0;17;15H-17H;TARDE;PLENA NOITE;MANOBRA DE MUDANÇA DE FAIXA;COLISÃO LATERAL MESMO SENTIDO;CÉU CLARO;MÚLTIPLA;RETA;SIM;0
GO;BR-153;JARAGUA;7;3;TERÇA-FEIRA;1;0;17;15H-17H;TARDE;PLENA NOITE;REAÇÃO TARDIA OU INEFICIENTE DO CONDUTOR;SAÍDA DE LEITO CARROÇÁVEL;CÉU CLARO;SIMPLES;RETA;NÃO;0
BA;BR-407;JUAZEIRO;7;3;TERÇA-FEIRA;1;0;14;12H-14H;TARDE;PLENO DIA;AUSÊNCIA DE REAÇÃO DO CONDUTOR;COLISÃO TRASEIRA;SOL;SIMPLES;RETA;NÃO;0
PR;BR-369;JATAIZINHO;7;3;TERÇA-FEIRA;1;0;17;15H-17H;TARDE;PLENO DIA;CONDUTOR DEIXOU DE MANTER DISTÂNCIA DO VEÍCULO DA FRENTE;COLISÃO TRASEIRA;SOL;SIMPLES;"DECLIVE;RETA";SIM;0
GO;BR-020;FORMOSA;7;3;TERÇA-FEIRA;1;0;17;15H-17H;TARDE;PLENO DIA;ACESSAR A VIA SEM OBSERVAR A PRESENÇA DOS OUTROS VEÍCULOS;COLISÃO TRANSVERSAL;CÉU CLARO;SIMPLES;RETA;SIM;0
PE;BR-232;SANHARO;7;3;TERÇA-FEIRA;1;0;17;15H-17H;TARDE;ANOITECER;ACESSAR A VIA SEM OBSERVAR A PRESENÇA DOS OUTROS VEÍCULOS;COLISÃO TRANSVERSAL;CÉU CLARO;SIMPLES;RETA;SIM;0
ES;BR-259;COLATINA;7;3;TERÇA-FEIRA;1;0;17;15H-17H;TARDE;PLENA NOITE;ULTRAPASSAGEM INDEVIDA;COLISÃO FRONTAL;CÉU CLARO;DUPLA;RETA;NÃO;0
PR;BR-376;MANDAGUARI;7;3;TERÇA-FEIRA;1;0;17;15H-17H;TARDE;PLENO DIA;ACESSAR A VIA SEM OBSERVAR A PRESENÇA DOS OUTROS VEÍCULOS;COLISÃO TRANSVERSAL;CÉU CLARO;SIMPLES;ROTATÓRIA;SIM;0
DF;BR-020;BRASILIA;7;3;TERÇA-FEIRA;1;0;17;15H-17H;TARDE;PLENO DIA;TRAFEGAR COM MOTOCICLETA (OU SIMILAR) ENTRE AS FAIXAS;COLISÃO LATERAL MESMO SENTIDO;CÉU CLARO;DUPLA;"DECLIVE;RETA";SIM;0
MG;BR-116;GOVERNADOR VALADARES;7;3;TERÇA-FEIRA;1;0;17;15H-17H;TARDE;ANOITECER;ACESSAR A VIA SEM OBSERVAR A PRESENÇA DOS OUTROS VEÍCULOS;COLISÃO TRANSVERSAL;CÉU CLARO;SIMPLES;"RETORNO REGULAMENTADO;RETA";SIM;0
SC;BR-470;BRUNOPOLIS;7;3;TERÇA-FEIRA;1;0;14;12H-14H;TARDE;PLENO DIA;ACESSAR A VIA SEM OBSERVAR A PRESENÇA DOS OUTROS VEÍCULOS;COLISÃO COM OBJETO;CÉU CLARO;SIMPLES;"INTERSEÇÃO DE VIAS;RETA";NÃO;0
PE;BR-428;PETROLINA;7;3;TERÇA-FEIRA;1;0;17;15H-17H;TARDE;ANOITECER;MANOBRA DE MUDANÇA DE FAIXA;COLISÃO TRASEIRA;CÉU CLARO;DUPLA;"INTERSEÇÃO DE VIAS;RETORNO REGULAMENTADO";SIM;0
BA;BR-324;SALVADOR;7;3;TERÇA-FEIRA;1;0;18;18H-20H;NOITE;PLENA NOITE;CONDUTOR DEIXOU DE MANTER DISTÂNCIA DO VEÍCULO DA FRENTE;COLISÃO TRASEIRA;CÉU CLARO;DUPLA;RETA;SIM;0
PE;BR-104;CUPIRA;7;3;TERÇA-FEIRA;1;0;18;18H-20H;NOITE;PLENA NOITE;AUSÊNCIA DE REAÇÃO DO CONDUTOR;COLISÃO LATERAL SENTIDO OPOSTO;CHUVA;SIMPLES;RETA;NÃO;1
CE;BR-222;FORQUILHA;7;3;TERÇA-FEIRA;1;0;17;15H-17H;TARDE;PLENO DIA;AUSÊNCIA DE REAÇÃO DO CONDUTOR;SAÍDA DE LEITO CARROÇÁVEL;CÉU CLARO;SIMPLES;CURVA;NÃO;0
RJ;BR-101;ANGRA DOS REIS;7;3;TERÇA-FEIRA;1;0;18;18H-20H;NOITE;ANOITECER;REAÇÃO TARDIA OU INEFICIENTE DO CONDUTOR;COLISÃO TRANSVERSAL;CÉU CLARO;SIMPLES;"RETORNO REGULAMENTADO;INTERSEÇÃO DE VIAS";SIM;0
MA;BR-222;ITAPECURU MIRIM;7;3;TERÇA-FEIRA;1;0;15;15H-17H;TARDE;PLENO DIA;TRANSITAR NA CONTRAMÃO;COLISÃO FRONTAL;CÉU CLARO;SIMPLES;"DECLIVE;RETA";NÃO;1
SC;BR-IGNORADA;BALNEARIO CAMBORIU;7;3;TERÇA-FEIRA;1;0;12;12H-14H;TARDE;PLENO DIA;OBJETO ESTÁTICO SOBRE O LEITO CARROÇÁVEL;COLISÃO COM OBJETO;SOL;SIMPLES;"RETA;INTERSEÇÃO DE VIAS";NÃO;0
GO;BR-040;VALPARAISO DE GOIAS;7;3;TERÇA-FEIRA;1;0;19;18H-20H;NOITE;PLENA NOITE;FAIXAS DE TRÂNSITO COM LARGURA INSUFICIENTE;COLISÃO TRASEIRA;CÉU CLARO;DUPLA;"PONTE;RETA";SIM;0
RJ;BR-493;SAO GONCALO;7;3;TERÇA-FEIRA;1;0;8;06H-08H;MANHA;PLENO DIA;CONDUTOR DEIXOU DE MANTER DISTÂNCIA DO VEÍCULO DA FRENTE;COLISÃO TRASEIRA;CÉU CLARO;SIMPLES;RETA;SIM;0
RS;BR-285;SAO LUIZ GONZAGA;7;3;TERÇA-FEIRA;1;0;19;18H-20H;NOITE;PLENA NOITE;REAÇÃO TARDIA OU INEFICIENTE DO CONDUTOR;SAÍDA DE LEITO CARROÇÁVEL;CÉU CLARO;SIMPLES;RETA;NÃO;0
RJ;BR-101;ANGRA DOS REIS;7;3;TERÇA-FEIRA;1;0;18;18H-20H;NOITE;PLENA NOITE;PEDESTRE ANDAVA NA PISTA;ATROPELAMENTO DE PEDESTRE;CÉU CLARO;SIMPLES;CURVA;NÃO;0
SC;BR-282;FLORIANOPOLIS;7;3;TERÇA-FEIRA;1;0;18;18H-20H;NOITE;PLENA NOITE;CONDUTOR DEIXOU DE MANTER DISTÂNCIA DO VEÍCULO DA FRENTE;COLISÃO TRASEIRA;CÉU CLARO;MÚLTIPLA;RETA;SIM;0
PA;BR-230;MARABA;7;3;TERÇA-FEIRA;1;0;18;18H-20H;NOITE;ANOITECER;AUSÊNCIA DE REAÇÃO DO CONDUTOR;COLISÃO TRASEIRA;CÉU CLARO;SIMPLES;ROTATÓRIA;SIM;0
BA;BR-101;CONCEICAO DO JACUIPE;7;3;TERÇA-FEIRA;1;0;18;18H-20H;NOITE;PLENA NOITE;ACESSAR A VIA SEM OBSERVAR A PRESENÇA DOS OUTROS VEÍCULOS;COLISÃO TRANSVERSAL;CÉU CLARO;SIMPLES;RETA;SIM;1
PI;BR-343;PARNAIBA;7;3;TERÇA-FEIRA;1;0;18;18H-20H;NOITE;ANOITECER;DESRESPEITAR A PREFERÊNCIA NO CRUZAMENTO;COLISÃO FRONTAL;CÉU CLARO;SIMPLES;CURVA;SIM;0