uf;br_formatada;municipio;mes;trimestre;dia_semana;dia_semana_num;fim_de_semana;hora;faixa_horaria;turno;fase_dia;causa_acidente;tipo_acidente;condicao_metereologica;tipo_pista;tracado_via;uso_solo;acidente_fatal
SC;BR-101;SAO JOSE;7;3;QUARTA-FEIRA;2;0;18;18H-20H;NOITE;PLENA NOITE;AUSÊNCIA DE REAÇÃO DO CONDUTOR;QUEDA DE OCUPANTE DE VEÍCULO;CÉU CLARO;MÚLTIPLA;"RETA;ROTATÓRIA";SIM;0
RS;BR-290;PORTO ALEGRE;7;3;QUINTA-FEIRA;3;0;18;18H-20H;NOITE;PLENA NOITE;CONDUTOR DEIXOU DE MANTER DISTÂNCIA DO VEÍCULO DA FRENTE;COLISÃO TRASEIRA;CÉU CLARO;DUPLA;RETA;SIM;0
RN;BR-226;CURRAIS NOVOS;7;3;QUINTA-FEIRA;3;0;17;15H-17H;TARDE;PLENO DIA;REAÇÃO TARDIA OU INEFICIENTE DO CONDUTOR;COLISÃO LATERAL MESMO SENTIDO;CÉU CLARO;SIMPLES;RETA;SIM;0
SC;BR-101;PALHOCA;7;3;QUINTA-FEIRA;3;0;18;18H-20H;NOITE;PLENA NOITE;MANOBRA DE MUDANÇA DE FAIXA;COLISÃO LATERAL MESMO SENTIDO;CÉU CLARO;DUPLA;RETA;NÃO;0
MG;BR-381;BETIM;7;3;QUINTA-FEIRA;3;0;18;18H-20H;NOITE;PLENO DIA;AUSÊNCIA DE REAÇÃO DO CONDUTOR;COLISÃO TRASEIRA;CÉU CLARO;DUPLA;RETA;NÃO;0
SC;BR-101;SAO JOSE;7;3;QUINTA-FEIRA;3;0;17;15H-17H;TARDE;PLENO DIA;MANOBRA DE MUDANÇA DE FAIXA;QUEDA DE OCUPANTE DE VEÍCULO;NUBLADO;DUPLA;RETA;NÃO;0
RS;BR-101;TRES CACHOEIRAS;7;3;QUINTA-FEIRA;3;0;18;18H-20H;NOITE;PLENA NOITE;ACESSAR A VIA SEM OBSERVAR A PRESENÇA DOS OUTROS VEÍCULOS;ATROPELAMENTO DE PEDESTRE;CÉU CLARO;DUPLA;"RETA;DECLIVE";SIM;1
SC;BR-282;CATANDUVAS;7;3;QUINTA-FEIRA;3;0;12;12H-14H;TARDE;PLENO DIA;REAÇÃO TARDIA OU INEFICIENTE DO CONDUTOR;SAÍDA DE LEITO CARROÇÁVEL;CÉU CLARO;SIMPLES;"DECLIVE;RETA";NÃO;0
BA;BR-367;EUNAPOLIS;7;3;QUINTA-FEIRA;3;0;19;18H-20H;NOITE;PLENA NOITE;ACESSAR A VIA SEM OBSERVAR A PRESENÇA DOS OUTROS VEÍCULOS;COLISÃO TRANSVERSAL;NUBLADO;SIMPLES;"INTERSEÇÃO DE VIAS;RETA;ROTATÓRIA";SIM;0
RJ;BR-101;ANGRA DOS REIS;7;3;QUINTA-FEIRA;3;0;18;18H-20H;NOITE;ANOITECER;CONVERSÃO PROIBIDA;COLISÃO LATERAL MESMO SENTIDO;NUBLADO;SIMPLES;RETA;NÃO;0
MG;BR-251;MONTES CLAROS;7;3;QUINTA-FEIRA;3;0;18;18H-20H;NOITE;ANOITECER;VELOCIDADE INCOMPATÍVEL;SAÍDA DE LEITO CARROÇÁVEL;NUBLADO;SIMPLES;"RETA;DECLIVE";NÃO;0
PE;BR-423;CAETES;7;3;QUINTA-FEIRA;3;0;19;18H-20H;NOITE;PLENA NOITE;MANOBRA DE MUDANÇA DE FAIXA;COLISÃO LATERAL SENTIDO OPOSTO;CÉU CLARO;SIMPLES;"RETA;DECLIVE";NÃO;0
SC;BR-101;SAO JOSE;7;3;QUINTA-FEIRA;3;0;19;18H-20H;NOITE;PLENA NOITE;MANOBRA DE MUDANÇA DE FAIXA;QUEDA DE OCUPANTE DE VEÍCULO;CÉU CLARO;DUPLA;RETA;SIM;0
RS;BR-392;RIO GRANDE;7;3;QUINTA-FEIRA;3;0;20;18H-20H;NOITE;PLENA NOITE;ACESSAR A VIA SEM OBSERVAR A PRESENÇA DOS OUTROS VEÍCULOS;SINISTRO PESSOAL DE TRÂNSITO;CÉU CLARO;DUPLA;RETA;SIM;0
SP;BR-116;GUARULHOS;7;3;QUINTA-FEIRA;3;0;19;18H-20H;NOITE;PLENA NOITE;REAÇÃO TARDIA OU INEFICIENTE DO CONDUTOR;COLISÃO TRASEIRA;CÉU CLARO;MÚLTIPLA;RETA;SIM;0
RJ;BR-116;RESENDE;7;3;QUINTA-FEIRA;3;0;20;18H-20H;NOITE;PLENA NOITE;PEDESTRE ANDAVA NA PISTA;ATROPELAMENTO DE PEDESTRE;CÉU CLARO;DUPLA;RETA;SIM;1
MT;BR-163;MATUPA;7;3;QUINTA-FEIRA;3;0;18;18H-20H;NOITE;PLENA NOITE;REAÇÃO TARDIA OU INEFICIENTE DO CONDUTOR;SAÍDA DE LEITO CARROÇÁVEL;CÉU CLARO;SIMPLES;RETA;NÃO;0
SC;BR-101;LAGUNA;7;3;QUINTA-FEIRA;3;0;18;18H-20H;NOITE;PLENA NOITE;AUSÊNCIA DE REAÇÃO DO CONDUTOR;COLISÃO TRASEIRA;CÉU CLARO;DUPLA;RETA;NÃO;0
RJ;BR-101;NITEROI;7;3;QUINTA-FEIRA;3;0;19;18H-20H;NOITE;PLENA NOITE;AUSÊNCIA DE REAÇÃO DO CONDUTOR;COLISÃO TRASEIRA;CÉU CLARO;DUPLA;RETA;NÃO;0
RJ;BR-101;CAMPOS DOS GOYTACAZES;7;3;QUINTA-FEIRA;3;0;20;18H-20H;NOITE;PLENA NOITE;ACESSAR A VIA SEM OBSERVAR A PRESENÇA DOS OUTROS VEÍCULOS;COLISÃO LATERAL MESMO SENTIDO;NUBLADO;SIMPLES;RETA;NÃO;0
PR;BR-277;SANTA TEREZA DO OESTE;7;3;QUINTA-FEIRA;3;0;18;18H-20H;NOITE;PLENA NOITE;ACESSAR A VIA SEM OBSERVAR A PRESENÇA DOS OUTROS VEÍCULOS;COLISÃO TRANSVERSAL;CÉU CLARO;SIMPLES;INTERSEÇÃO DE VIAS;NÃO;0
SP;BR-116;GUARATINGUETA;7;3;QUINTA-FEIRA;3;0;21;21H-23H;NOITE;PLENA NOITE;AUSÊNCIA DE REAÇÃO DO CONDUTOR;CAPOTAMENTO;NUBLADO;DUPLA;RETA;SIM;0
RJ;BR-101;NITEROI;7;3;QUINTA-FEIRA;3;0;20;18H-20H;NOITE;PLENA NOITE;VELOCIDADE INCOMPATÍVEL;COLISÃO LATERAL MESMO SENTIDO;CÉU CLARO;DUPLA;RETA;NÃO;0
GO;BR-153;APARECIDA DE GOIANIA;7;3;QUINTA-FEIRA;3;0;21;21H-23H;NOITE;PLENO DIA;ACESSAR A VIA SEM OBSERVAR A PRESENÇA DOS OUTROS VEÍCULOS;COLISÃO TRANSVERSAL;CÉU CLARO;MÚLTIPLA;RETA;SIM;0
MS;BR-163;RIO VERDE DE MATO GROSSO;7;3;QUINTA-FEIRA;3;0;18;18H-20H;NOITE;ANOITECER;ACESSAR A VIA SEM OBSERVAR A PRESENÇA DOS OUTROS VEÍCULOS;COLISÃO TRANSVERSAL;CÉU CLARO;SIMPLES;"RETA;INTERSEÇÃO DE VIAS";SIM;0
RS;BR-290;GRAVATAI;7;3;QUINTA-FEIRA;3;0;23;21H-23H;NOITE;PLENA NOITE;ACESSAR A VIA SEM OBSERVAR A PRESENÇA DOS OUTROS VEÍCULOS;COLISÃO LATERAL MESMO SENTIDO;CÉU CLARO;DUPLA;"RETA;INTERSEÇÃO DE VIAS";SIM;0
SC;BR-470;IBIRAMA;7;3;QUINTA-FEIRA;3;0;21;21H-23H;NOITE;PLENA NOITE;TRANSITAR NA CONTRAMÃO;COLISÃO FRONTAL;CÉU CLARO;SIMPLES;"CURVA;ACLIVE";NÃO;0
RN;BR-226;SANTA CRUZ;7;3;QUINTA-FEIRA;3;0;21;21H-23H;NOITE;PLENA NOITE;DEMAIS FALHAS MECÂNICAS OU ELÉTRICAS;SAÍDA DE LEITO CARROÇÁVEL;CÉU CLARO;SIMPLES;"RETA;ACLIVE";SIM;0
ES;BR-101;LINHARES;7;3;QUINTA-FEIRA;3;0;23;21H-23H;NOITE;PLENA NOITE;ANIMAIS NA PISTA;TOMBAMENTO;CÉU CLARO;MÚLTIPLA;"CURVA;DECLIVE";SIM;0
PB;BR-230;PATOS;7;3;QUINTA-FEIRA;3;0;21;21H-23H;NOITE;PLENA NOITE;ANIMAIS NA PISTA;ATROPELAMENTO DE ANIMAL;CÉU CLARO;SIMPLES;RETA;NÃO;0
RJ;BR-101;ITAGUAI;7;3;QUINTA-FEIRA;3;0;23;21H-23H;NOITE;PLENA NOITE;ILUMINAÇÃO DEFICIENTE;COLISÃO TRASEIRA;CÉU CLARO;DUPLA;RETA;SIM;0
MG;BR-153;COMENDADOR GOMES;7;3;QUINTA-FEIRA;3;0;23;21H-23H;NOITE;PLENA NOITE;CONDUTOR DORMINDO;SAÍDA DE LEITO CARROÇÁVEL;CÉU CLARO;SIMPLES;RETORNO REGULAMENTADO;NÃO;0
SP;BR-101;UBATUBA;7;3;QUINTA-FEIRA;3;0;21;21H-23H;NOITE;PLENA NOITE;CONVERSÃO PROIBIDA;COLISÃO TRANSVERSAL;CÉU CLARO;SIMPLES;RETA;SIM;0
CE;BR-116;LIMOEIRO DO NORTE;7;3;QUINTA-FEIRA;3;0;21;21H-23H;NOITE;PLENA NOITE;ANIMAIS NA PISTA;ATROPELAMENTO DE ANIMAL;CÉU CLARO;SIMPLES;RETA;NÃO;1
RS;BR-116;CAXIAS DO SUL;7;3;QUINTA-FEIRA;3;0;23;21H-23H;NOITE;PLENA NOITE;DEMAIS FALHAS MECÂNICAS OU ELÉTRICAS;INCÊNDIO;CÉU CLARO;SIMPLES;INTERSEÇÃO DE VIAS;SIM;0
MT;BR-070;BARRA DO GARCAS;8;3;SEXTA-FEIRA;4;0;0;00H-02H;MADRUGADA;PLENA NOITE;ULTRAPASSAGEM INDEVIDA;COLISÃO LATERAL MESMO SENTIDO;CÉU CLARO;DUPLA;INTERSEÇÃO DE VIAS;SIM;0
GO;BR-060;GOIANAPOLIS;8;3;SEXTA-FEIRA;4;0;1;00H-02H;MADRUGADA;PLENA NOITE;REAÇÃO TARDIA OU INEFICIENTE DO CONDUTOR;SAÍDA DE LEITO CARROÇÁVEL;CÉU CLARO;DUPLA;RETA;NÃO;0
MG;BR-116;GOVERNADOR VALADARES;7;3;QUINTA-FEIRA;3;0;22;21H-23H;NOITE;PLENA NOITE;AUSÊNCIA DE REAÇÃO DO CONDUTOR;COLISÃO TRASEIRA;CÉU CLARO;SIMPLES;CURVA;NÃO;0
MG;BR-116;GOVERNADOR VALADARES;7;3;QUINTA-FEIRA;3;0;23;21H-23H;NOITE;PLENA NOITE;ACESSO IRREGULAR;COLISÃO FRONTAL;CÉU CLARO;SIMPLES;"ACLIVE;INTERSEÇÃO DE VIAS";NÃO;0
MA;BR-222;ACAILANDIA;8;3;SEXTA-FEIRA;4;0;1;00H-02H;MADRUGADA;PLENA NOITE;AUSÊNCIA DE REAÇÃO DO CONDUTOR;SAÍDA DE LEITO CARROÇÁVEL;CHUVA;SIMPLES;"DECLIVE;RETA";NÃO;0
RJ;BR-101;RIO DE JANEIRO;8;3;SEXTA-FEIRA;4;0;0;00H-02H;MADRUGADA;PLENA NOITE;INGESTÃO DE ÁLCOOL PELO CONDUTOR;QUEDA DE OCUPANTE DE VEÍCULO;CÉU CLARO;DUPLA;RETORNO REGULAMENTADO;NÃO;0
RJ;BR-101;ANGRA DOS REIS;8;3;SEXTA-FEIRA;4;0;1;00H-02H;MADRUGADA;PLENA NOITE;VELOCIDADE INCOMPATÍVEL;CAPOTAMENTO;CÉU CLARO;SIMPLES;RETA;NÃO;0
RS;BR-116;ESTEIO;8;3;SEXTA-FEIRA;4;0;3;03H-05H;MADRUGADA;PLENA NOITE;AUSÊNCIA DE REAÇÃO DO CONDUTOR;COLISÃO COM OBJETO;CÉU CLARO;DUPLA;RETA;SIM;0
RS;BR-158;SANTA MARIA;8;3;SEXTA-FEIRA;4;0;3;03H-05H;MADRUGADA;PLENA NOITE;ACESSAR A VIA SEM OBSERVAR A PRESENÇA DOS OUTROS VEÍCULOS;COLISÃO TRANSVERSAL;CÉU CLARO;SIMPLES;"RETA;INTERSEÇÃO DE VIAS";NÃO;0
SC;BR-101;BARRA VELHA;8;3;SEXTA-FEIRA;4;0;5;03H-05H;MADRUGADA;AMANHECER;VELOCIDADE INCOMPATÍVEL;COLISÃO COM OBJETO;NUBLADO;DUPLA;CURVA;SIM;0
PR;BR-476;COLOMBO;8;3;SEXTA-FEIRA;4;0;6;06H-08H;MANHA;AMANHECER;TRANSITAR NA CONTRAMÃO;COLISÃO FRONTAL;CÉU CLARO;SIMPLES;"RETA;INTERSEÇÃO DE VIAS";SIM;1
SC;BR-101;SAO JOSE;8;3;SEXTA-FEIRA;4;0;6;06H-08H;MANHA;AMANHECER;TRAFEGAR COM MOTOCICLETA (OU SIMILAR) ENTRE AS FAIXAS;COLISÃO LATERAL MESMO SENTIDO;CÉU CLARO;MÚLTIPLA;RETA;NÃO;0
RO;BR-364;CACOAL;8;3;SEXTA-FEIRA;4;0;4;03H-05H;MADRUGADA;PLENA NOITE;ANIMAIS NA PISTA;ATROPELAMENTO DE ANIMAL;CÉU CLARO;SIMPLES;"ACLIVE;RETA";NÃO;0
SC;BR-280;ARAQUARI;7;3;QUINTA-FEIRA;3;0;22;21H-23H;NOITE;PLENA NOITE;CONVERSÃO PROIBIDA;COLISÃO FRONTAL;NUBLADO;SIMPLES;RETA;SIM;0
MG;BR-381;BETIM;8;3;SEXTA-FEIRA;4;0;5;03H-05H;MADRUGADA;PLENA NOITE;AUSÊNCIA DE REAÇÃO DO CONDUTOR;COLISÃO COM OBJETO;CÉU CLARO;DUPLA;CURVA;NÃO;0
SC;BR-282;PALHOCA;8;3;SEXTA-FEIRA;4;0;6;06H-08H;MANHA;AMANHECER;ACESSAR A VIA SEM OBSERVAR A PRESENÇA DOS OUTROS VEÍCULOS;COLISÃO TRANSVERSAL;CÉU CLARO;SIMPLES;RETA;NÃO;0
SP;BR-116;GUARULHOS;8;3;SEXTA-FEIRA;4;0;7;06H-08H;MANHA;PLENO DIA;MANOBRA DE MUDANÇA DE FAIXA;COLISÃO LATERAL MESMO SENTIDO;NUBLADO;MÚLTIPLA;"RETA;EM OBRAS";SIM;0
PB;BR-101;JOAO PESSOA;8;3;SEXTA-FEIRA;4;0;6;06H-08H;MANHA;PLENO DIA;ACESSAR A VIA SEM OBSERVAR A PRESENÇA DOS OUTROS VEÍCULOS;COLISÃO TRANSVERSAL;CÉU CLARO;DUPLA;RETA;SIM;0
CE;BR-116;EUSEBIO;8;3;SEXTA-FEIRA;4;0;7;06H-08H;MANHA;PLENO DIA;CONDUTOR DEIXOU DE MANTER DISTÂNCIA DO VEÍCULO DA FRENTE;COLISÃO COM OBJETO;CÉU CLARO;DUPLA;RETA;SIM;0
SC;BR-470;RIO DO SUL;8;3;SEXTA-FEIRA;4;0;6;06H-08H;MANHA;AMANHECER;AUSÊNCIA DE REAÇÃO DO CONDUTOR;COLISÃO TRANSVERSAL;NUBLADO;SIMPLES;"RETA;INTERSEÇÃO DE VIAS";NÃO;0
MA;BR-316;BACABAL;7;3;QUINTA-FEIRA;3;0;19;18H-20H;NOITE;PLENA NOITE;ACESSAR A VIA SEM OBSERVAR A PRESENÇA DOS OUTROS VEÍCULOS;COLISÃO TRANSVERSAL;CÉU CLARO;SIMPLES;RETA;NÃO;0
ES;BR-101;SERRA;8;3;SEXTA-FEIRA;4;0;7;06H-08H;MANHA;PLENO DIA;AUSÊNCIA DE REAÇÃO DO CONDUTOR;COLISÃO TRASEIRA;CÉU CLARO;DUPLA;INTERSEÇÃO DE VIAS;SIM;0
SC;BR-282;FLORIANOPOLIS;8;3;SEXTA-FEIRA;4;0;7;06H-08H;MANHA;PLENO DIA;TRAFEGAR COM MOTOCICLETA (OU SIMILAR) ENTRE AS FAIXAS;COLISÃO LATERAL MESMO SENTIDO;CÉU CLARO;DUPLA;RETA;SIM;0
RN;BR-101;SAO GONCALO DO AMARANTE;8;3;SEXTA-FEIRA;4;0;6;06H-08H;MANHA;PLENO DIA;INGESTÃO DE ÁLCOOL PELO CONDUTOR;COLISÃO TRASEIRA;SOL;DUPLA;"RETORNO REGULAMENTADO;RETA";SIM;0
AL;BR-101;SAO MIGUEL DOS CAMPOS;8;3;SEXTA-FEIRA;4;0;6;06H-08H;MANHA;PLENO DIA;CONDUTOR DEIXOU DE MANTER DISTÂNCIA DO VEÍCULO DA FRENTE;COLISÃO TRASEIRA;CÉU CLARO;SIMPLES;DECLIVE;NÃO;0
PR;BR-116;CURITIBA;8;3;SEXTA-FEIRA;4;0;7;06H-08H;MANHA;PLENO DIA;REAÇÃO TARDIA OU INEFICIENTE DO CONDUTOR;QUEDA DE OCUPANTE DE VEÍCULO;CÉU CLARO;DUPLA;RETA;SIM;0
PE;BR-428;PETROLINA;8;3;SEXTA-FEIRA;4;0;7;06H-08H;MANHA;PLENO DIA;ACESSAR A VIA SEM OBSERVAR A PRESENÇA DOS OUTROS VEÍCULOS;COLISÃO TRANSVERSAL;CÉU CLARO;DUPLA;RETA;SIM;0
RJ;BR-116;MAGE;8;3;SEXTA-FEIRA;4;0;5;03H-05H;MADRUGADA;PLENA NOITE;REAÇÃO TARDIA OU INEFICIENTE DO CONDUTOR;TOMBAMENTO;CÉU CLARO;DUPLA;RETA;NÃO;0
SC;BR-101;SANTA ROSA DO SUL;8;3;SEXTA-FEIRA;4;0;6;06H-08H;MANHA;PLENO DIA;MANOBRA DE MUDANÇA DE FAIXA;COLISÃO TRASEIRA;CÉU CLARO;MÚLTIPLA;ACLIVE;NÃO;0
MG;BR-381;BETIM;7;3;DOMINGO;6;1;11;09H-11H;MANHA;PLENO DIA;TRAFEGAR COM MOTOCICLETA (OU SIMILAR) ENTRE AS FAIXAS;TOMBAMENTO;IGNORADO;DUPLA;RETA;SIM;0
RJ;BR-116;NOVA IGUACU;8;3;SEXTA-FEIRA;4;0;6;06H-08H;MANHA;AMANHECER;TRAFEGAR COM MOTOCICLETA (OU SIMILAR) ENTRE AS FAIXAS;COLISÃO LATERAL MESMO SENTIDO;CÉU CLARO;DUPLA;RETA;SIM;0
SC;BR-470;BLUMENAU;8;3;SEXTA-FEIRA;4;0;6;06H-08H;MANHA;AMANHECER;INGESTÃO DE ÁLCOOL PELO CONDUTOR;SAÍDA DE LEITO CARROÇÁVEL;CÉU CLARO;MÚLTIPLA;"RETA;VIADUTO";SIM;0
RJ;BR-116;BARRA MANSA;7;3;QUINTA-FEIRA;3;0;21;21H-23H;NOITE;PLENA NOITE;TRAFEGAR COM MOTOCICLETA (OU SIMILAR) ENTRE AS FAIXAS;COLISÃO FRONTAL;CÉU CLARO;SIMPLES;RETA;SIM;0
PB;BR-101;BAYEUX;8;3;SEXTA-FEIRA;4;0;8;06H-08H;MANHA;PLENO DIA;REAÇÃO TARDIA OU INEFICIENTE DO CONDUTOR;ENGAVETAMENTO;CÉU CLARO;DUPLA;RETA;SIM;0
GO;BR-040;VALPARAISO DE GOIAS;8;3;SEXTA-FEIRA;4;0;8;06H-08H;MANHA;PLENO DIA;ENTRADA INOPINADA DO PEDESTRE;SAÍDA DE LEITO CARROÇÁVEL;CÉU CLARO;DUPLA;RETA;SIM;0
RO;BR-364;JARU;8;3;SEXTA-FEIRA;4;0;7;06H-08H;MANHA;PLENO DIA;DESRESPEITAR A PREFERÊNCIA NO CRUZAMENTO;COLISÃO TRANSVERSAL;CÉU CLARO;SIMPLES;INTERSEÇÃO DE VIAS;NÃO;0
TO;BR-010;PALMAS;8;3;SEXTA-FEIRA;4;0;8;06H-08H;MANHA;PLENO DIA;MANOBRA DE MUDANÇA DE FAIXA;COLISÃO LATERAL MESMO SENTIDO;CÉU CLARO;MÚLTIPLA;INTERSEÇÃO DE VIAS;NÃO;0
SC;BR-280;ARAQUARI;8;3;SEXTA-FEIRA;4;0;7;06H-08H;MANHA;PLENO DIA;CONVERSÃO PROIBIDA;COLISÃO TRANSVERSAL;CÉU CLARO;SIMPLES;RETA;SIM;0
SC;BR-101;SANGAO;8;3;SEXTA-FEIRA;4;0;8;06H-08H;MANHA;PLENO DIA;DEMAIS FALHAS MECÂNICAS OU ELÉTRICAS;COLISÃO TRASEIRA;CÉU CLARO;DUPLA;RETA;NÃO;0
MT;BR-163;SINOP;8;3;SEXTA-FEIRA;4;0;7;06H-08H;MANHA;PLENO DIA;ACESSAR A VIA SEM OBSERVAR A PRESENÇA DOS OUTROS VEÍCULOS;COLISÃO TRANSVERSAL;CÉU CLARO;SIMPLES;RETA;SIM;0
BA;BR-407;JUAZEIRO;8;3;SEXTA-FEIRA;4;0;8;06H-08H;MANHA;PLENO DIA;MODIFICAÇÃO PROIBIDA;COLISÃO TRANSVERSAL;CÉU CLARO;SIMPLES;RETA;SIM;0
PR;BR-277;CURITIBA;8;3;SEXTA-FEIRA;4;0;8;06H-08H;MANHA;PLENO DIA;CONDUTOR DEIXOU DE MANTER DISTÂNCIA DO VEÍCULO DA FRENTE;COLISÃO TRASEIRA;CÉU CLARO;DUPLA;"RETA;ACLIVE";SIM;0
SP;BR-116;GUARULHOS;8;3;SEXTA-FEIRA;4;0;8;06H-08H;MANHA;PLENO DIA;ULTRAPASSAGEM INDEVIDA;COLISÃO TRASEIRA;CÉU CLARO;MÚLTIPLA;"RETA;VIADUTO";SIM;0
MG;BR-381;BETIM;8;3;SEXTA-FEIRA;4;0;9;09H-11H;MANHA;PLENO DIA;MANOBRA DE MUDANÇA DE FAIXA;COLISÃO LATERAL MESMO SENTIDO;CÉU CLARO;DUPLA;"RETA;DECLIVE";SIM;0
MG;BR-381;CAMPANHA;8;3;SEXTA-FEIRA;4;0;9;09H-11H;MANHA;PLENO DIA;MAL SÚBITO DO CONDUTOR;SAÍDA DE LEITO CARROÇÁVEL;CÉU CLARO;DUPLA;CURVA;NÃO;0
ES;BR-101;CARIACICA;7;3;QUARTA-FEIRA;2;0;13;12H-14H;TARDE;PLENO DIA;ACESSAR A VIA SEM OBSERVAR A PRESENÇA DOS OUTROS VEÍCULOS;COLISÃO TRANSVERSAL;NUBLADO;DUPLA;"RETORNO REGULAMENTADO;INTERSEÇÃO DE VIAS;RETA";SIM;0
PR;BR-277;FOZ DO IGUACU;8;3;SEXTA-FEIRA;4;0;8;06H-08H;MANHA;PLENO DIA;ACESSAR A VIA SEM OBSERVAR A PRESENÇA DOS OUTROS VEÍCULOS;COLISÃO LATERAL MESMO SENTIDO;CÉU CLARO;DUPLA;RETORNO REGULAMENTADO;SIM;0
MG;BR-381;CONTAGEM;7;3;SEGUNDA-FEIRA;0;0;15;15H-17H;TARDE;PLENO DIA;CONDUTOR DEIXOU DE MANTER DISTÂNCIA DO VEÍCULO DA FRENTE;ENGAVETAMENTO;NUBLADO;DUPLA;RETA;SIM;0
MG;BR-381;NOVA ERA;5;2;SEGUNDA-FEIRA;0;0;6;06H-08H;MANHA;AMANHECER;REAÇÃO TARDIA OU INEFICIENTE DO CONDUTOR;TOMBAMENTO;CÉU CLARO;SIMPLES;RETA;NÃO;0
CE;BR-222;FORTALEZA;8;3;SEXTA-FEIRA;4;0;10;09H-11H;MANHA;PLENO DIA;AUSÊNCIA DE REAÇÃO DO CONDUTOR;COLISÃO TRASEIRA;CÉU CLARO;MÚLTIPLA;RETA;SIM;0
SP;BR-153;LINS;8;3;SEXTA-FEIRA;4;0;8;06H-08H;MANHA;PLENO DIA;AFUNDAMENTO OU ONDULAÇÃO NO PAVIMENTO;QUEDA DE OCUPANTE DE VEÍCULO;CÉU CLARO;SIMPLES;RETA;NÃO;0
SC;BR-470;BLUMENAU;8;3;SEXTA-FEIRA;4;0;11;09H-11H;MANHA;PLENO DIA;CONVERSÃO PROIBIDA;COLISÃO TRANSVERSAL;NUBLADO;SIMPLES;RETA;SIM;0
PR;BR-277;LARANJEIRAS DO SUL;8;3;SEXTA-FEIRA;4;0;11;09H-11H;MANHA;PLENO DIA;DESRESPEITAR A PREFERÊNCIA NO CRUZAMENTO;COLISÃO TRANSVERSAL;CÉU CLARO;SIMPLES;"RETA;INTERSEÇÃO DE VIAS";NÃO;0
BA;BR-116;ITATIM;7;3;QUARTA-FEIRA;2;0;17;15H-17H;TARDE;ANOITECER;VELOCIDADE INCOMPATÍVEL;TOMBAMENTO;CÉU CLARO;SIMPLES;RETA;NÃO;0
MG;BR-364;PLANURA;8;3;SEXTA-FEIRA;4;0;9;09H-11H;MANHA;PLENO DIA;REAÇÃO TARDIA OU INEFICIENTE DO CONDUTOR;COLISÃO TRASEIRA;CÉU CLARO;SIMPLES;"ACLIVE;CURVA";SIM;0
MG;BR-040;SAO GONCALO DO ABAETE;8;3;SEXTA-FEIRA;4;0;10;09H-11H;MANHA;PLENO DIA;ACESSAR A VIA SEM OBSERVAR A PRESENÇA DOS OUTROS VEÍCULOS;COLISÃO TRANSVERSAL;CÉU CLARO;SIMPLES;RETA;SIM;0
SP;BR-116;SAO PAULO;8;3;SEXTA-FEIRA;4;0;12;12H-14H;TARDE;PLENO DIA;ULTRAPASSAGEM INDEVIDA;COLISÃO LATERAL MESMO SENTIDO;CÉU CLARO;DUPLA;"RETA;ACLIVE";SIM;0
RJ;BR-040;DUQUE DE CAXIAS;8;3;SEXTA-FEIRA;4;0;10;09H-11H;MANHA;PLENO DIA;ACESSAR A VIA SEM OBSERVAR A PRESENÇA DOS OUTROS VEÍCULOS;COLISÃO TRANSVERSAL;SOL;DUPLA;RETA;NÃO;0
RJ;BR-101;NITEROI;8;3;SEXTA-FEIRA;4;0;12;12H-14H;TARDE;PLENO DIA;AUSÊNCIA DE REAÇÃO DO CONDUTOR;TOMBAMENTO;CÉU CLARO;MÚLTIPLA;RETA;SIM;0
PR;BR-277;FOZ DO IGUACU;8;3;SEXTA-FEIRA;4;0;8;06H-08H;MANHA;PLENO DIA;REAÇÃO TARDIA OU INEFICIENTE DO CONDUTOR;QUEDA DE OCUPANTE DE VEÍCULO;CÉU CLARO;DUPLA;RETA;SIM;0
MG;BR-381;PERIQUITO;8;3;SEXTA-FEIRA;4;0;11;09H-11H;MANHA;PLENO DIA;ACESSAR A VIA SEM OBSERVAR A PRESENÇA DOS OUTROS VEÍCULOS;COLISÃO TRANSVERSAL;CÉU CLARO;SIMPLES;RETA;NÃO;0
RJ;BR-465;NOVA IGUACU;8;3;SEXTA-FEIRA;4;0;12;12H-14H;TARDE;PLENO DIA;TRAFEGAR COM MOTOCICLETA (OU SIMILAR) ENTRE AS FAIXAS;COLISÃO TRANSVERSAL;CÉU CLARO;SIMPLES;RETA;NÃO;0
RJ;BR-101;MANGARATIBA;8;3;SEXTA-FEIRA;4;0;11;09H-11H;MANHA;PLENO DIA;DEMAIS FALHAS MECÂNICAS OU ELÉTRICAS;INCÊNDIO;CÉU CLARO;SIMPLES;"RETA;DECLIVE";SIM;0
SC;BR-101;ITAPEMA;8;3;SEXTA-FEIRA;4;0;13;12H-14H;TARDE;PLENO DIA;MANOBRA DE MUDANÇA DE FAIXA;COLISÃO LATERAL MESMO SENTIDO;NUBLADO;DUPLA;RETA;SIM;0
SP;BR-116;PARIQUERA-ACU;8;3;SEXTA-FEIRA;4;0;13;12H-14H;TARDE;PLENO DIA;REAÇÃO TARDIA OU INEFICIENTE DO CONDUTOR;TOMBAMENTO;CÉU CLARO;DUPLA;RETA;NÃO;0
SP;BR-116;SAO JOSE DOS CAMPOS;8;3;SEXTA-FEIRA;4;0;13;12H-14H;TARDE;PLENO DIA;AUSÊNCIA DE REAÇÃO DO CONDUTOR;COLISÃO LATERAL MESMO SENTIDO;SOL;DUPLA;RETA;NÃO;0