uf;br_formatada;municipio;mes;trimestre;dia_semana;dia_semana_num;fim_de_semana;hora;faixa_horaria;turno;fase_dia;causa_acidente;tipo_acidente;condicao_metereologica;tipo_pista;tracado_via;uso_solo;acidente_fatal
GO;BR-020;SIMOLANDIA;6;2;DOMINGO;6;1;8;06H-08H;MANHA;PLENO DIA;ULTRAPASSAGEM INDEVIDA;COLISÃO FRONTAL;CÉU CLARO;SIMPLES;CURVA;NÃO;1
PR;BR-369;LONDRINA;8;3;QUINTA-FEIRA;3;0;17;15H-17H;TARDE;ANOITECER;ULTRAPASSAGEM INDEVIDA;COLISÃO LATERAL MESMO SENTIDO;CÉU CLARO;SIMPLES;RETA;SIM;0
MG;BR-116;CARATINGA;8;3;QUINTA-FEIRA;3;0;16;15H-17H;TARDE;PLENO DIA;AUSÊNCIA DE REAÇÃO DO CONDUTOR;ATROPELAMENTO DE PEDESTRE;CÉU CLARO;SIMPLES;"RETA;INTERSEÇÃO DE VIAS";SIM;0
BA;BR-324;FEIRA DE SANTANA;8;3;QUINTA-FEIRA;3;0;18;18H-20H;NOITE;PLENA NOITE;REAÇÃO TARDIA OU INEFICIENTE DO CONDUTOR;TOMBAMENTO;CÉU CLARO;DUPLA;RETA;SIM;0
SP;BR-116;SAO JOSE DOS CAMPOS;8;3;QUINTA-FEIRA;3;0;18;18H-20H;NOITE;PLENA NOITE;REAÇÃO TARDIA OU INEFICIENTE DO CONDUTOR;COLISÃO LATERAL MESMO SENTIDO;CÉU CLARO;DUPLA;RETA;NÃO;0
SP;BR-116;ARUJA;8;3;QUINTA-FEIRA;3;0;18;18H-20H;NOITE;PLENA NOITE;FREAR BRUSCAMENTE;ENGAVETAMENTO;CÉU CLARO;DUPLA;RETA;NÃO;0
RN;BR-101;ARES;8;3;QUINTA-FEIRA;3;0;15;15H-17H;TARDE;PLENO DIA;CONDUTOR DORMINDO;COLISÃO COM OBJETO;CÉU CLARO;DUPLA;DECLIVE;NÃO;0
PR;BR-277;CURITIBA;8;3;QUINTA-FEIRA;3;0;17;15H-17H;TARDE;ANOITECER;CONDUTOR DEIXOU DE MANTER DISTÂNCIA DO VEÍCULO DA FRENTE;COLISÃO TRASEIRA;CÉU CLARO;DUPLA;RETA;SIM;0
CE;BR-116;FORTALEZA;8;3;QUINTA-FEIRA;3;0;18;18H-20H;NOITE;PLENA NOITE;PEDESTRE CRUZAVA A PISTA FORA DA FAIXA;ATROPELAMENTO DE PEDESTRE;CÉU CLARO;DUPLA;RETA;SIM;1
PE;BR-316;TRINDADE;8;3;QUINTA-FEIRA;3;0;18;18H-20H;NOITE;PLENA NOITE;ACESSAR A VIA SEM OBSERVAR A PRESENÇA DOS OUTROS VEÍCULOS;COLISÃO TRANSVERSAL;CÉU CLARO;SIMPLES;CURVA;SIM;1
PR;BR-158;PATO BRANCO;8;3;QUINTA-FEIRA;3;0;17;15H-17H;TARDE;PLENO DIA;TRAFEGAR COM MOTOCICLETA (OU SIMILAR) ENTRE AS FAIXAS;COLISÃO LATERAL MESMO SENTIDO;CÉU CLARO;SIMPLES;INTERSEÇÃO DE VIAS;SIM;0
MG;BR-040;NOVA LIMA;8;3;QUINTA-FEIRA;3;0;14;12H-14H;TARDE;PLENO DIA;DEMAIS FALHAS MECÂNICAS OU ELÉTRICAS;INCÊNDIO;CÉU CLARO;SIMPLES;CURVA;NÃO;0
RN;BR-101;RIO DO FOGO;8;3;QUINTA-FEIRA;3;0;18;18H-20H;NOITE;PLENA NOITE;ANIMAIS NA PISTA;ATROPELAMENTO DE ANIMAL;CÉU CLARO;SIMPLES;RETA;NÃO;0
MG;BR-381;BETIM;8;3;QUINTA-FEIRA;3;0;18;18H-20H;NOITE;PLENA NOITE;AUSÊNCIA DE REAÇÃO DO CONDUTOR;COLISÃO TRASEIRA;CÉU CLARO;DUPLA;RETA;SIM;0
SC;BR-101;ARAQUARI;8;3;QUINTA-FEIRA;3;0;18;18H-20H;NOITE;PLENA NOITE;AVARIAS E/OU DESGASTE EXCESSIVO NO PNEU;QUEDA DE OCUPANTE DE VEÍCULO;CÉU CLARO;DUPLA;RETA;NÃO;0
SP;BR-116;GUARULHOS;8;3;QUINTA-FEIRA;3;0;18;18H-20H;NOITE;PLENA NOITE;AUSÊNCIA DE REAÇÃO DO CONDUTOR;COLISÃO COM OBJETO;CÉU CLARO;MÚLTIPLA;RETA;SIM;0
SC;BR-282;SAO JOSE;8;3;QUINTA-FEIRA;3;0;19;18H-20H;NOITE;PLENA NOITE;CONDUTOR DEIXOU DE MANTER DISTÂNCIA DO VEÍCULO DA FRENTE;COLISÃO LATERAL MESMO SENTIDO;CÉU CLARO;DUPLA;RETA;SIM;0
MG;BR-040;FELIXLANDIA;8;3;QUINTA-FEIRA;3;0;17;15H-17H;TARDE;PLENO DIA;CONDUTOR DEIXOU DE MANTER DISTÂNCIA DO VEÍCULO DA FRENTE;COLISÃO TRASEIRA;CÉU CLARO;SIMPLES;RETA;NÃO;0
MG;BR-365;UBERLANDIA;8;3;QUINTA-FEIRA;3;0;18;18H-20H;NOITE;ANOITECER;ACESSAR A VIA SEM OBSERVAR A PRESENÇA DOS OUTROS VEÍCULOS;COLISÃO TRANSVERSAL;CÉU CLARO;DUPLA;INTERSEÇÃO DE VIAS;SIM;0
RJ;BR-393;BARRA MANSA;8;3;QUARTA-FEIRA;2;0;18;18H-20H;NOITE;ANOITECER;ACESSAR A VIA SEM OBSERVAR A PRESENÇA DOS OUTROS VEÍCULOS;COLISÃO LATERAL MESMO SENTIDO;NUBLADO;SIMPLES;RETA;SIM;0
AM;BR-319;CAREIRO;8;3;SÁBADO;5;1;12;12H-14H;TARDE;PLENO DIA;ACESSAR A VIA SEM OBSERVAR A PRESENÇA DOS OUTROS VEÍCULOS;COLISÃO TRANSVERSAL;CÉU CLARO;SIMPLES;PONTE;SIM;1
PR;BR-376;SAO JOSE DOS PINHAIS;8;3;QUINTA-FEIRA;3;0;18;18H-20H;NOITE;PLENA NOITE;REAÇÃO TARDIA OU INEFICIENTE DO CONDUTOR;COLISÃO COM OBJETO;CÉU CLARO;MÚLTIPLA;RETA;SIM;0
SC;BR-101;BIGUACU;8;3;QUINTA-FEIRA;3;0;20;18H-20H;NOITE;PLENA NOITE;INGESTÃO DE ÁLCOOL PELO CONDUTOR;COLISÃO COM OBJETO;CÉU CLARO;MÚLTIPLA;CURVA;NÃO;0
PR;BR-376;APUCARANA;8;3;QUINTA-FEIRA;3;0;20;18H-20H;NOITE;PLENA NOITE;AUSÊNCIA DE REAÇÃO DO CONDUTOR;QUEDA DE OCUPANTE DE VEÍCULO;CÉU CLARO;DUPLA;ACLIVE;NÃO;0
RS;BR-471;RIO PARDO;8;3;QUINTA-FEIRA;3;0;18;18H-20H;NOITE;PLENA NOITE;DEMAIS FALHAS MECÂNICAS OU ELÉTRICAS;CAPOTAMENTO;CHUVA;SIMPLES;CURVA;NÃO;0
PB;BR-230;CAJAZEIRAS;8;3;QUINTA-FEIRA;3;0;18;18H-20H;NOITE;PLENA NOITE;CONDUTOR DEIXOU DE MANTER DISTÂNCIA DO VEÍCULO DA FRENTE;COLISÃO TRASEIRA;CÉU CLARO;SIMPLES;"DECLIVE;RETA";SIM;0
MG;BR-267;LEOPOLDINA;8;3;QUINTA-FEIRA;3;0;15;15H-17H;TARDE;PLENO DIA;ULTRAPASSAGEM INDEVIDA;TOMBAMENTO;CÉU CLARO;SIMPLES;"ACLIVE;CURVA";NÃO;0
BA;BR-407;JUAZEIRO;8;3;QUINTA-FEIRA;3;0;19;18H-20H;NOITE;PLENA NOITE;TRANSITAR NO ACOSTAMENTO;COLISÃO TRANSVERSAL;CÉU CLARO;SIMPLES;RETA;SIM;0
ES;BR-101;CARIACICA;8;3;QUINTA-FEIRA;3;0;20;18H-20H;NOITE;PLENA NOITE;AUSÊNCIA DE REAÇÃO DO CONDUTOR;COLISÃO TRANSVERSAL;CÉU CLARO;DUPLA;"RETA;RETORNO REGULAMENTADO";SIM;0
SP;BR-116;JUQUITIBA;8;3;QUINTA-FEIRA;3;0;19;18H-20H;NOITE;PLENA NOITE;PISTA ESCORREGADIA;QUEDA DE OCUPANTE DE VEÍCULO;CÉU CLARO;DUPLA;RETA;SIM;0
PR;BR-116;CURITIBA;8;3;QUINTA-FEIRA;3;0;20;18H-20H;NOITE;PLENA NOITE;MANOBRA DE MUDANÇA DE FAIXA;COLISÃO TRASEIRA;NUBLADO;MÚLTIPLA;RETA;SIM;0
GO;BR-050;CRISTALINA;8;3;QUINTA-FEIRA;3;0;18;18H-20H;NOITE;PLENA NOITE;AVARIAS E/OU DESGASTE EXCESSIVO NO PNEU;QUEDA DE OCUPANTE DE VEÍCULO;CÉU CLARO;SIMPLES;RETA;SIM;0
RJ;BR-101;ITAGUAI;8;3;QUINTA-FEIRA;3;0;20;18H-20H;NOITE;PLENA NOITE;REAÇÃO TARDIA OU INEFICIENTE DO CONDUTOR;ATROPELAMENTO DE PEDESTRE;CÉU CLARO;MÚLTIPLA;RETA;NÃO;0
MT;BR-070;GENERAL CARNEIRO;8;3;QUINTA-FEIRA;3;0;19;18H-20H;NOITE;PLENA NOITE;RETORNO PROIBIDO;COLISÃO TRANSVERSAL;CÉU CLARO;SIMPLES;RETA;NÃO;0
SC;BR-280;ARAQUARI;8;3;QUINTA-FEIRA;3;0;18;18H-20H;NOITE;ANOITECER;PEDESTRE CRUZAVA A PISTA FORA DA FAIXA;ATROPELAMENTO DE PEDESTRE;NUBLADO;SIMPLES;RETA;NÃO;0
SP;BR-116;GUARAREMA;8;3;QUINTA-FEIRA;3;0;21;21H-23H;NOITE;PLENA NOITE;AUSÊNCIA DE REAÇÃO DO CONDUTOR;COLISÃO LATERAL MESMO SENTIDO;IGNORADO;DUPLA;"RETA;DECLIVE";NÃO;1
SC;BR-470;BLUMENAU;8;3;QUINTA-FEIRA;3;0;19;18H-20H;NOITE;PLENA NOITE;DEFICIÊNCIA DO SISTEMA DE ILUMINAÇÃO/SINALIZAÇÃO;SAÍDA DE LEITO CARROÇÁVEL;NUBLADO;MÚLTIPLA;"RETA;EM OBRAS";NÃO;0
RJ;BR-040;PETROPOLIS;8;3;QUINTA-FEIRA;3;0;21;21H-23H;NOITE;PLENA NOITE;CONDUTOR DORMINDO;SAÍDA DE LEITO CARROÇÁVEL;NEVOEIRO/NEBLINA;SIMPLES;CURVA;NÃO;0
PR;BR-153;JACAREZINHO;8;3;QUINTA-FEIRA;3;0;21;21H-23H;NOITE;PLENA NOITE;AUSÊNCIA DE REAÇÃO DO CONDUTOR;COLISÃO TRASEIRA;NUBLADO;SIMPLES;RETA;NÃO;0
PR;BR-116;COLOMBO;8;3;QUINTA-FEIRA;3;0;22;21H-23H;NOITE;PLENA NOITE;REAÇÃO TARDIA OU INEFICIENTE DO CONDUTOR;COLISÃO COM OBJETO;NUBLADO;DUPLA;RETA;SIM;0
PI;BR-316;VILA NOVA DO PIAUI;8;3;QUINTA-FEIRA;3;0;20;18H-20H;NOITE;PLENA NOITE;AUSÊNCIA DE REAÇÃO DO CONDUTOR;QUEDA DE OCUPANTE DE VEÍCULO;CÉU CLARO;SIMPLES;"ACLIVE;CURVA";NÃO;0
MT;BR-174;PONTES E LACERDA;8;3;QUINTA-FEIRA;3;0;20;18H-20H;NOITE;ANOITECER;INGESTÃO DE ÁLCOOL PELO CONDUTOR;SAÍDA DE LEITO CARROÇÁVEL;CÉU CLARO;SIMPLES;CURVA;NÃO;0
RJ;BR-393;PARAIBA DO SUL;8;3;QUINTA-FEIRA;3;0;22;21H-23H;NOITE;PLENA NOITE;ACESSAR A VIA SEM OBSERVAR A PRESENÇA DOS OUTROS VEÍCULOS;COLISÃO TRANSVERSAL;CÉU CLARO;SIMPLES;RETA;SIM;0
PE;BR-232;SERRA TALHADA;8;3;QUINTA-FEIRA;3;0;21;21H-23H;NOITE;PLENA NOITE;ACESSAR A VIA SEM OBSERVAR A PRESENÇA DOS OUTROS VEÍCULOS;COLISÃO TRANSVERSAL;CÉU CLARO;SIMPLES;RETA;SIM;0
PR;BR-376;APUCARANA;8;3;QUINTA-FEIRA;3;0;22;21H-23H;NOITE;PLENA NOITE;MANOBRA DE MUDANÇA DE FAIXA;COLISÃO TRASEIRA;CÉU CLARO;SIMPLES;RETA;SIM;0
MT;BR-163;SINOP;8;3;QUINTA-FEIRA;3;0;19;18H-20H;NOITE;PLENA NOITE;CONVERSÃO PROIBIDA;COLISÃO LATERAL MESMO SENTIDO;CÉU CLARO;SIMPLES;RETA;NÃO;0
SC;BR-101;PALHOCA;8;3;QUINTA-FEIRA;3;0;23;21H-23H;NOITE;PLENA NOITE;DEMAIS FALHAS MECÂNICAS OU ELÉTRICAS;INCÊNDIO;NUBLADO;DUPLA;"DECLIVE;RETA";NÃO;0
PE;BR-424;GARANHUNS;8;3;QUINTA-FEIRA;3;0;21;21H-23H;NOITE;PLENA NOITE;AUSÊNCIA DE REAÇÃO DO CONDUTOR;COLISÃO FRONTAL;CÉU CLARO;SIMPLES;"DECLIVE;RETA";NÃO;0
RJ;BR-101;RIO DE JANEIRO;8;3;QUINTA-FEIRA;3;0;21;21H-23H;NOITE;PLENA NOITE;AUSÊNCIA DE REAÇÃO DO CONDUTOR;COLISÃO COM OBJETO;CÉU CLARO;DUPLA;RETA;SIM;0
GO;BR-060;ANAPOLIS;8;3;QUINTA-FEIRA;3;0;23;21H-23H;NOITE;PLENA NOITE;OBJETO ESTÁTICO SOBRE O LEITO CARROÇÁVEL;COLISÃO COM OBJETO;CÉU CLARO;DUPLA;"RETORNO REGULAMENTADO;RETA";SIM;0
MS;BR-163;CAMPO GRANDE;8;3;QUINTA-FEIRA;3;0;22;21H-23H;NOITE;PLENA NOITE;AUSÊNCIA DE REAÇÃO DO CONDUTOR;TOMBAMENTO;CÉU CLARO;DUPLA;"RETA;INTERSEÇÃO DE VIAS";NÃO;0
BA;BR-349;CORRENTINA;8;3;QUINTA-FEIRA;3;0;19;18H-20H;NOITE;PLENA NOITE;AUSÊNCIA DE SINALIZAÇÃO;COLISÃO TRASEIRA;IGNORADO;SIMPLES;RETA;NÃO;0
RJ;BR-116;SAO JOAO DE MERITI;8;3;QUINTA-FEIRA;3;0;21;21H-23H;NOITE;PLENA NOITE;ACUMULO DE AREIA OU DETRITOS SOBRE O PAVIMENTO;TOMBAMENTO;NUBLADO;MÚLTIPLA;RETA;SIM;0
MG;BR-381;BETIM;8;3;QUINTA-FEIRA;3;0;23;21H-23H;NOITE;PLENA NOITE;ANIMAIS NA PISTA;ATROPELAMENTO DE ANIMAL;NUBLADO;DUPLA;RETA;NÃO;0
SC;BR-101;ITAJAI;8;3;QUINTA-FEIRA;3;0;23;21H-23H;NOITE;PLENA NOITE;AUSÊNCIA DE REAÇÃO DO CONDUTOR;TOMBAMENTO;CÉU CLARO;SIMPLES;RETA;NÃO;0
MT;BR-163;CLAUDIA;8;3;QUINTA-FEIRA;3;0;22;21H-23H;NOITE;PLENA NOITE;ANIMAIS NA PISTA;CAPOTAMENTO;CÉU CLARO;SIMPLES;DECLIVE;NÃO;0
MG;BR-116;TEOFILO OTONI;8;3;SEXTA-FEIRA;4;0;0;00H-02H;MADRUGADA;PLENA NOITE;ACESSAR A VIA SEM OBSERVAR A PRESENÇA DOS OUTROS VEÍCULOS;COLISÃO TRANSVERSAL;NUBLADO;MÚLTIPLA;"RETORNO REGULAMENTADO;ROTATÓRIA";SIM;0
MS;BR-163;BANDEIRANTES;8;3;SEXTA-FEIRA;4;0;0;00H-02H;MADRUGADA;PLENA NOITE;ACESSAR A VIA SEM OBSERVAR A PRESENÇA DOS OUTROS VEÍCULOS;ATROPELAMENTO DE PEDESTRE;CÉU CLARO;SIMPLES;RETA;SIM;1
RN;BR-110;MOSSORO;8;3;SEXTA-FEIRA;4;0;0;00H-02H;MADRUGADA;PLENA NOITE;ANIMAIS NA PISTA;ATROPELAMENTO DE ANIMAL;CÉU CLARO;SIMPLES;RETA;SIM;0
BA;BR-324;SAO SEBASTIAO DO PASSE;8;3;DOMINGO;6;1;20;18H-20H;NOITE;PLENA NOITE;DEMAIS FALHAS MECÂNICAS OU ELÉTRICAS;INCÊNDIO;CÉU CLARO;DUPLA;RETA;NÃO;0
MG;BR-153;PRATA;8;3;SEXTA-FEIRA;4;0;1;00H-02H;MADRUGADA;PLENA NOITE;REAÇÃO TARDIA OU INEFICIENTE DO CONDUTOR;SAÍDA DE LEITO CARROÇÁVEL;CÉU CLARO;MÚLTIPLA;ACLIVE;NÃO;0
PB;BR-101;BAYEUX;8;3;SEXTA-FEIRA;4;0;3;03H-05H;MADRUGADA;PLENA NOITE;MANOBRA DE MUDANÇA DE FAIXA;COLISÃO TRASEIRA;NUBLADO;DUPLA;RETA;SIM;0
MG;BR-262;UBERABA;8;3;SEXTA-FEIRA;4;0;4;03H-05H;MADRUGADA;PLENA NOITE;CONDUTOR DORMINDO;SAÍDA DE LEITO CARROÇÁVEL;CÉU CLARO;DUPLA;RETA;NÃO;0
MG;BR-354;ITANHANDU;8;3;SEXTA-FEIRA;4;0;3;03H-05H;MADRUGADA;PLENA NOITE;INGESTÃO DE ÁLCOOL PELO CONDUTOR;SAÍDA DE LEITO CARROÇÁVEL;CÉU CLARO;SIMPLES;RETA;NÃO;0
GO;BR-040;LUZIANIA;8;3;SEXTA-FEIRA;4;0;3;03H-05H;MADRUGADA;PLENA NOITE;AUSÊNCIA DE REAÇÃO DO CONDUTOR;QUEDA DE OCUPANTE DE VEÍCULO;CÉU CLARO;DUPLA;RETA;SIM;0
SC;BR-101;BALNEARIO CAMBORIU;8;3;SEXTA-FEIRA;4;0;4;03H-05H;MADRUGADA;PLENA NOITE;REAÇÃO TARDIA OU INEFICIENTE DO CONDUTOR;COLISÃO COM OBJETO;CHUVA;DUPLA;INTERSEÇÃO DE VIAS;SIM;0
SC;BR-101;ARAQUARI;8;3;SEXTA-FEIRA;4;0;3;03H-05H;MADRUGADA;PLENA NOITE;CHUVA;SAÍDA DE LEITO CARROÇÁVEL;CHUVA;DUPLA;CURVA;NÃO;0
PR;BR-153;IMBITUVA;8;3;SEXTA-FEIRA;4;0;3;03H-05H;MADRUGADA;PLENA NOITE;ACESSAR A VIA SEM OBSERVAR A PRESENÇA DOS OUTROS VEÍCULOS;COLISÃO TRANSVERSAL;CÉU CLARO;SIMPLES;CURVA;SIM;0
PR;BR-277;SAO JOSE DOS PINHAIS;8;3;SEXTA-FEIRA;4;0;4;03H-05H;MADRUGADA;PLENA NOITE;AUSÊNCIA DE REAÇÃO DO CONDUTOR;COLISÃO TRASEIRA;NUBLADO;DUPLA;RETA;NÃO;0
RJ;BR-101;ANGRA DOS REIS;8;3;SEXTA-FEIRA;4;0;5;03H-05H;MADRUGADA;AMANHECER;TRANSITAR NA CONTRAMÃO;COLISÃO TRANSVERSAL;CÉU CLARO;DUPLA;RETA;SIM;0
PR;BR-376;ALTO PARANA;8;3;SEXTA-FEIRA;4;0;6;06H-08H;MANHA;PLENA NOITE;CONDUTOR DORMINDO;SAÍDA DE LEITO CARROÇÁVEL;CÉU CLARO;DUPLA;"DECLIVE;RETA";NÃO;0
PE;BR-101;PAULISTA;8;3;SEXTA-FEIRA;4;0;5;03H-05H;MADRUGADA;PLENO DIA;AUSÊNCIA DE REAÇÃO DO CONDUTOR;CAPOTAMENTO;NUBLADO;DUPLA;CURVA;SIM;0
MG;BR-040;CONSELHEIRO LAFAIETE;8;3;SEXTA-FEIRA;4;0;5;03H-05H;MADRUGADA;PLENA NOITE;ENTRADA INOPINADA DO PEDESTRE;ATROPELAMENTO DE PEDESTRE;CÉU CLARO;SIMPLES;"ACLIVE;RETA";SIM;0
SP;BR-116;GUARULHOS;8;3;SEXTA-FEIRA;4;0;6;06H-08H;MANHA;PLENO DIA;AUSÊNCIA DE REAÇÃO DO CONDUTOR;COLISÃO TRASEIRA;NUBLADO;DUPLA;RETA;SIM;0
SP;BR-116;GUARULHOS;8;3;SEXTA-FEIRA;4;0;3;03H-05H;MADRUGADA;PLENA NOITE;AUSÊNCIA DE REAÇÃO DO CONDUTOR;COLISÃO COM OBJETO;CÉU CLARO;MÚLTIPLA;RETA;NÃO;0
ES;BR-101;SERRA;8;3;SEXTA-FEIRA;4;0;7;06H-08H;MANHA;PLENO DIA;REAÇÃO TARDIA OU INEFICIENTE DO CONDUTOR;COLISÃO TRASEIRA;CÉU CLARO;SIMPLES;RETA;SIM;0
MG;BR-153;FRUTAL;8;3;QUINTA-FEIRA;3;0;23;21H-23H;NOITE;PLENA NOITE;REAÇÃO TARDIA OU INEFICIENTE DO CONDUTOR;SAÍDA DE LEITO CARROÇÁVEL;CÉU CLARO;SIMPLES;INTERSEÇÃO DE VIAS;NÃO;0
SC;BR-280;GUARAMIRIM;8;3;SEXTA-FEIRA;4;0;6;06H-08H;MANHA;AMANHECER;TRANSITAR NA CONTRAMÃO;COLISÃO FRONTAL;GAROA/CHUVISCO;DUPLA;ROTATÓRIA;NÃO;0
PI;BR-316;PICOS;8;3;SEXTA-FEIRA;4;0;5;03H-05H;MADRUGADA;PLENO DIA;AUSÊNCIA DE REAÇÃO DO CONDUTOR;COLISÃO TRASEIRA;CÉU CLARO;SIMPLES;RETA;NÃO;0
SP;BR-153;ICEM;8;3;SEXTA-FEIRA;4;0;6;06H-08H;MANHA;AMANHECER;REAÇÃO TARDIA OU INEFICIENTE DO CONDUTOR;COLISÃO FRONTAL;CÉU CLARO;SIMPLES;RETA;NÃO;0
PE;BR-101;RECIFE;8;3;SEXTA-FEIRA;4;0;7;06H-08H;MANHA;PLENO DIA;REAÇÃO TARDIA OU INEFICIENTE DO CONDUTOR;ATROPELAMENTO DE PEDESTRE;CÉU CLARO;DUPLA;RETA;SIM;0
SP;BR-116;SAO JOSE DOS CAMPOS;8;3;SEXTA-FEIRA;4;0;7;06H-08H;MANHA;AMANHECER;CONDUTOR DORMINDO;EVENTOS ATÍPICOS;CÉU CLARO;DUPLA;RETA;NÃO;0
PR;BR-376;SAO JOSE DOS PINHAIS;8;3;SEXTA-FEIRA;4;0;7;06H-08H;MANHA;PLENO DIA;DESRESPEITAR A PREFERÊNCIA NO CRUZAMENTO;COLISÃO TRANSVERSAL;GAROA/CHUVISCO;MÚLTIPLA;"DECLIVE;INTERSEÇÃO DE VIAS";NÃO;0
RN;BR-110;MOSSORO;8;3;SEXTA-FEIRA;4;0;6;06H-08H;MANHA;PLENO DIA;DESRESPEITAR A PREFERÊNCIA NO CRUZAMENTO;COLISÃO TRANSVERSAL;CÉU CLARO;SIMPLES;"INTERSEÇÃO DE VIAS;RETA";SIM;0
BA;BR-135;RIACHAO DAS NEVES;8;3;SEXTA-FEIRA;4;0;6;06H-08H;MANHA;AMANHECER;CONDUTOR DORMINDO;SAÍDA DE LEITO CARROÇÁVEL;CÉU CLARO;SIMPLES;RETA;NÃO;0
MS;BR-419;AQUIDAUANA;8;3;SEXTA-FEIRA;4;0;7;06H-08H;MANHA;PLENO DIA;REAÇÃO TARDIA OU INEFICIENTE DO CONDUTOR;SAÍDA DE LEITO CARROÇÁVEL;CÉU CLARO;SIMPLES;"RETA;EM OBRAS";NÃO;1
DF;BR-070;BRASILIA;8;3;SEXTA-FEIRA;4;0;8;06H-08H;MANHA;PLENO DIA;AUSÊNCIA DE REAÇÃO DO CONDUTOR;QUEDA DE OCUPANTE DE VEÍCULO;CÉU CLARO;DUPLA;RETA;NÃO;0
RJ;BR-465;NOVA IGUACU;8;3;QUINTA-FEIRA;3;0;19;18H-20H;NOITE;PLENO DIA;TRANSITAR NO ACOSTAMENTO;ATROPELAMENTO DE PEDESTRE;IGNORADO;SIMPLES;RETA;SIM;0
RJ;BR-040;DUQUE DE CAXIAS;8;3;SEXTA-FEIRA;4;0;7;06H-08H;MANHA;PLENO DIA;REAÇÃO TARDIA OU INEFICIENTE DO CONDUTOR;QUEDA DE OCUPANTE DE VEÍCULO;CÉU CLARO;DUPLA;VIADUTO;SIM;0
PR;BR-277;MORRETES;8;3;SEXTA-FEIRA;4;0;7;06H-08H;MANHA;PLENO DIA;REAÇÃO TARDIA OU INEFICIENTE DO CONDUTOR;TOMBAMENTO;CHUVA;DUPLA;"ACLIVE;CURVA";NÃO;0
MG;BR-365;BURITIZEIRO;8;3;SEXTA-FEIRA;4;0;5;03H-05H;MADRUGADA;AMANHECER;ACESSO IRREGULAR;COLISÃO FRONTAL;CÉU CLARO;SIMPLES;RETA;NÃO;0
RN;BR-304;MOSSORO;8;3;SEXTA-FEIRA;4;0;7;06H-08H;MANHA;PLENO DIA;CONDUTOR DEIXOU DE MANTER DISTÂNCIA DO VEÍCULO DA FRENTE;COLISÃO TRANSVERSAL;CÉU CLARO;DUPLA;RETA;SIM;0
RJ;BR-493;ITABORAI;8;3;SEXTA-FEIRA;4;0;2;00H-02H;MADRUGADA;PLENA NOITE;AUSÊNCIA DE REAÇÃO DO CONDUTOR;QUEDA DE OCUPANTE DE VEÍCULO;CÉU CLARO;SIMPLES;RETA;SIM;0
GO;BR-153;GOIANIA;8;3;SEXTA-FEIRA;4;0;8;06H-08H;MANHA;PLENO DIA;REAÇÃO TARDIA OU INEFICIENTE DO CONDUTOR;COLISÃO TRASEIRA;CÉU CLARO;DUPLA;RETA;SIM;0
ES;BR-101;LINHARES;7;3;SÁBADO;5;1;7;06H-08H;MANHA;PLENO DIA;CONDUTOR DEIXOU DE MANTER DISTÂNCIA DO VEÍCULO DA FRENTE;COLISÃO TRASEIRA;NEVOEIRO/NEBLINA;SIMPLES;RETA;NÃO;0
MG;BR-IGNORADA;CONTAGEM;8;3;QUINTA-FEIRA;3;0;17;15H-17H;TARDE;PLENO DIA;FREAR BRUSCAMENTE;ENGAVETAMENTO;CÉU CLARO;MÚLTIPLA;VIADUTO;SIM;0
SC;BR-101;ITAPEMA;8;3;SEXTA-FEIRA;4;0;8;06H-08H;MANHA;PLENO DIA;REAÇÃO TARDIA OU INEFICIENTE DO CONDUTOR;TOMBAMENTO;GAROA/CHUVISCO;DUPLA;"DECLIVE;RETA";NÃO;0
PB;BR-230;CAMPINA GRANDE;8;3;SEXTA-FEIRA;4;0;7;06H-08H;MANHA;PLENO DIA;CONVERSÃO PROIBIDA;COLISÃO LATERAL MESMO SENTIDO;CÉU CLARO;SIMPLES;RETA;SIM;0
BA;BR-330;JEQUIE;8;3;QUINTA-FEIRA;3;0;22;21H-23H;NOITE;PLENA NOITE;VELOCIDADE INCOMPATÍVEL;COLISÃO TRANSVERSAL;CÉU CLARO;SIMPLES;CURVA;NÃO;0
MT;BR-070;BARRA DO GARCAS;8;3;SEXTA-FEIRA;4;0;9;09H-11H;MANHA;PLENO DIA;AUSÊNCIA DE REAÇÃO DO CONDUTOR;TOMBAMENTO;SOL;DUPLA;"RETA;DECLIVE";NÃO;0
PR;BR-116;CURITIBA;8;3;SEXTA-FEIRA;4;0;9;09H-11H;MANHA;PLENO DIA;MANOBRA DE MUDANÇA DE FAIXA;COLISÃO LATERAL MESMO SENTIDO;CHUVA;MÚLTIPLA;RETA;SIM;0
PR;BR-158;PATO BRANCO;7;3;DOMINGO;6;1;17;15H-17H;TARDE;PLENO DIA;RETORNO PROIBIDO;COLISÃO TRANSVERSAL;IGNORADO;SIMPLES;RETORNO REGULAMENTADO;SIM;0
SC;BR-470;TROMBUDO CENTRAL;8;3;SEXTA-FEIRA;4;0;7;06H-08H;MANHA;PLENO DIA;ACESSAR A VIA SEM OBSERVAR A PRESENÇA DOS OUTROS VEÍCULOS;COLISÃO TRANSVERSAL;CHUVA;SIMPLES;RETA;NÃO;0
PR;BR-376;SARANDI;8;3;SEXTA-FEIRA;4;0;7;06H-08H;MANHA;PLENO DIA;AUSÊNCIA DE REAÇÃO DO CONDUTOR;COLISÃO LATERAL MESMO SENTIDO;NUBLADO;DUPLA;RETA;SIM;0