uf;br_formatada;municipio;mes;trimestre;dia_semana;dia_semana_num;fim_de_semana;hora;faixa_horaria;turno;fase_dia;causa_acidente;tipo_acidente;condicao_metereologica;tipo_pista;tracado_via;uso_solo;acidente_fatal
RJ;BR-040;PETROPOLIS;8;3;SÁBADO;5;1;11;09H-11H;MANHA;PLENO DIA;ACUMULO DE ÁGUA SOBRE O PAVIMENTO;COLISÃO COM OBJETO;CHUVA;DUPLA;"DECLIVE;CURVA";NÃO;0
PB;BR-230;SANTA RITA;8;3;SÁBADO;5;1;14;12H-14H;TARDE;PLENO DIA;ACESSAR A VIA SEM OBSERVAR A PRESENÇA DOS OUTROS VEÍCULOS;COLISÃO LATERAL MESMO SENTIDO;CÉU CLARO;DUPLA;INTERSEÇÃO DE VIAS;SIM;0
PE;BR-232;GRAVATA;8;3;SÁBADO;5;1;12;12H-14H;TARDE;PLENO DIA;AUSÊNCIA DE REAÇÃO DO CONDUTOR;SAÍDA DE LEITO CARROÇÁVEL;CÉU CLARO;DUPLA;CURVA;SIM;0
PE;BR-101;ABREU E LIMA;8;3;SÁBADO;5;1;15;15H-17H;TARDE;PLENO DIA;VELOCIDADE INCOMPATÍVEL;COLISÃO TRASEIRA;CÉU CLARO;DUPLA;RETA;SIM;0
TO;BR-010;PALMAS;8;3;SÁBADO;5;1;14;12H-14H;TARDE;PLENO DIA;REAÇÃO TARDIA OU INEFICIENTE DO CONDUTOR;COLISÃO TRASEIRA;CÉU CLARO;MÚLTIPLA;RETA;NÃO;0
PR;BR-376;JANDAIA DO SUL;8;3;SÁBADO;5;1;14;12H-14H;TARDE;PLENO DIA;AVARIAS E/OU DESGASTE EXCESSIVO NO PNEU;SAÍDA DE LEITO CARROÇÁVEL;CÉU CLARO;SIMPLES;CURVA;SIM;0
PE;BR-232;JABOATAO DOS GUARARAPES;8;3;SÁBADO;5;1;15;15H-17H;TARDE;PLENO DIA;ENTRADA INOPINADA DO PEDESTRE;ATROPELAMENTO DE PEDESTRE;CÉU CLARO;DUPLA;RETA;NÃO;0
DF;BR-080;BRASILIA;8;3;SÁBADO;5;1;14;12H-14H;TARDE;PLENO DIA;CONDUTOR DORMINDO;COLISÃO FRONTAL;NUBLADO;SIMPLES;"DECLIVE;RETA";NÃO;0
SP;BR-381;ATIBAIA;8;3;SÁBADO;5;1;14;12H-14H;TARDE;PLENO DIA;REAÇÃO TARDIA OU INEFICIENTE DO CONDUTOR;QUEDA DE OCUPANTE DE VEÍCULO;SOL;DUPLA;CURVA;SIM;0
ES;BR-101;SERRA;8;3;SÁBADO;5;1;15;15H-17H;TARDE;PLENO DIA;ACESSAR A VIA SEM OBSERVAR A PRESENÇA DOS OUTROS VEÍCULOS;COLISÃO TRASEIRA;SOL;DUPLA;"INTERSEÇÃO DE VIAS;RETA;ACLIVE";SIM;0
PE;BR-101;RECIFE;8;3;SÁBADO;5;1;15;15H-17H;TARDE;PLENO DIA;MANOBRA DE MUDANÇA DE FAIXA;COLISÃO LATERAL MESMO SENTIDO;CÉU CLARO;DUPLA;RETA;SIM;0
MG;BR-040;ESMERALDAS;8;3;SÁBADO;5;1;15;15H-17H;TARDE;PLENO DIA;AUSÊNCIA DE REAÇÃO DO CONDUTOR;TOMBAMENTO;CÉU CLARO;DUPLA;"DECLIVE;CURVA";SIM;0
SC;BR-101;ITAPEMA;8;3;SÁBADO;5;1;15;15H-17H;TARDE;PLENO DIA;AUSÊNCIA DE REAÇÃO DO CONDUTOR;QUEDA DE OCUPANTE DE VEÍCULO;CÉU CLARO;DUPLA;RETA;SIM;0
SC;BR-470;CAMPOS NOVOS;8;3;SÁBADO;5;1;13;12H-14H;TARDE;PLENO DIA;ACESSAR A VIA SEM OBSERVAR A PRESENÇA DOS OUTROS VEÍCULOS;COLISÃO FRONTAL;CÉU CLARO;SIMPLES;RETA;NÃO;0
MG;BR-381;BETIM;8;3;SÁBADO;5;1;14;12H-14H;TARDE;PLENO DIA;CONDUTOR DEIXOU DE MANTER DISTÂNCIA DO VEÍCULO DA FRENTE;COLISÃO TRASEIRA;CÉU CLARO;DUPLA;"RETA;ACLIVE";SIM;0
PR;BR-369;LONDRINA;7;3;SEXTA-FEIRA;4;0;19;18H-20H;NOITE;PLENA NOITE;REAÇÃO TARDIA OU INEFICIENTE DO CONDUTOR;COLISÃO TRANSVERSAL;CÉU CLARO;DUPLA;RETA;NÃO;0
PA;BR-316;IGARAPE-ACU;8;3;SÁBADO;5;1;13;12H-14H;TARDE;PLENO DIA;TRANSITAR NA CONTRAMÃO;COLISÃO FRONTAL;CÉU CLARO;SIMPLES;"RETA;ACLIVE";NÃO;1
MG;BR-262;SAO GONCALO DO PARA;8;3;SÁBADO;5;1;12;12H-14H;TARDE;PLENO DIA;VELOCIDADE INCOMPATÍVEL;TOMBAMENTO;CÉU CLARO;DUPLA;"RETA;PONTE";NÃO;0
SC;BR-282;PALHOCA;8;3;SÁBADO;5;1;15;15H-17H;TARDE;PLENO DIA;VELOCIDADE INCOMPATÍVEL;SAÍDA DE LEITO CARROÇÁVEL;NUBLADO;SIMPLES;RETA;NÃO;0
SC;BR-101;GARUVA;8;3;SÁBADO;5;1;15;15H-17H;TARDE;PLENO DIA;PISTA ESCORREGADIA;QUEDA DE OCUPANTE DE VEÍCULO;CÉU CLARO;MÚLTIPLA;VIADUTO;NÃO;0
PA;BR-308;BRAGANCA;8;3;SÁBADO;5;1;17;15H-17H;TARDE;PLENO DIA;AUSÊNCIA DE REAÇÃO DO CONDUTOR;COLISÃO TRASEIRA;CÉU CLARO;SIMPLES;RETA;NÃO;0
SC;BR-101;PESCARIA BRAVA;8;3;SÁBADO;5;1;17;15H-17H;TARDE;PLENO DIA;DESRESPEITAR A PREFERÊNCIA NO CRUZAMENTO;COLISÃO TRANSVERSAL;SOL;SIMPLES;"DECLIVE;INTERSEÇÃO DE VIAS";SIM;0
SP;BR-116;GUARATINGUETA;8;3;SÁBADO;5;1;16;15H-17H;TARDE;PLENO DIA;CONDUTOR DEIXOU DE MANTER DISTÂNCIA DO VEÍCULO DA FRENTE;COLISÃO TRASEIRA;CÉU CLARO;DUPLA;CURVA;NÃO;0
RN;BR-405;APODI;8;3;SÁBADO;5;1;16;15H-17H;TARDE;PLENO DIA;AUSÊNCIA DE REAÇÃO DO CONDUTOR;COLISÃO TRASEIRA;CÉU CLARO;SIMPLES;RETA;NÃO;1
MG;BR-381;BETIM;8;3;SÁBADO;5;1;15;15H-17H;TARDE;PLENO DIA;CONDUTOR DEIXOU DE MANTER DISTÂNCIA DO VEÍCULO DA FRENTE;ENGAVETAMENTO;CÉU CLARO;DUPLA;RETA;SIM;0
MT;BR-163;SINOP;8;3;SÁBADO;5;1;15;15H-17H;TARDE;PLENO DIA;INGESTÃO DE ÁLCOOL PELO CONDUTOR;COLISÃO LATERAL MESMO SENTIDO;CÉU CLARO;SIMPLES;"ROTATÓRIA;DESVIO TEMPORÁRIO";SIM;0
RJ;BR-101;CAMPOS DOS GOYTACAZES;8;3;SÁBADO;5;1;17;15H-17H;TARDE;ANOITECER;ACUMULO DE ÁGUA SOBRE O PAVIMENTO;SAÍDA DE LEITO CARROÇÁVEL;CHUVA;DUPLA;"CURVA;DECLIVE";NÃO;0
SC;BR-101;SAO JOSE;8;3;SÁBADO;5;1;17;15H-17H;TARDE;ANOITECER;AUSÊNCIA DE REAÇÃO DO CONDUTOR;COLISÃO COM OBJETO;CÉU CLARO;SIMPLES;CURVA;NÃO;0
RS;BR-293;PINHEIRO MACHADO;8;3;SÁBADO;5;1;14;12H-14H;TARDE;PLENO DIA;MANOBRA DE MUDANÇA DE FAIXA;COLISÃO FRONTAL;CÉU CLARO;SIMPLES;RETA;SIM;0
PA;BR-316;CASTANHAL;7;3;QUINTA-FEIRA;3;0;6;06H-08H;MANHA;PLENO DIA;AUSÊNCIA DE REAÇÃO DO CONDUTOR;COLISÃO TRASEIRA;CÉU CLARO;DUPLA;"RETA;INTERSEÇÃO DE VIAS";SIM;0
BA;BR-324;RIACHAO DO JACUIPE;8;3;SÁBADO;5;1;13;12H-14H;TARDE;PLENO DIA;MAL SÚBITO DO CONDUTOR;COLISÃO LATERAL SENTIDO OPOSTO;CÉU CLARO;SIMPLES;RETA;SIM;0
CE;BR-116;BARRO;8;3;SÁBADO;5;1;15;15H-17H;TARDE;PLENO DIA;ACESSO IRREGULAR;COLISÃO TRANSVERSAL;CÉU CLARO;SIMPLES;"CURVA;INTERSEÇÃO DE VIAS";NÃO;0
MT;BR-070;POCONE;8;3;SÁBADO;5;1;12;12H-14H;TARDE;PLENO DIA;REAÇÃO TARDIA OU INEFICIENTE DO CONDUTOR;QUEDA DE OCUPANTE DE VEÍCULO;CÉU CLARO;SIMPLES;"DECLIVE;RETA";NÃO;0
RS;BR-285;PASSO FUNDO;8;3;SÁBADO;5;1;17;15H-17H;TARDE;PLENO DIA;AUSÊNCIA DE REAÇÃO DO CONDUTOR;COLISÃO TRANSVERSAL;NUBLADO;DUPLA;INTERSEÇÃO DE VIAS;SIM;0
PR;BR-376;MARINGA;8;3;SÁBADO;5;1;16;15H-17H;TARDE;PLENO DIA;MANOBRA DE MUDANÇA DE FAIXA;COLISÃO LATERAL MESMO SENTIDO;CÉU CLARO;DUPLA;RETA;SIM;0
AL;BR-101;JOAQUIM GOMES;8;3;SÁBADO;5;1;11;09H-11H;MANHA;PLENO DIA;CHUVA;COLISÃO FRONTAL;CHUVA;SIMPLES;CURVA;NÃO;0
DF;BR-060;BRASILIA;8;3;SÁBADO;5;1;17;15H-17H;TARDE;ANOITECER;CONDUTOR DEIXOU DE MANTER DISTÂNCIA DO VEÍCULO DA FRENTE;COLISÃO TRASEIRA;CÉU CLARO;DUPLA;RETA;SIM;0
MS;BR-163;MUNDO NOVO;8;3;SÁBADO;5;1;15;15H-17H;TARDE;PLENO DIA;INGESTÃO DE ÁLCOOL PELO CONDUTOR;COLISÃO TRASEIRA;CÉU CLARO;SIMPLES;"RETA;DECLIVE";NÃO;0
MG;BR-365;UBERLANDIA;8;3;SÁBADO;5;1;18;18H-20H;NOITE;ANOITECER;TRANSITAR NA CONTRAMÃO;COLISÃO LATERAL SENTIDO OPOSTO;CÉU CLARO;SIMPLES;CURVA;NÃO;0
MG;BR-116;CARATINGA;8;3;SÁBADO;5;1;18;18H-20H;NOITE;ANOITECER;AUSÊNCIA DE REAÇÃO DO CONDUTOR;COLISÃO TRASEIRA;CÉU CLARO;SIMPLES;INTERSEÇÃO DE VIAS;SIM;0
MG;BR-262;REDUTO;8;3;SÁBADO;5;1;16;15H-17H;TARDE;PLENO DIA;TRANSITAR NA CONTRAMÃO;COLISÃO LATERAL SENTIDO OPOSTO;CÉU CLARO;SIMPLES;RETA;NÃO;0
ES;BR-262;MARECHAL FLORIANO;8;3;SÁBADO;5;1;18;18H-20H;NOITE;PLENA NOITE;CURVA ACENTUADA;QUEDA DE OCUPANTE DE VEÍCULO;NUBLADO;SIMPLES;CURVA;NÃO;0
PR;BR-376;PONTA GROSSA;8;3;SÁBADO;5;1;17;15H-17H;TARDE;ANOITECER;INGESTÃO DE ÁLCOOL PELO CONDUTOR;COLISÃO LATERAL MESMO SENTIDO;CÉU CLARO;DUPLA;RETA;NÃO;0
SC;BR-163;GUARACIABA;8;3;SÁBADO;5;1;17;15H-17H;TARDE;PLENO DIA;ACESSAR A VIA SEM OBSERVAR A PRESENÇA DOS OUTROS VEÍCULOS;COLISÃO TRANSVERSAL;NUBLADO;SIMPLES;"CURVA;INTERSEÇÃO DE VIAS";NÃO;0
MT;BR-070;PONTAL DO ARAGUAIA;8;3;SÁBADO;5;1;12;12H-14H;TARDE;PLENO DIA;ULTRAPASSAGEM INDEVIDA;COLISÃO TRASEIRA;CÉU CLARO;SIMPLES;"RETA;PONTE";SIM;0
MG;BR-365;PATOS DE MINAS;8;3;SÁBADO;5;1;18;18H-20H;NOITE;PLENA NOITE;DEMAIS FALHAS NA VIA;QUEDA DE OCUPANTE DE VEÍCULO;CÉU CLARO;SIMPLES;"ACLIVE;CURVA";NÃO;0
DF;BR-080;BRASILIA;8;3;SÁBADO;5;1;13;12H-14H;TARDE;PLENO DIA;DEMAIS FALHAS MECÂNICAS OU ELÉTRICAS;INCÊNDIO;SOL;SIMPLES;RETA;SIM;0
RO;BR-364;JI-PARANA;8;3;SÁBADO;5;1;16;15H-17H;TARDE;PLENO DIA;DESRESPEITAR A PREFERÊNCIA NO CRUZAMENTO;COLISÃO TRANSVERSAL;CÉU CLARO;SIMPLES;"RETA;INTERSEÇÃO DE VIAS";SIM;0
SP;BR-116;BARRA DO TURVO;8;3;SÁBADO;5;1;18;18H-20H;NOITE;PLENA NOITE;ENTRADA INOPINADA DO PEDESTRE;ATROPELAMENTO DE PEDESTRE;CÉU CLARO;DUPLA;RETA;NÃO;0
MG;BR-381;CONTAGEM;8;3;SÁBADO;5;1;18;18H-20H;NOITE;PLENA NOITE;CONDUTOR DEIXOU DE MANTER DISTÂNCIA DO VEÍCULO DA FRENTE;COLISÃO TRASEIRA;CÉU CLARO;MÚLTIPLA;RETA;SIM;0
PI;BR-343;TERESINA;8;3;SÁBADO;5;1;18;18H-20H;NOITE;PLENA NOITE;INGESTÃO DE ÁLCOOL PELO CONDUTOR;COLISÃO COM OBJETO;CÉU CLARO;MÚLTIPLA;RETA;SIM;0
MG;BR-040;JUIZ DE FORA;8;3;SÁBADO;5;1;19;18H-20H;NOITE;PLENA NOITE;ANIMAIS NA PISTA;ATROPELAMENTO DE ANIMAL;CÉU CLARO;DUPLA;RETA;NÃO;0
PA;BR-230;ITAITUBA;8;3;SÁBADO;5;1;15;15H-17H;TARDE;PLENO DIA;TRANSITAR NA CONTRAMÃO;COLISÃO TRANSVERSAL;CÉU CLARO;SIMPLES;RETA;NÃO;0
SC;BR-101;SAO JOSE;8;3;SÁBADO;5;1;19;18H-20H;NOITE;PLENA NOITE;REAÇÃO TARDIA OU INEFICIENTE DO CONDUTOR;COLISÃO TRASEIRA;NUBLADO;MÚLTIPLA;RETA;SIM;0
RS;BR-285;LAGOA VERMELHA;8;3;SÁBADO;5;1;18;18H-20H;NOITE;PLENA NOITE;ACESSAR A VIA SEM OBSERVAR A PRESENÇA DOS OUTROS VEÍCULOS;COLISÃO TRANSVERSAL;CÉU CLARO;SIMPLES;ROTATÓRIA;NÃO;0
ES;BR-101;FUNDAO;8;3;SÁBADO;5;1;19;18H-20H;NOITE;PLENA NOITE;MANOBRA DE MUDANÇA DE FAIXA;COLISÃO TRASEIRA;CÉU CLARO;SIMPLES;CURVA;SIM;0
AC;BR-364;RIO BRANCO;8;3;SÁBADO;5;1;16;15H-17H;TARDE;PLENO DIA;REAÇÃO TARDIA OU INEFICIENTE DO CONDUTOR;COLISÃO COM OBJETO;CÉU CLARO;DUPLA;"RETA;RETORNO REGULAMENTADO";SIM;0
RN;BR-101;PARNAMIRIM;8;3;SÁBADO;5;1;19;18H-20H;NOITE;PLENA NOITE;CONDUTOR DEIXOU DE MANTER DISTÂNCIA DO VEÍCULO DA FRENTE;COLISÃO TRASEIRA;CÉU CLARO;MÚLTIPLA;RETA;SIM;0
MG;BR-381;SANTO ANTONIO DO AMPARO;8;3;SÁBADO;5;1;16;15H-17H;TARDE;PLENO DIA;DEMAIS FALHAS MECÂNICAS OU ELÉTRICAS;COLISÃO COM OBJETO;CÉU CLARO;DUPLA;"RETA;DECLIVE";NÃO;0
PR;BR-277;CURITIBA;8;3;SÁBADO;5;1;19;18H-20H;NOITE;PLENA NOITE;AUSÊNCIA DE REAÇÃO DO CONDUTOR;COLISÃO LATERAL MESMO SENTIDO;NUBLADO;DUPLA;RETA;SIM;0
RJ;BR-116;SAO JOAO DE MERITI;8;3;SÁBADO;5;1;19;18H-20H;NOITE;PLENA NOITE;DEMAIS FALHAS NA VIA;QUEDA DE OCUPANTE DE VEÍCULO;NUBLADO;MÚLTIPLA;RETA;SIM;0
PR;BR-163;CASCAVEL;8;3;SÁBADO;5;1;17;15H-17H;TARDE;PLENO DIA;AUSÊNCIA DE REAÇÃO DO CONDUTOR;QUEDA DE OCUPANTE DE VEÍCULO;CÉU CLARO;DUPLA;ACLIVE;NÃO;0
RJ;BR-116;SEROPEDICA;8;3;SÁBADO;5;1;18;18H-20H;NOITE;PLENA NOITE;DEMAIS FALHAS MECÂNICAS OU ELÉTRICAS;INCÊNDIO;GAROA/CHUVISCO;DUPLA;RETA;NÃO;0
PR;BR-153;CONSELHEIRO MAIRINCK;8;3;SÁBADO;5;1;18;18H-20H;NOITE;PLENA NOITE;DESRESPEITAR A PREFERÊNCIA NO CRUZAMENTO;COLISÃO TRANSVERSAL;CÉU CLARO;SIMPLES;"INTERSEÇÃO DE VIAS;RETA";NÃO;0
PR;BR-369;LONDRINA;8;3;SÁBADO;5;1;19;18H-20H;NOITE;PLENA NOITE;REAÇÃO TARDIA OU INEFICIENTE DO CONDUTOR;QUEDA DE OCUPANTE DE VEÍCULO;CÉU CLARO;DUPLA;"RETA;DECLIVE;VIADUTO";SIM;0
MT;BR-070;CACERES;8;3;SÁBADO;5;1;18;18H-20H;NOITE;PLENA NOITE;ANIMAIS NA PISTA;ATROPELAMENTO DE ANIMAL;CÉU CLARO;SIMPLES;RETA;NÃO;0
RJ;BR-101;PARATY;8;3;SÁBADO;5;1;18;18H-20H;NOITE;PLENA NOITE;TRANSITAR NA CONTRAMÃO;COLISÃO FRONTAL;GAROA/CHUVISCO;SIMPLES;RETA;NÃO;0
BA;BR-367;PORTO SEGURO;8;3;SÁBADO;5;1;19;18H-20H;NOITE;PLENA NOITE;REAÇÃO TARDIA OU INEFICIENTE DO CONDUTOR;CAPOTAMENTO;CÉU CLARO;SIMPLES;RETA;NÃO;0
ES;BR-101;SERRA;8;3;SÁBADO;5;1;20;18H-20H;NOITE;PLENA NOITE;AFUNDAMENTO OU ONDULAÇÃO NO PAVIMENTO;QUEDA DE OCUPANTE DE VEÍCULO;CÉU CLARO;DUPLA;RETA;SIM;0
RS;BR-158;PALMEIRA DAS MISSOES;8;3;SÁBADO;5;1;19;18H-20H;NOITE;PLENA NOITE;TRANSITAR NA CONTRAMÃO;COLISÃO LATERAL SENTIDO OPOSTO;CÉU CLARO;SIMPLES;DECLIVE;SIM;0
PE;BR-408;RECIFE;8;3;SÁBADO;5;1;20;18H-20H;NOITE;PLENA NOITE;TRAFEGAR COM MOTOCICLETA (OU SIMILAR) ENTRE AS FAIXAS;COLISÃO TRASEIRA;CÉU CLARO;DUPLA;RETA;NÃO;0
PE;BR-101;ABREU E LIMA;8;3;SÁBADO;5;1;19;18H-20H;NOITE;PLENA NOITE;MANOBRA DE MUDANÇA DE FAIXA;COLISÃO LATERAL MESMO SENTIDO;NUBLADO;MÚLTIPLA;RETA;SIM;0
MG;BR-116;LEOPOLDINA;8;3;SÁBADO;5;1;18;18H-20H;NOITE;PLENA NOITE;RETORNO PROIBIDO;COLISÃO TRANSVERSAL;CÉU CLARO;SIMPLES;RETA;NÃO;0
RS;BR-470;GARIBALDI;8;3;SÁBADO;5;1;18;18H-20H;NOITE;PLENA NOITE;REAÇÃO TARDIA OU INEFICIENTE DO CONDUTOR;COLISÃO FRONTAL;NUBLADO;SIMPLES;"DECLIVE;RETA";NÃO;0
PI;BR-343;ALTOS;8;3;SÁBADO;5;1;18;18H-20H;NOITE;PLENA NOITE;ACESSAR A VIA SEM OBSERVAR A PRESENÇA DOS OUTROS VEÍCULOS;COLISÃO TRANSVERSAL;CÉU CLARO;SIMPLES;INTERSEÇÃO DE VIAS;SIM;0
TO;BR-010;PALMAS;8;3;SÁBADO;5;1;20;18H-20H;NOITE;PLENA NOITE;ACESSO IRREGULAR;COLISÃO FRONTAL;CÉU CLARO;SIMPLES;ROTATÓRIA;NÃO;0
PR;BR-376;MARINGA;8;3;SÁBADO;5;1;20;18H-20H;NOITE;PLENA NOITE;AUSÊNCIA DE REAÇÃO DO CONDUTOR;SAÍDA DE LEITO CARROÇÁVEL;CÉU CLARO;DUPLA;RETA;SIM;0
MG;BR-116;GOVERNADOR VALADARES;8;3;SÁBADO;5;1;7;06H-08H;MANHA;PLENO DIA;ACESSAR A VIA SEM OBSERVAR A PRESENÇA DOS OUTROS VEÍCULOS;COLISÃO TRANSVERSAL;CÉU CLARO;SIMPLES;RETA;NÃO;0
RS;BR-392;PELOTAS;8;3;SÁBADO;5;1;20;18H-20H;NOITE;PLENA NOITE;AUSÊNCIA DE REAÇÃO DO CONDUTOR;SAÍDA DE LEITO CARROÇÁVEL;CÉU CLARO;SIMPLES;RETA;NÃO;1
MA;BR-010;IMPERATRIZ;8;3;SÁBADO;5;1;19;18H-20H;NOITE;PLENA NOITE;REAÇÃO TARDIA OU INEFICIENTE DO CONDUTOR;COLISÃO LATERAL MESMO SENTIDO;CÉU CLARO;MÚLTIPLA;RETA;NÃO;0
RJ;BR-101;ANGRA DOS REIS;8;3;SÁBADO;5;1;17;15H-17H;TARDE;ANOITECER;ACESSAR A VIA SEM OBSERVAR A PRESENÇA DOS OUTROS VEÍCULOS;COLISÃO TRANSVERSAL;CHUVA;SIMPLES;RETA;SIM;0
SC;BR-282;SANTO AMARO DA IMPERATRIZ;7;3;QUINTA-FEIRA;3;0;17;15H-17H;TARDE;PLENO DIA;AUSÊNCIA DE REAÇÃO DO CONDUTOR;SAÍDA DE LEITO CARROÇÁVEL;CHUVA;SIMPLES;"CURVA;DECLIVE";NÃO;0
RJ;BR-101;ANGRA DOS REIS;8;3;SÁBADO;5;1;16;15H-17H;TARDE;PLENO DIA;PEDESTRE - INGESTÃO DE ÁLCOOL/ SUBSTÂNCIAS PSICOATIVAS;ATROPELAMENTO DE PEDESTRE;CHUVA;SIMPLES;CURVA;NÃO;0
PR;BR-369;ARAPONGAS;8;3;SÁBADO;5;1;21;21H-23H;NOITE;PLENA NOITE;AUSÊNCIA DE REAÇÃO DO CONDUTOR;COLISÃO TRASEIRA;CÉU CLARO;DUPLA;RETORNO REGULAMENTADO;NÃO;0
RJ;BR-101;SAO GONCALO;8;3;SÁBADO;5;1;20;18H-20H;NOITE;PLENA NOITE;CONDUTOR DEIXOU DE MANTER DISTÂNCIA DO VEÍCULO DA FRENTE;COLISÃO LATERAL MESMO SENTIDO;CÉU CLARO;DUPLA;RETA;SIM;0
MS;BR-262;TRES LAGOAS;8;3;SÁBADO;5;1;20;18H-20H;NOITE;PLENA NOITE;AUSÊNCIA DE REAÇÃO DO CONDUTOR;COLISÃO TRASEIRA;CÉU CLARO;SIMPLES;RETA;NÃO;0
PE;BR-232;RECIFE;8;3;SÁBADO;5;1;22;21H-23H;NOITE;PLENA NOITE;REAÇÃO TARDIA OU INEFICIENTE DO CONDUTOR;COLISÃO COM OBJETO;CÉU CLARO;DUPLA;RETA;SIM;0
MG;BR-040;CONGONHAS;8;3;SÁBADO;5;1;21;21H-23H;NOITE;PLENA NOITE;AUSÊNCIA DE REAÇÃO DO CONDUTOR;COLISÃO COM OBJETO;NUBLADO;SIMPLES;RETA;NÃO;0
RN;BR-110;MOSSORO;8;3;SÁBADO;5;1;20;18H-20H;NOITE;PLENA NOITE;ACESSAR A VIA SEM OBSERVAR A PRESENÇA DOS OUTROS VEÍCULOS;COLISÃO TRANSVERSAL;CÉU CLARO;SIMPLES;"RETA;INTERSEÇÃO DE VIAS";SIM;0
RJ;BR-116;MAGE;8;3;SÁBADO;5;1;18;18H-20H;NOITE;PLENA NOITE;MANOBRA DE MUDANÇA DE FAIXA;CAPOTAMENTO;NUBLADO;DUPLA;RETA;SIM;0
AL;BR-416;COLONIA LEOPOLDINA;8;3;SÁBADO;5;1;19;18H-20H;NOITE;PLENA NOITE;ANIMAIS NA PISTA;ATROPELAMENTO DE ANIMAL;NUBLADO;SIMPLES;RETA;NÃO;1
SC;BR-116;MAFRA;8;3;SÁBADO;5;1;21;21H-23H;NOITE;PLENA NOITE;ULTRAPASSAGEM INDEVIDA;COLISÃO FRONTAL;CÉU CLARO;SIMPLES;"RETA;ACLIVE";NÃO;0
PR;BR-376;TIBAGI;8;3;SÁBADO;5;1;22;21H-23H;NOITE;PLENO DIA;CONDUTOR DORMINDO;COLISÃO COM OBJETO;CÉU CLARO;DUPLA;RETA;NÃO;0
PI;BR-135;SAO GONCALO DO GURGUEIA;8;3;SÁBADO;5;1;19;18H-20H;NOITE;PLENA NOITE;REAÇÃO TARDIA OU INEFICIENTE DO CONDUTOR;SAÍDA DE LEITO CARROÇÁVEL;CÉU CLARO;DUPLA;"RETA;INTERSEÇÃO DE VIAS";NÃO;0
RJ;BR-101;PARATY;8;3;SÁBADO;5;1;17;15H-17H;TARDE;PLENA NOITE;REAÇÃO TARDIA OU INEFICIENTE DO CONDUTOR;COLISÃO LATERAL MESMO SENTIDO;GAROA/CHUVISCO;SIMPLES;RETA;SIM;0
MG;BR-267;ARGIRITA;8;3;SÁBADO;5;1;21;21H-23H;NOITE;PLENA NOITE;AUSÊNCIA DE REAÇÃO DO CONDUTOR;QUEDA DE OCUPANTE DE VEÍCULO;CÉU CLARO;SIMPLES;"ACLIVE;RETA";NÃO;0
MA;BR-222;ACAILANDIA;8;3;SÁBADO;5;1;23;21H-23H;NOITE;PLENA NOITE;REAÇÃO TARDIA OU INEFICIENTE DO CONDUTOR;QUEDA DE OCUPANTE DE VEÍCULO;CÉU CLARO;SIMPLES;RETA;SIM;0
SC;BR-280;RIO NEGRINHO;8;3;SÁBADO;5;1;22;21H-23H;NOITE;PLENA NOITE;AUSÊNCIA DE REAÇÃO DO CONDUTOR;SAÍDA DE LEITO CARROÇÁVEL;CÉU CLARO;SIMPLES;"CURVA;INTERSEÇÃO DE VIAS";SIM;0
SC;BR-101;PALHOCA;8;3;SÁBADO;5;1;22;21H-23H;NOITE;PLENA NOITE;ACESSAR A VIA SEM OBSERVAR A PRESENÇA DOS OUTROS VEÍCULOS;COLISÃO TRANSVERSAL;NUBLADO;MÚLTIPLA;"VIADUTO;INTERSEÇÃO DE VIAS";SIM;0
MG;BR-262;MANHUACU;8;3;SÁBADO;5;1;22;21H-23H;NOITE;PLENA NOITE;ULTRAPASSAGEM INDEVIDA;COLISÃO TRASEIRA;CÉU CLARO;SIMPLES;CURVA;NÃO;0
MS;BR-163;MUNDO NOVO;8;3;SÁBADO;5;1;21;21H-23H;NOITE;PLENA NOITE;DEMAIS FALHAS NA VIA;TOMBAMENTO;CÉU CLARO;SIMPLES;"ACLIVE;EM OBRAS";NÃO;0
GO;BR-040;VALPARAISO DE GOIAS;8;3;SÁBADO;5;1;23;21H-23H;NOITE;PLENA NOITE;VELOCIDADE INCOMPATÍVEL;SAÍDA DE LEITO CARROÇÁVEL;CÉU CLARO;DUPLA;RETA;SIM;0
MS;BR-262;TERENOS;8;3;SÁBADO;5;1;18;18H-20H;NOITE;ANOITECER;ANIMAIS NA PISTA;ATROPELAMENTO DE ANIMAL;CÉU CLARO;DUPLA;RETA;NÃO;0
PE;BR-101;RECIFE;8;3;SÁBADO;5;1;23;21H-23H;NOITE;PLENA NOITE;MANOBRA DE MUDANÇA DE FAIXA;COLISÃO TRASEIRA;CÉU CLARO;DUPLA;INTERSEÇÃO DE VIAS;SIM;0
SP;BR-116;GUARULHOS;8;3;SÁBADO;5;1;23;21H-23H;NOITE;PLENA NOITE;TRAFEGAR COM MOTOCICLETA (OU SIMILAR) ENTRE AS FAIXAS;COLISÃO COM OBJETO;NUBLADO;MÚLTIPLA;"RETA;INTERSEÇÃO DE VIAS;EM OBRAS";SIM;0
BA;BR-101;PRADO;8;3;SÁBADO;5;1;19;18H-20H;NOITE;PLENA NOITE;ILUMINAÇÃO DEFICIENTE;COLISÃO TRASEIRA;CÉU CLARO;SIMPLES;"DECLIVE;RETA";NÃO;0