uf;br_formatada;municipio;mes;trimestre;dia_semana;dia_semana_num;fim_de_semana;hora;faixa_horaria;turno;fase_dia;causa_acidente;tipo_acidente;condicao_metereologica;tipo_pista;tracado_via;uso_solo;acidente_fatal
MG;BR-381;CAMPANHA;8;3;TERÇA-FEIRA;1;0;14;12H-14H;TARDE;PLENO DIA;DEMAIS FALHAS MECÂNICAS OU ELÉTRICAS;INCÊNDIO;CÉU CLARO;DUPLA;CURVA;NÃO;0
PI;BR-230;OEIRAS;8;3;TERÇA-FEIRA;1;0;7;06H-08H;MANHA;PLENO DIA;ACESSAR A VIA SEM OBSERVAR A PRESENÇA DOS OUTROS VEÍCULOS;COLISÃO TRANSVERSAL;CÉU CLARO;SIMPLES;RETA;SIM;0
MT;BR-163;SORRISO;8;3;TERÇA-FEIRA;1;0;11;09H-11H;MANHA;PLENO DIA;REAÇÃO TARDIA OU INEFICIENTE DO CONDUTOR;COLISÃO LATERAL SENTIDO OPOSTO;CÉU CLARO;SIMPLES;"RETA;DECLIVE";NÃO;0
RJ;BR-101;ANGRA DOS REIS;8;3;TERÇA-FEIRA;1;0;14;12H-14H;TARDE;PLENO DIA;VELOCIDADE INCOMPATÍVEL;ENGAVETAMENTO;CÉU CLARO;SIMPLES;RETA;SIM;0
DF;BR-020;BRASILIA;8;3;TERÇA-FEIRA;1;0;13;12H-14H;TARDE;PLENO DIA;REAÇÃO TARDIA OU INEFICIENTE DO CONDUTOR;ENGAVETAMENTO;CÉU CLARO;DUPLA;RETA;SIM;0
SP;BR-116;TABOAO DA SERRA;8;3;TERÇA-FEIRA;1;0;11;09H-11H;MANHA;PLENO DIA;AUSÊNCIA DE REAÇÃO DO CONDUTOR;COLISÃO TRASEIRA;CÉU CLARO;MÚLTIPLA;DECLIVE;SIM;0
SC;BR-101;PALHOCA;8;3;TERÇA-FEIRA;1;0;14;12H-14H;TARDE;PLENO DIA;VELOCIDADE INCOMPATÍVEL;CAPOTAMENTO;CÉU CLARO;DUPLA;RETA;NÃO;0
SC;BR-101;CAMBORIU;8;3;TERÇA-FEIRA;1;0;2;00H-02H;MADRUGADA;PLENA NOITE;REAÇÃO TARDIA OU INEFICIENTE DO CONDUTOR;TOMBAMENTO;CÉU CLARO;SIMPLES;RETA;SIM;0
RO;BR-319;PORTO VELHO;8;3;SEGUNDA-FEIRA;0;0;8;06H-08H;MANHA;PLENO DIA;AUSÊNCIA DE REAÇÃO DO CONDUTOR;COLISÃO TRASEIRA;IGNORADO;DUPLA;RETA;SIM;0
PE;BR-232;RECIFE;8;3;TERÇA-FEIRA;1;0;14;12H-14H;TARDE;PLENO DIA;DEMAIS FALHAS MECÂNICAS OU ELÉTRICAS;INCÊNDIO;SOL;DUPLA;"CURVA;RETORNO REGULAMENTADO";NÃO;0
SP;BR-116;GUARULHOS;8;3;TERÇA-FEIRA;1;0;14;12H-14H;TARDE;PLENO DIA;TRAFEGAR COM MOTOCICLETA (OU SIMILAR) ENTRE AS FAIXAS;COLISÃO TRASEIRA;SOL;MÚLTIPLA;RETA;SIM;0
ES;BR-101;SERRA;8;3;TERÇA-FEIRA;1;0;15;15H-17H;TARDE;PLENO DIA;CONDUTOR DESRESPEITOU A ILUMINAÇÃO VERMELHA DO SEMÁFORO;COLISÃO TRANSVERSAL;NUBLADO;SIMPLES;RETA;SIM;0
PR;BR-376;CURITIBA;8;3;TERÇA-FEIRA;1;0;15;15H-17H;TARDE;PLENO DIA;REAÇÃO TARDIA OU INEFICIENTE DO CONDUTOR;COLISÃO TRANSVERSAL;CÉU CLARO;DUPLA;RETA;NÃO;0
PB;BR-230;CAMPINA GRANDE;8;3;TERÇA-FEIRA;1;0;15;15H-17H;TARDE;PLENO DIA;CONDUTOR DEIXOU DE MANTER DISTÂNCIA DO VEÍCULO DA FRENTE;COLISÃO TRASEIRA;SOL;DUPLA;RETA;SIM;0
RJ;BR-040;DUQUE DE CAXIAS;8;3;SEXTA-FEIRA;4;0;21;21H-23H;NOITE;PLENA NOITE;REAÇÃO TARDIA OU INEFICIENTE DO CONDUTOR;QUEDA DE OCUPANTE DE VEÍCULO;CÉU CLARO;SIMPLES;RETA;SIM;0
ES;BR-101;SERRA;8;3;TERÇA-FEIRA;1;0;16;15H-17H;TARDE;PLENO DIA;MANOBRA DE MUDANÇA DE FAIXA;COLISÃO LATERAL MESMO SENTIDO;NUBLADO;MÚLTIPLA;RETA;SIM;0
MG;BR-251;MONTES CLAROS;8;3;TERÇA-FEIRA;1;0;16;15H-17H;TARDE;PLENO DIA;DEMAIS FALHAS MECÂNICAS OU ELÉTRICAS;INCÊNDIO;CÉU CLARO;SIMPLES;"RETA;ACLIVE";NÃO;0
MG;BR-356;EUGENOPOLIS;8;3;TERÇA-FEIRA;1;0;15;15H-17H;TARDE;PLENO DIA;VELOCIDADE INCOMPATÍVEL;SAÍDA DE LEITO CARROÇÁVEL;NUBLADO;SIMPLES;CURVA;NÃO;0
PB;BR-104;QUEIMADAS;8;3;TERÇA-FEIRA;1;0;16;15H-17H;TARDE;PLENO DIA;CONDUTOR DEIXOU DE MANTER DISTÂNCIA DO VEÍCULO DA FRENTE;COLISÃO TRASEIRA;CÉU CLARO;SIMPLES;RETA;SIM;0
PB;BR-230;JOAO PESSOA;8;3;TERÇA-FEIRA;1;0;16;15H-17H;TARDE;PLENO DIA;CONDUTOR DEIXOU DE MANTER DISTÂNCIA DO VEÍCULO DA FRENTE;TOMBAMENTO;CÉU CLARO;DUPLA;RETA;SIM;0
MT;BR-070;BARRA DO GARCAS;8;3;TERÇA-FEIRA;1;0;15;15H-17H;TARDE;PLENO DIA;REAÇÃO TARDIA OU INEFICIENTE DO CONDUTOR;QUEDA DE OCUPANTE DE VEÍCULO;CÉU CLARO;SIMPLES;"DECLIVE;RETA";SIM;0
SC;BR-101;ITAPEMA;8;3;TERÇA-FEIRA;1;0;16;15H-17H;TARDE;PLENO DIA;REAÇÃO TARDIA OU INEFICIENTE DO CONDUTOR;ATROPELAMENTO DE PEDESTRE;CÉU CLARO;DUPLA;RETA;SIM;0
SC;BR-101;BALNEARIO PICARRAS;8;3;TERÇA-FEIRA;1;0;15;15H-17H;TARDE;PLENO DIA;VELOCIDADE INCOMPATÍVEL;SAÍDA DE LEITO CARROÇÁVEL;SOL;MÚLTIPLA;"RETA;DECLIVE";SIM;0
RJ;BR-465;SEROPEDICA;8;3;TERÇA-FEIRA;1;0;11;09H-11H;MANHA;PLENO DIA;RETORNO PROIBIDO;COLISÃO LATERAL MESMO SENTIDO;CÉU CLARO;DUPLA;RETA;NÃO;0
SP;BR-116;JACAREI;8;3;TERÇA-FEIRA;1;0;16;15H-17H;TARDE;PLENO DIA;AVARIAS E/OU DESGASTE EXCESSIVO NO PNEU;TOMBAMENTO;CÉU CLARO;MÚLTIPLA;"ACLIVE;RETA";SIM;0
ES;BR-101;VIANA;8;3;TERÇA-FEIRA;1;0;17;15H-17H;TARDE;ANOITECER;MANOBRA DE MUDANÇA DE FAIXA;COLISÃO LATERAL MESMO SENTIDO;NUBLADO;MÚLTIPLA;"VIADUTO;RETA";SIM;0
SP;BR-116;GUARULHOS;8;3;TERÇA-FEIRA;1;0;16;15H-17H;TARDE;ANOITECER;MANOBRA DE MUDANÇA DE FAIXA;COLISÃO LATERAL MESMO SENTIDO;VENTO;MÚLTIPLA;"RETA;DECLIVE";SIM;0
PE;BR-104;CARUARU;8;3;TERÇA-FEIRA;1;0;17;15H-17H;TARDE;ANOITECER;PEDESTRE ANDAVA NA PISTA;COLISÃO TRASEIRA;CÉU CLARO;DUPLA;RETA;NÃO;0
MG;BR-262;UBERABA;8;3;TERÇA-FEIRA;1;0;16;15H-17H;TARDE;PLENO DIA;TRANSITAR NA CONTRAMÃO;COLISÃO FRONTAL;CÉU CLARO;SIMPLES;"DECLIVE;RETA";NÃO;0
SE;BR-235;ITABAIANA;8;3;TERÇA-FEIRA;1;0;18;18H-20H;NOITE;PLENA NOITE;DESRESPEITAR A PREFERÊNCIA NO CRUZAMENTO;COLISÃO TRANSVERSAL;CÉU CLARO;DUPLA;"INTERSEÇÃO DE VIAS;RETORNO REGULAMENTADO";SIM;0
RJ;BR-101;NITEROI;8;3;TERÇA-FEIRA;1;0;13;12H-14H;TARDE;PLENO DIA;CONDUTOR DEIXOU DE MANTER DISTÂNCIA DO VEÍCULO DA FRENTE;COLISÃO TRASEIRA;CÉU CLARO;DUPLA;RETA;NÃO;0
BA;BR-116;JEQUIE;8;3;QUINTA-FEIRA;3;0;15;15H-17H;TARDE;PLENO DIA;AUSÊNCIA DE REAÇÃO DO CONDUTOR;COLISÃO COM OBJETO;CÉU CLARO;SIMPLES;RETA;NÃO;0
ES;BR-262;BREJETUBA;8;3;TERÇA-FEIRA;1;0;17;15H-17H;TARDE;ANOITECER;ACESSAR A VIA SEM OBSERVAR A PRESENÇA DOS OUTROS VEÍCULOS;COLISÃO TRANSVERSAL;CÉU CLARO;SIMPLES;"RETORNO REGULAMENTADO;RETA";NÃO;0
SC;BR-282;FLORIANOPOLIS;8;3;TERÇA-FEIRA;1;0;18;18H-20H;NOITE;PLENA NOITE;REAÇÃO TARDIA OU INEFICIENTE DO CONDUTOR;COLISÃO TRASEIRA;CÉU CLARO;MÚLTIPLA;RETA;SIM;0
MG;BR-040;CONGONHAS;8;3;TERÇA-FEIRA;1;0;18;18H-20H;NOITE;PLENA NOITE;ACESSAR A VIA SEM OBSERVAR A PRESENÇA DOS OUTROS VEÍCULOS;COLISÃO TRANSVERSAL;CÉU CLARO;SIMPLES;RETA;SIM;0
SC;BR-282;JOACABA;8;3;TERÇA-FEIRA;1;0;17;15H-17H;TARDE;PLENO DIA;REAÇÃO TARDIA OU INEFICIENTE DO CONDUTOR;COLISÃO TRASEIRA;CÉU CLARO;SIMPLES;CURVA;NÃO;0
MS;BR-163;SONORA;8;3;TERÇA-FEIRA;1;0;18;18H-20H;NOITE;ANOITECER;ANIMAIS NA PISTA;ATROPELAMENTO DE ANIMAL;CÉU CLARO;SIMPLES;CURVA;NÃO;0
PB;BR-104;ALCANTIL;8;3;TERÇA-FEIRA;1;0;17;15H-17H;TARDE;PLENA NOITE;ULTRAPASSAGEM INDEVIDA;COLISÃO FRONTAL;CÉU CLARO;SIMPLES;"RETA;ACLIVE";NÃO;1
PR;BR-116;QUITANDINHA;8;3;TERÇA-FEIRA;1;0;18;18H-20H;NOITE;PLENA NOITE;AUSÊNCIA DE REAÇÃO DO CONDUTOR;ATROPELAMENTO DE PEDESTRE;CÉU CLARO;SIMPLES;"RETA;DECLIVE";NÃO;1
RS;BR-386;CANOAS;8;3;TERÇA-FEIRA;1;0;18;18H-20H;NOITE;PLENA NOITE;RETORNO PROIBIDO;COLISÃO TRANSVERSAL;CÉU CLARO;MÚLTIPLA;RETA;SIM;0
SP;BR-116;GUARULHOS;8;3;TERÇA-FEIRA;1;0;19;18H-20H;NOITE;PLENA NOITE;REAÇÃO TARDIA OU INEFICIENTE DO CONDUTOR;ENGAVETAMENTO;CÉU CLARO;MÚLTIPLA;"EM OBRAS;INTERSEÇÃO DE VIAS";SIM;0
PR;BR-163;LINDOESTE;8;3;TERÇA-FEIRA;1;0;18;18H-20H;NOITE;ANOITECER;CONDUTOR DEIXOU DE MANTER DISTÂNCIA DO VEÍCULO DA FRENTE;COLISÃO LATERAL MESMO SENTIDO;CÉU CLARO;SIMPLES;RETA;SIM;0
RJ;BR-040;PETROPOLIS;8;3;TERÇA-FEIRA;1;0;19;18H-20H;NOITE;PLENA NOITE;INGESTÃO DE ÁLCOOL PELO CONDUTOR;COLISÃO TRANSVERSAL;NUBLADO;DUPLA;"ACLIVE;CURVA";SIM;0
RJ;BR-040;DUQUE DE CAXIAS;8;3;TERÇA-FEIRA;1;0;18;18H-20H;NOITE;PLENA NOITE;AVARIAS E/OU DESGASTE EXCESSIVO NO PNEU;TOMBAMENTO;NUBLADO;MÚLTIPLA;"VIADUTO;ACLIVE";SIM;0
PE;BR-428;PETROLINA;8;3;TERÇA-FEIRA;1;0;19;18H-20H;NOITE;PLENA NOITE;CONDUTOR DEIXOU DE MANTER DISTÂNCIA DO VEÍCULO DA FRENTE;COLISÃO TRASEIRA;CÉU CLARO;SIMPLES;RETA;NÃO;0
MG;BR-116;SAO JOAO DO MANHUACU;8;3;TERÇA-FEIRA;1;0;18;18H-20H;NOITE;PLENA NOITE;ACESSAR A VIA SEM OBSERVAR A PRESENÇA DOS OUTROS VEÍCULOS;COLISÃO TRANSVERSAL;CÉU CLARO;SIMPLES;"INTERSEÇÃO DE VIAS;RETA";NÃO;0
PI;BR-316;LAGOINHA DO PIAUI;8;3;TERÇA-FEIRA;1;0;18;18H-20H;NOITE;ANOITECER;DESRESPEITAR A PREFERÊNCIA NO CRUZAMENTO;COLISÃO FRONTAL;CÉU CLARO;SIMPLES;INTERSEÇÃO DE VIAS;NÃO;0
SP;BR-153;SAO JOSE DO RIO PRETO;8;3;TERÇA-FEIRA;1;0;19;18H-20H;NOITE;PLENA NOITE;MANOBRA DE MUDANÇA DE FAIXA;COLISÃO LATERAL MESMO SENTIDO;CÉU CLARO;DUPLA;"DECLIVE;RETA";NÃO;0
BA;BR-101;CONCEICAO DO ALMEIDA;8;3;TERÇA-FEIRA;1;0;19;18H-20H;NOITE;PLENA NOITE;REAÇÃO TARDIA OU INEFICIENTE DO CONDUTOR;CAPOTAMENTO;CÉU CLARO;SIMPLES;"ACLIVE;RETA";NÃO;0
PR;BR-369;LONDRINA;8;3;TERÇA-FEIRA;1;0;20;18H-20H;NOITE;PLENA NOITE;ACESSAR A VIA SEM OBSERVAR A PRESENÇA DOS OUTROS VEÍCULOS;COLISÃO TRANSVERSAL;CÉU CLARO;DUPLA;"RETA;INTERSEÇÃO DE VIAS";SIM;0
GO;BR-153;SAO LUIZ DO NORTE;8;3;TERÇA-FEIRA;1;0;19;18H-20H;NOITE;PLENA NOITE;REAÇÃO TARDIA OU INEFICIENTE DO CONDUTOR;COLISÃO COM OBJETO;CÉU CLARO;SIMPLES;"ACLIVE;RETA";NÃO;0
RS;BR-290;URUGUAIANA;8;3;TERÇA-FEIRA;1;0;21;21H-23H;NOITE;PLENA NOITE;REAÇÃO TARDIA OU INEFICIENTE DO CONDUTOR;SAÍDA DE LEITO CARROÇÁVEL;NUBLADO;SIMPLES;"CURVA;ROTATÓRIA";SIM;0
PI;BR-316;TERESINA;8;3;TERÇA-FEIRA;1;0;20;18H-20H;NOITE;PLENA NOITE;CONVERSÃO PROIBIDA;COLISÃO TRANSVERSAL;CÉU CLARO;MÚLTIPLA;"VIADUTO;INTERSEÇÃO DE VIAS";SIM;0
MA;BR-010;IMPERATRIZ;8;3;TERÇA-FEIRA;1;0;20;18H-20H;NOITE;PLENA NOITE;PEDESTRE ANDAVA NA PISTA;ATROPELAMENTO DE PEDESTRE;CÉU CLARO;SIMPLES;RETA;NÃO;0
RJ;BR-116;GUAPIMIRIM;8;3;TERÇA-FEIRA;1;0;17;15H-17H;TARDE;ANOITECER;DEMAIS FALHAS MECÂNICAS OU ELÉTRICAS;QUEDA DE OCUPANTE DE VEÍCULO;CÉU CLARO;SIMPLES;RETA;NÃO;0
AL;BR-104;RIO LARGO;8;3;TERÇA-FEIRA;1;0;20;18H-20H;NOITE;PLENA NOITE;PEDESTRE CRUZAVA A PISTA FORA DA FAIXA;ATROPELAMENTO DE PEDESTRE;CÉU CLARO;DUPLA;RETA;SIM;0
MG;BR-040;RIBEIRAO DAS NEVES;8;3;TERÇA-FEIRA;1;0;21;21H-23H;NOITE;PLENA NOITE;AUSÊNCIA DE REAÇÃO DO CONDUTOR;COLISÃO LATERAL MESMO SENTIDO;CÉU CLARO;DUPLA;RETA;SIM;0
MS;BR-262;CAMPO GRANDE;8;3;TERÇA-FEIRA;1;0;19;18H-20H;NOITE;PLENA NOITE;ACESSAR A VIA SEM OBSERVAR A PRESENÇA DOS OUTROS VEÍCULOS;COLISÃO TRASEIRA;CÉU CLARO;SIMPLES;RETA;SIM;0
RO;BR-364;JI-PARANA;8;3;TERÇA-FEIRA;1;0;20;18H-20H;NOITE;PLENA NOITE;AUSÊNCIA DE REAÇÃO DO CONDUTOR;ATROPELAMENTO DE PEDESTRE;CÉU CLARO;DUPLA;RETA;SIM;0
SC;BR-101;JAGUARUNA;8;3;TERÇA-FEIRA;1;0;21;21H-23H;NOITE;PLENA NOITE;DEMAIS FALHAS MECÂNICAS OU ELÉTRICAS;INCÊNDIO;CÉU CLARO;DUPLA;"ACLIVE;RETA";NÃO;0
RJ;BR-101;RIO DE JANEIRO;8;3;TERÇA-FEIRA;1;0;20;18H-20H;NOITE;PLENA NOITE;CONDUTOR DEIXOU DE MANTER DISTÂNCIA DO VEÍCULO DA FRENTE;COLISÃO TRASEIRA;NUBLADO;MÚLTIPLA;RETA;SIM;0
RO;BR-319;PORTO VELHO;8;3;TERÇA-FEIRA;1;0;16;15H-17H;TARDE;PLENO DIA;MAL SÚBITO DO CONDUTOR;TOMBAMENTO;SOL;DUPLA;INTERSEÇÃO DE VIAS;SIM;0
RN;BR-101;GOIANINHA;8;3;TERÇA-FEIRA;1;0;22;21H-23H;NOITE;PLENA NOITE;AUSÊNCIA DE REAÇÃO DO CONDUTOR;QUEDA DE OCUPANTE DE VEÍCULO;CÉU CLARO;DUPLA;RETA;NÃO;0
RJ;BR-101;PARATY;8;3;TERÇA-FEIRA;1;0;21;21H-23H;NOITE;PLENA NOITE;REAÇÃO TARDIA OU INEFICIENTE DO CONDUTOR;SAÍDA DE LEITO CARROÇÁVEL;CHUVA;SIMPLES;CURVA;NÃO;0
MG;BR-040;CARANDAI;8;3;TERÇA-FEIRA;1;0;20;18H-20H;NOITE;PLENA NOITE;FALTA DE ACOSTAMENTO;COLISÃO TRASEIRA;CÉU CLARO;SIMPLES;RETA;NÃO;0
SC;BR-116;LAGES;8;3;TERÇA-FEIRA;1;0;22;21H-23H;NOITE;PLENA NOITE;REAÇÃO TARDIA OU INEFICIENTE DO CONDUTOR;COLISÃO TRASEIRA;NEVOEIRO/NEBLINA;MÚLTIPLA;"INTERSEÇÃO DE VIAS;ROTATÓRIA";SIM;0
RS;BR-116;PELOTAS;8;3;TERÇA-FEIRA;1;0;23;21H-23H;NOITE;PLENO DIA;ANIMAIS NA PISTA;QUEDA DE OCUPANTE DE VEÍCULO;CÉU CLARO;MÚLTIPLA;RETA;SIM;0
MG;BR-381;CAREACU;8;3;QUARTA-FEIRA;2;0;0;00H-02H;MADRUGADA;PLENA NOITE;CONDUTOR DORMINDO;SAÍDA DE LEITO CARROÇÁVEL;CÉU CLARO;DUPLA;RETA;NÃO;0
SP;BR-116;APARECIDA;8;3;TERÇA-FEIRA;1;0;23;21H-23H;NOITE;PLENA NOITE;DEMAIS FALHAS MECÂNICAS OU ELÉTRICAS;INCÊNDIO;NUBLADO;MÚLTIPLA;ACLIVE;NÃO;0
SP;BR-116;GUARULHOS;8;3;QUARTA-FEIRA;2;0;0;00H-02H;MADRUGADA;PLENA NOITE;OBJETO ESTÁTICO SOBRE O LEITO CARROÇÁVEL;COLISÃO COM OBJETO;CÉU CLARO;MÚLTIPLA;"RETA;EM OBRAS";SIM;0
RJ;BR-040;TRES RIOS;8;3;QUARTA-FEIRA;2;0;1;00H-02H;MADRUGADA;PLENA NOITE;ILUMINAÇÃO DEFICIENTE;SAÍDA DE LEITO CARROÇÁVEL;CÉU CLARO;SIMPLES;RETA;NÃO;0
PB;BR-101;SANTA RITA;8;3;QUARTA-FEIRA;2;0;2;00H-02H;MADRUGADA;PLENA NOITE;ANIMAIS NA PISTA;ATROPELAMENTO DE ANIMAL;NUBLADO;DUPLA;RETA;NÃO;0
RS;BR-116;SAO LEOPOLDO;8;3;QUARTA-FEIRA;2;0;3;03H-05H;MADRUGADA;PLENA NOITE;VELOCIDADE INCOMPATÍVEL;COLISÃO COM OBJETO;CÉU CLARO;DUPLA;"VIADUTO;RETA";SIM;1
PA;BR-010;DOM ELISEU;8;3;QUARTA-FEIRA;2;0;5;03H-05H;MADRUGADA;AMANHECER;OBJETO ESTÁTICO SOBRE O LEITO CARROÇÁVEL;COLISÃO COM OBJETO;IGNORADO;SIMPLES;RETA;NÃO;0
SC;BR-101;SAO JOSE;8;3;QUARTA-FEIRA;2;0;5;03H-05H;MADRUGADA;PLENA NOITE;ESTACIONAR OU PARAR EM LOCAL PROIBIDO;COLISÃO TRASEIRA;NUBLADO;DUPLA;RETA;SIM;0
PE;BR-232;JABOATAO DOS GUARARAPES;8;3;QUARTA-FEIRA;2;0;5;03H-05H;MADRUGADA;PLENO DIA;AUSÊNCIA DE REAÇÃO DO CONDUTOR;COLISÃO TRASEIRA;NUBLADO;MÚLTIPLA;INTERSEÇÃO DE VIAS;SIM;0
MG;BR-356;MURIAE;8;3;QUARTA-FEIRA;2;0;4;03H-05H;MADRUGADA;PLENA NOITE;INGESTÃO DE ÁLCOOL PELO CONDUTOR;SAÍDA DE LEITO CARROÇÁVEL;NUBLADO;SIMPLES;RETA;SIM;0
SP;BR-116;GUARULHOS;8;3;QUARTA-FEIRA;2;0;6;06H-08H;MANHA;PLENO DIA;DEMAIS FALHAS MECÂNICAS OU ELÉTRICAS;QUEDA DE OCUPANTE DE VEÍCULO;SOL;MÚLTIPLA;RETA;SIM;0
MA;BR-316;CAXIAS;8;3;QUARTA-FEIRA;2;0;6;06H-08H;MANHA;PLENO DIA;OBJETO ESTÁTICO SOBRE O LEITO CARROÇÁVEL;QUEDA DE OCUPANTE DE VEÍCULO;SOL;SIMPLES;RETA;NÃO;0
MG;BR-050;UBERLANDIA;8;3;QUARTA-FEIRA;2;0;5;03H-05H;MADRUGADA;AMANHECER;INGESTÃO DE ÁLCOOL PELO CONDUTOR;SAÍDA DE LEITO CARROÇÁVEL;CÉU CLARO;SIMPLES;RETA;SIM;0
DF;BR-020;BRASILIA;8;3;QUARTA-FEIRA;2;0;7;06H-08H;MANHA;PLENO DIA;MAL SÚBITO DO CONDUTOR;ENGAVETAMENTO;SOL;DUPLA;RETA;SIM;0
MG;BR-040;SANTOS DUMONT;8;3;QUARTA-FEIRA;2;0;7;06H-08H;MANHA;PLENO DIA;TRANSITAR NA CONTRAMÃO;COLISÃO FRONTAL;CÉU CLARO;SIMPLES;RETA;NÃO;1
RJ;BR-116;DUQUE DE CAXIAS;8;3;QUARTA-FEIRA;2;0;7;06H-08H;MANHA;PLENO DIA;REAÇÃO TARDIA OU INEFICIENTE DO CONDUTOR;COLISÃO TRASEIRA;CÉU CLARO;DUPLA;RETA;SIM;0
CE;BR-116;FORTALEZA;8;3;QUARTA-FEIRA;2;0;8;06H-08H;MANHA;PLENO DIA;MANOBRA DE MUDANÇA DE FAIXA;COLISÃO LATERAL MESMO SENTIDO;CÉU CLARO;MÚLTIPLA;RETA;SIM;0
SP;BR-153;SAO JOSE DO RIO PRETO;8;3;QUARTA-FEIRA;2;0;8;06H-08H;MANHA;PLENO DIA;TRAFEGAR COM MOTOCICLETA (OU SIMILAR) ENTRE AS FAIXAS;COLISÃO TRASEIRA;SOL;DUPLA;"DECLIVE;RETA";SIM;0
PR;BR-116;CURITIBA;8;3;QUARTA-FEIRA;2;0;6;06H-08H;MANHA;PLENO DIA;REAÇÃO TARDIA OU INEFICIENTE DO CONDUTOR;COLISÃO TRASEIRA;SOL;MÚLTIPLA;RETA;SIM;0
PR;BR-476;COLOMBO;8;3;QUARTA-FEIRA;2;0;7;06H-08H;MANHA;PLENO DIA;ACESSAR A VIA SEM OBSERVAR A PRESENÇA DOS OUTROS VEÍCULOS;COLISÃO TRASEIRA;CÉU CLARO;SIMPLES;RETA;NÃO;0
MG;BR-262;MANHUACU;8;3;QUARTA-FEIRA;2;0;8;06H-08H;MANHA;PLENO DIA;DESRESPEITAR A PREFERÊNCIA NO CRUZAMENTO;COLISÃO TRANSVERSAL;CÉU CLARO;SIMPLES;"ROTATÓRIA;RETA";SIM;0
PE;BR-232;RECIFE;8;3;QUARTA-FEIRA;2;0;8;06H-08H;MANHA;PLENO DIA;VELOCIDADE INCOMPATÍVEL;COLISÃO TRASEIRA;SOL;DUPLA;RETA;NÃO;0
MG;BR-365;UBERLANDIA;8;3;QUARTA-FEIRA;2;0;8;06H-08H;MANHA;PLENO DIA;ACUMULO DE AREIA OU DETRITOS SOBRE O PAVIMENTO;SAÍDA DE LEITO CARROÇÁVEL;CÉU CLARO;DUPLA;"ACLIVE;EM OBRAS;RETA";NÃO;0
AC;BR-364;RIO BRANCO;8;3;QUARTA-FEIRA;2;0;7;06H-08H;MANHA;PLENO DIA;CONVERSÃO PROIBIDA;COLISÃO TRANSVERSAL;SOL;SIMPLES;RETA;SIM;0
SC;BR-101;ITAPEMA;8;3;QUARTA-FEIRA;2;0;8;06H-08H;MANHA;AMANHECER;CONDUTOR DEIXOU DE MANTER DISTÂNCIA DO VEÍCULO DA FRENTE;COLISÃO TRASEIRA;CÉU CLARO;DUPLA;RETA;SIM;0
PE;BR-101;ABREU E LIMA;8;3;QUARTA-FEIRA;2;0;9;09H-11H;MANHA;PLENO DIA;ACESSAR A VIA SEM OBSERVAR A PRESENÇA DOS OUTROS VEÍCULOS;QUEDA DE OCUPANTE DE VEÍCULO;CÉU CLARO;DUPLA;RETA;SIM;0
PE;BR-232;SERRA TALHADA;8;3;QUARTA-FEIRA;2;0;7;06H-08H;MANHA;PLENO DIA;ANIMAIS NA PISTA;ATROPELAMENTO DE ANIMAL;CÉU CLARO;SIMPLES;RETA;SIM;0
RS;BR-470;GARIBALDI;8;3;QUARTA-FEIRA;2;0;8;06H-08H;MANHA;PLENO DIA;ACESSAR A VIA SEM OBSERVAR A PRESENÇA DOS OUTROS VEÍCULOS;COLISÃO TRANSVERSAL;CÉU CLARO;SIMPLES;"RETA;RETORNO REGULAMENTADO";NÃO;0
RS;BR-386;SEBERI;8;3;QUARTA-FEIRA;2;0;9;09H-11H;MANHA;PLENO DIA;ULTRAPASSAGEM INDEVIDA;SAÍDA DE LEITO CARROÇÁVEL;SOL;SIMPLES;RETA;NÃO;0
BA;BR-324;SALVADOR;8;3;QUARTA-FEIRA;2;0;9;09H-11H;MANHA;PLENO DIA;MANOBRA DE MUDANÇA DE FAIXA;COLISÃO LATERAL MESMO SENTIDO;CÉU CLARO;MÚLTIPLA;RETA;SIM;0
PR;BR-469;FOZ DO IGUACU;8;3;QUARTA-FEIRA;2;0;9;09H-11H;MANHA;PLENO DIA;AUSÊNCIA DE SINALIZAÇÃO;COLISÃO TRASEIRA;CÉU CLARO;SIMPLES;"ACLIVE;RETA";NÃO;0
SC;BR-101;BALNEARIO CAMBORIU;8;3;QUARTA-FEIRA;2;0;10;09H-11H;MANHA;PLENO DIA;DESRESPEITAR A PREFERÊNCIA NO CRUZAMENTO;COLISÃO TRANSVERSAL;CÉU CLARO;MÚLTIPLA;INTERSEÇÃO DE VIAS;SIM;0
PR;BR-376;MARIALVA;8;3;QUARTA-FEIRA;2;0;9;09H-11H;MANHA;PLENO DIA;ACESSAR A VIA SEM OBSERVAR A PRESENÇA DOS OUTROS VEÍCULOS;COLISÃO LATERAL MESMO SENTIDO;CÉU CLARO;DUPLA;"RETA;RETORNO REGULAMENTADO";NÃO;0
BA;BR-367;PORTO SEGURO;8;3;QUARTA-FEIRA;2;0;9;09H-11H;MANHA;PLENO DIA;ACESSAR A VIA SEM OBSERVAR A PRESENÇA DOS OUTROS VEÍCULOS;COLISÃO TRANSVERSAL;CÉU CLARO;SIMPLES;RETA;SIM;0
CE;BR-116;EUSEBIO;8;3;QUARTA-FEIRA;2;0;9;09H-11H;MANHA;PLENO DIA;CONDUTOR DEIXOU DE MANTER DISTÂNCIA DO VEÍCULO DA FRENTE;COLISÃO TRASEIRA;CÉU CLARO;DUPLA;ACLIVE;SIM;0