uf;br_formatada;municipio;mes;trimestre;dia_semana;dia_semana_num;fim_de_semana;hora;faixa_horaria;turno;fase_dia;causa_acidente;tipo_acidente;condicao_metereologica;tipo_pista;tracado_via;uso_solo;acidente_fatal
RJ;BR-116;SAPUCAIA;8;3;QUINTA-FEIRA;3;0;0;00H-02H;MADRUGADA;PLENA NOITE;REAÇÃO TARDIA OU INEFICIENTE DO CONDUTOR;COLISÃO COM OBJETO;CÉU CLARO;SIMPLES;RETA;NÃO;0
CE;BR-222;CAUCAIA;8;3;QUINTA-FEIRA;3;0;7;06H-08H;MANHA;PLENO DIA;AUSÊNCIA DE REAÇÃO DO CONDUTOR;COLISÃO TRASEIRA;CÉU CLARO;MÚLTIPLA;RETORNO REGULAMENTADO;SIM;0
DF;BR-020;BRASILIA;8;3;QUINTA-FEIRA;3;0;8;06H-08H;MANHA;PLENO DIA;AUSÊNCIA DE REAÇÃO DO CONDUTOR;COLISÃO TRASEIRA;CÉU CLARO;DUPLA;"DECLIVE;RETA";SIM;0
ES;BR-259;JOAO NEIVA;8;3;QUINTA-FEIRA;3;0;8;06H-08H;MANHA;PLENO DIA;AUSÊNCIA DE REAÇÃO DO CONDUTOR;QUEDA DE OCUPANTE DE VEÍCULO;CÉU CLARO;SIMPLES;CURVA;NÃO;0
SC;BR-101;ICARA;8;3;QUINTA-FEIRA;3;0;7;06H-08H;MANHA;PLENO DIA;CONDUTOR DEIXOU DE MANTER DISTÂNCIA DO VEÍCULO DA FRENTE;COLISÃO TRASEIRA;CÉU CLARO;DUPLA;"INTERSEÇÃO DE VIAS;VIADUTO";SIM;0
RS;BR-290;SANTO ANTONIO DA PATRULHA;8;3;DOMINGO;6;1;17;15H-17H;TARDE;PLENO DIA;CONDUTOR DORMINDO;COLISÃO TRASEIRA;SOL;DUPLA;RETA;NÃO;0
PI;BR-343;TERESINA;8;3;QUINTA-FEIRA;3;0;8;06H-08H;MANHA;PLENO DIA;MANOBRA DE MUDANÇA DE FAIXA;COLISÃO TRANSVERSAL;CÉU CLARO;DUPLA;RETA;SIM;0
RS;BR-472;URUGUAIANA;8;3;QUINTA-FEIRA;3;0;8;06H-08H;MANHA;PLENO DIA;TRANSITAR NA CONTRAMÃO;COLISÃO FRONTAL;SOL;SIMPLES;RETA;SIM;0
PR;BR-277;MEDIANEIRA;8;3;QUINTA-FEIRA;3;0;9;09H-11H;MANHA;PLENO DIA;CONDUTOR DORMINDO;COLISÃO TRASEIRA;CÉU CLARO;DUPLA;RETA;NÃO;0
SC;BR-282;SAO JOSE;8;3;QUINTA-FEIRA;3;0;9;09H-11H;MANHA;PLENO DIA;REAÇÃO TARDIA OU INEFICIENTE DO CONDUTOR;COLISÃO TRASEIRA;CÉU CLARO;MÚLTIPLA;RETA;SIM;0
RJ;BR-040;DUQUE DE CAXIAS;8;3;QUINTA-FEIRA;3;0;6;06H-08H;MANHA;PLENO DIA;REAÇÃO TARDIA OU INEFICIENTE DO CONDUTOR;COLISÃO LATERAL MESMO SENTIDO;NUBLADO;MÚLTIPLA;RETA;SIM;0
SP;BR-116;GUARULHOS;8;3;QUINTA-FEIRA;3;0;9;09H-11H;MANHA;PLENO DIA;TRAFEGAR COM MOTOCICLETA (OU SIMILAR) ENTRE AS FAIXAS;COLISÃO LATERAL MESMO SENTIDO;CÉU CLARO;DUPLA;RETA;SIM;0
ES;BR-101;CARIACICA;8;3;QUINTA-FEIRA;3;0;10;09H-11H;MANHA;PLENO DIA;AUSÊNCIA DE REAÇÃO DO CONDUTOR;TOMBAMENTO;SOL;DUPLA;"ACLIVE;RETA";SIM;0
MA;BR-226;PRESIDENTE DUTRA;8;3;QUINTA-FEIRA;3;0;8;06H-08H;MANHA;PLENO DIA;CONVERSÃO PROIBIDA;COLISÃO LATERAL MESMO SENTIDO;CÉU CLARO;SIMPLES;CURVA;NÃO;0
SP;BR-116;CACAPAVA;8;3;QUINTA-FEIRA;3;0;10;09H-11H;MANHA;PLENO DIA;REAÇÃO TARDIA OU INEFICIENTE DO CONDUTOR;CAPOTAMENTO;CÉU CLARO;DUPLA;RETA;SIM;0
RN;BR-101;PARNAMIRIM;8;3;QUINTA-FEIRA;3;0;10;09H-11H;MANHA;PLENO DIA;AUSÊNCIA DE REAÇÃO DO CONDUTOR;COLISÃO COM OBJETO;CÉU CLARO;DUPLA;"RETA;DECLIVE";SIM;0
PR;BR-163;TOLEDO;8;3;QUINTA-FEIRA;3;0;8;06H-08H;MANHA;PLENO DIA;AUSÊNCIA DE REAÇÃO DO CONDUTOR;SAÍDA DE LEITO CARROÇÁVEL;CÉU CLARO;DUPLA;RETA;NÃO;0
PE;BR-428;LAGOA GRANDE;8;3;QUINTA-FEIRA;3;0;7;06H-08H;MANHA;PLENO DIA;VELOCIDADE INCOMPATÍVEL;COLISÃO TRASEIRA;CÉU CLARO;SIMPLES;RETA;NÃO;0
SC;BR-101;PORTO BELO;8;3;QUINTA-FEIRA;3;0;10;09H-11H;MANHA;PLENO DIA;MANOBRA DE MUDANÇA DE FAIXA;COLISÃO LATERAL MESMO SENTIDO;CÉU CLARO;MÚLTIPLA;RETA;NÃO;0
MG;BR-040;ITABIRITO;8;3;QUINTA-FEIRA;3;0;10;09H-11H;MANHA;PLENO DIA;AUSÊNCIA DE REAÇÃO DO CONDUTOR;COLISÃO TRASEIRA;CÉU CLARO;DUPLA;"DECLIVE;CURVA";NÃO;0
RJ;BR-101;CAMPOS DOS GOYTACAZES;8;3;QUINTA-FEIRA;3;0;10;09H-11H;MANHA;PLENO DIA;ACESSAR A VIA SEM OBSERVAR A PRESENÇA DOS OUTROS VEÍCULOS;COLISÃO TRANSVERSAL;CÉU CLARO;SIMPLES;"INTERSEÇÃO DE VIAS;RETA";SIM;0
MS;BR-163;SAO GABRIEL DO OESTE;8;3;QUINTA-FEIRA;3;0;11;09H-11H;MANHA;PLENO DIA;AUSÊNCIA DE REAÇÃO DO CONDUTOR;SAÍDA DE LEITO CARROÇÁVEL;CÉU CLARO;DUPLA;CURVA;NÃO;0
RS;BR-116;CAXIAS DO SUL;8;3;QUINTA-FEIRA;3;0;11;09H-11H;MANHA;PLENO DIA;INGESTÃO DE ÁLCOOL PELO CONDUTOR;COLISÃO TRASEIRA;CÉU CLARO;SIMPLES;"INTERSEÇÃO DE VIAS;RETA";SIM;0
PR;BR-153;JACAREZINHO;8;3;QUINTA-FEIRA;3;0;12;12H-14H;TARDE;PLENO DIA;ACESSAR A VIA SEM OBSERVAR A PRESENÇA DOS OUTROS VEÍCULOS;COLISÃO TRANSVERSAL;CÉU CLARO;SIMPLES;INTERSEÇÃO DE VIAS;SIM;0
SC;BR-101;SAO JOSE;8;3;QUINTA-FEIRA;3;0;13;12H-14H;TARDE;PLENO DIA;CONDUTOR DEIXOU DE MANTER DISTÂNCIA DO VEÍCULO DA FRENTE;TOMBAMENTO;CÉU CLARO;MÚLTIPLA;RETA;SIM;0
RJ;BR-465;NOVA IGUACU;8;3;QUINTA-FEIRA;3;0;10;09H-11H;MANHA;PLENO DIA;TRAFEGAR COM MOTOCICLETA (OU SIMILAR) ENTRE AS FAIXAS;ATROPELAMENTO DE PEDESTRE;NUBLADO;SIMPLES;RETA;SIM;0
SC;BR-101;BALNEARIO CAMBORIU;8;3;QUINTA-FEIRA;3;0;13;12H-14H;TARDE;PLENO DIA;REAÇÃO TARDIA OU INEFICIENTE DO CONDUTOR;COLISÃO TRASEIRA;CÉU CLARO;DUPLA;"RETA;ACLIVE";NÃO;0
RS;BR-116;CANOAS;8;3;QUINTA-FEIRA;3;0;13;12H-14H;TARDE;PLENO DIA;CONDUTOR DESRESPEITOU A ILUMINAÇÃO VERMELHA DO SEMÁFORO;COLISÃO TRANSVERSAL;CÉU CLARO;DUPLA;"INTERSEÇÃO DE VIAS;VIADUTO";SIM;0
MG;BR-381;ITAGUARA;8;3;QUINTA-FEIRA;3;0;13;12H-14H;TARDE;PLENO DIA;DEMAIS FALHAS MECÂNICAS OU ELÉTRICAS;INCÊNDIO;CÉU CLARO;DUPLA;"DECLIVE;RETA";NÃO;0
SC;BR-101;GAROPABA;8;3;QUINTA-FEIRA;3;0;12;12H-14H;TARDE;PLENO DIA;MAL SÚBITO DO CONDUTOR;COLISÃO COM OBJETO;CÉU CLARO;DUPLA;CURVA;NÃO;0
SP;BR-488;APARECIDA;8;3;QUINTA-FEIRA;3;0;14;12H-14H;TARDE;PLENO DIA;VELOCIDADE INCOMPATÍVEL;TOMBAMENTO;CÉU CLARO;DUPLA;"CURVA;INTERSEÇÃO DE VIAS";SIM;0
MG;BR-116;MURIAE;8;3;QUINTA-FEIRA;3;0;11;09H-11H;MANHA;PLENO DIA;FREAR BRUSCAMENTE;COLISÃO LATERAL MESMO SENTIDO;CÉU CLARO;SIMPLES;RETA;SIM;0
RJ;BR-101;CAMPOS DOS GOYTACAZES;8;3;QUINTA-FEIRA;3;0;14;12H-14H;TARDE;PLENO DIA;AUSÊNCIA DE REAÇÃO DO CONDUTOR;COLISÃO TRASEIRA;CÉU CLARO;SIMPLES;"INTERSEÇÃO DE VIAS;RETA";NÃO;0
SP;BR-116;ITAPECERICA DA SERRA;8;3;QUINTA-FEIRA;3;0;15;15H-17H;TARDE;PLENO DIA;VELOCIDADE INCOMPATÍVEL;CAPOTAMENTO;CÉU CLARO;DUPLA;CURVA;NÃO;0
SC;BR-101;PALHOCA;8;3;QUINTA-FEIRA;3;0;14;12H-14H;TARDE;PLENO DIA;ACESSAR A VIA SEM OBSERVAR A PRESENÇA DOS OUTROS VEÍCULOS;COLISÃO TRASEIRA;CÉU CLARO;MÚLTIPLA;RETA;SIM;0
PR;BR-116;MANDIRITUBA;8;3;QUINTA-FEIRA;3;0;13;12H-14H;TARDE;PLENO DIA;TRANSITAR NA CONTRAMÃO;COLISÃO FRONTAL;NUBLADO;SIMPLES;"RETA;DECLIVE";NÃO;0
GO;BR-060;GUAPO;8;3;QUINTA-FEIRA;3;0;14;12H-14H;TARDE;PLENO DIA;CONDUTOR DORMINDO;SAÍDA DE LEITO CARROÇÁVEL;CÉU CLARO;DUPLA;CURVA;NÃO;0
PR;BR-277;PARANAGUA;8;3;QUINTA-FEIRA;3;0;15;15H-17H;TARDE;PLENO DIA;DESRESPEITAR A PREFERÊNCIA NO CRUZAMENTO;COLISÃO TRANSVERSAL;NUBLADO;SIMPLES;"RETA;INTERSEÇÃO DE VIAS";SIM;0
RO;BR-364;PRESIDENTE MEDICI;8;3;QUINTA-FEIRA;3;0;8;06H-08H;MANHA;PLENO DIA;AVARIAS E/OU DESGASTE EXCESSIVO NO PNEU;SAÍDA DE LEITO CARROÇÁVEL;SOL;SIMPLES;RETA;NÃO;0
BA;BR-101;GANDU;8;3;QUINTA-FEIRA;3;0;14;12H-14H;TARDE;PLENO DIA;REAÇÃO TARDIA OU INEFICIENTE DO CONDUTOR;COLISÃO TRANSVERSAL;CÉU CLARO;SIMPLES;RETA;SIM;0
PR;BR-116;CURITIBA;8;3;QUINTA-FEIRA;3;0;14;12H-14H;TARDE;PLENO DIA;REAÇÃO TARDIA OU INEFICIENTE DO CONDUTOR;COLISÃO TRASEIRA;CÉU CLARO;DUPLA;"ACLIVE;RETA";SIM;0
SC;BR-470;RIO DO SUL;8;3;QUINTA-FEIRA;3;0;15;15H-17H;TARDE;PLENO DIA;REAÇÃO TARDIA OU INEFICIENTE DO CONDUTOR;COLISÃO TRANSVERSAL;CÉU CLARO;SIMPLES;"RETA;ACLIVE";SIM;0
SC;BR-470;INDAIAL;8;3;QUINTA-FEIRA;3;0;15;15H-17H;TARDE;PLENO DIA;TRANSTORNOS MENTAIS (EXCETO SUICIDIO);COLISÃO LATERAL MESMO SENTIDO;CÉU CLARO;SIMPLES;CURVA;SIM;0
AC;BR-364;ACRELANDIA;8;3;QUINTA-FEIRA;3;0;4;03H-05H;MADRUGADA;PLENA NOITE;PEDESTRE ANDAVA NA PISTA;ATROPELAMENTO DE PEDESTRE;IGNORADO;SIMPLES;"RETA;ACLIVE";NÃO;1
PA;BR-010;SANTA MARIA DO PARA;8;3;QUINTA-FEIRA;3;0;15;15H-17H;TARDE;PLENO DIA;AUSÊNCIA DE REAÇÃO DO CONDUTOR;COLISÃO TRANSVERSAL;CÉU CLARO;SIMPLES;RETA;SIM;0
RN;BR-304;MOSSORO;8;3;QUINTA-FEIRA;3;0;16;15H-17H;TARDE;PLENO DIA;MANOBRA DE MUDANÇA DE FAIXA;COLISÃO LATERAL MESMO SENTIDO;CÉU CLARO;DUPLA;RETA;SIM;0
SC;BR-280;ARAQUARI;8;3;QUINTA-FEIRA;3;0;17;15H-17H;TARDE;PLENO DIA;TRAFEGAR COM MOTOCICLETA (OU SIMILAR) ENTRE AS FAIXAS;COLISÃO TRANSVERSAL;NUBLADO;SIMPLES;RETA;SIM;0
SP;BR-116;TAUBATE;8;3;QUINTA-FEIRA;3;0;17;15H-17H;TARDE;PLENO DIA;TRAFEGAR COM MOTOCICLETA (OU SIMILAR) ENTRE AS FAIXAS;COLISÃO LATERAL MESMO SENTIDO;CÉU CLARO;DUPLA;RETA;SIM;0
PB;BR-104;LAGOA SECA;8;3;QUINTA-FEIRA;3;0;17;15H-17H;TARDE;ANOITECER;REAÇÃO TARDIA OU INEFICIENTE DO CONDUTOR;COLISÃO TRASEIRA;CÉU CLARO;SIMPLES;"ACLIVE;RETA";NÃO;0
PE;BR-101;RECIFE;8;3;QUINTA-FEIRA;3;0;17;15H-17H;TARDE;PLENO DIA;REAÇÃO TARDIA OU INEFICIENTE DO CONDUTOR;ENGAVETAMENTO;CHUVA;DUPLA;RETA;SIM;0
PR;BR-376;MARINGA;8;3;QUINTA-FEIRA;3;0;17;15H-17H;TARDE;PLENO DIA;DEMAIS FALHAS MECÂNICAS OU ELÉTRICAS;INCÊNDIO;CÉU CLARO;DUPLA;RETA;NÃO;0
MG;BR-040;BELO HORIZONTE;8;3;QUINTA-FEIRA;3;0;17;15H-17H;TARDE;PLENO DIA;ÁREA URBANA SEM A PRESENÇA DE LOCAL APROPRIADO PARA A TRAVESSIA DE PEDESTRES;ATROPELAMENTO DE PEDESTRE;CÉU CLARO;DUPLA;"ACLIVE;RETA";SIM;0
SC;BR-470;BLUMENAU;8;3;QUINTA-FEIRA;3;0;17;15H-17H;TARDE;ANOITECER;RETORNO PROIBIDO;COLISÃO TRANSVERSAL;CÉU CLARO;SIMPLES;"DESVIO TEMPORÁRIO;RETA";SIM;0
RJ;BR-101;RIO DE JANEIRO;8;3;QUINTA-FEIRA;3;0;15;15H-17H;TARDE;PLENO DIA;CONDUTOR DEIXOU DE MANTER DISTÂNCIA DO VEÍCULO DA FRENTE;COLISÃO TRASEIRA;CÉU CLARO;MÚLTIPLA;RETA;SIM;0
RN;BR-304;MOSSORO;8;3;QUINTA-FEIRA;3;0;18;18H-20H;NOITE;PLENA NOITE;ACESSAR A VIA SEM OBSERVAR A PRESENÇA DOS OUTROS VEÍCULOS;COLISÃO TRANSVERSAL;CÉU CLARO;DUPLA;RETA;NÃO;0
SE;BR-101;MARUIM;8;3;QUINTA-FEIRA;3;0;18;18H-20H;NOITE;PLENA NOITE;AFUNDAMENTO OU ONDULAÇÃO NO PAVIMENTO;QUEDA DE OCUPANTE DE VEÍCULO;CÉU CLARO;MÚLTIPLA;"EM OBRAS;ACLIVE;RETA";NÃO;0
RS;BR-290;PORTO ALEGRE;8;3;QUINTA-FEIRA;3;0;18;18H-20H;NOITE;PLENA NOITE;TRAFEGAR COM MOTOCICLETA (OU SIMILAR) ENTRE AS FAIXAS;COLISÃO TRASEIRA;CÉU CLARO;DUPLA;RETA;NÃO;0
MG;BR-381;JOAO MONLEVADE;8;3;QUINTA-FEIRA;3;0;18;18H-20H;NOITE;PLENA NOITE;ULTRAPASSAGEM INDEVIDA;COLISÃO LATERAL MESMO SENTIDO;CÉU CLARO;SIMPLES;"CURVA;DECLIVE";NÃO;0
RN;BR-101;NATAL;8;3;QUINTA-FEIRA;3;0;18;18H-20H;NOITE;ANOITECER;DESRESPEITAR A PREFERÊNCIA NO CRUZAMENTO;COLISÃO TRANSVERSAL;CÉU CLARO;SIMPLES;RETORNO REGULAMENTADO;NÃO;0
PR;BR-369;APUCARANA;8;3;QUINTA-FEIRA;3;0;17;15H-17H;TARDE;ANOITECER;REAÇÃO TARDIA OU INEFICIENTE DO CONDUTOR;COLISÃO COM OBJETO;CÉU CLARO;DUPLA;"CURVA;ACLIVE";NÃO;0
SC;BR-101;ARARANGUA;8;3;QUINTA-FEIRA;3;0;17;15H-17H;TARDE;ANOITECER;DESRESPEITAR A PREFERÊNCIA NO CRUZAMENTO;COLISÃO TRANSVERSAL;CÉU CLARO;SIMPLES;"RETA;INTERSEÇÃO DE VIAS";NÃO;0
RS;BR-285;IJUI;8;3;QUINTA-FEIRA;3;0;18;18H-20H;NOITE;ANOITECER;ACESSAR A VIA SEM OBSERVAR A PRESENÇA DOS OUTROS VEÍCULOS;COLISÃO TRANSVERSAL;CÉU CLARO;SIMPLES;RETA;SIM;0
RS;BR-290;URUGUAIANA;8;3;QUINTA-FEIRA;3;0;18;18H-20H;NOITE;ANOITECER;ACESSO IRREGULAR;COLISÃO TRANSVERSAL;CÉU CLARO;SIMPLES;ROTATÓRIA;SIM;0
RJ;BR-465;SEROPEDICA;8;3;QUINTA-FEIRA;3;0;18;18H-20H;NOITE;PLENA NOITE;AUSÊNCIA DE REAÇÃO DO CONDUTOR;COLISÃO TRANSVERSAL;CÉU CLARO;SIMPLES;RETA;SIM;0
RS;BR-290;GRAVATAI;8;3;QUINTA-FEIRA;3;0;18;18H-20H;NOITE;PLENA NOITE;AVARIAS E/OU DESGASTE EXCESSIVO NO PNEU;TOMBAMENTO;NUBLADO;DUPLA;RETA;SIM;0
GO;BR-153;APARECIDA DE GOIANIA;8;3;QUINTA-FEIRA;3;0;18;18H-20H;NOITE;PLENA NOITE;CONDUTOR DEIXOU DE MANTER DISTÂNCIA DO VEÍCULO DA FRENTE;COLISÃO TRASEIRA;IGNORADO;DUPLA;RETA;SIM;0
MG;BR-381;BETIM;8;3;QUINTA-FEIRA;3;0;18;18H-20H;NOITE;PLENA NOITE;MANOBRA DE MUDANÇA DE FAIXA;COLISÃO LATERAL MESMO SENTIDO;CÉU CLARO;MÚLTIPLA;"CURVA;ACLIVE";SIM;0
MT;BR-364;DIAMANTINO;8;3;QUINTA-FEIRA;3;0;7;06H-08H;MANHA;PLENO DIA;AUSÊNCIA DE SINALIZAÇÃO;COLISÃO TRASEIRA;CÉU CLARO;SIMPLES;CURVA;NÃO;0
DF;BR-040;BRASILIA;8;3;QUINTA-FEIRA;3;0;19;18H-20H;NOITE;PLENA NOITE;CONDUTOR DEIXOU DE MANTER DISTÂNCIA DO VEÍCULO DA FRENTE;COLISÃO TRASEIRA;CÉU CLARO;DUPLA;RETA;SIM;0
GO;BR-153;APARECIDA DE GOIANIA;8;3;QUINTA-FEIRA;3;0;18;18H-20H;NOITE;PLENA NOITE;CONDUTOR DEIXOU DE MANTER DISTÂNCIA DO VEÍCULO DA FRENTE;ENGAVETAMENTO;IGNORADO;DUPLA;RETA;SIM;0
SC;BR-116;CORREIA PINTO;8;3;QUINTA-FEIRA;3;0;18;18H-20H;NOITE;PLENA NOITE;ACESSAR A VIA SEM OBSERVAR A PRESENÇA DOS OUTROS VEÍCULOS;COLISÃO TRANSVERSAL;CÉU CLARO;SIMPLES;RETA;NÃO;0
GO;BR-153;ANAPOLIS;8;3;QUINTA-FEIRA;3;0;19;18H-20H;NOITE;PLENA NOITE;REAÇÃO TARDIA OU INEFICIENTE DO CONDUTOR;SAÍDA DE LEITO CARROÇÁVEL;CÉU CLARO;DUPLA;RETA;NÃO;0
GO;BR-414;ANAPOLIS;8;3;QUINTA-FEIRA;3;0;19;18H-20H;NOITE;PLENA NOITE;ENTRADA INOPINADA DO PEDESTRE;ATROPELAMENTO DE PEDESTRE;CÉU CLARO;SIMPLES;RETA;SIM;0
TO;BR-153;GUARAI;8;3;QUINTA-FEIRA;3;0;19;18H-20H;NOITE;PLENO DIA;ULTRAPASSAGEM INDEVIDA;COLISÃO LATERAL MESMO SENTIDO;CÉU CLARO;SIMPLES;RETA;SIM;0
RJ;BR-116;BARRA MANSA;8;3;QUINTA-FEIRA;3;0;16;15H-17H;TARDE;ANOITECER;MAL SÚBITO DO CONDUTOR;COLISÃO COM OBJETO;CÉU CLARO;DUPLA;"RETA;ACLIVE";NÃO;0
PR;BR-116;CAMPINA GRANDE DO SUL;8;3;QUINTA-FEIRA;3;0;20;18H-20H;NOITE;PLENA NOITE;INGESTÃO DE ÁLCOOL PELO CONDUTOR;SAÍDA DE LEITO CARROÇÁVEL;CÉU CLARO;DUPLA;RETA;NÃO;0
RJ;BR-116;NOVA IGUACU;8;3;QUINTA-FEIRA;3;0;20;18H-20H;NOITE;PLENA NOITE;INGESTÃO DE ÁLCOOL PELO CONDUTOR;COLISÃO FRONTAL;NUBLADO;DUPLA;"RETA;EM OBRAS";SIM;0
PR;BR-277;FOZ DO IGUACU;8;3;QUINTA-FEIRA;3;0;20;18H-20H;NOITE;PLENA NOITE;ACESSAR A VIA SEM OBSERVAR A PRESENÇA DOS OUTROS VEÍCULOS;COLISÃO TRANSVERSAL;CÉU CLARO;DUPLA;RETORNO REGULAMENTADO;SIM;0
GO;BR-414;ABADIANIA;8;3;QUINTA-FEIRA;3;0;20;18H-20H;NOITE;PLENA NOITE;DEMAIS FALHAS MECÂNICAS OU ELÉTRICAS;TOMBAMENTO;IGNORADO;SIMPLES;CURVA;NÃO;0
MT;BR-070;PRIMAVERA DO LESTE;8;3;QUINTA-FEIRA;3;0;19;18H-20H;NOITE;PLENA NOITE;DESRESPEITAR A PREFERÊNCIA NO CRUZAMENTO;COLISÃO TRANSVERSAL;CÉU CLARO;SIMPLES;RETA;SIM;0
MT;BR-163;ITAUBA;8;3;QUINTA-FEIRA;3;0;18;18H-20H;NOITE;PLENA NOITE;CONDUTOR DEIXOU DE MANTER DISTÂNCIA DO VEÍCULO DA FRENTE;COLISÃO TRASEIRA;CÉU CLARO;SIMPLES;"ACLIVE;RETA";NÃO;0
MT;BR-163;SORRISO;8;3;QUINTA-FEIRA;3;0;17;15H-17H;TARDE;PLENA NOITE;REAÇÃO TARDIA OU INEFICIENTE DO CONDUTOR;QUEDA DE OCUPANTE DE VEÍCULO;CÉU CLARO;SIMPLES;ACLIVE;NÃO;0
MG;BR-116;TEOFILO OTONI;8;3;QUINTA-FEIRA;3;0;20;18H-20H;NOITE;PLENA NOITE;DEMAIS FALHAS MECÂNICAS OU ELÉTRICAS;INCÊNDIO;CÉU CLARO;SIMPLES;RETA;NÃO;0
AC;BR-364;RIO BRANCO;8;3;QUINTA-FEIRA;3;0;18;18H-20H;NOITE;PLENO DIA;ACESSAR A VIA SEM OBSERVAR A PRESENÇA DOS OUTROS VEÍCULOS;QUEDA DE OCUPANTE DE VEÍCULO;CÉU CLARO;DUPLA;ROTATÓRIA;SIM;0
AL;BR-316;SANTANA DO IPANEMA;8;3;QUINTA-FEIRA;3;0;19;18H-20H;NOITE;PLENA NOITE;ÁREA URBANA SEM A PRESENÇA DE LOCAL APROPRIADO PARA A TRAVESSIA DE PEDESTRES;ATROPELAMENTO DE PEDESTRE;CÉU CLARO;SIMPLES;PONTE;NÃO;1
CE;BR-222;SOBRAL;8;3;QUINTA-FEIRA;3;0;18;18H-20H;NOITE;PLENA NOITE;MANOBRA DE MUDANÇA DE FAIXA;COLISÃO FRONTAL;CÉU CLARO;SIMPLES;RETA;SIM;0
RS;BR-470;SALVADOR DO SUL;8;3;QUINTA-FEIRA;3;0;22;21H-23H;NOITE;PLENA NOITE;REAÇÃO TARDIA OU INEFICIENTE DO CONDUTOR;SAÍDA DE LEITO CARROÇÁVEL;CÉU CLARO;SIMPLES;RETA;SIM;0
PR;BR-369;MAMBORE;8;3;QUINTA-FEIRA;3;0;20;18H-20H;NOITE;PLENA NOITE;TRANSITAR NA CONTRAMÃO;COLISÃO FRONTAL;CÉU CLARO;SIMPLES;RETA;NÃO;1
RO;BR-364;PORTO VELHO;8;3;QUINTA-FEIRA;3;0;18;18H-20H;NOITE;ANOITECER;REAÇÃO TARDIA OU INEFICIENTE DO CONDUTOR;CAPOTAMENTO;CÉU CLARO;DUPLA;RETA;SIM;0
RJ;BR-116;PIRAI;8;3;QUINTA-FEIRA;3;0;16;15H-17H;TARDE;PLENO DIA;CONDUTOR DORMINDO;COLISÃO COM OBJETO;CÉU CLARO;SIMPLES;ACLIVE;NÃO;0
BA;BR-101;WENCESLAU GUIMARAES;8;3;QUINTA-FEIRA;3;0;20;18H-20H;NOITE;PLENA NOITE;AUSÊNCIA DE REAÇÃO DO CONDUTOR;ATROPELAMENTO DE PEDESTRE;CÉU CLARO;SIMPLES;RETA;NÃO;1
ES;BR-101;LINHARES;8;3;QUINTA-FEIRA;3;0;21;21H-23H;NOITE;PLENA NOITE;ACESSO IRREGULAR;ATROPELAMENTO DE PEDESTRE;CÉU CLARO;DUPLA;RETA;SIM;0
MG;BR-262;SAO GONCALO DO PARA;8;3;QUINTA-FEIRA;3;0;17;15H-17H;TARDE;PLENO DIA;VELOCIDADE INCOMPATÍVEL;SAÍDA DE LEITO CARROÇÁVEL;SOL;DUPLA;"DECLIVE;CURVA";NÃO;0
PR;BR-376;PONTA GROSSA;8;3;QUINTA-FEIRA;3;0;21;21H-23H;NOITE;PLENA NOITE;AUSÊNCIA DE SINALIZAÇÃO;COLISÃO COM OBJETO;CÉU CLARO;DUPLA;RETA;SIM;0
RS;BR-472;URUGUAIANA;8;3;QUINTA-FEIRA;3;0;20;18H-20H;NOITE;PLENA NOITE;AUSÊNCIA DE REAÇÃO DO CONDUTOR;COLISÃO TRASEIRA;CÉU CLARO;SIMPLES;ROTATÓRIA;SIM;0
RO;BR-364;VILHENA;8;3;QUINTA-FEIRA;3;0;17;15H-17H;TARDE;PLENO DIA;MANOBRA DE MUDANÇA DE FAIXA;COLISÃO LATERAL MESMO SENTIDO;CÉU CLARO;SIMPLES;RETA;NÃO;0
MG;BR-262;PARA DE MINAS;8;3;QUINTA-FEIRA;3;0;17;15H-17H;TARDE;ANOITECER;DEMAIS FALHAS MECÂNICAS OU ELÉTRICAS;COLISÃO LATERAL MESMO SENTIDO;CÉU CLARO;DUPLA;CURVA;NÃO;0
MT;BR-070;BARRA DO GARCAS;8;3;QUINTA-FEIRA;3;0;20;18H-20H;NOITE;PLENA NOITE;REAÇÃO TARDIA OU INEFICIENTE DO CONDUTOR;COLISÃO TRASEIRA;CÉU CLARO;SIMPLES;RETA;SIM;0
PR;BR-467;CASCAVEL;8;3;QUINTA-FEIRA;3;0;14;12H-14H;TARDE;PLENO DIA;VELOCIDADE INCOMPATÍVEL;SAÍDA DE LEITO CARROÇÁVEL;CÉU CLARO;DUPLA;RETA;NÃO;0
PR;BR-277;FOZ DO IGUACU;8;3;QUINTA-FEIRA;3;0;23;21H-23H;NOITE;PLENA NOITE;AUSÊNCIA DE REAÇÃO DO CONDUTOR;COLISÃO TRANSVERSAL;CÉU CLARO;DUPLA;"INTERSEÇÃO DE VIAS;RETA;RETORNO REGULAMENTADO";SIM;0
PR;BR-476;LAPA;8;3;QUINTA-FEIRA;3;0;22;21H-23H;NOITE;PLENA NOITE;REAÇÃO TARDIA OU INEFICIENTE DO CONDUTOR;SAÍDA DE LEITO CARROÇÁVEL;CÉU CLARO;SIMPLES;"RETA;ACLIVE";SIM;0
PR;BR-163;LINDOESTE;8;3;QUINTA-FEIRA;3;0;23;21H-23H;NOITE;PLENA NOITE;INGESTÃO DE ÁLCOOL PELO CONDUTOR;COLISÃO LATERAL SENTIDO OPOSTO;CÉU CLARO;DUPLA;"ACLIVE;CURVA";NÃO;0