uf;br_formatada;municipio;mes;trimestre;dia_semana;dia_semana_num;fim_de_semana;hora;faixa_horaria;turno;fase_dia;causa_acidente;tipo_acidente;condicao_metereologica;tipo_pista;tracado_via;uso_solo;acidente_fatal
PE;BR-101;ITAPISSUMA;8;3;SÁBADO;5;1;11;09H-11H;MANHA;PLENO DIA;ACUMULO DE ÁGUA SOBRE O PAVIMENTO;COLISÃO TRASEIRA;NUBLADO;DUPLA;RETA;NÃO;0
RN;BR-101;NATAL;8;3;SÁBADO;5;1;10;09H-11H;MANHA;PLENO DIA;AUSÊNCIA DE REAÇÃO DO CONDUTOR;COLISÃO LATERAL MESMO SENTIDO;CÉU CLARO;SIMPLES;RETA;NÃO;0
PE;BR-101;JABOATAO DOS GUARARAPES;6;2;SÁBADO;5;1;6;06H-08H;MANHA;PLENO DIA;VELOCIDADE INCOMPATÍVEL;COLISÃO TRASEIRA;NUBLADO;DUPLA;CURVA;NÃO;0
SC;BR-282;PASSOS MAIA;8;3;SÁBADO;5;1;6;06H-08H;MANHA;PLENO DIA;INGESTÃO DE ÁLCOOL PELO CONDUTOR;SAÍDA DE LEITO CARROÇÁVEL;CÉU CLARO;SIMPLES;RETA;NÃO;0
RJ;BR-040;PETROPOLIS;8;3;SÁBADO;5;1;9;09H-11H;MANHA;PLENO DIA;CURVA ACENTUADA;TOMBAMENTO;CÉU CLARO;DUPLA;"ACLIVE;CURVA";SIM;0
RS;BR-116;CAXIAS DO SUL;8;3;SÁBADO;5;1;11;09H-11H;MANHA;PLENO DIA;OBJETO ESTÁTICO SOBRE O LEITO CARROÇÁVEL;COLISÃO COM OBJETO;NUBLADO;DUPLA;CURVA;SIM;0
PB;BR-230;JOAO PESSOA;8;3;SÁBADO;5;1;12;12H-14H;TARDE;PLENO DIA;AUSÊNCIA DE REAÇÃO DO CONDUTOR;COLISÃO TRASEIRA;CHUVA;DUPLA;CURVA;NÃO;0
SC;BR-163;SAO MIGUEL DO OESTE;8;3;SÁBADO;5;1;12;12H-14H;TARDE;PLENO DIA;AUSÊNCIA DE REAÇÃO DO CONDUTOR;SAÍDA DE LEITO CARROÇÁVEL;CÉU CLARO;SIMPLES;CURVA;NÃO;0
SE;BR-101;NOSSA SENHORA DO SOCORRO;8;3;SÁBADO;5;1;13;12H-14H;TARDE;PLENO DIA;MANOBRA DE MUDANÇA DE FAIXA;COLISÃO TRASEIRA;CÉU CLARO;DUPLA;"RETA;INTERSEÇÃO DE VIAS;DECLIVE";NÃO;0
RJ;BR-493;ITAGUAI;8;3;SÁBADO;5;1;11;09H-11H;MANHA;PLENO DIA;INGESTÃO DE ÁLCOOL PELO CONDUTOR;SAÍDA DE LEITO CARROÇÁVEL;CÉU CLARO;DUPLA;"RETA;ROTATÓRIA";NÃO;0
SC;BR-101;PALHOCA;8;3;SÁBADO;5;1;11;09H-11H;MANHA;PLENO DIA;PISTA ESCORREGADIA;TOMBAMENTO;GAROA/CHUVISCO;SIMPLES;RETA;SIM;0
MG;BR-262;CORREGO DANTA;8;3;SÁBADO;5;1;12;12H-14H;TARDE;PLENO DIA;VELOCIDADE INCOMPATÍVEL;SAÍDA DE LEITO CARROÇÁVEL;CÉU CLARO;SIMPLES;CURVA;NÃO;0
MG;BR-040;CONTAGEM;8;3;SÁBADO;5;1;13;12H-14H;TARDE;PLENO DIA;TRAFEGAR COM MOTOCICLETA (OU SIMILAR) ENTRE AS FAIXAS;COLISÃO TRASEIRA;SOL;DUPLA;RETA;SIM;0
MG;BR-116;SAO JOAO DO MANHUACU;8;3;SÁBADO;5;1;13;12H-14H;TARDE;PLENO DIA;INGESTÃO DE ÁLCOOL PELO CONDUTOR;COLISÃO TRASEIRA;CÉU CLARO;SIMPLES;RETA;NÃO;0
MA;BR-226;BARRA DO CORDA;8;3;SÁBADO;5;1;11;09H-11H;MANHA;PLENO DIA;DEMAIS FALHAS MECÂNICAS OU ELÉTRICAS;INCÊNDIO;CÉU CLARO;SIMPLES;RETA;NÃO;0
SC;BR-470;AGRONOMICA;8;3;SÁBADO;5;1;8;06H-08H;MANHA;PLENO DIA;VELOCIDADE INCOMPATÍVEL;COLISÃO FRONTAL;NUBLADO;SIMPLES;RETA;NÃO;0
MG;BR-040;NOVA LIMA;8;3;SÁBADO;5;1;13;12H-14H;TARDE;PLENO DIA;VELOCIDADE INCOMPATÍVEL;TOMBAMENTO;CÉU CLARO;DUPLA;CURVA;NÃO;0
RS;BR-386;ESTRELA;8;3;SÁBADO;5;1;13;12H-14H;TARDE;PLENO DIA;AUSÊNCIA DE REAÇÃO DO CONDUTOR;QUEDA DE OCUPANTE DE VEÍCULO;CÉU CLARO;DUPLA;"ACLIVE;RETA";NÃO;0
PR;BR-277;CURITIBA;8;3;SEXTA-FEIRA;4;0;18;18H-20H;NOITE;ANOITECER;TRAFEGAR COM MOTOCICLETA (OU SIMILAR) ENTRE AS FAIXAS;COLISÃO LATERAL MESMO SENTIDO;NUBLADO;DUPLA;"CURVA;DECLIVE";SIM;0
PR;BR-277;MATELANDIA;8;3;SÁBADO;5;1;9;09H-11H;MANHA;PLENO DIA;ULTRAPASSAGEM INDEVIDA;SAÍDA DE LEITO CARROÇÁVEL;CÉU CLARO;SIMPLES;DECLIVE;NÃO;0
DF;BR-070;BRASILIA;8;3;SÁBADO;5;1;14;12H-14H;TARDE;PLENO DIA;MANOBRA DE MUDANÇA DE FAIXA;COLISÃO TRASEIRA;CÉU CLARO;DUPLA;RETA;SIM;0
PR;BR-373;PONTA GROSSA;8;3;SÁBADO;5;1;12;12H-14H;TARDE;PLENO DIA;MANOBRA DE MUDANÇA DE FAIXA;COLISÃO COM OBJETO;CÉU CLARO;DUPLA;CURVA;SIM;0
CE;BR-116;FORTALEZA;8;3;SÁBADO;5;1;13;12H-14H;TARDE;PLENO DIA;REAÇÃO TARDIA OU INEFICIENTE DO CONDUTOR;COLISÃO TRASEIRA;CÉU CLARO;MÚLTIPLA;RETA;SIM;0
MG;BR-040;CONGONHAS;8;3;SÁBADO;5;1;15;15H-17H;TARDE;PLENO DIA;VELOCIDADE INCOMPATÍVEL;COLISÃO TRANSVERSAL;CÉU CLARO;SIMPLES;"CURVA;DECLIVE";NÃO;0
SP;BR-153;NOVA GRANADA;8;3;SÁBADO;5;1;14;12H-14H;TARDE;PLENO DIA;PISTA ESBURACADA;TOMBAMENTO;CÉU CLARO;SIMPLES;RETA;NÃO;0
PE;BR-101;JABOATAO DOS GUARARAPES;8;3;SÁBADO;5;1;15;15H-17H;TARDE;PLENO DIA;ENTRADA INOPINADA DO PEDESTRE;ATROPELAMENTO DE PEDESTRE;CÉU CLARO;MÚLTIPLA;RETA;SIM;0
SP;BR-381;SAO PAULO;8;3;SÁBADO;5;1;16;15H-17H;TARDE;PLENO DIA;ACUMULO DE ÁGUA SOBRE O PAVIMENTO;QUEDA DE OCUPANTE DE VEÍCULO;CÉU CLARO;DUPLA;"CURVA;DECLIVE";SIM;0
RS;BR-158;JULIO DE CASTILHOS;8;3;SÁBADO;5;1;15;15H-17H;TARDE;PLENO DIA;INGESTÃO DE ÁLCOOL PELO CONDUTOR;SAÍDA DE LEITO CARROÇÁVEL;NUBLADO;SIMPLES;RETA;NÃO;0
MS;BR-262;MIRANDA;8;3;SÁBADO;5;1;15;15H-17H;TARDE;PLENO DIA;INGESTÃO DE ÁLCOOL PELO CONDUTOR;COLISÃO COM OBJETO;CÉU CLARO;SIMPLES;"CURVA;INTERSEÇÃO DE VIAS;ROTATÓRIA";SIM;0
MT;BR-163;GUARANTA DO NORTE;8;3;SÁBADO;5;1;12;12H-14H;TARDE;PLENO DIA;AUSÊNCIA DE REAÇÃO DO CONDUTOR;SAÍDA DE LEITO CARROÇÁVEL;CÉU CLARO;SIMPLES;RETA;NÃO;0
CE;BR-222;FORTALEZA;8;3;SÁBADO;5;1;16;15H-17H;TARDE;PLENO DIA;CONDUTOR DEIXOU DE MANTER DISTÂNCIA DO VEÍCULO DA FRENTE;COLISÃO TRASEIRA;CÉU CLARO;DUPLA;RETA;SIM;0
BA;BR-101;ITABUNA;8;3;SÁBADO;5;1;14;12H-14H;TARDE;PLENO DIA;REAÇÃO TARDIA OU INEFICIENTE DO CONDUTOR;SAÍDA DE LEITO CARROÇÁVEL;CHUVA;SIMPLES;"ACLIVE;RETA";NÃO;0
SE;BR-101;NOSSA SENHORA DO SOCORRO;8;3;SÁBADO;5;1;16;15H-17H;TARDE;PLENO DIA;ACESSAR A VIA SEM OBSERVAR A PRESENÇA DOS OUTROS VEÍCULOS;COLISÃO TRASEIRA;CÉU CLARO;DUPLA;"ACLIVE;RETA";NÃO;0
SC;BR-101;BALNEARIO CAMBORIU;7;3;SÁBADO;5;1;20;18H-20H;NOITE;ANOITECER;CONDUTOR DEIXOU DE MANTER DISTÂNCIA DO VEÍCULO DA FRENTE;COLISÃO TRASEIRA;NUBLADO;DUPLA;CURVA;SIM;0
PR;BR-369;JANDAIA DO SUL;8;3;SEXTA-FEIRA;4;0;23;21H-23H;NOITE;PLENA NOITE;ULTRAPASSAGEM INDEVIDA;COLISÃO FRONTAL;CÉU CLARO;SIMPLES;CURVA;NÃO;0
SC;BR-470;ASCURRA;8;3;SÁBADO;5;1;16;15H-17H;TARDE;PLENO DIA;ACESSAR A VIA SEM OBSERVAR A PRESENÇA DOS OUTROS VEÍCULOS;COLISÃO TRANSVERSAL;CÉU CLARO;SIMPLES;"RETORNO REGULAMENTADO;RETA";NÃO;0
PE;BR-101;PALMARES;8;3;SÁBADO;5;1;17;15H-17H;TARDE;ANOITECER;AUSÊNCIA DE REAÇÃO DO CONDUTOR;SAÍDA DE LEITO CARROÇÁVEL;CÉU CLARO;DUPLA;CURVA;NÃO;0
PI;BR-343;TERESINA;8;3;SÁBADO;5;1;17;15H-17H;TARDE;ANOITECER;AUSÊNCIA DE REAÇÃO DO CONDUTOR;COLISÃO TRASEIRA;CÉU CLARO;MÚLTIPLA;RETA;SIM;0
PB;BR-230;CAMPINA GRANDE;7;3;SEGUNDA-FEIRA;0;0;7;06H-08H;MANHA;PLENO DIA;DEMAIS FALHAS MECÂNICAS OU ELÉTRICAS;COLISÃO TRASEIRA;CHUVA;DUPLA;RETA;NÃO;0
PB;BR-IGNORADA;CAMPINA GRANDE;2;1;SÁBADO;5;1;7;06H-08H;MANHA;PLENO DIA;ACESSAR A VIA SEM OBSERVAR A PRESENÇA DOS OUTROS VEÍCULOS;COLISÃO TRANSVERSAL;CÉU CLARO;DUPLA;"CURVA;DECLIVE;ROTATÓRIA";NÃO;0
SC;BR-282;RANCHO QUEIMADO;8;3;SÁBADO;5;1;17;15H-17H;TARDE;ANOITECER;CONVERSÃO PROIBIDA;COLISÃO LATERAL MESMO SENTIDO;CHUVA;SIMPLES;"ACLIVE;CURVA;INTERSEÇÃO DE VIAS";SIM;0
DF;BR-070;BRASILIA;8;3;SÁBADO;5;1;17;15H-17H;TARDE;ANOITECER;VELOCIDADE INCOMPATÍVEL;ENGAVETAMENTO;CÉU CLARO;DUPLA;RETA;SIM;0
ES;BR-101;LINHARES;8;3;SÁBADO;5;1;18;18H-20H;NOITE;PLENA NOITE;TRANSITAR NA CONTRAMÃO;COLISÃO FRONTAL;CÉU CLARO;DUPLA;RETA;NÃO;0
PR;BR-153;JACAREZINHO;8;3;SÁBADO;5;1;15;15H-17H;TARDE;PLENO DIA;ACESSAR A VIA SEM OBSERVAR A PRESENÇA DOS OUTROS VEÍCULOS;COLISÃO TRANSVERSAL;CÉU CLARO;SIMPLES;RETA;NÃO;0
MA;BR-135;SAO LUIS;8;3;SÁBADO;5;1;16;15H-17H;TARDE;PLENO DIA;AVARIAS E/OU DESGASTE EXCESSIVO NO PNEU;TOMBAMENTO;CÉU CLARO;DUPLA;RETA;SIM;0
ES;BR-101;SERRA;8;3;SÁBADO;5;1;18;18H-20H;NOITE;PLENA NOITE;INGESTÃO DE ÁLCOOL PELO CONDUTOR;COLISÃO TRANSVERSAL;CÉU CLARO;SIMPLES;RETA;SIM;0
RJ;BR-101;RIO BONITO;8;3;SÁBADO;5;1;18;18H-20H;NOITE;PLENA NOITE;ACESSO IRREGULAR;COLISÃO LATERAL MESMO SENTIDO;NUBLADO;DUPLA;RETA;NÃO;0
SC;BR-101;ARARANGUA;8;3;SÁBADO;5;1;16;15H-17H;TARDE;PLENO DIA;MANOBRA DE MUDANÇA DE FAIXA;COLISÃO LATERAL MESMO SENTIDO;NUBLADO;DUPLA;RETA;NÃO;0
PR;BR-277;SAO JOSE DOS PINHAIS;8;3;SÁBADO;5;1;18;18H-20H;NOITE;ANOITECER;INGESTÃO DE ÁLCOOL PELO CONDUTOR;SAÍDA DE LEITO CARROÇÁVEL;NUBLADO;DUPLA;DECLIVE;SIM;0
PR;BR-277;CURITIBA;8;3;SÁBADO;5;1;17;15H-17H;TARDE;ANOITECER;TRAFEGAR COM MOTOCICLETA (OU SIMILAR) ENTRE AS FAIXAS;COLISÃO LATERAL MESMO SENTIDO;NUBLADO;DUPLA;CURVA;SIM;0
SC;BR-116;PAPANDUVA;8;3;SÁBADO;5;1;18;18H-20H;NOITE;PLENA NOITE;ACESSAR A VIA SEM OBSERVAR A PRESENÇA DOS OUTROS VEÍCULOS;COLISÃO TRANSVERSAL;CÉU CLARO;SIMPLES;"RETA;INTERSEÇÃO DE VIAS";SIM;0
PE;BR-101;JABOATAO DOS GUARARAPES;8;3;SÁBADO;5;1;18;18H-20H;NOITE;PLENA NOITE;REAÇÃO TARDIA OU INEFICIENTE DO CONDUTOR;TOMBAMENTO;NUBLADO;MÚLTIPLA;"CURVA;RETORNO REGULAMENTADO";NÃO;0
PE;BR-101;PAULISTA;8;3;SÁBADO;5;1;18;18H-20H;NOITE;PLENA NOITE;TRANSITAR NA CONTRAMÃO;COLISÃO FRONTAL;NUBLADO;DUPLA;RETA;NÃO;0
PE;BR-232;BEZERROS;8;3;SÁBADO;5;1;18;18H-20H;NOITE;PLENA NOITE;AUSÊNCIA DE REAÇÃO DO CONDUTOR;COLISÃO TRASEIRA;CÉU CLARO;SIMPLES;RETA;SIM;0
SE;BR-235;ITABAIANA;8;3;SÁBADO;5;1;18;18H-20H;NOITE;PLENA NOITE;ANIMAIS NA PISTA;ATROPELAMENTO DE ANIMAL;NUBLADO;SIMPLES;INTERSEÇÃO DE VIAS;NÃO;0
SP;BR-116;EMBU DAS ARTES;8;3;SÁBADO;5;1;18;18H-20H;NOITE;PLENA NOITE;MANOBRA DE MUDANÇA DE FAIXA;COLISÃO LATERAL MESMO SENTIDO;CÉU CLARO;DUPLA;RETA;NÃO;0
RS;BR-116;CANOAS;8;3;SÁBADO;5;1;18;18H-20H;NOITE;PLENA NOITE;MANOBRA DE MUDANÇA DE FAIXA;TOMBAMENTO;CÉU CLARO;DUPLA;RETA;SIM;0
PE;BR-101;RECIFE;8;3;SÁBADO;5;1;19;18H-20H;NOITE;PLENA NOITE;PEDESTRE CRUZAVA A PISTA FORA DA FAIXA;ATROPELAMENTO DE PEDESTRE;CÉU CLARO;MÚLTIPLA;RETA;SIM;1
AL;BR-104;BRANQUINHA;8;3;SÁBADO;5;1;18;18H-20H;NOITE;PLENA NOITE;PEDESTRE ANDAVA NA PISTA;ATROPELAMENTO DE PEDESTRE;CÉU CLARO;SIMPLES;CURVA;NÃO;0
SC;BR-282;NOVA ERECHIM;8;3;SÁBADO;5;1;17;15H-17H;TARDE;PLENO DIA;VELOCIDADE INCOMPATÍVEL;TOMBAMENTO;CÉU CLARO;SIMPLES;RETORNO REGULAMENTADO;NÃO;0
ES;BR-101;LINHARES;8;3;SÁBADO;5;1;19;18H-20H;NOITE;PLENA NOITE;DEMAIS FALHAS MECÂNICAS OU ELÉTRICAS;COLISÃO COM OBJETO;NUBLADO;SIMPLES;"RETA;DECLIVE";NÃO;0
RS;BR-285;LAGOA VERMELHA;8;3;SÁBADO;5;1;18;18H-20H;NOITE;PLENA NOITE;DESRESPEITAR A PREFERÊNCIA NO CRUZAMENTO;COLISÃO TRANSVERSAL;CÉU CLARO;SIMPLES;"ROTATÓRIA;RETA";SIM;0
SP;BR-116;CACHOEIRA PAULISTA;8;3;SÁBADO;5;1;18;18H-20H;NOITE;PLENO DIA;AUSÊNCIA DE REAÇÃO DO CONDUTOR;COLISÃO COM OBJETO;CÉU CLARO;DUPLA;"CURVA;DECLIVE";SIM;0
PI;BR-343;FLORIANO;8;3;SÁBADO;5;1;17;15H-17H;TARDE;ANOITECER;REAÇÃO TARDIA OU INEFICIENTE DO CONDUTOR;QUEDA DE OCUPANTE DE VEÍCULO;NUBLADO;SIMPLES;RETA;SIM;0
RS;BR-470;BENTO GONCALVES;8;3;SÁBADO;5;1;19;18H-20H;NOITE;ANOITECER;DESRESPEITAR A PREFERÊNCIA NO CRUZAMENTO;COLISÃO TRANSVERSAL;CÉU CLARO;DUPLA;"INTERSEÇÃO DE VIAS;RETA";NÃO;0
SC;BR-282;IRACEMINHA;8;3;SÁBADO;5;1;14;12H-14H;TARDE;PLENO DIA;DEMAIS FALHAS NA VIA;TOMBAMENTO;SOL;SIMPLES;DECLIVE;NÃO;0
RN;BR-405;PAU DOS FERROS;8;3;SÁBADO;5;1;19;18H-20H;NOITE;PLENA NOITE;AUSÊNCIA DE REAÇÃO DO CONDUTOR;SAÍDA DE LEITO CARROÇÁVEL;CÉU CLARO;SIMPLES;INTERSEÇÃO DE VIAS;NÃO;0
MG;BR-381;ITAPEVA;8;3;SÁBADO;5;1;18;18H-20H;NOITE;ANOITECER;VELOCIDADE INCOMPATÍVEL;SAÍDA DE LEITO CARROÇÁVEL;CÉU CLARO;DUPLA;"ACLIVE;RETA";NÃO;0
BA;BR-116;ITATIM;8;3;SÁBADO;5;1;11;09H-11H;MANHA;PLENO DIA;ACUMULO DE AREIA OU DETRITOS SOBRE O PAVIMENTO;COLISÃO COM OBJETO;NUBLADO;SIMPLES;RETA;NÃO;0
SC;BR-282;PALHOCA;8;3;SÁBADO;5;1;20;18H-20H;NOITE;PLENA NOITE;AUSÊNCIA DE REAÇÃO DO CONDUTOR;COLISÃO LATERAL MESMO SENTIDO;CÉU CLARO;SIMPLES;RETA;NÃO;0
PB;BR-230;MASSARANDUBA;8;3;SÁBADO;5;1;20;18H-20H;NOITE;PLENA NOITE;TRANSITAR NA CONTRAMÃO;COLISÃO FRONTAL;CÉU CLARO;SIMPLES;RETA;SIM;0
PR;BR-163;TOLEDO;8;3;SÁBADO;5;1;19;18H-20H;NOITE;PLENA NOITE;AUSÊNCIA DE REAÇÃO DO CONDUTOR;COLISÃO TRASEIRA;CÉU CLARO;DUPLA;VIADUTO;SIM;0
SC;BR-282;CORDILHEIRA ALTA;8;3;SÁBADO;5;1;2;00H-02H;MADRUGADA;PLENA NOITE;INGESTÃO DE ÁLCOOL PELO CONDUTOR;SAÍDA DE LEITO CARROÇÁVEL;CÉU CLARO;SIMPLES;CURVA;NÃO;0
RJ;BR-356;ITAPERUNA;8;3;SÁBADO;5;1;19;18H-20H;NOITE;PLENA NOITE;CONDUTOR DORMINDO;SAÍDA DE LEITO CARROÇÁVEL;CÉU CLARO;SIMPLES;RETA;NÃO;0
SP;BR-381;VARGEM;8;3;SÁBADO;5;1;20;18H-20H;NOITE;ANOITECER;AUSÊNCIA DE REAÇÃO DO CONDUTOR;COLISÃO TRASEIRA;CÉU CLARO;DUPLA;RETA;SIM;0
RJ;BR-465;SEROPEDICA;8;3;SÁBADO;5;1;18;18H-20H;NOITE;PLENA NOITE;PEDESTRE ANDAVA NA PISTA;ATROPELAMENTO DE PEDESTRE;NUBLADO;DUPLA;RETA;SIM;0
ES;BR-101;SERRA;8;3;SÁBADO;5;1;20;18H-20H;NOITE;PLENA NOITE;AUSÊNCIA DE REAÇÃO DO CONDUTOR;COLISÃO COM OBJETO;NUBLADO;DUPLA;"CURVA;DECLIVE";SIM;0
RS;BR-386;FREDERICO WESTPHALEN;8;3;SÁBADO;5;1;15;15H-17H;TARDE;PLENO DIA;REAÇÃO TARDIA OU INEFICIENTE DO CONDUTOR;TOMBAMENTO;CÉU CLARO;SIMPLES;CURVA;NÃO;1
RS;BR-386;FREDERICO WESTPHALEN;8;3;SÁBADO;5;1;18;18H-20H;NOITE;ANOITECER;AUSÊNCIA DE REAÇÃO DO CONDUTOR;COLISÃO FRONTAL;CÉU CLARO;SIMPLES;RETA;NÃO;0
SP;BR-381;VARGEM;8;3;SÁBADO;5;1;20;18H-20H;NOITE;PLENA NOITE;AVARIAS E/OU DESGASTE EXCESSIVO NO PNEU;QUEDA DE OCUPANTE DE VEÍCULO;CÉU CLARO;DUPLA;RETA;SIM;0
SP;BR-IGNORADA;MIRASSOL;8;3;SÁBADO;5;1;20;18H-20H;NOITE;PLENA NOITE;AUSÊNCIA DE REAÇÃO DO CONDUTOR;COLISÃO LATERAL MESMO SENTIDO;CÉU CLARO;SIMPLES;RETA;NÃO;0
PR;BR-163;CAPITAO LEONIDAS MARQUES;8;3;SÁBADO;5;1;19;18H-20H;NOITE;PLENA NOITE;AUSÊNCIA DE REAÇÃO DO CONDUTOR;TOMBAMENTO;CÉU CLARO;DUPLA;RETA;NÃO;0
SP;BR-116;SAO PAULO;8;3;SÁBADO;5;1;21;21H-23H;NOITE;PLENA NOITE;PEDESTRE ANDAVA NA PISTA;ATROPELAMENTO DE PEDESTRE;CÉU CLARO;MÚLTIPLA;RETA;SIM;1
AP;BR-210;PORTO GRANDE;8;3;SÁBADO;5;1;18;18H-20H;NOITE;PLENA NOITE;REAÇÃO TARDIA OU INEFICIENTE DO CONDUTOR;SAÍDA DE LEITO CARROÇÁVEL;CÉU CLARO;SIMPLES;"ACLIVE;RETA";NÃO;0
PI;BR-343;CAMPO MAIOR;8;3;SÁBADO;5;1;20;18H-20H;NOITE;PLENA NOITE;TRANSITAR NA CONTRAMÃO;COLISÃO FRONTAL;CÉU CLARO;SIMPLES;RETA;SIM;0
RJ;BR-356;CAMPOS DOS GOYTACAZES;8;3;SÁBADO;5;1;22;21H-23H;NOITE;PLENA NOITE;AUSÊNCIA DE REAÇÃO DO CONDUTOR;COLISÃO LATERAL MESMO SENTIDO;CÉU CLARO;SIMPLES;RETA;SIM;0
PI;BR-343;PIRIPIRI;8;3;SÁBADO;5;1;21;21H-23H;NOITE;PLENA NOITE;INGESTÃO DE ÁLCOOL PELO CONDUTOR;COLISÃO COM OBJETO;NUBLADO;SIMPLES;"DESVIO TEMPORÁRIO;RETA";NÃO;0
RJ;BR-101;ANGRA DOS REIS;8;3;SÁBADO;5;1;19;18H-20H;NOITE;PLENA NOITE;AUSÊNCIA DE REAÇÃO DO CONDUTOR;QUEDA DE OCUPANTE DE VEÍCULO;GAROA/CHUVISCO;SIMPLES;RETA;NÃO;0
SP;BR-153;ONDA VERDE;8;3;SÁBADO;5;1;22;21H-23H;NOITE;PLENA NOITE;PISTA ESBURACADA;QUEDA DE OCUPANTE DE VEÍCULO;CÉU CLARO;SIMPLES;RETA;NÃO;0
RJ;BR-101;NITEROI;8;3;SÁBADO;5;1;22;21H-23H;NOITE;PLENA NOITE;AUSÊNCIA DE REAÇÃO DO CONDUTOR;COLISÃO COM OBJETO;CÉU CLARO;DUPLA;RETA;NÃO;0
TO;BR-153;COLINAS DO TOCANTINS;8;3;SÁBADO;5;1;22;21H-23H;NOITE;PLENA NOITE;REAÇÃO TARDIA OU INEFICIENTE DO CONDUTOR;COLISÃO TRASEIRA;CÉU CLARO;SIMPLES;RETA;NÃO;0
RJ;BR-101;ANGRA DOS REIS;8;3;SÁBADO;5;1;22;21H-23H;NOITE;PLENA NOITE;INGESTÃO DE ÁLCOOL PELO CONDUTOR;COLISÃO TRANSVERSAL;NUBLADO;SIMPLES;CURVA;NÃO;0
BA;BR-324;FEIRA DE SANTANA;8;3;SÁBADO;5;1;19;18H-20H;NOITE;PLENA NOITE;DEMAIS FALHAS NA VIA;CAPOTAMENTO;NUBLADO;SIMPLES;CURVA;SIM;0
BA;BR-116;IRAJUBA;8;3;SÁBADO;5;1;20;18H-20H;NOITE;PLENA NOITE;REAÇÃO TARDIA OU INEFICIENTE DO CONDUTOR;COLISÃO COM OBJETO;GAROA/CHUVISCO;SIMPLES;RETA;NÃO;0
SE;BR-235;FREI PAULO;8;3;SÁBADO;5;1;23;21H-23H;NOITE;PLENA NOITE;DESRESPEITAR A PREFERÊNCIA NO CRUZAMENTO;COLISÃO LATERAL MESMO SENTIDO;CÉU CLARO;SIMPLES;"INTERSEÇÃO DE VIAS;RETA";NÃO;0
RJ;BR-116;MAGE;8;3;SÁBADO;5;1;20;18H-20H;NOITE;PLENA NOITE;REAÇÃO TARDIA OU INEFICIENTE DO CONDUTOR;COLISÃO TRASEIRA;CÉU CLARO;DUPLA;RETA;SIM;1
PR;BR-376;CURITIBA;8;3;SÁBADO;5;1;23;21H-23H;NOITE;PLENA NOITE;CONDUTOR DORMINDO;TOMBAMENTO;NUBLADO;DUPLA;RETA;SIM;0
MG;BR-262;MANHUACU;8;3;SÁBADO;5;1;23;21H-23H;NOITE;PLENA NOITE;REAÇÃO TARDIA OU INEFICIENTE DO CONDUTOR;COLISÃO FRONTAL;CÉU CLARO;SIMPLES;RETA;SIM;0
PE;BR-232;SALGUEIRO;8;3;SÁBADO;5;1;22;21H-23H;NOITE;PLENA NOITE;TRANSITAR NA CONTRAMÃO;COLISÃO FRONTAL;CÉU CLARO;SIMPLES;RETA;SIM;0
SC;BR-101;BARRA VELHA;8;3;SÁBADO;5;1;23;21H-23H;NOITE;PLENA NOITE;INGESTÃO DE ÁLCOOL PELO CONDUTOR;COLISÃO TRASEIRA;NUBLADO;DUPLA;RETA;SIM;0
RJ;BR-101;ITABORAI;8;3;SÁBADO;5;1;22;21H-23H;NOITE;PLENO DIA;MANOBRA DE MUDANÇA DE FAIXA;COLISÃO LATERAL MESMO SENTIDO;NUBLADO;DUPLA;RETA;NÃO;0
MG;BR-262;IGARATINGA;8;3;SÁBADO;5;1;23;21H-23H;NOITE;PLENA NOITE;VELOCIDADE INCOMPATÍVEL;CAPOTAMENTO;CÉU CLARO;DUPLA;RETA;NÃO;0
MT;BR-163;SORRISO;8;3;SÁBADO;5;1;22;21H-23H;NOITE;PLENA NOITE;ACESSAR A VIA SEM OBSERVAR A PRESENÇA DOS OUTROS VEÍCULOS;COLISÃO TRANSVERSAL;CÉU CLARO;SIMPLES;RETA;NÃO;0
PR;BR-277;CURITIBA;8;3;DOMINGO;6;1;0;00H-02H;MADRUGADA;PLENA NOITE;AUSÊNCIA DE REAÇÃO DO CONDUTOR;SAÍDA DE LEITO CARROÇÁVEL;CÉU CLARO;DUPLA;RETA;SIM;0
ES;BR-262;IBATIBA;8;3;DOMINGO;6;1;1;00H-02H;MADRUGADA;PLENA NOITE;INGESTÃO DE ÁLCOOL PELO CONDUTOR;COLISÃO FRONTAL;CÉU CLARO;SIMPLES;RETA;NÃO;0
RO;BR-435;CEREJEIRAS;8;3;SÁBADO;5;1;21;21H-23H;NOITE;PLENA NOITE;CONDUTOR DEIXOU DE MANTER DISTÂNCIA DO VEÍCULO DA FRENTE;COLISÃO TRANSVERSAL;CÉU CLARO;SIMPLES;RETORNO REGULAMENTADO;SIM;0
SC;BR-470;RIO DO SUL;8;3;SÁBADO;5;1;23;21H-23H;NOITE;PLENA NOITE;AUSÊNCIA DE REAÇÃO DO CONDUTOR;SAÍDA DE LEITO CARROÇÁVEL;CÉU CLARO;SIMPLES;"RETA;DECLIVE";NÃO;0
SC;BR-101;ITAPEMA;8;3;DOMINGO;6;1;0;00H-02H;MADRUGADA;PLENA NOITE;REAÇÃO TARDIA OU INEFICIENTE DO CONDUTOR;COLISÃO TRASEIRA;CÉU CLARO;DUPLA;"RETA;ACLIVE;VIADUTO";SIM;0
MA;BR-226;BARRA DO CORDA;8;3;DOMINGO;6;1;1;00H-02H;MADRUGADA;PLENA NOITE;TRANSITAR NA CONTRAMÃO;COLISÃO FRONTAL;CÉU CLARO;SIMPLES;RETA;SIM;0