uf;br_formatada;municipio;mes;trimestre;dia_semana;dia_semana_num;fim_de_semana;hora;faixa_horaria;turno;fase_dia;causa_acidente;tipo_acidente;condicao_metereologica;tipo_pista;tracado_via;uso_solo;acidente_fatal
PR;BR-163;SANTA TEREZA DO OESTE;8;3;DOMINGO;6;1;16;15H-17H;TARDE;PLENO DIA;TRANSTORNOS MENTAIS (EXCETO SUICIDIO);SAÍDA DE LEITO CARROÇÁVEL;CÉU CLARO;DUPLA;"EM OBRAS;RETA";NÃO;0
PB;BR-104;QUEIMADAS;8;3;DOMINGO;6;1;17;15H-17H;TARDE;ANOITECER;MANOBRA DE MUDANÇA DE FAIXA;COLISÃO LATERAL SENTIDO OPOSTO;NUBLADO;SIMPLES;RETA;NÃO;0
PE;BR-232;SERRA TALHADA;8;3;DOMINGO;6;1;18;18H-20H;NOITE;PLENA NOITE;AUSÊNCIA DE REAÇÃO DO CONDUTOR;COLISÃO TRASEIRA;CÉU CLARO;SIMPLES;RETA;SIM;0
RJ;BR-040;DUQUE DE CAXIAS;8;3;DOMINGO;6;1;18;18H-20H;NOITE;ANOITECER;AVARIAS E/OU DESGASTE EXCESSIVO NO PNEU;TOMBAMENTO;CÉU CLARO;MÚLTIPLA;RETA;NÃO;0
BA;BR-367;EUNAPOLIS;8;3;DOMINGO;6;1;17;15H-17H;TARDE;PLENA NOITE;INGESTÃO DE ÁLCOOL PELO CONDUTOR;SAÍDA DE LEITO CARROÇÁVEL;NUBLADO;SIMPLES;INTERSEÇÃO DE VIAS;SIM;0
MS;BR-060;PARAISO DAS AGUAS;8;3;DOMINGO;6;1;18;18H-20H;NOITE;PLENA NOITE;TRANSITAR NA CONTRAMÃO;COLISÃO FRONTAL;CÉU CLARO;SIMPLES;RETA;NÃO;0
BA;BR-324;SAO SEBASTIAO DO PASSE;8;3;DOMINGO;6;1;17;15H-17H;TARDE;ANOITECER;FREAR BRUSCAMENTE;ENGAVETAMENTO;CHUVA;DUPLA;RETA;NÃO;0
RN;BR-101;NISIA FLORESTA;8;3;DOMINGO;6;1;18;18H-20H;NOITE;PLENA NOITE;ESTACIONAR OU PARAR EM LOCAL PROIBIDO;COLISÃO TRASEIRA;CÉU CLARO;DUPLA;RETA;NÃO;0
GO;BR-153;PIRENOPOLIS;8;3;DOMINGO;6;1;19;18H-20H;NOITE;PLENA NOITE;INGESTÃO DE ÁLCOOL PELO CONDUTOR;COLISÃO TRANSVERSAL;CÉU CLARO;SIMPLES;"CURVA;DECLIVE";NÃO;0
SC;BR-101;ARARANGUA;8;3;DOMINGO;6;1;18;18H-20H;NOITE;PLENA NOITE;REAÇÃO TARDIA OU INEFICIENTE DO CONDUTOR;TOMBAMENTO;CÉU CLARO;SIMPLES;RETA;SIM;0
RS;BR-472;SANTO CRISTO;8;3;DOMINGO;6;1;19;18H-20H;NOITE;PLENA NOITE;INGESTÃO DE ÁLCOOL PELO CONDUTOR;SAÍDA DE LEITO CARROÇÁVEL;CÉU CLARO;SIMPLES;RETA;NÃO;0
RO;BR-364;VILHENA;8;3;DOMINGO;6;1;12;12H-14H;TARDE;PLENO DIA;AUSÊNCIA DE REAÇÃO DO CONDUTOR;COLISÃO TRASEIRA;CÉU CLARO;DUPLA;RETA;SIM;0
RR;BR-174;BOA VISTA;8;3;DOMINGO;6;1;15;15H-17H;TARDE;PLENO DIA;DESRESPEITAR A PREFERÊNCIA NO CRUZAMENTO;COLISÃO TRANSVERSAL;CHUVA;SIMPLES;"RETA;INTERSEÇÃO DE VIAS";NÃO;0
PA;BR-230;MARABA;8;3;DOMINGO;6;1;18;18H-20H;NOITE;ANOITECER;REAÇÃO TARDIA OU INEFICIENTE DO CONDUTOR;ATROPELAMENTO DE PEDESTRE;CÉU CLARO;DUPLA;RETA;SIM;0
PR;BR-476;CURITIBA;8;3;DOMINGO;6;1;18;18H-20H;NOITE;ANOITECER;INGESTÃO DE ÁLCOOL PELO CONDUTOR;COLISÃO TRASEIRA;CÉU CLARO;DUPLA;RETA;SIM;0
PR;BR-116;MANDIRITUBA;8;3;DOMINGO;6;1;19;18H-20H;NOITE;PLENA NOITE;ACESSAR A VIA SEM OBSERVAR A PRESENÇA DOS OUTROS VEÍCULOS;COLISÃO TRANSVERSAL;CÉU CLARO;SIMPLES;RETA;NÃO;0
PR;BR-376;MARIALVA;8;3;DOMINGO;6;1;18;18H-20H;NOITE;ANOITECER;INGESTÃO DE ÁLCOOL PELO CONDUTOR;ENGAVETAMENTO;CÉU CLARO;DUPLA;"RETORNO REGULAMENTADO;RETA";NÃO;0
RJ;BR-101;NITEROI;8;3;DOMINGO;6;1;20;18H-20H;NOITE;PLENA NOITE;AUSÊNCIA DE REAÇÃO DO CONDUTOR;TOMBAMENTO;CÉU CLARO;DUPLA;CURVA;SIM;0
AL;BR-424;MARECHAL DEODORO;8;3;DOMINGO;6;1;18;18H-20H;NOITE;PLENA NOITE;VELOCIDADE INCOMPATÍVEL;SAÍDA DE LEITO CARROÇÁVEL;CÉU CLARO;SIMPLES;RETA;NÃO;1
DF;BR-020;BRASILIA;8;3;DOMINGO;6;1;19;18H-20H;NOITE;PLENA NOITE;AUSÊNCIA DE REAÇÃO DO CONDUTOR;COLISÃO TRASEIRA;CÉU CLARO;MÚLTIPLA;RETA;NÃO;0
RS;BR-290;ELDORADO DO SUL;8;3;DOMINGO;6;1;20;18H-20H;NOITE;PLENA NOITE;REAÇÃO TARDIA OU INEFICIENTE DO CONDUTOR;ATROPELAMENTO DE PEDESTRE;CÉU CLARO;DUPLA;RETA;SIM;0
MA;BR-135;CODO;8;3;DOMINGO;6;1;18;18H-20H;NOITE;PLENA NOITE;TRANSITAR NA CONTRAMÃO;COLISÃO FRONTAL;CÉU CLARO;SIMPLES;CURVA;NÃO;0
DF;BR-020;BRASILIA;8;3;DOMINGO;6;1;19;18H-20H;NOITE;PLENA NOITE;MANOBRA DE MUDANÇA DE FAIXA;COLISÃO LATERAL MESMO SENTIDO;CÉU CLARO;DUPLA;RETA;SIM;0
RJ;BR-116;QUEIMADOS;8;3;DOMINGO;6;1;18;18H-20H;NOITE;PLENA NOITE;REAÇÃO TARDIA OU INEFICIENTE DO CONDUTOR;ENGAVETAMENTO;CÉU CLARO;DUPLA;RETA;SIM;0
RS;BR-116;SAO LEOPOLDO;8;3;DOMINGO;6;1;20;18H-20H;NOITE;PLENA NOITE;ENTRADA INOPINADA DO PEDESTRE;ATROPELAMENTO DE PEDESTRE;NUBLADO;DUPLA;"ACLIVE;VIADUTO;RETA";SIM;1
BA;BR-116;VITORIA DA CONQUISTA;8;3;DOMINGO;6;1;19;18H-20H;NOITE;PLENA NOITE;REAÇÃO TARDIA OU INEFICIENTE DO CONDUTOR;COLISÃO TRASEIRA;CÉU CLARO;SIMPLES;RETA;NÃO;0
MT;BR-070;CUIABA;8;3;DOMINGO;6;1;18;18H-20H;NOITE;PLENA NOITE;AUSÊNCIA DE REAÇÃO DO CONDUTOR;SAÍDA DE LEITO CARROÇÁVEL;CÉU CLARO;SIMPLES;RETA;NÃO;0
MT;BR-163;SINOP;8;3;SEXTA-FEIRA;4;0;13;12H-14H;TARDE;PLENO DIA;REAÇÃO TARDIA OU INEFICIENTE DO CONDUTOR;QUEDA DE OCUPANTE DE VEÍCULO;CÉU CLARO;SIMPLES;"RETORNO REGULAMENTADO;DESVIO TEMPORÁRIO;EM OBRAS";SIM;0
DF;BR-020;BRASILIA;8;3;DOMINGO;6;1;20;18H-20H;NOITE;PLENA NOITE;MANOBRA DE MUDANÇA DE FAIXA;COLISÃO LATERAL MESMO SENTIDO;CÉU CLARO;DUPLA;RETA;SIM;0
MS;BR-060;PARAISO DAS AGUAS;8;3;DOMINGO;6;1;20;18H-20H;NOITE;PLENA NOITE;FALTA DE ACOSTAMENTO;TOMBAMENTO;CÉU CLARO;SIMPLES;RETA;NÃO;0
PR;BR-116;CURITIBA;8;3;DOMINGO;6;1;20;18H-20H;NOITE;PLENA NOITE;REAÇÃO TARDIA OU INEFICIENTE DO CONDUTOR;COLISÃO COM OBJETO;CÉU CLARO;DUPLA;RETA;SIM;0
SP;BR-116;CACAPAVA;8;3;DOMINGO;6;1;18;18H-20H;NOITE;PLENA NOITE;TRAFEGAR COM MOTOCICLETA (OU SIMILAR) ENTRE AS FAIXAS;COLISÃO TRASEIRA;CÉU CLARO;DUPLA;RETA;SIM;0
MG;BR-459;CONGONHAL;8;3;DOMINGO;6;1;21;21H-23H;NOITE;PLENA NOITE;AUSÊNCIA DE REAÇÃO DO CONDUTOR;COLISÃO COM OBJETO;CÉU CLARO;SIMPLES;RETA;SIM;0
SC;BR-470;INDAIAL;8;3;DOMINGO;6;1;21;21H-23H;NOITE;PLENA NOITE;INGESTÃO DE ÁLCOOL PELO CONDUTOR;COLISÃO FRONTAL;CÉU CLARO;SIMPLES;RETA;NÃO;0
SC;BR-116;MAFRA;8;3;DOMINGO;6;1;19;18H-20H;NOITE;PLENA NOITE;ACESSAR A VIA SEM OBSERVAR A PRESENÇA DOS OUTROS VEÍCULOS;COLISÃO TRANSVERSAL;CÉU CLARO;SIMPLES;INTERSEÇÃO DE VIAS;SIM;0
CE;BR-116;RUSSAS;8;3;DOMINGO;6;1;20;18H-20H;NOITE;PLENA NOITE;AUSÊNCIA DE REAÇÃO DO CONDUTOR;QUEDA DE OCUPANTE DE VEÍCULO;CÉU CLARO;SIMPLES;"CURVA;DECLIVE";NÃO;0
SE;BR-235;CARIRA;8;3;DOMINGO;6;1;20;18H-20H;NOITE;PLENA NOITE;ACESSAR A VIA SEM OBSERVAR A PRESENÇA DOS OUTROS VEÍCULOS;COLISÃO TRANSVERSAL;CÉU CLARO;SIMPLES;RETA;SIM;0
MS;BR-262;TERENOS;8;3;DOMINGO;6;1;20;18H-20H;NOITE;PLENA NOITE;AVARIAS E/OU DESGASTE EXCESSIVO NO PNEU;TOMBAMENTO;CÉU CLARO;SIMPLES;CURVA;NÃO;0
RO;BR-364;PORTO VELHO;8;3;DOMINGO;6;1;20;18H-20H;NOITE;PLENA NOITE;TRANSITAR NA CONTRAMÃO;COLISÃO FRONTAL;CÉU CLARO;SIMPLES;"VIADUTO;CURVA";NÃO;0
SP;BR-153;LINS;8;3;DOMINGO;6;1;21;21H-23H;NOITE;PLENA NOITE;PISTA ESBURACADA;QUEDA DE OCUPANTE DE VEÍCULO;CÉU CLARO;SIMPLES;RETA;NÃO;0
BA;BR-420;JAGUAQUARA;8;3;DOMINGO;6;1;19;18H-20H;NOITE;PLENA NOITE;TRANSITAR NA CONTRAMÃO;COLISÃO FRONTAL;CÉU CLARO;SIMPLES;"DECLIVE;CURVA";NÃO;0
RS;BR-285;SAO LUIZ GONZAGA;8;3;DOMINGO;6;1;17;15H-17H;TARDE;PLENO DIA;ACESSAR A VIA SEM OBSERVAR A PRESENÇA DOS OUTROS VEÍCULOS;COLISÃO FRONTAL;CÉU CLARO;SIMPLES;RETA;SIM;0
RS;BR-470;GARIBALDI;8;3;DOMINGO;6;1;15;15H-17H;TARDE;PLENO DIA;AUSÊNCIA DE REAÇÃO DO CONDUTOR;ATROPELAMENTO DE PEDESTRE;CÉU CLARO;SIMPLES;DESVIO TEMPORÁRIO;NÃO;0
RS;BR-472;TRES DE MAIO;8;3;DOMINGO;6;1;21;21H-23H;NOITE;PLENA NOITE;PEDESTRE ANDAVA NA PISTA;ATROPELAMENTO DE PEDESTRE;CÉU CLARO;SIMPLES;CURVA;NÃO;1
RJ;BR-101;SAO GONCALO;8;3;DOMINGO;6;1;21;21H-23H;NOITE;PLENA NOITE;DEMAIS FALHAS MECÂNICAS OU ELÉTRICAS;TOMBAMENTO;CÉU CLARO;DUPLA;RETA;SIM;0
RJ;BR-101;ANGRA DOS REIS;8;3;DOMINGO;6;1;19;18H-20H;NOITE;PLENA NOITE;AUSÊNCIA DE REAÇÃO DO CONDUTOR;COLISÃO LATERAL MESMO SENTIDO;CÉU CLARO;SIMPLES;CURVA;NÃO;0
SC;BR-280;SAO FRANCISCO DO SUL;8;3;DOMINGO;6;1;19;18H-20H;NOITE;PLENA NOITE;ANIMAIS NA PISTA;ATROPELAMENTO DE ANIMAL;NUBLADO;SIMPLES;RETA;SIM;0
GO;BR-040;VALPARAISO DE GOIAS;8;3;DOMINGO;6;1;22;21H-23H;NOITE;PLENA NOITE;AUSÊNCIA DE REAÇÃO DO CONDUTOR;COLISÃO TRASEIRA;CÉU CLARO;DUPLA;RETA;SIM;0
SC;BR-101;SAO JOSE;8;3;DOMINGO;6;1;20;18H-20H;NOITE;PLENA NOITE;INGESTÃO DE ÁLCOOL PELO CONDUTOR;COLISÃO TRANSVERSAL;CÉU CLARO;MÚLTIPLA;CURVA;SIM;0
PI;BR-316;PICOS;8;3;DOMINGO;6;1;18;18H-20H;NOITE;PLENA NOITE;TRANSITAR NA CONTRAMÃO;COLISÃO FRONTAL;CÉU CLARO;SIMPLES;"ACLIVE;RETA";SIM;0
RO;BR-364;JARU;8;3;DOMINGO;6;1;19;18H-20H;NOITE;PLENA NOITE;REAÇÃO TARDIA OU INEFICIENTE DO CONDUTOR;QUEDA DE OCUPANTE DE VEÍCULO;CÉU CLARO;SIMPLES;RETA;SIM;0
SC;BR-282;IRACEMINHA;8;3;DOMINGO;6;1;18;18H-20H;NOITE;PLENA NOITE;TRANSITAR NA CONTRAMÃO;COLISÃO FRONTAL;CÉU CLARO;SIMPLES;"DECLIVE;CURVA";NÃO;1
SC;BR-470;TROMBUDO CENTRAL;8;3;DOMINGO;6;1;19;18H-20H;NOITE;PLENA NOITE;VELOCIDADE INCOMPATÍVEL;SAÍDA DE LEITO CARROÇÁVEL;GAROA/CHUVISCO;SIMPLES;RETA;NÃO;0
RJ;BR-116;NOVA IGUACU;8;3;DOMINGO;6;1;23;21H-23H;NOITE;PLENA NOITE;SINALIZAÇÃO MAL POSICIONADA;COLISÃO TRASEIRA;CÉU CLARO;MÚLTIPLA;RETA;SIM;0
BA;BR-330;UBAITABA;8;3;DOMINGO;6;1;20;18H-20H;NOITE;PLENA NOITE;AUSÊNCIA DE REAÇÃO DO CONDUTOR;SAÍDA DE LEITO CARROÇÁVEL;CÉU CLARO;SIMPLES;INTERSEÇÃO DE VIAS;NÃO;0
PB;BR-101;BAYEUX;8;3;DOMINGO;6;1;22;21H-23H;NOITE;PLENA NOITE;REAÇÃO TARDIA OU INEFICIENTE DO CONDUTOR;QUEDA DE OCUPANTE DE VEÍCULO;CÉU CLARO;DUPLA;RETA;SIM;0
GO;BR-414;COCALZINHO DE GOIAS;8;3;DOMINGO;6;1;22;21H-23H;NOITE;PLENA NOITE;INGESTÃO DE ÁLCOOL PELO CONDUTOR;SAÍDA DE LEITO CARROÇÁVEL;IGNORADO;DUPLA;INTERSEÇÃO DE VIAS;NÃO;0
PR;BR-277;SAO JOSE DOS PINHAIS;8;3;DOMINGO;6;1;22;21H-23H;NOITE;PLENA NOITE;VELOCIDADE INCOMPATÍVEL;COLISÃO TRASEIRA;CÉU CLARO;DUPLA;RETA;NÃO;0
SE;BR-101;SAO CRISTOVAO;8;3;DOMINGO;6;1;23;21H-23H;NOITE;PLENA NOITE;AUSÊNCIA DE REAÇÃO DO CONDUTOR;QUEDA DE OCUPANTE DE VEÍCULO;CÉU CLARO;DUPLA;RETA;NÃO;0
MA;BR-316;CAXIAS;8;3;DOMINGO;6;1;21;21H-23H;NOITE;PLENA NOITE;DESRESPEITAR A PREFERÊNCIA NO CRUZAMENTO;COLISÃO TRANSVERSAL;CÉU CLARO;SIMPLES;"RETORNO REGULAMENTADO;INTERSEÇÃO DE VIAS";NÃO;0
GO;BR-060;GOIANIA;8;3;DOMINGO;6;1;22;21H-23H;NOITE;PLENA NOITE;AUSÊNCIA DE REAÇÃO DO CONDUTOR;COLISÃO COM OBJETO;CÉU CLARO;SIMPLES;RETA;SIM;0
MG;BR-459;POUSO ALEGRE;8;3;DOMINGO;6;1;22;21H-23H;NOITE;PLENA NOITE;INGESTÃO DE ÁLCOOL PELO CONDUTOR;COLISÃO LATERAL SENTIDO OPOSTO;CÉU CLARO;SIMPLES;"ACLIVE;CURVA";NÃO;0
MT;BR-364;RONDONOPOLIS;8;3;DOMINGO;6;1;22;21H-23H;NOITE;PLENO DIA;AUSÊNCIA DE REAÇÃO DO CONDUTOR;QUEDA DE OCUPANTE DE VEÍCULO;CÉU CLARO;DUPLA;RETA;SIM;0
CE;BR-020;CAUCAIA;8;3;DOMINGO;6;1;20;18H-20H;NOITE;PLENA NOITE;ACESSO IRREGULAR;COLISÃO FRONTAL;CÉU CLARO;SIMPLES;RETA;SIM;0
RS;BR-116;SAO LEOPOLDO;8;3;SEGUNDA-FEIRA;0;0;0;00H-02H;MADRUGADA;PLENA NOITE;VELOCIDADE INCOMPATÍVEL;SAÍDA DE LEITO CARROÇÁVEL;NUBLADO;MÚLTIPLA;CURVA;SIM;1
SC;BR-280;GUARAMIRIM;8;3;DOMINGO;6;1;17;15H-17H;TARDE;PLENO DIA;CONDUTOR DORMINDO;SAÍDA DE LEITO CARROÇÁVEL;CÉU CLARO;DUPLA;"RETA;EM OBRAS";NÃO;0
RS;BR-290;GRAVATAI;8;3;SEGUNDA-FEIRA;0;0;0;00H-02H;MADRUGADA;PLENA NOITE;REAÇÃO TARDIA OU INEFICIENTE DO CONDUTOR;SAÍDA DE LEITO CARROÇÁVEL;CÉU CLARO;MÚLTIPLA;RETA;NÃO;0
RJ;BR-101;RIO DE JANEIRO;8;3;DOMINGO;6;1;23;21H-23H;NOITE;PLENA NOITE;AUSÊNCIA DE REAÇÃO DO CONDUTOR;COLISÃO TRASEIRA;CÉU CLARO;MÚLTIPLA;"ACLIVE;RETA";NÃO;1
SP;BR-116;JACAREI;8;3;SEGUNDA-FEIRA;0;0;0;00H-02H;MADRUGADA;PLENA NOITE;INGESTÃO DE ÁLCOOL PELO CONDUTOR;COLISÃO TRASEIRA;CÉU CLARO;DUPLA;RETA;NÃO;0
MT;BR-163;DIAMANTINO;8;3;DOMINGO;6;1;23;21H-23H;NOITE;PLENA NOITE;INGESTÃO DE ÁLCOOL PELO CONDUTOR;SAÍDA DE LEITO CARROÇÁVEL;CÉU CLARO;DUPLA;RETA;NÃO;0
RO;BR-364;PORTO VELHO;8;3;DOMINGO;6;1;20;18H-20H;NOITE;PLENA NOITE;AUSÊNCIA DE REAÇÃO DO CONDUTOR;COLISÃO TRASEIRA;CÉU CLARO;SIMPLES;RETA;NÃO;0
MG;BR-040;BARBACENA;8;3;SEGUNDA-FEIRA;0;0;0;00H-02H;MADRUGADA;PLENA NOITE;VELOCIDADE INCOMPATÍVEL;COLISÃO TRANSVERSAL;CÉU CLARO;SIMPLES;"CURVA;INTERSEÇÃO DE VIAS";SIM;0
MG;BR-262;NOVA SERRANA;8;3;SEGUNDA-FEIRA;0;0;1;00H-02H;MADRUGADA;PLENA NOITE;AUSÊNCIA DE REAÇÃO DO CONDUTOR;QUEDA DE OCUPANTE DE VEÍCULO;CÉU CLARO;DUPLA;RETA;SIM;0
SC;BR-470;GASPAR;8;3;SEGUNDA-FEIRA;0;0;2;00H-02H;MADRUGADA;PLENA NOITE;INGESTÃO DE ÁLCOOL PELO CONDUTOR;SAÍDA DE LEITO CARROÇÁVEL;CÉU CLARO;DUPLA;RETA;NÃO;0
GO;BR-040;CRISTALINA;8;3;DOMINGO;6;1;23;21H-23H;NOITE;PLENA NOITE;INGESTÃO DE ÁLCOOL PELO CONDUTOR;SAÍDA DE LEITO CARROÇÁVEL;CÉU CLARO;DUPLA;RETA;NÃO;0
GO;BR-060;ALEXANIA;8;3;SEGUNDA-FEIRA;0;0;3;03H-05H;MADRUGADA;PLENA NOITE;ANIMAIS NA PISTA;ATROPELAMENTO DE ANIMAL;CÉU CLARO;DUPLA;RETA;NÃO;0
BA;BR-101;IBIRAPITANGA;8;3;DOMINGO;6;1;23;21H-23H;NOITE;PLENA NOITE;AUSÊNCIA DE REAÇÃO DO CONDUTOR;SAÍDA DE LEITO CARROÇÁVEL;CÉU CLARO;SIMPLES;RETA;NÃO;1
PE;BR-408;SAO LOURENCO DA MATA;7;3;SEXTA-FEIRA;4;0;16;15H-17H;TARDE;PLENO DIA;DEMAIS FALHAS MECÂNICAS OU ELÉTRICAS;TOMBAMENTO;IGNORADO;DUPLA;RETA;SIM;0
PR;BR-277;SAO MIGUEL DO IGUACU;8;3;SEGUNDA-FEIRA;0;0;4;03H-05H;MADRUGADA;PLENA NOITE;TRANSITAR NA CONTRAMÃO;COLISÃO FRONTAL;CÉU CLARO;DUPLA;RETA;NÃO;0
SC;BR-282;NOVA ERECHIM;8;3;SEGUNDA-FEIRA;0;0;6;06H-08H;MANHA;AMANHECER;DESRESPEITAR A PREFERÊNCIA NO CRUZAMENTO;COLISÃO TRANSVERSAL;CÉU CLARO;SIMPLES;INTERSEÇÃO DE VIAS;SIM;0
MG;BR-040;CONTAGEM;8;3;SEGUNDA-FEIRA;0;0;6;06H-08H;MANHA;AMANHECER;ACESSAR A VIA SEM OBSERVAR A PRESENÇA DOS OUTROS VEÍCULOS;COLISÃO LATERAL MESMO SENTIDO;CÉU CLARO;DUPLA;CURVA;SIM;0
DF;BR-020;BRASILIA;8;3;SEGUNDA-FEIRA;0;0;8;06H-08H;MANHA;PLENO DIA;CONDUTOR DEIXOU DE MANTER DISTÂNCIA DO VEÍCULO DA FRENTE;COLISÃO LATERAL MESMO SENTIDO;CÉU CLARO;DUPLA;"ACLIVE;RETA";SIM;0
DF;BR-070;BRASILIA;8;3;SEGUNDA-FEIRA;0;0;8;06H-08H;MANHA;PLENO DIA;MANOBRA DE MUDANÇA DE FAIXA;COLISÃO LATERAL MESMO SENTIDO;CHUVA;DUPLA;RETA;SIM;0
SC;BR-101;JOINVILLE;8;3;SEGUNDA-FEIRA;0;0;7;06H-08H;MANHA;PLENO DIA;MANOBRA DE MUDANÇA DE FAIXA;COLISÃO LATERAL MESMO SENTIDO;NUBLADO;DUPLA;RETA;SIM;0
PB;BR-101;BAYEUX;8;3;SEGUNDA-FEIRA;0;0;6;06H-08H;MANHA;PLENO DIA;REAÇÃO TARDIA OU INEFICIENTE DO CONDUTOR;COLISÃO TRASEIRA;CÉU CLARO;DUPLA;RETA;SIM;0
PR;BR-277;CURITIBA;8;3;SEGUNDA-FEIRA;0;0;2;00H-02H;MADRUGADA;PLENA NOITE;AUSÊNCIA DE REAÇÃO DO CONDUTOR;SAÍDA DE LEITO CARROÇÁVEL;CÉU CLARO;DUPLA;RETA;NÃO;0
RJ;BR-040;DUQUE DE CAXIAS;8;3;DOMINGO;6;1;23;21H-23H;NOITE;PLENA NOITE;REAÇÃO TARDIA OU INEFICIENTE DO CONDUTOR;CAPOTAMENTO;NUBLADO;DUPLA;RETA;SIM;0
SE;BR-101;SAO CRISTOVAO;8;3;SEGUNDA-FEIRA;0;0;6;06H-08H;MANHA;PLENO DIA;AFUNDAMENTO OU ONDULAÇÃO NO PAVIMENTO;TOMBAMENTO;CHUVA;DUPLA;"EM OBRAS;RETA";NÃO;0
MG;BR-381;BETIM;8;3;SEGUNDA-FEIRA;0;0;7;06H-08H;MANHA;PLENO DIA;REAÇÃO TARDIA OU INEFICIENTE DO CONDUTOR;COLISÃO TRASEIRA;SOL;DUPLA;"ACLIVE;RETA";SIM;0
PR;BR-277;MORRETES;8;3;SEGUNDA-FEIRA;0;0;8;06H-08H;MANHA;PLENO DIA;DESRESPEITAR A PREFERÊNCIA NO CRUZAMENTO;COLISÃO TRANSVERSAL;CÉU CLARO;DUPLA;"ACLIVE;RETORNO REGULAMENTADO;RETA";NÃO;0
SE;BR-101;ESTANCIA;8;3;SEGUNDA-FEIRA;0;0;8;06H-08H;MANHA;PLENO DIA;REAÇÃO TARDIA OU INEFICIENTE DO CONDUTOR;COLISÃO TRANSVERSAL;CHUVA;SIMPLES;RETA;SIM;0
PR;BR-376;CURITIBA;8;3;SEGUNDA-FEIRA;0;0;6;06H-08H;MANHA;AMANHECER;CONDUTOR DEIXOU DE MANTER DISTÂNCIA DO VEÍCULO DA FRENTE;ENGAVETAMENTO;CÉU CLARO;DUPLA;"CURVA;DECLIVE";SIM;0
RS;BR-392;CANGUCU;8;3;SEGUNDA-FEIRA;0;0;7;06H-08H;MANHA;PLENO DIA;AUSÊNCIA DE REAÇÃO DO CONDUTOR;COLISÃO TRANSVERSAL;CÉU CLARO;SIMPLES;RETA;NÃO;0
PA;BR-316;SAO FRANCISCO DO PARA;8;3;DOMINGO;6;1;18;18H-20H;NOITE;ANOITECER;INGESTÃO DE ÁLCOOL PELO CONDUTOR;SAÍDA DE LEITO CARROÇÁVEL;CÉU CLARO;SIMPLES;RETA;NÃO;0
PE;BR-104;CARUARU;8;3;SEGUNDA-FEIRA;0;0;8;06H-08H;MANHA;PLENO DIA;ACESSO IRREGULAR;COLISÃO LATERAL MESMO SENTIDO;CÉU CLARO;DUPLA;RETA;NÃO;0
MG;BR-040;TRES MARIAS;8;3;DOMINGO;6;1;21;21H-23H;NOITE;PLENA NOITE;VELOCIDADE INCOMPATÍVEL;COLISÃO TRASEIRA;CÉU CLARO;SIMPLES;RETA;NÃO;0
MG;BR-381;SABARA;8;3;SEGUNDA-FEIRA;0;0;7;06H-08H;MANHA;PLENO DIA;AUSÊNCIA DE REAÇÃO DO CONDUTOR;COLISÃO TRANSVERSAL;CÉU CLARO;SIMPLES;RETA;NÃO;0
SC;BR-101;BALNEARIO CAMBORIU;8;3;SEGUNDA-FEIRA;0;0;8;06H-08H;MANHA;PLENO DIA;TRAFEGAR COM MOTOCICLETA (OU SIMILAR) ENTRE AS FAIXAS;COLISÃO LATERAL MESMO SENTIDO;CÉU CLARO;MÚLTIPLA;RETA;NÃO;0
DF;BR-070;BRASILIA;8;3;SEGUNDA-FEIRA;0;0;8;06H-08H;MANHA;PLENO DIA;PEDESTRE CRUZAVA A PISTA FORA DA FAIXA;ATROPELAMENTO DE PEDESTRE;CÉU CLARO;DUPLA;RETA;SIM;0
PR;BR-116;CURITIBA;8;3;SEGUNDA-FEIRA;0;0;7;06H-08H;MANHA;PLENO DIA;INGESTÃO DE ÁLCOOL PELO CONDUTOR;COLISÃO LATERAL MESMO SENTIDO;CÉU CLARO;DUPLA;"RETA;DECLIVE";SIM;0
SC;BR-101;SAO JOSE;8;3;SEGUNDA-FEIRA;0;0;7;06H-08H;MANHA;PLENO DIA;REAÇÃO TARDIA OU INEFICIENTE DO CONDUTOR;COLISÃO TRASEIRA;CÉU CLARO;MÚLTIPLA;RETA;SIM;0
SC;BR-101;CAMBORIU;8;3;SEGUNDA-FEIRA;0;0;9;09H-11H;MANHA;PLENO DIA;TRAFEGAR COM MOTOCICLETA (OU SIMILAR) ENTRE AS FAIXAS;COLISÃO LATERAL MESMO SENTIDO;CÉU CLARO;DUPLA;RETA;NÃO;0
PI;BR-316;PICOS;8;3;SEGUNDA-FEIRA;0;0;6;06H-08H;MANHA;PLENO DIA;PEDESTRE ANDAVA NA PISTA;ATROPELAMENTO DE PEDESTRE;CÉU CLARO;DUPLA;CURVA;SIM;1
PI;BR-343;PARNAIBA;7;3;SÁBADO;5;1;8;06H-08H;MANHA;PLENO DIA;CONVERSÃO PROIBIDA;COLISÃO TRASEIRA;CÉU CLARO;SIMPLES;RETA;NÃO;0
SP;BR-116;GUARATINGUETA;8;3;SEGUNDA-FEIRA;0;0;6;06H-08H;MANHA;PLENO DIA;REAÇÃO TARDIA OU INEFICIENTE DO CONDUTOR;COLISÃO LATERAL MESMO SENTIDO;NUBLADO;DUPLA;RETA;SIM;0