uf;br_formatada;municipio;mes;trimestre;dia_semana;dia_semana_num;fim_de_semana;hora;faixa_horaria;turno;fase_dia;causa_acidente;tipo_acidente;condicao_metereologica;tipo_pista;tracado_via;uso_solo;acidente_fatal
PR;BR-277;CASCAVEL;8;3;SEXTA-FEIRA;4;0;12;12H-14H;TARDE;PLENO DIA;CONDUTOR DEIXOU DE MANTER DISTÂNCIA DO VEÍCULO DA FRENTE;COLISÃO LATERAL MESMO SENTIDO;CÉU CLARO;DUPLA;RETA;SIM;0
RJ;BR-101;RIO BONITO;8;3;SEXTA-FEIRA;4;0;11;09H-11H;MANHA;PLENO DIA;REAÇÃO TARDIA OU INEFICIENTE DO CONDUTOR;QUEDA DE OCUPANTE DE VEÍCULO;CÉU CLARO;DUPLA;RETA;SIM;0
MG;BR-040;JOAO PINHEIRO;8;3;SEXTA-FEIRA;4;0;8;06H-08H;MANHA;PLENO DIA;CONDUTOR DORMINDO;SAÍDA DE LEITO CARROÇÁVEL;SOL;DUPLA;RETA;NÃO;0
SC;BR-280;GUARAMIRIM;8;3;SEXTA-FEIRA;4;0;12;12H-14H;TARDE;PLENO DIA;CONDUTOR DEIXOU DE MANTER DISTÂNCIA DO VEÍCULO DA FRENTE;COLISÃO TRASEIRA;SOL;DUPLA;RETA;NÃO;0
MG;BR-381;JOAO MONLEVADE;8;3;SEXTA-FEIRA;4;0;13;12H-14H;TARDE;PLENO DIA;ENTRADA INOPINADA DO PEDESTRE;ATROPELAMENTO DE PEDESTRE;CÉU CLARO;SIMPLES;RETA;SIM;0
PE;BR-101;RECIFE;8;3;SEXTA-FEIRA;4;0;13;12H-14H;TARDE;PLENO DIA;ACESSAR A VIA SEM OBSERVAR A PRESENÇA DOS OUTROS VEÍCULOS;COLISÃO TRANSVERSAL;CÉU CLARO;DUPLA;RETA;SIM;0
GO;BR-153;GOIANIA;5;2;SÁBADO;5;1;0;00H-02H;MADRUGADA;PLENA NOITE;REAÇÃO TARDIA OU INEFICIENTE DO CONDUTOR;COLISÃO LATERAL MESMO SENTIDO;CÉU CLARO;DUPLA;"VIADUTO;CURVA";SIM;0
SP;BR-116;BARRA DO TURVO;8;3;SEXTA-FEIRA;4;0;13;12H-14H;TARDE;PLENO DIA;REAÇÃO TARDIA OU INEFICIENTE DO CONDUTOR;QUEDA DE OCUPANTE DE VEÍCULO;CÉU CLARO;DUPLA;"CURVA;ACLIVE";NÃO;0
SC;BR-101;SOMBRIO;8;3;SEXTA-FEIRA;4;0;13;12H-14H;TARDE;PLENO DIA;DESRESPEITAR A PREFERÊNCIA NO CRUZAMENTO;COLISÃO TRANSVERSAL;CÉU CLARO;MÚLTIPLA;"VIADUTO;INTERSEÇÃO DE VIAS;ROTATÓRIA";SIM;0
RN;BR-406;SAO GONCALO DO AMARANTE;8;3;SEXTA-FEIRA;4;0;14;12H-14H;TARDE;PLENO DIA;FREAR BRUSCAMENTE;COLISÃO FRONTAL;CHUVA;SIMPLES;RETA;NÃO;0
MS;BR-158;CASSILANDIA;8;3;SEXTA-FEIRA;4;0;10;09H-11H;MANHA;PLENO DIA;ACESSAR A VIA SEM OBSERVAR A PRESENÇA DOS OUTROS VEÍCULOS;COLISÃO TRANSVERSAL;CÉU CLARO;SIMPLES;"RETA;ACLIVE;INTERSEÇÃO DE VIAS";SIM;0
ES;BR-393;MUQUI;5;2;SEXTA-FEIRA;4;0;7;06H-08H;MANHA;PLENO DIA;AUSÊNCIA DE REAÇÃO DO CONDUTOR;COLISÃO FRONTAL;CÉU CLARO;SIMPLES;RETA;NÃO;0
RS;BR-116;SAO LEOPOLDO;8;3;SEXTA-FEIRA;4;0;14;12H-14H;TARDE;PLENO DIA;AVARIAS E/OU DESGASTE EXCESSIVO NO PNEU;COLISÃO COM OBJETO;GAROA/CHUVISCO;DUPLA;"CURVA;PONTE";SIM;0
PR;BR-277;PARANAGUA;8;3;SEXTA-FEIRA;4;0;14;12H-14H;TARDE;PLENO DIA;REAÇÃO TARDIA OU INEFICIENTE DO CONDUTOR;COLISÃO TRASEIRA;SOL;DUPLA;RETA;SIM;0
RJ;BR-040;DUQUE DE CAXIAS;8;3;SEXTA-FEIRA;4;0;11;09H-11H;MANHA;PLENO DIA;AUSÊNCIA DE REAÇÃO DO CONDUTOR;COLISÃO COM OBJETO;CÉU CLARO;DUPLA;RETA;SIM;0
GO;BR-153;ANAPOLIS;8;3;SEXTA-FEIRA;4;0;14;12H-14H;TARDE;PLENO DIA;AUSÊNCIA DE REAÇÃO DO CONDUTOR;QUEDA DE OCUPANTE DE VEÍCULO;CÉU CLARO;SIMPLES;ROTATÓRIA;SIM;0
SP;BR-116;GUARULHOS;8;3;SEXTA-FEIRA;4;0;15;15H-17H;TARDE;PLENO DIA;VELOCIDADE INCOMPATÍVEL;COLISÃO TRASEIRA;CÉU CLARO;MÚLTIPLA;RETA;SIM;0
RJ;BR-393;VASSOURAS;8;3;SEGUNDA-FEIRA;0;0;5;03H-05H;MADRUGADA;AMANHECER;ANIMAIS NA PISTA;ATROPELAMENTO DE ANIMAL;CÉU CLARO;SIMPLES;RETA;NÃO;0
SC;BR-282;MARAVILHA;8;3;SEXTA-FEIRA;4;0;11;09H-11H;MANHA;PLENO DIA;ACESSAR A VIA SEM OBSERVAR A PRESENÇA DOS OUTROS VEÍCULOS;COLISÃO TRANSVERSAL;CÉU CLARO;SIMPLES;RETA;SIM;0
SP;BR-153;SAO JOSE DO RIO PRETO;8;3;SEXTA-FEIRA;4;0;15;15H-17H;TARDE;PLENO DIA;AVARIAS E/OU DESGASTE EXCESSIVO NO PNEU;TOMBAMENTO;CÉU CLARO;DUPLA;RETA;SIM;0
RS;BR-116;CANOAS;8;3;SEXTA-FEIRA;4;0;15;15H-17H;TARDE;PLENO DIA;AUSÊNCIA DE REAÇÃO DO CONDUTOR;SAÍDA DE LEITO CARROÇÁVEL;NUBLADO;DUPLA;"RETA;EM OBRAS";SIM;0
PR;BR-163;MARECHAL CANDIDO RONDON;8;3;DOMINGO;6;1;5;03H-05H;MADRUGADA;PLENA NOITE;ACUMULO DE AREIA OU DETRITOS SOBRE O PAVIMENTO;QUEDA DE OCUPANTE DE VEÍCULO;CÉU CLARO;SIMPLES;"CURVA;DECLIVE;INTERSEÇÃO DE VIAS";SIM;0
ES;BR-101;SAO MATEUS;8;3;SEXTA-FEIRA;4;0;16;15H-17H;TARDE;ANOITECER;DEMAIS FALHAS MECÂNICAS OU ELÉTRICAS;INCÊNDIO;CÉU CLARO;SIMPLES;"ACLIVE;RETA";NÃO;0
AP;BR-156;CALCOENE;8;3;SEXTA-FEIRA;4;0;14;12H-14H;TARDE;PLENO DIA;MANOBRA DE MUDANÇA DE FAIXA;TOMBAMENTO;CÉU CLARO;SIMPLES;RETA;NÃO;0
MG;BR-040;CONSELHEIRO LAFAIETE;8;3;SEXTA-FEIRA;4;0;16;15H-17H;TARDE;PLENO DIA;REAÇÃO TARDIA OU INEFICIENTE DO CONDUTOR;SAÍDA DE LEITO CARROÇÁVEL;SOL;SIMPLES;CURVA;NÃO;0
RJ;BR-356;SAO JOAO DA BARRA;8;3;SEXTA-FEIRA;4;0;15;15H-17H;TARDE;PLENO DIA;ESTACIONAR OU PARAR EM LOCAL PROIBIDO;COLISÃO TRASEIRA;CÉU CLARO;SIMPLES;RETA;SIM;0
SC;BR-101;SAO JOSE;8;3;SEXTA-FEIRA;4;0;17;15H-17H;TARDE;ANOITECER;REAÇÃO TARDIA OU INEFICIENTE DO CONDUTOR;COLISÃO TRASEIRA;NUBLADO;MÚLTIPLA;RETA;SIM;0
MT;BR-070;CUIABA;8;3;SEXTA-FEIRA;4;0;13;12H-14H;TARDE;PLENO DIA;ULTRAPASSAGEM INDEVIDA;COLISÃO TRANSVERSAL;SOL;SIMPLES;"RETA;DECLIVE";NÃO;0
RJ;BR-040;DUQUE DE CAXIAS;8;3;SEXTA-FEIRA;4;0;17;15H-17H;TARDE;PLENO DIA;VELOCIDADE INCOMPATÍVEL;COLISÃO LATERAL MESMO SENTIDO;CÉU CLARO;MÚLTIPLA;RETA;SIM;0
PB;BR-230;CRUZ DO ESPIRITO SANTO;8;3;SEXTA-FEIRA;4;0;16;15H-17H;TARDE;PLENO DIA;REAÇÃO TARDIA OU INEFICIENTE DO CONDUTOR;SAÍDA DE LEITO CARROÇÁVEL;CÉU CLARO;DUPLA;RETA;NÃO;0
SC;BR-101;ITAPEMA;8;3;SEXTA-FEIRA;4;0;17;15H-17H;TARDE;ANOITECER;TRAFEGAR COM MOTOCICLETA (OU SIMILAR) ENTRE AS FAIXAS;COLISÃO LATERAL SENTIDO OPOSTO;CÉU CLARO;DUPLA;RETA;SIM;0
SP;BR-101;UBATUBA;8;3;SEXTA-FEIRA;4;0;17;15H-17H;TARDE;PLENO DIA;INGESTÃO DE ÁLCOOL PELO CONDUTOR;COLISÃO LATERAL MESMO SENTIDO;CÉU CLARO;SIMPLES;ROTATÓRIA;SIM;0
MG;BR-040;BELO HORIZONTE;8;3;SEXTA-FEIRA;4;0;17;15H-17H;TARDE;PLENO DIA;CONDUTOR DEIXOU DE MANTER DISTÂNCIA DO VEÍCULO DA FRENTE;COLISÃO TRASEIRA;CÉU CLARO;DUPLA;"ACLIVE;RETA";SIM;0
PR;BR-116;SAO JOSE DOS PINHAIS;8;3;SEXTA-FEIRA;4;0;17;15H-17H;TARDE;PLENO DIA;AUSÊNCIA DE REAÇÃO DO CONDUTOR;SAÍDA DE LEITO CARROÇÁVEL;CÉU CLARO;SIMPLES;"CURVA;DECLIVE";NÃO;0
PR;BR-369;IBIPORA;8;3;SEXTA-FEIRA;4;0;17;15H-17H;TARDE;PLENO DIA;ACESSAR A VIA SEM OBSERVAR A PRESENÇA DOS OUTROS VEÍCULOS;COLISÃO TRANSVERSAL;CÉU CLARO;DUPLA;RETA;NÃO;0
SC;BR-282;SANTO AMARO DA IMPERATRIZ;8;3;SEXTA-FEIRA;4;0;17;15H-17H;TARDE;ANOITECER;VELOCIDADE INCOMPATÍVEL;QUEDA DE OCUPANTE DE VEÍCULO;CÉU CLARO;SIMPLES;RETA;SIM;0
GO;BR-020;ALVORADA DO NORTE;8;3;SEXTA-FEIRA;4;0;17;15H-17H;TARDE;ANOITECER;AFUNDAMENTO OU ONDULAÇÃO NO PAVIMENTO;QUEDA DE OCUPANTE DE VEÍCULO;CÉU CLARO;DUPLA;RETA;SIM;0
SC;BR-470;ASCURRA;8;3;SEXTA-FEIRA;4;0;17;15H-17H;TARDE;ANOITECER;ACESSAR A VIA SEM OBSERVAR A PRESENÇA DOS OUTROS VEÍCULOS;COLISÃO TRANSVERSAL;NUBLADO;SIMPLES;CURVA;NÃO;0
SP;BR-116;GUARULHOS;8;3;SEXTA-FEIRA;4;0;19;18H-20H;NOITE;PLENA NOITE;REAÇÃO TARDIA OU INEFICIENTE DO CONDUTOR;COLISÃO TRASEIRA;CÉU CLARO;SIMPLES;RETA;SIM;0
BA;BR-116;VITORIA DA CONQUISTA;8;3;SEXTA-FEIRA;4;0;17;15H-17H;TARDE;ANOITECER;ACESSAR A VIA SEM OBSERVAR A PRESENÇA DOS OUTROS VEÍCULOS;COLISÃO TRANSVERSAL;CÉU CLARO;SIMPLES;ROTATÓRIA;NÃO;0
ES;BR-101;SAO MATEUS;8;3;SEXTA-FEIRA;4;0;17;15H-17H;TARDE;ANOITECER;AUSÊNCIA DE REAÇÃO DO CONDUTOR;TOMBAMENTO;CÉU CLARO;DUPLA;RETA;NÃO;0
RJ;BR-101;ANGRA DOS REIS;8;3;SEXTA-FEIRA;4;0;18;18H-20H;NOITE;PLENA NOITE;ACESSAR A VIA SEM OBSERVAR A PRESENÇA DOS OUTROS VEÍCULOS;ATROPELAMENTO DE PEDESTRE;CHUVA;SIMPLES;RETA;SIM;0
SC;BR-280;GUARAMIRIM;8;3;SEXTA-FEIRA;4;0;18;18H-20H;NOITE;PLENA NOITE;ACESSAR A VIA SEM OBSERVAR A PRESENÇA DOS OUTROS VEÍCULOS;COLISÃO TRANSVERSAL;CÉU CLARO;DUPLA;ROTATÓRIA;SIM;0
PR;BR-153;SANTO ANTONIO DA PLATINA;8;3;SEXTA-FEIRA;4;0;18;18H-20H;NOITE;ANOITECER;DESRESPEITAR A PREFERÊNCIA NO CRUZAMENTO;COLISÃO TRANSVERSAL;CÉU CLARO;SIMPLES;"RETA;INTERSEÇÃO DE VIAS";SIM;0
MT;BR-070;BARRA DO GARCAS;8;3;SEXTA-FEIRA;4;0;17;15H-17H;TARDE;PLENA NOITE;CONVERSÃO PROIBIDA;COLISÃO TRANSVERSAL;CÉU CLARO;DUPLA;RETA;SIM;0
MG;BR-040;NOVA LIMA;8;3;SEXTA-FEIRA;4;0;18;18H-20H;NOITE;PLENA NOITE;MANOBRA DE MUDANÇA DE FAIXA;COLISÃO LATERAL MESMO SENTIDO;CÉU CLARO;DUPLA;RETA;SIM;0
MA;BR-230;SAO DOMINGOS DO AZEITAO;8;3;TERÇA-FEIRA;1;0;20;18H-20H;NOITE;PLENA NOITE;ULTRAPASSAGEM INDEVIDA;COLISÃO FRONTAL;CÉU CLARO;SIMPLES;RETA;NÃO;0
RJ;BR-101;SAO GONCALO;8;3;SEXTA-FEIRA;4;0;15;15H-17H;TARDE;PLENO DIA;REAÇÃO TARDIA OU INEFICIENTE DO CONDUTOR;ENGAVETAMENTO;CÉU CLARO;DUPLA;RETA;SIM;0
ES;BR-101;LINHARES;8;3;SEXTA-FEIRA;4;0;18;18H-20H;NOITE;PLENA NOITE;CONDUTOR DEIXOU DE MANTER DISTÂNCIA DO VEÍCULO DA FRENTE;COLISÃO TRASEIRA;CÉU CLARO;DUPLA;RETA;SIM;0
RS;BR-290;ELDORADO DO SUL;8;3;SEXTA-FEIRA;4;0;19;18H-20H;NOITE;PLENA NOITE;MANOBRA DE MUDANÇA DE FAIXA;COLISÃO LATERAL MESMO SENTIDO;NUBLADO;DUPLA;"ACLIVE;RETA;PONTE";NÃO;0
MT;BR-163;LUCAS DO RIO VERDE;8;3;SEXTA-FEIRA;4;0;18;18H-20H;NOITE;PLENA NOITE;ACESSAR A VIA SEM OBSERVAR A PRESENÇA DOS OUTROS VEÍCULOS;COLISÃO COM OBJETO;CÉU CLARO;SIMPLES;RETA;SIM;0
RS;BR-116;SAPUCAIA DO SUL;8;3;SEXTA-FEIRA;4;0;13;12H-14H;TARDE;PLENO DIA;ACUMULO DE ÁGUA SOBRE O PAVIMENTO;TOMBAMENTO;CHUVA;DUPLA;RETA;SIM;0
SP;BR-116;SAO JOSE DOS CAMPOS;8;3;SEXTA-FEIRA;4;0;19;18H-20H;NOITE;PLENA NOITE;AUSÊNCIA DE REAÇÃO DO CONDUTOR;COLISÃO TRASEIRA;CÉU CLARO;DUPLA;RETA;NÃO;0
PR;BR-373;FOZ DO JORDAO;8;3;SEXTA-FEIRA;4;0;19;18H-20H;NOITE;PLENA NOITE;CONDUTOR DEIXOU DE MANTER DISTÂNCIA DO VEÍCULO DA FRENTE;COLISÃO TRANSVERSAL;CÉU CLARO;SIMPLES;RETA;SIM;0
RO;BR-364;JI-PARANA;8;3;SEXTA-FEIRA;4;0;18;18H-20H;NOITE;ANOITECER;ACESSAR A VIA SEM OBSERVAR A PRESENÇA DOS OUTROS VEÍCULOS;COLISÃO TRANSVERSAL;IGNORADO;SIMPLES;"INTERSEÇÃO DE VIAS;RETA";SIM;0
MT;BR-070;VARZEA GRANDE;8;3;SEXTA-FEIRA;4;0;17;15H-17H;TARDE;ANOITECER;ACESSAR A VIA SEM OBSERVAR A PRESENÇA DOS OUTROS VEÍCULOS;COLISÃO TRANSVERSAL;CÉU CLARO;SIMPLES;"RETA;INTERSEÇÃO DE VIAS";SIM;0
MT;BR-364;VARZEA GRANDE;8;3;SEXTA-FEIRA;4;0;17;15H-17H;TARDE;PLENA NOITE;ACESSAR A VIA SEM OBSERVAR A PRESENÇA DOS OUTROS VEÍCULOS;COLISÃO TRANSVERSAL;CÉU CLARO;DUPLA;RETA;SIM;0
RJ;BR-116;MAGE;8;3;SEXTA-FEIRA;4;0;19;18H-20H;NOITE;PLENA NOITE;MANOBRA DE MUDANÇA DE FAIXA;QUEDA DE OCUPANTE DE VEÍCULO;CÉU CLARO;DUPLA;RETA;NÃO;0
SE;BR-101;NOSSA SENHORA DO SOCORRO;8;3;SEXTA-FEIRA;4;0;20;18H-20H;NOITE;PLENA NOITE;PEDESTRE - INGESTÃO DE ÁLCOOL/ SUBSTÂNCIAS PSICOATIVAS;ATROPELAMENTO DE PEDESTRE;CÉU CLARO;DUPLA;RETA;NÃO;0
SC;BR-280;ARAQUARI;8;3;SEXTA-FEIRA;4;0;17;15H-17H;TARDE;PLENO DIA;CONVERSÃO PROIBIDA;COLISÃO TRANSVERSAL;CÉU CLARO;SIMPLES;RETA;NÃO;0
PR;BR-116;CURITIBA;8;3;SEXTA-FEIRA;4;0;20;18H-20H;NOITE;PLENA NOITE;REAÇÃO TARDIA OU INEFICIENTE DO CONDUTOR;ENGAVETAMENTO;CÉU CLARO;DUPLA;"ACLIVE;RETA";NÃO;0
SP;BR-116;GUARULHOS;8;3;SEXTA-FEIRA;4;0;20;18H-20H;NOITE;PLENA NOITE;CONDUTOR DEIXOU DE MANTER DISTÂNCIA DO VEÍCULO DA FRENTE;COLISÃO LATERAL MESMO SENTIDO;CÉU CLARO;MÚLTIPLA;"ACLIVE;RETA";SIM;0
SC;BR-101;PASSO DE TORRES;8;3;SEXTA-FEIRA;4;0;20;18H-20H;NOITE;PLENA NOITE;DEMAIS FALHAS MECÂNICAS OU ELÉTRICAS;INCÊNDIO;NUBLADO;DUPLA;RETA;NÃO;0
RN;BR-101;PARNAMIRIM;8;3;SEXTA-FEIRA;4;0;20;18H-20H;NOITE;PLENA NOITE;AUSÊNCIA DE REAÇÃO DO CONDUTOR;ENGAVETAMENTO;CÉU CLARO;DUPLA;"ACLIVE;RETA";SIM;0
PR;BR-376;CURITIBA;8;3;SEXTA-FEIRA;4;0;20;18H-20H;NOITE;PLENA NOITE;TRANSITAR NO ACOSTAMENTO;COLISÃO LATERAL MESMO SENTIDO;CÉU CLARO;DUPLA;RETA;SIM;0
AP;BR-156;OIAPOQUE;8;3;SEXTA-FEIRA;4;0;20;18H-20H;NOITE;PLENA NOITE;TRANSITAR NA CONTRAMÃO;COLISÃO FRONTAL;CÉU CLARO;SIMPLES;RETA;NÃO;0
ES;BR-101;SAO MATEUS;8;3;SEXTA-FEIRA;4;0;19;18H-20H;NOITE;PLENA NOITE;ILUMINAÇÃO DEFICIENTE;TOMBAMENTO;CÉU CLARO;SIMPLES;RETA;NÃO;0
RJ;BR-101;ITAGUAI;8;3;SEXTA-FEIRA;4;0;17;15H-17H;TARDE;ANOITECER;TRAFEGAR COM MOTOCICLETA (OU SIMILAR) ENTRE AS FAIXAS;COLISÃO LATERAL MESMO SENTIDO;CÉU CLARO;DUPLA;RETA;SIM;0
PA;BR-316;SAO FRANCISCO DO PARA;8;3;SEXTA-FEIRA;4;0;20;18H-20H;NOITE;PLENA NOITE;PEDESTRE ANDAVA NA PISTA;ATROPELAMENTO DE PEDESTRE;CÉU CLARO;SIMPLES;DECLIVE;NÃO;0
BA;BR-407;JUAZEIRO;8;3;SEXTA-FEIRA;4;0;18;18H-20H;NOITE;PLENA NOITE;DEIXAR DE ACIONAR O FAROL DA MOTOCICLETA (OU SIMILAR);COLISÃO LATERAL SENTIDO OPOSTO;CÉU CLARO;SIMPLES;RETA;SIM;0
AC;BR-317;XAPURI;8;3;SEXTA-FEIRA;4;0;20;18H-20H;NOITE;PLENA NOITE;AUSÊNCIA DE REAÇÃO DO CONDUTOR;COLISÃO TRASEIRA;CÉU CLARO;SIMPLES;RETA;NÃO;0
SC;BR-280;ARAQUARI;8;3;SEXTA-FEIRA;4;0;22;21H-23H;NOITE;PLENA NOITE;TRAFEGAR COM MOTOCICLETA (OU SIMILAR) ENTRE AS FAIXAS;COLISÃO TRANSVERSAL;CÉU CLARO;SIMPLES;RETA;SIM;0
SC;BR-280;ARAQUARI;8;3;SEXTA-FEIRA;4;0;21;21H-23H;NOITE;PLENA NOITE;TRAFEGAR COM MOTOCICLETA (OU SIMILAR) ENTRE AS FAIXAS;COLISÃO TRANSVERSAL;NUBLADO;SIMPLES;RETA;SIM;0
SC;BR-101;PALHOCA;8;3;SEXTA-FEIRA;4;0;22;21H-23H;NOITE;PLENA NOITE;MANOBRA DE MUDANÇA DE FAIXA;COLISÃO LATERAL MESMO SENTIDO;CÉU CLARO;DUPLA;RETA;SIM;0
GO;BR-040;CRISTALINA;8;3;SEXTA-FEIRA;4;0;20;18H-20H;NOITE;PLENA NOITE;ANIMAIS NA PISTA;ATROPELAMENTO DE ANIMAL;CÉU CLARO;SIMPLES;RETA;NÃO;0
RN;BR-226;MACAIBA;8;3;SEXTA-FEIRA;4;0;22;21H-23H;NOITE;PLENA NOITE;AUSÊNCIA DE REAÇÃO DO CONDUTOR;TOMBAMENTO;NUBLADO;SIMPLES;RETA;NÃO;0
RJ;BR-101;SILVA JARDIM;8;3;SEXTA-FEIRA;4;0;20;18H-20H;NOITE;PLENA NOITE;REAÇÃO TARDIA OU INEFICIENTE DO CONDUTOR;TOMBAMENTO;CÉU CLARO;DUPLA;RETA;NÃO;0
RJ;BR-101;MANGARATIBA;8;3;SEXTA-FEIRA;4;0;22;21H-23H;NOITE;PLENA NOITE;DEMAIS FALHAS MECÂNICAS OU ELÉTRICAS;INCÊNDIO;CÉU CLARO;SIMPLES;RETA;NÃO;0
PA;BR-316;CASTANHAL;8;3;SEXTA-FEIRA;4;0;22;21H-23H;NOITE;PLENA NOITE;CONVERSÃO PROIBIDA;COLISÃO FRONTAL;CÉU CLARO;DUPLA;RETA;SIM;0
SP;BR-116;GUARULHOS;8;3;SEXTA-FEIRA;4;0;23;21H-23H;NOITE;PLENA NOITE;REAÇÃO TARDIA OU INEFICIENTE DO CONDUTOR;COLISÃO TRASEIRA;CÉU CLARO;DUPLA;RETA;NÃO;0
ES;BR-101;SERRA;8;3;SEXTA-FEIRA;4;0;23;21H-23H;NOITE;PLENA NOITE;REAÇÃO TARDIA OU INEFICIENTE DO CONDUTOR;COLISÃO TRASEIRA;CÉU CLARO;DUPLA;RETA;SIM;0
TO;BR-153;COLINAS DO TOCANTINS;8;3;SEXTA-FEIRA;4;0;22;21H-23H;NOITE;PLENA NOITE;INGESTÃO DE ÁLCOOL PELO CONDUTOR;SAÍDA DE LEITO CARROÇÁVEL;CÉU CLARO;SIMPLES;RETA;NÃO;0
MG;BR-267;BAEPENDI;8;3;SEXTA-FEIRA;4;0;19;18H-20H;NOITE;PLENA NOITE;ANIMAIS NA PISTA;ATROPELAMENTO DE ANIMAL;CÉU CLARO;SIMPLES;"PONTE;DECLIVE";NÃO;0
MG;BR-381;CONTAGEM;8;3;SEXTA-FEIRA;4;0;22;21H-23H;NOITE;PLENA NOITE;DEMAIS FALHAS MECÂNICAS OU ELÉTRICAS;TOMBAMENTO;CÉU CLARO;MÚLTIPLA;RETA;SIM;0
RO;BR-364;VILHENA;8;3;SEXTA-FEIRA;4;0;16;15H-17H;TARDE;PLENO DIA;ACESSAR A VIA SEM OBSERVAR A PRESENÇA DOS OUTROS VEÍCULOS;COLISÃO TRANSVERSAL;CÉU CLARO;DUPLA;ROTATÓRIA;NÃO;0
RO;BR-364;VILHENA;8;3;SEXTA-FEIRA;4;0;17;15H-17H;TARDE;PLENO DIA;AUSÊNCIA DE REAÇÃO DO CONDUTOR;ATROPELAMENTO DE PEDESTRE;CÉU CLARO;SIMPLES;RETA;SIM;0
GO;BR-414;ABADIANIA;8;3;SEXTA-FEIRA;4;0;23;21H-23H;NOITE;PLENA NOITE;ACESSAR A VIA SEM OBSERVAR A PRESENÇA DOS OUTROS VEÍCULOS;COLISÃO TRANSVERSAL;CÉU CLARO;SIMPLES;"INTERSEÇÃO DE VIAS;RETA";SIM;0
PI;BR-343;FLORIANO;8;3;SEXTA-FEIRA;4;0;22;21H-23H;NOITE;PLENA NOITE;ANIMAIS NA PISTA;ATROPELAMENTO DE ANIMAL;CÉU CLARO;SIMPLES;RETA;SIM;0
SC;BR-470;BLUMENAU;8;3;SEXTA-FEIRA;4;0;23;21H-23H;NOITE;PLENA NOITE;REAÇÃO TARDIA OU INEFICIENTE DO CONDUTOR;COLISÃO LATERAL MESMO SENTIDO;CÉU CLARO;SIMPLES;"ROTATÓRIA;VIADUTO";SIM;0
MA;BR-135;SAO LUIS;8;3;SEXTA-FEIRA;4;0;23;21H-23H;NOITE;PLENA NOITE;REAÇÃO TARDIA OU INEFICIENTE DO CONDUTOR;ATROPELAMENTO DE PEDESTRE;IGNORADO;DUPLA;"RETA;DECLIVE";SIM;0
BA;BR-324;CANDEIAS;8;3;SEXTA-FEIRA;4;0;22;21H-23H;NOITE;PLENA NOITE;AUSÊNCIA DE REAÇÃO DO CONDUTOR;COLISÃO FRONTAL;CHUVA;DUPLA;RETA;SIM;1
RJ;BR-116;GUAPIMIRIM;8;3;SÁBADO;5;1;0;00H-02H;MADRUGADA;PLENA NOITE;AUSÊNCIA DE REAÇÃO DO CONDUTOR;COLISÃO COM OBJETO;CÉU CLARO;DUPLA;RETA;SIM;0
RJ;BR-101;CAMPOS DOS GOYTACAZES;8;3;SÁBADO;5;1;1;00H-02H;MADRUGADA;PLENA NOITE;VELOCIDADE INCOMPATÍVEL;COLISÃO COM OBJETO;CÉU CLARO;SIMPLES;RETA;SIM;0
PR;BR-116;MANDIRITUBA;8;3;SÁBADO;5;1;1;00H-02H;MADRUGADA;PLENA NOITE;AUSÊNCIA DE REAÇÃO DO CONDUTOR;SAÍDA DE LEITO CARROÇÁVEL;CÉU CLARO;SIMPLES;"CURVA;ACLIVE";NÃO;0
PR;BR-163;CASCAVEL;8;3;SÁBADO;5;1;0;00H-02H;MADRUGADA;PLENA NOITE;INGESTÃO DE ÁLCOOL PELO CONDUTOR;SAÍDA DE LEITO CARROÇÁVEL;CÉU CLARO;DUPLA;"CURVA;ACLIVE";NÃO;0
ES;BR-101;CACHOEIRO DE ITAPEMIRIM;8;3;SÁBADO;5;1;2;00H-02H;MADRUGADA;PLENA NOITE;PEDESTRE ANDAVA NA PISTA;ATROPELAMENTO DE PEDESTRE;NUBLADO;SIMPLES;CURVA;NÃO;1
SC;BR-101;BARRA VELHA;8;3;SÁBADO;5;1;2;00H-02H;MADRUGADA;PLENA NOITE;INGESTÃO DE ÁLCOOL PELO CONDUTOR;COLISÃO COM OBJETO;CÉU CLARO;SIMPLES;RETA;SIM;0
SP;BR-153;SAO JOSE DO RIO PRETO;8;3;SÁBADO;5;1;2;00H-02H;MADRUGADA;PLENA NOITE;VELOCIDADE INCOMPATÍVEL;SAÍDA DE LEITO CARROÇÁVEL;CÉU CLARO;DUPLA;"INTERSEÇÃO DE VIAS;RETA";SIM;0
SC;BR-282;NOVA ITABERABA;8;3;SÁBADO;5;1;2;00H-02H;MADRUGADA;PLENA NOITE;VELOCIDADE INCOMPATÍVEL;COLISÃO COM OBJETO;CÉU CLARO;SIMPLES;"CURVA;ROTATÓRIA";SIM;1
PR;BR-376;NOVA ESPERANCA;8;3;SÁBADO;5;1;3;03H-05H;MADRUGADA;PLENA NOITE;VELOCIDADE INCOMPATÍVEL;COLISÃO COM OBJETO;CÉU CLARO;DUPLA;"RETA;RETORNO REGULAMENTADO;DECLIVE";NÃO;0
MG;BR-365;PATOS DE MINAS;8;3;SÁBADO;5;1;3;03H-05H;MADRUGADA;PLENA NOITE;AUSÊNCIA DE REAÇÃO DO CONDUTOR;COLISÃO COM OBJETO;CÉU CLARO;SIMPLES;RETA;NÃO;1
RS;BR-290;SAO SEPE;8;3;SÁBADO;5;1;2;00H-02H;MADRUGADA;PLENA NOITE;VELOCIDADE INCOMPATÍVEL;SAÍDA DE LEITO CARROÇÁVEL;CHUVA;SIMPLES;CURVA;NÃO;0