uf;br_formatada;municipio;mes;trimestre;dia_semana;dia_semana_num;fim_de_semana;hora;faixa_horaria;turno;fase_dia;causa_acidente;tipo_acidente;condicao_metereologica;tipo_pista;tracado_via;uso_solo;acidente_fatal
RJ;BR-493;ITABORAI;8;3;QUARTA-FEIRA;2;0;22;21H-23H;NOITE;PLENA NOITE;MANOBRA DE MUDANÇA DE FAIXA;COLISÃO FRONTAL;CÉU CLARO;SIMPLES;RETA;SIM;0
RJ;BR-101;NITEROI;8;3;QUARTA-FEIRA;2;0;14;12H-14H;TARDE;PLENO DIA;DEMAIS FALHAS MECÂNICAS OU ELÉTRICAS;INCÊNDIO;CÉU CLARO;DUPLA;RETA;SIM;0
PE;BR-232;TACAIMBO;8;3;QUINTA-FEIRA;3;0;3;03H-05H;MADRUGADA;AMANHECER;TRANSITAR NA CONTRAMÃO;COLISÃO LATERAL SENTIDO OPOSTO;CHUVA;SIMPLES;RETA;NÃO;0
RJ;BR-116;SAO JOAO DE MERITI;8;3;QUARTA-FEIRA;2;0;12;12H-14H;TARDE;PLENO DIA;VELOCIDADE INCOMPATÍVEL;COLISÃO LATERAL MESMO SENTIDO;CÉU CLARO;DUPLA;RETA;SIM;0
BA;BR-324;AMELIA RODRIGUES;8;3;QUINTA-FEIRA;3;0;6;06H-08H;MANHA;AMANHECER;ACESSAR A VIA SEM OBSERVAR A PRESENÇA DOS OUTROS VEÍCULOS;COLISÃO TRANSVERSAL;NUBLADO;DUPLA;CURVA;SIM;0
PR;BR-469;FOZ DO IGUACU;8;3;QUINTA-FEIRA;3;0;6;06H-08H;MANHA;AMANHECER;ACESSAR A VIA SEM OBSERVAR A PRESENÇA DOS OUTROS VEÍCULOS;COLISÃO TRANSVERSAL;NEVOEIRO/NEBLINA;SIMPLES;EM OBRAS;SIM;0
SP;BR-116;SAO JOSE DOS CAMPOS;8;3;QUINTA-FEIRA;3;0;7;06H-08H;MANHA;PLENO DIA;REAÇÃO TARDIA OU INEFICIENTE DO CONDUTOR;COLISÃO TRASEIRA;SOL;DUPLA;DECLIVE;SIM;0
PR;BR-376;PONTA GROSSA;8;3;QUINTA-FEIRA;3;0;0;00H-02H;MADRUGADA;PLENA NOITE;DEMAIS FALHAS MECÂNICAS OU ELÉTRICAS;INCÊNDIO;CÉU CLARO;DUPLA;RETA;NÃO;0
PB;BR-101;SANTA RITA;8;3;QUINTA-FEIRA;3;0;6;06H-08H;MANHA;PLENO DIA;AUSÊNCIA DE REAÇÃO DO CONDUTOR;SAÍDA DE LEITO CARROÇÁVEL;SOL;DUPLA;RETA;NÃO;0
TO;BR-153;ALIANCA DO TOCANTINS;8;3;QUINTA-FEIRA;3;0;7;06H-08H;MANHA;PLENO DIA;REAÇÃO TARDIA OU INEFICIENTE DO CONDUTOR;COLISÃO TRASEIRA;CÉU CLARO;SIMPLES;RETA;NÃO;0
SC;BR-470;RIO DO SUL;8;3;QUINTA-FEIRA;3;0;7;06H-08H;MANHA;AMANHECER;AUSÊNCIA DE REAÇÃO DO CONDUTOR;COLISÃO TRANSVERSAL;NUBLADO;SIMPLES;"RETA;RETORNO REGULAMENTADO";SIM;0
SC;BR-101;ITAJAI;8;3;QUARTA-FEIRA;2;0;7;06H-08H;MANHA;PLENO DIA;AUSÊNCIA DE REAÇÃO DO CONDUTOR;TOMBAMENTO;CHUVA;DUPLA;RETA;NÃO;0
RJ;BR-101;NITEROI;8;3;QUINTA-FEIRA;3;0;7;06H-08H;MANHA;PLENO DIA;MANOBRA DE MUDANÇA DE FAIXA;COLISÃO LATERAL MESMO SENTIDO;CÉU CLARO;MÚLTIPLA;RETA;NÃO;0
SC;BR-282;FAXINAL DOS GUEDES;8;3;QUINTA-FEIRA;3;0;7;06H-08H;MANHA;AMANHECER;ACESSAR A VIA SEM OBSERVAR A PRESENÇA DOS OUTROS VEÍCULOS;COLISÃO TRANSVERSAL;CÉU CLARO;SIMPLES;ROTATÓRIA;SIM;0
RN;BR-226;SANTA CRUZ;8;3;QUINTA-FEIRA;3;0;7;06H-08H;MANHA;PLENO DIA;ACESSAR A VIA SEM OBSERVAR A PRESENÇA DOS OUTROS VEÍCULOS;COLISÃO TRANSVERSAL;CÉU CLARO;SIMPLES;RETA;SIM;0
PE;BR-101;RECIFE;8;3;QUINTA-FEIRA;3;0;7;06H-08H;MANHA;PLENO DIA;AUSÊNCIA DE REAÇÃO DO CONDUTOR;COLISÃO COM OBJETO;NUBLADO;DUPLA;"RETA;DECLIVE";NÃO;0
PR;BR-369;ARAPONGAS;8;3;QUINTA-FEIRA;3;0;8;06H-08H;MANHA;PLENO DIA;ACESSAR A VIA SEM OBSERVAR A PRESENÇA DOS OUTROS VEÍCULOS;COLISÃO TRANSVERSAL;CÉU CLARO;SIMPLES;RETA;SIM;1
ES;BR-101;SERRA;8;3;QUINTA-FEIRA;3;0;7;06H-08H;MANHA;PLENO DIA;TRANSITAR NO ACOSTAMENTO;COLISÃO COM OBJETO;NUBLADO;DUPLA;RETA;SIM;0
RJ;BR-101;PARATY;8;3;QUINTA-FEIRA;3;0;7;06H-08H;MANHA;PLENO DIA;MAL SÚBITO DO CONDUTOR;SAÍDA DE LEITO CARROÇÁVEL;CÉU CLARO;SIMPLES;RETA;NÃO;0
BA;BR-101;EUNAPOLIS;8;3;QUINTA-FEIRA;3;0;7;06H-08H;MANHA;PLENO DIA;ENTRADA INOPINADA DO PEDESTRE;ATROPELAMENTO DE PEDESTRE;CÉU CLARO;DUPLA;RETA;NÃO;0
PR;BR-277;CURITIBA;8;3;QUINTA-FEIRA;3;0;7;06H-08H;MANHA;PLENO DIA;TRAFEGAR COM MOTOCICLETA (OU SIMILAR) ENTRE AS FAIXAS;COLISÃO LATERAL MESMO SENTIDO;NUBLADO;DUPLA;RETA;SIM;0
SC;BR-101;JAGUARUNA;8;3;QUINTA-FEIRA;3;0;7;06H-08H;MANHA;PLENO DIA;AUSÊNCIA DE REAÇÃO DO CONDUTOR;COLISÃO COM OBJETO;NUBLADO;MÚLTIPLA;"DECLIVE;CURVA";NÃO;0
MG;BR-040;CONGONHAS;8;3;QUINTA-FEIRA;3;0;6;06H-08H;MANHA;PLENO DIA;REAÇÃO TARDIA OU INEFICIENTE DO CONDUTOR;COLISÃO TRASEIRA;SOL;SIMPLES;RETA;NÃO;0
PR;BR-277;CASCAVEL;8;3;QUINTA-FEIRA;3;0;8;06H-08H;MANHA;PLENO DIA;PROBLEMA NA SUSPENSÃO;TOMBAMENTO;CÉU CLARO;MÚLTIPLA;INTERSEÇÃO DE VIAS;SIM;0
RJ;BR-040;PETROPOLIS;8;3;QUINTA-FEIRA;3;0;7;06H-08H;MANHA;PLENO DIA;ANIMAIS NA PISTA;ATROPELAMENTO DE ANIMAL;CÉU CLARO;DUPLA;RETA;SIM;0
DF;BR-080;BRASILIA;8;3;QUINTA-FEIRA;3;0;7;06H-08H;MANHA;PLENO DIA;ACESSAR A VIA SEM OBSERVAR A PRESENÇA DOS OUTROS VEÍCULOS;COLISÃO TRANSVERSAL;CÉU CLARO;SIMPLES;"RETA;EM OBRAS";NÃO;0
GO;BR-153;GOIANIA;8;3;QUINTA-FEIRA;3;0;9;09H-11H;MANHA;PLENO DIA;CONDUTOR DEIXOU DE MANTER DISTÂNCIA DO VEÍCULO DA FRENTE;COLISÃO TRASEIRA;CÉU CLARO;MÚLTIPLA;RETA;SIM;0
SC;BR-470;RIO DO SUL;8;3;QUINTA-FEIRA;3;0;8;06H-08H;MANHA;PLENO DIA;ACESSAR A VIA SEM OBSERVAR A PRESENÇA DOS OUTROS VEÍCULOS;COLISÃO TRANSVERSAL;NUBLADO;SIMPLES;RETA;SIM;0
SC;BR-101;ITAJAI;8;3;QUINTA-FEIRA;3;0;9;09H-11H;MANHA;PLENO DIA;AUSÊNCIA DE REAÇÃO DO CONDUTOR;COLISÃO TRASEIRA;NUBLADO;DUPLA;CURVA;NÃO;0
ES;BR-101;LINHARES;8;3;QUINTA-FEIRA;3;0;8;06H-08H;MANHA;PLENO DIA;CONDUTOR DEIXOU DE MANTER DISTÂNCIA DO VEÍCULO DA FRENTE;COLISÃO TRASEIRA;CÉU CLARO;MÚLTIPLA;"RETA;INTERSEÇÃO DE VIAS";SIM;0
PR;BR-376;SAO JOSE DOS PINHAIS;8;3;QUINTA-FEIRA;3;0;10;09H-11H;MANHA;PLENO DIA;MAL SÚBITO DO CONDUTOR;SAÍDA DE LEITO CARROÇÁVEL;CÉU CLARO;DUPLA;RETA;SIM;0
MT;BR-163;SORRISO;8;3;QUARTA-FEIRA;2;0;10;09H-11H;MANHA;PLENO DIA;AUSÊNCIA DE REAÇÃO DO CONDUTOR;COLISÃO TRASEIRA;SOL;DUPLA;RETA;NÃO;0
PE;BR-101;RECIFE;8;3;QUINTA-FEIRA;3;0;10;09H-11H;MANHA;PLENO DIA;AUSÊNCIA DE REAÇÃO DO CONDUTOR;COLISÃO TRASEIRA;NUBLADO;MÚLTIPLA;RETA;SIM;0
ES;BR-262;VITORIA;8;3;QUINTA-FEIRA;3;0;10;09H-11H;MANHA;PLENO DIA;REAÇÃO TARDIA OU INEFICIENTE DO CONDUTOR;COLISÃO COM OBJETO;CÉU CLARO;DUPLA;"RETA;PONTE";SIM;0
SC;BR-101;BARRA VELHA;8;3;QUINTA-FEIRA;3;0;9;09H-11H;MANHA;PLENO DIA;CONDUTOR DEIXOU DE MANTER DISTÂNCIA DO VEÍCULO DA FRENTE;COLISÃO TRASEIRA;NUBLADO;MÚLTIPLA;RETA;SIM;0
PR;BR-373;PONTA GROSSA;8;3;QUINTA-FEIRA;3;0;11;09H-11H;MANHA;PLENO DIA;AUSÊNCIA DE REAÇÃO DO CONDUTOR;COLISÃO TRASEIRA;NUBLADO;DUPLA;RETA;SIM;0
PE;BR-423;GARANHUNS;8;3;QUINTA-FEIRA;3;0;7;06H-08H;MANHA;PLENO DIA;CONDUTOR DESRESPEITOU A ILUMINAÇÃO VERMELHA DO SEMÁFORO;COLISÃO TRANSVERSAL;NUBLADO;SIMPLES;"RETA;INTERSEÇÃO DE VIAS";SIM;0
RS;BR-290;SAO GABRIEL;8;3;DOMINGO;6;1;19;18H-20H;NOITE;PLENA NOITE;ACESSAR A VIA SEM OBSERVAR A PRESENÇA DOS OUTROS VEÍCULOS;COLISÃO TRANSVERSAL;CÉU CLARO;SIMPLES;ROTATÓRIA;SIM;0
DF;BR-020;BRASILIA;8;3;QUINTA-FEIRA;3;0;10;09H-11H;MANHA;PLENO DIA;CONDUTOR DEIXOU DE MANTER DISTÂNCIA DO VEÍCULO DA FRENTE;COLISÃO TRASEIRA;SOL;DUPLA;"DESVIO TEMPORÁRIO;EM OBRAS;RETA";SIM;0
MG;BR-153;CENTRALINA;8;3;QUINTA-FEIRA;3;0;11;09H-11H;MANHA;PLENO DIA;VELOCIDADE INCOMPATÍVEL;COLISÃO TRASEIRA;SOL;DUPLA;"RETA;RETORNO REGULAMENTADO";SIM;0
MG;BR-040;ITABIRITO;8;3;QUINTA-FEIRA;3;0;13;12H-14H;TARDE;PLENO DIA;REAÇÃO TARDIA OU INEFICIENTE DO CONDUTOR;SAÍDA DE LEITO CARROÇÁVEL;CÉU CLARO;DUPLA;CURVA;NÃO;0
CE;BR-116;PENAFORTE;8;3;QUINTA-FEIRA;3;0;9;09H-11H;MANHA;PLENO DIA;ACESSAR A VIA SEM OBSERVAR A PRESENÇA DOS OUTROS VEÍCULOS;COLISÃO TRANSVERSAL;CÉU CLARO;SIMPLES;RETA;SIM;0
RO;BR-364;JI-PARANA;8;3;QUINTA-FEIRA;3;0;9;09H-11H;MANHA;PLENO DIA;VELOCIDADE INCOMPATÍVEL;ENGAVETAMENTO;SOL;DUPLA;RETA;SIM;0
PR;BR-376;MARIALVA;8;3;QUINTA-FEIRA;3;0;12;12H-14H;TARDE;PLENO DIA;MANOBRA DE MUDANÇA DE FAIXA;CAPOTAMENTO;SOL;DUPLA;DECLIVE;NÃO;0
SC;BR-101;PORTO BELO;8;3;QUINTA-FEIRA;3;0;13;12H-14H;TARDE;PLENO DIA;DEMAIS FALHAS MECÂNICAS OU ELÉTRICAS;TOMBAMENTO;NUBLADO;DUPLA;RETA;NÃO;0
MG;BR-153;FRONTEIRA;8;3;QUINTA-FEIRA;3;0;9;09H-11H;MANHA;PLENO DIA;ACESSAR A VIA SEM OBSERVAR A PRESENÇA DOS OUTROS VEÍCULOS;COLISÃO TRANSVERSAL;CÉU CLARO;SIMPLES;"INTERSEÇÃO DE VIAS;RETA;RETORNO REGULAMENTADO";SIM;0
PR;BR-163;MARECHAL CANDIDO RONDON;8;3;QUINTA-FEIRA;3;0;12;12H-14H;TARDE;PLENO DIA;DEMAIS FALHAS MECÂNICAS OU ELÉTRICAS;COLISÃO TRANSVERSAL;CÉU CLARO;SIMPLES;RETA;NÃO;0
PE;BR-101;CABO DE SANTO AGOSTINHO;8;3;QUINTA-FEIRA;3;0;9;09H-11H;MANHA;PLENO DIA;DEMAIS FALHAS MECÂNICAS OU ELÉTRICAS;INCÊNDIO;CÉU CLARO;DUPLA;RETA;SIM;0
BA;BR-367;EUNAPOLIS;8;3;QUINTA-FEIRA;3;0;13;12H-14H;TARDE;PLENO DIA;TRANSITAR NO ACOSTAMENTO;COLISÃO TRANSVERSAL;CÉU CLARO;SIMPLES;RETA;NÃO;0
ES;BR-101;LINHARES;8;3;QUINTA-FEIRA;3;0;13;12H-14H;TARDE;PLENO DIA;ACESSAR A VIA SEM OBSERVAR A PRESENÇA DOS OUTROS VEÍCULOS;COLISÃO TRANSVERSAL;CÉU CLARO;SIMPLES;"INTERSEÇÃO DE VIAS;CURVA";NÃO;0
RJ;BR-040;DUQUE DE CAXIAS;8;3;QUINTA-FEIRA;3;0;13;12H-14H;TARDE;PLENO DIA;REAÇÃO TARDIA OU INEFICIENTE DO CONDUTOR;COLISÃO LATERAL MESMO SENTIDO;CÉU CLARO;DUPLA;RETA;SIM;0
MG;BR-381;BETIM;8;3;QUINTA-FEIRA;3;0;13;12H-14H;TARDE;PLENO DIA;PEDESTRE ANDAVA NA PISTA;ATROPELAMENTO DE PEDESTRE;CÉU CLARO;DUPLA;CURVA;NÃO;1
SC;BR-282;IRACEMINHA;8;3;QUINTA-FEIRA;3;0;12;12H-14H;TARDE;PLENO DIA;VELOCIDADE INCOMPATÍVEL;COLISÃO TRASEIRA;SOL;SIMPLES;RETA;NÃO;0
BA;BR-101;SANTO ANTONIO DE JESUS;8;3;QUINTA-FEIRA;3;0;13;12H-14H;TARDE;PLENO DIA;MANOBRA DE MUDANÇA DE FAIXA;COLISÃO TRANSVERSAL;CÉU CLARO;DUPLA;"RETA;DECLIVE";SIM;0
MG;BR-116;GOVERNADOR VALADARES;8;3;QUINTA-FEIRA;3;0;12;12H-14H;TARDE;PLENO DIA;TRANSITAR NA CONTRAMÃO;COLISÃO TRANSVERSAL;CÉU CLARO;SIMPLES;RETA;SIM;0
MG;BR-116;GOVERNADOR VALADARES;8;3;QUINTA-FEIRA;3;0;13;12H-14H;TARDE;PLENO DIA;ACESSAR A VIA SEM OBSERVAR A PRESENÇA DOS OUTROS VEÍCULOS;COLISÃO LATERAL MESMO SENTIDO;CÉU CLARO;DUPLA;"RETA;INTERSEÇÃO DE VIAS";SIM;0
AM;BR-319;MANAUS;7;3;QUINTA-FEIRA;3;0;13;12H-14H;TARDE;PLENO DIA;INGESTÃO DE ÁLCOOL PELO CONDUTOR;COLISÃO TRASEIRA;CÉU CLARO;DUPLA;"ACLIVE;RETA";SIM;0
MG;BR-040;MATOZINHOS;8;3;QUINTA-FEIRA;3;0;13;12H-14H;TARDE;PLENO DIA;DEMAIS FALHAS MECÂNICAS OU ELÉTRICAS;INCÊNDIO;CÉU CLARO;DUPLA;RETA;SIM;0
MG;BR-381;BETIM;8;3;QUINTA-FEIRA;3;0;14;12H-14H;TARDE;PLENO DIA;AUSÊNCIA DE REAÇÃO DO CONDUTOR;COLISÃO LATERAL MESMO SENTIDO;CÉU CLARO;DUPLA;RETA;NÃO;0
TO;BR-242;FORMOSO DO ARAGUAIA;6;2;SEXTA-FEIRA;4;0;3;03H-05H;MADRUGADA;PLENA NOITE;INGESTÃO DE ÁLCOOL PELO CONDUTOR;COLISÃO LATERAL MESMO SENTIDO;CÉU CLARO;SIMPLES;RETA;SIM;0
RS;BR-386;MONTENEGRO;8;3;QUINTA-FEIRA;3;0;14;12H-14H;TARDE;PLENO DIA;CONVERSÃO PROIBIDA;COLISÃO TRANSVERSAL;CÉU CLARO;SIMPLES;RETA;SIM;0
PI;BR-343;PARNAIBA;8;3;QUINTA-FEIRA;3;0;14;12H-14H;TARDE;PLENO DIA;TRANSITAR NO ACOSTAMENTO;COLISÃO LATERAL MESMO SENTIDO;SOL;DUPLA;RETA;SIM;0
PR;BR-277;SAO MIGUEL DO IGUACU;7;3;TERÇA-FEIRA;1;0;4;03H-05H;MADRUGADA;PLENA NOITE;ENTRADA INOPINADA DO PEDESTRE;ATROPELAMENTO DE PEDESTRE;NUBLADO;DUPLA;RETA;NÃO;1
MA;BR-135;SAO LUIS;8;3;TERÇA-FEIRA;1;0;7;06H-08H;MANHA;PLENO DIA;ACESSAR A VIA SEM OBSERVAR A PRESENÇA DOS OUTROS VEÍCULOS;COLISÃO LATERAL MESMO SENTIDO;CÉU CLARO;DUPLA;RETORNO REGULAMENTADO;NÃO;0
AP;BR-210;MACAPA;8;3;QUINTA-FEIRA;3;0;14;12H-14H;TARDE;PLENO DIA;TRANSITAR NA CONTRAMÃO;COLISÃO TRANSVERSAL;CÉU CLARO;SIMPLES;CURVA;SIM;0
BA;BR-116;VITORIA DA CONQUISTA;8;3;QUINTA-FEIRA;3;0;15;15H-17H;TARDE;PLENO DIA;AUSÊNCIA DE REAÇÃO DO CONDUTOR;QUEDA DE OCUPANTE DE VEÍCULO;CÉU CLARO;SIMPLES;"RETA;RETORNO REGULAMENTADO";NÃO;0
RJ;BR-493;SEROPEDICA;8;3;QUINTA-FEIRA;3;0;12;12H-14H;TARDE;PLENO DIA;AUSÊNCIA DE REAÇÃO DO CONDUTOR;QUEDA DE OCUPANTE DE VEÍCULO;CÉU CLARO;DUPLA;RETA;NÃO;0
PR;BR-153;REBOUCAS;8;3;QUINTA-FEIRA;3;0;15;15H-17H;TARDE;PLENO DIA;TRANSITAR NA CONTRAMÃO;COLISÃO FRONTAL;CÉU CLARO;SIMPLES;RETA;NÃO;1
GO;BR-153;URUACU;8;3;QUINTA-FEIRA;3;0;14;12H-14H;TARDE;PLENO DIA;REAÇÃO TARDIA OU INEFICIENTE DO CONDUTOR;COLISÃO LATERAL MESMO SENTIDO;CÉU CLARO;SIMPLES;"DECLIVE;RETA";NÃO;0
MT;BR-174;PONTES E LACERDA;8;3;QUINTA-FEIRA;3;0;14;12H-14H;TARDE;PLENO DIA;MAL SÚBITO DO CONDUTOR;COLISÃO COM OBJETO;CÉU CLARO;SIMPLES;CURVA;SIM;0
MG;BR-050;ARAGUARI;8;3;QUINTA-FEIRA;3;0;16;15H-17H;TARDE;PLENO DIA;CONDUTOR USANDO CELULAR;SAÍDA DE LEITO CARROÇÁVEL;CÉU CLARO;DUPLA;RETA;NÃO;0
PI;BR-230;FLORIANO;8;3;QUINTA-FEIRA;3;0;16;15H-17H;TARDE;PLENO DIA;REAÇÃO TARDIA OU INEFICIENTE DO CONDUTOR;TOMBAMENTO;CÉU CLARO;SIMPLES;RETA;NÃO;0
TO;BR-010;PALMAS;6;2;SEXTA-FEIRA;4;0;8;06H-08H;MANHA;PLENO DIA;REAÇÃO TARDIA OU INEFICIENTE DO CONDUTOR;COLISÃO TRASEIRA;CÉU CLARO;MÚLTIPLA;RETA;NÃO;0
MG;BR-050;UBERLANDIA;8;3;QUINTA-FEIRA;3;0;17;15H-17H;TARDE;PLENO DIA;AUSÊNCIA DE REAÇÃO DO CONDUTOR;COLISÃO TRASEIRA;CÉU CLARO;DUPLA;RETA;NÃO;0
PB;BR-230;CABEDELO;8;3;QUINTA-FEIRA;3;0;17;15H-17H;TARDE;PLENO DIA;ÁREA URBANA SEM A PRESENÇA DE LOCAL APROPRIADO PARA A TRAVESSIA DE PEDESTRES;ATROPELAMENTO DE PEDESTRE;SOL;DUPLA;RETA;SIM;0
MG;BR-381;PERIQUITO;8;3;QUINTA-FEIRA;3;0;15;15H-17H;TARDE;PLENO DIA;INGESTÃO DE ÁLCOOL PELO CONDUTOR;TOMBAMENTO;CÉU CLARO;SIMPLES;RETA;NÃO;0
PR;BR-153;SANTO ANTONIO DA PLATINA;8;3;QUINTA-FEIRA;3;0;17;15H-17H;TARDE;PLENO DIA;ACESSAR A VIA SEM OBSERVAR A PRESENÇA DOS OUTROS VEÍCULOS;COLISÃO TRANSVERSAL;CÉU CLARO;SIMPLES;INTERSEÇÃO DE VIAS;SIM;0
RN;BR-101;NATAL;7;3;QUINTA-FEIRA;3;0;8;06H-08H;MANHA;PLENO DIA;CONDUTOR DEIXOU DE MANTER DISTÂNCIA DO VEÍCULO DA FRENTE;COLISÃO TRASEIRA;CÉU CLARO;DUPLA;RETA;NÃO;0
SC;BR-280;ARAQUARI;8;3;QUINTA-FEIRA;3;0;13;12H-14H;TARDE;PLENO DIA;ACESSAR A VIA SEM OBSERVAR A PRESENÇA DOS OUTROS VEÍCULOS;COLISÃO TRANSVERSAL;NUBLADO;SIMPLES;RETA;NÃO;0
MG;BR-116;LEOPOLDINA;8;3;QUINTA-FEIRA;3;0;16;15H-17H;TARDE;PLENO DIA;CONDUTOR DEIXOU DE MANTER DISTÂNCIA DO VEÍCULO DA FRENTE;COLISÃO TRASEIRA;CÉU CLARO;SIMPLES;RETA;SIM;0
SC;BR-101;CAMBORIU;8;3;QUINTA-FEIRA;3;0;17;15H-17H;TARDE;PLENO DIA;REAÇÃO TARDIA OU INEFICIENTE DO CONDUTOR;TOMBAMENTO;CÉU CLARO;DUPLA;RETA;NÃO;0
MG;BR-040;JOAO PINHEIRO;8;3;QUINTA-FEIRA;3;0;16;15H-17H;TARDE;PLENO DIA;REDUTOR DE VELOCIDADE EM DESACORDO;TOMBAMENTO;CÉU CLARO;SIMPLES;RETA;SIM;0
MG;BR-040;PEDRO LEOPOLDO;8;3;QUINTA-FEIRA;3;0;17;15H-17H;TARDE;ANOITECER;CONDUTOR DEIXOU DE MANTER DISTÂNCIA DO VEÍCULO DA FRENTE;COLISÃO TRASEIRA;CÉU CLARO;DUPLA;RETA;SIM;0
SP;BR-116;SAO JOSE DOS CAMPOS;8;3;QUINTA-FEIRA;3;0;18;18H-20H;NOITE;PLENO DIA;CONDUTOR DEIXOU DE MANTER DISTÂNCIA DO VEÍCULO DA FRENTE;COLISÃO TRASEIRA;CÉU CLARO;DUPLA;RETA;SIM;0
MG;BR-262;LUZ;8;3;QUINTA-FEIRA;3;0;17;15H-17H;TARDE;ANOITECER;VELOCIDADE INCOMPATÍVEL;SAÍDA DE LEITO CARROÇÁVEL;CÉU CLARO;SIMPLES;CURVA;NÃO;0
ES;BR-101;CARIACICA;8;3;QUINTA-FEIRA;3;0;18;18H-20H;NOITE;PLENA NOITE;DESRESPEITAR A PREFERÊNCIA NO CRUZAMENTO;COLISÃO TRANSVERSAL;NUBLADO;DUPLA;RETORNO REGULAMENTADO;SIM;0
SC;BR-101;SAO JOSE;8;3;QUINTA-FEIRA;3;0;18;18H-20H;NOITE;ANOITECER;AUSÊNCIA DE REAÇÃO DO CONDUTOR;QUEDA DE OCUPANTE DE VEÍCULO;CÉU CLARO;MÚLTIPLA;RETA;NÃO;0
PR;BR-376;MARIALVA;8;3;QUINTA-FEIRA;3;0;17;15H-17H;TARDE;PLENO DIA;INGESTÃO DE ÁLCOOL PELO CONDUTOR;SAÍDA DE LEITO CARROÇÁVEL;CÉU CLARO;DUPLA;RETA;NÃO;0
RS;BR-290;ELDORADO DO SUL;8;3;QUINTA-FEIRA;3;0;18;18H-20H;NOITE;PLENA NOITE;AUSÊNCIA DE SINALIZAÇÃO;COLISÃO LATERAL SENTIDO OPOSTO;CÉU CLARO;SIMPLES;RETA;NÃO;0
BA;BR-324;SIMOES FILHO;8;3;QUINTA-FEIRA;3;0;19;18H-20H;NOITE;PLENA NOITE;ACESSAR A VIA SEM OBSERVAR A PRESENÇA DOS OUTROS VEÍCULOS;COLISÃO LATERAL MESMO SENTIDO;CÉU CLARO;DUPLA;RETA;SIM;0
MG;BR-267;BICAS;8;3;QUINTA-FEIRA;3;0;17;15H-17H;TARDE;ANOITECER;VELOCIDADE INCOMPATÍVEL;SAÍDA DE LEITO CARROÇÁVEL;NUBLADO;SIMPLES;CURVA;NÃO;0
RS;BR-386;FAZENDA VILANOVA;8;3;QUINTA-FEIRA;3;0;19;18H-20H;NOITE;PLENA NOITE;PEDESTRE CRUZAVA A PISTA FORA DA FAIXA;ATROPELAMENTO DE PEDESTRE;CÉU CLARO;DUPLA;RETA;NÃO;1
BA;BR-367;PORTO SEGURO;8;3;QUINTA-FEIRA;3;0;18;18H-20H;NOITE;PLENA NOITE;ULTRAPASSAGEM INDEVIDA;COLISÃO FRONTAL;CÉU CLARO;SIMPLES;RETA;NÃO;0
RJ;BR-116;GUAPIMIRIM;7;3;DOMINGO;6;1;8;06H-08H;MANHA;PLENO DIA;REAÇÃO TARDIA OU INEFICIENTE DO CONDUTOR;TOMBAMENTO;CÉU CLARO;SIMPLES;"ACLIVE;RETA";NÃO;0
MG;BR-262;BETIM;8;3;QUINTA-FEIRA;3;0;11;09H-11H;MANHA;PLENO DIA;AUSÊNCIA DE REAÇÃO DO CONDUTOR;COLISÃO TRASEIRA;CÉU CLARO;DUPLA;RETA;NÃO;0
ES;BR-101;SERRA;8;3;QUINTA-FEIRA;3;0;20;18H-20H;NOITE;PLENA NOITE;ANIMAIS NA PISTA;ATROPELAMENTO DE ANIMAL;CÉU CLARO;SIMPLES;RETA;SIM;0
PE;BR-110;SERTANIA;8;3;QUINTA-FEIRA;3;0;2;00H-02H;MADRUGADA;PLENA NOITE;DEMAIS FALHAS MECÂNICAS OU ELÉTRICAS;INCÊNDIO;CÉU CLARO;SIMPLES;RETA;NÃO;0
GO;BR-153;ANAPOLIS;8;3;QUINTA-FEIRA;3;0;14;12H-14H;TARDE;PLENO DIA;AUSÊNCIA DE REAÇÃO DO CONDUTOR;TOMBAMENTO;SOL;DUPLA;RETA;SIM;0
MG;BR-381;CAMBUI;8;3;QUINTA-FEIRA;3;0;20;18H-20H;NOITE;PLENA NOITE;ILUMINAÇÃO DEFICIENTE;COLISÃO TRANSVERSAL;CÉU CLARO;DUPLA;CURVA;NÃO;1
TO;BR-010;PALMAS;8;3;QUINTA-FEIRA;3;0;8;06H-08H;MANHA;PLENO DIA;AUSÊNCIA DE REAÇÃO DO CONDUTOR;COLISÃO COM OBJETO;CÉU CLARO;SIMPLES;RETA;SIM;0
SP;BR-116;SAO JOSE DOS CAMPOS;8;3;QUINTA-FEIRA;3;0;19;18H-20H;NOITE;PLENA NOITE;CONDUTOR DEIXOU DE MANTER DISTÂNCIA DO VEÍCULO DA FRENTE;COLISÃO TRASEIRA;CÉU CLARO;MÚLTIPLA;RETA;NÃO;0
RJ;BR-101;SAO GONCALO;8;3;QUINTA-FEIRA;3;0;18;18H-20H;NOITE;PLENA NOITE;AUSÊNCIA DE REAÇÃO DO CONDUTOR;TOMBAMENTO;CÉU CLARO;DUPLA;RETA;SIM;0
RJ;BR-101;SAO GONCALO;8;3;QUINTA-FEIRA;3;0;19;18H-20H;NOITE;PLENA NOITE;AUSÊNCIA DE REAÇÃO DO CONDUTOR;COLISÃO TRASEIRA;CHUVA;DUPLA;RETA;SIM;0