uf;br_formatada;municipio;mes;trimestre;dia_semana;dia_semana_num;fim_de_semana;hora;faixa_horaria;turno;fase_dia;causa_acidente;tipo_acidente;condicao_metereologica;tipo_pista;tracado_via;uso_solo;acidente_fatal
RS;BR-470;BENTO GONCALVES;8;3;DOMINGO;6;1;13;12H-14H;TARDE;PLENO DIA;INGESTÃO DE ÁLCOOL PELO CONDUTOR;COLISÃO TRASEIRA;CÉU CLARO;DUPLA;RETA;NÃO;0
BA;BR-330;JEQUIE;8;3;DOMINGO;6;1;13;12H-14H;TARDE;PLENO DIA;VELOCIDADE INCOMPATÍVEL;QUEDA DE OCUPANTE DE VEÍCULO;CÉU CLARO;SIMPLES;CURVA;NÃO;1
SC;BR-282;XAXIM;8;3;SEXTA-FEIRA;4;0;14;12H-14H;TARDE;PLENO DIA;ACESSAR A VIA SEM OBSERVAR A PRESENÇA DOS OUTROS VEÍCULOS;COLISÃO TRANSVERSAL;CÉU CLARO;SIMPLES;"ROTATÓRIA;DECLIVE";SIM;0
BA;BR-101;ALAGOINHAS;7;3;QUARTA-FEIRA;2;0;13;12H-14H;TARDE;PLENO DIA;DESRESPEITAR A PREFERÊNCIA NO CRUZAMENTO;COLISÃO TRANSVERSAL;CÉU CLARO;SIMPLES;INTERSEÇÃO DE VIAS;NÃO;0
RJ;BR-116;BARRA MANSA;8;3;DOMINGO;6;1;14;12H-14H;TARDE;PLENO DIA;REAÇÃO TARDIA OU INEFICIENTE DO CONDUTOR;COLISÃO TRASEIRA;CÉU CLARO;DUPLA;"RETA;ACLIVE";NÃO;0
MT;BR-163;SORRISO;8;3;DOMINGO;6;1;10;09H-11H;MANHA;PLENO DIA;INGESTÃO DE ÁLCOOL PELO CONDUTOR;SAÍDA DE LEITO CARROÇÁVEL;CÉU CLARO;SIMPLES;"RETA;EM OBRAS";NÃO;0
BA;BR-324;SALVADOR;8;3;QUARTA-FEIRA;2;0;17;15H-17H;TARDE;ANOITECER;VELOCIDADE INCOMPATÍVEL;COLISÃO TRASEIRA;CÉU CLARO;DUPLA;RETA;NÃO;0
PR;BR-277;CASCAVEL;8;3;DOMINGO;6;1;15;15H-17H;TARDE;PLENO DIA;ULTRAPASSAGEM INDEVIDA;COLISÃO LATERAL MESMO SENTIDO;CÉU CLARO;DUPLA;RETA;NÃO;0
BA;BR-324;SALVADOR;5;2;QUARTA-FEIRA;2;0;10;09H-11H;MANHA;PLENO DIA;MANOBRA DE MUDANÇA DE FAIXA;COLISÃO LATERAL MESMO SENTIDO;CHUVA;MÚLTIPLA;RETA;SIM;0
SC;BR-101;ITAPEMA;8;3;DOMINGO;6;1;13;12H-14H;TARDE;PLENO DIA;PEDESTRE CRUZAVA A PISTA FORA DA FAIXA;ATROPELAMENTO DE PEDESTRE;CHUVA;DUPLA;RETA;NÃO;0
RJ;BR-493;SEROPEDICA;8;3;DOMINGO;6;1;13;12H-14H;TARDE;PLENO DIA;AVARIAS E/OU DESGASTE EXCESSIVO NO PNEU;TOMBAMENTO;NUBLADO;DUPLA;RETA;NÃO;0
SP;BR-116;SAO JOSE DOS CAMPOS;8;3;DOMINGO;6;1;16;15H-17H;TARDE;PLENO DIA;MANOBRA DE MUDANÇA DE FAIXA;COLISÃO LATERAL MESMO SENTIDO;SOL;DUPLA;RETA;SIM;0
PE;BR-104;CARUARU;8;3;DOMINGO;6;1;16;15H-17H;TARDE;PLENO DIA;MANOBRA DE MUDANÇA DE FAIXA;COLISÃO LATERAL MESMO SENTIDO;CHUVA;DUPLA;"ACLIVE;RETORNO REGULAMENTADO";NÃO;0
SC;BR-470;GASPAR;8;3;DOMINGO;6;1;10;09H-11H;MANHA;PLENO DIA;DEMAIS FALHAS MECÂNICAS OU ELÉTRICAS;TOMBAMENTO;NUBLADO;DUPLA;RETA;NÃO;0
SC;BR-101;PALHOCA;8;3;DOMINGO;6;1;16;15H-17H;TARDE;PLENO DIA;REAÇÃO TARDIA OU INEFICIENTE DO CONDUTOR;COLISÃO TRASEIRA;NUBLADO;DUPLA;RETA;NÃO;0
PB;BR-230;CAMPINA GRANDE;8;3;DOMINGO;6;1;15;15H-17H;TARDE;ANOITECER;PISTA ESCORREGADIA;SAÍDA DE LEITO CARROÇÁVEL;GAROA/CHUVISCO;DUPLA;CURVA;NÃO;0
SP;BR-116;PINDAMONHANGABA;8;3;DOMINGO;6;1;15;15H-17H;TARDE;PLENO DIA;REAÇÃO TARDIA OU INEFICIENTE DO CONDUTOR;COLISÃO TRASEIRA;SOL;DUPLA;RETA;NÃO;0
MG;BR-116;TEOFILO OTONI;8;3;DOMINGO;6;1;17;15H-17H;TARDE;PLENO DIA;INGESTÃO DE SUBSTÂNCIAS PSICOATIVAS PELO CONDUTOR;ENGAVETAMENTO;NUBLADO;SIMPLES;"RETA;EM OBRAS";NÃO;0
GO;BR-364;JATAI;8;3;DOMINGO;6;1;16;15H-17H;TARDE;PLENO DIA;REAÇÃO TARDIA OU INEFICIENTE DO CONDUTOR;SAÍDA DE LEITO CARROÇÁVEL;CÉU CLARO;DUPLA;"INTERSEÇÃO DE VIAS;CURVA";NÃO;0
BA;BR-116;FEIRA DE SANTANA;8;3;DOMINGO;6;1;16;15H-17H;TARDE;PLENO DIA;INGESTÃO DE ÁLCOOL PELO CONDUTOR;TOMBAMENTO;SOL;SIMPLES;CURVA;SIM;0
PR;BR-376;MARIALVA;8;3;DOMINGO;6;1;17;15H-17H;TARDE;PLENO DIA;AUSÊNCIA DE REAÇÃO DO CONDUTOR;QUEDA DE OCUPANTE DE VEÍCULO;CÉU CLARO;DUPLA;RETA;NÃO;0
SC;BR-101;ICARA;8;3;DOMINGO;6;1;11;09H-11H;MANHA;PLENO DIA;REAÇÃO TARDIA OU INEFICIENTE DO CONDUTOR;SAÍDA DE LEITO CARROÇÁVEL;CÉU CLARO;DUPLA;RETA;NÃO;0
MG;BR-040;PARACATU;8;3;DOMINGO;6;1;14;12H-14H;TARDE;PLENO DIA;REAÇÃO TARDIA OU INEFICIENTE DO CONDUTOR;COLISÃO TRASEIRA;CÉU CLARO;SIMPLES;RETA;NÃO;0
PE;BR-232;SERRA TALHADA;8;3;DOMINGO;6;1;16;15H-17H;TARDE;PLENO DIA;DESRESPEITAR A PREFERÊNCIA NO CRUZAMENTO;COLISÃO TRANSVERSAL;CÉU CLARO;SIMPLES;INTERSEÇÃO DE VIAS;SIM;0
ES;BR-101;VIANA;8;3;DOMINGO;6;1;17;15H-17H;TARDE;PLENA NOITE;VELOCIDADE INCOMPATÍVEL;COLISÃO COM OBJETO;GAROA/CHUVISCO;MÚLTIPLA;"RETA;INTERSEÇÃO DE VIAS";SIM;0
PA;BR-230;ITAITUBA;8;3;DOMINGO;6;1;17;15H-17H;TARDE;PLENO DIA;INGESTÃO DE ÁLCOOL PELO CONDUTOR;COLISÃO TRASEIRA;SOL;SIMPLES;RETA;NÃO;0
PR;BR-376;TIJUCAS DO SUL;8;3;DOMINGO;6;1;16;15H-17H;TARDE;PLENO DIA;DEMAIS FALHAS MECÂNICAS OU ELÉTRICAS;INCÊNDIO;CÉU CLARO;SIMPLES;"ACLIVE;CURVA";NÃO;0
PE;BR-424;GARANHUNS;8;3;DOMINGO;6;1;17;15H-17H;TARDE;ANOITECER;TRANSITAR NA CONTRAMÃO;COLISÃO LATERAL SENTIDO OPOSTO;GAROA/CHUVISCO;SIMPLES;RETA;SIM;0
MG;BR-116;FERVEDOURO;8;3;DOMINGO;6;1;15;15H-17H;TARDE;PLENO DIA;AUSÊNCIA DE REAÇÃO DO CONDUTOR;SAÍDA DE LEITO CARROÇÁVEL;CÉU CLARO;SIMPLES;CURVA;NÃO;0
MA;BR-010;IMPERATRIZ;8;3;DOMINGO;6;1;15;15H-17H;TARDE;PLENO DIA;MANOBRA DE MUDANÇA DE FAIXA;COLISÃO TRANSVERSAL;SOL;MÚLTIPLA;"RETA;INTERSEÇÃO DE VIAS";SIM;0
RS;BR-290;PORTO ALEGRE;8;3;DOMINGO;6;1;18;18H-20H;NOITE;ANOITECER;INGESTÃO DE ÁLCOOL PELO CONDUTOR;COLISÃO LATERAL MESMO SENTIDO;CÉU CLARO;DUPLA;RETA;SIM;0
PR;BR-153;IRATI;8;3;DOMINGO;6;1;17;15H-17H;TARDE;ANOITECER;ACESSAR A VIA SEM OBSERVAR A PRESENÇA DOS OUTROS VEÍCULOS;COLISÃO LATERAL MESMO SENTIDO;CÉU CLARO;SIMPLES;"RETA;INTERSEÇÃO DE VIAS";SIM;0
BA;BR-324;CANDEIAS;8;3;SÁBADO;5;1;3;03H-05H;MADRUGADA;PLENA NOITE;AUSÊNCIA DE REAÇÃO DO CONDUTOR;SAÍDA DE LEITO CARROÇÁVEL;CÉU CLARO;DUPLA;RETA;NÃO;0
SP;BR-116;SAO JOSE DOS CAMPOS;8;3;DOMINGO;6;1;18;18H-20H;NOITE;PLENA NOITE;REAÇÃO TARDIA OU INEFICIENTE DO CONDUTOR;SAÍDA DE LEITO CARROÇÁVEL;CÉU CLARO;DUPLA;RETA;NÃO;0
BA;BR-324;SIMOES FILHO;8;3;DOMINGO;6;1;18;18H-20H;NOITE;PLENA NOITE;REAÇÃO TARDIA OU INEFICIENTE DO CONDUTOR;COLISÃO COM OBJETO;NUBLADO;DUPLA;"DESVIO TEMPORÁRIO;EM OBRAS;RETA;ACLIVE";NÃO;0
SC;BR-101;LAGUNA;8;3;DOMINGO;6;1;17;15H-17H;TARDE;ANOITECER;DEMAIS FALHAS MECÂNICAS OU ELÉTRICAS;TOMBAMENTO;CHUVA;DUPLA;RETA;NÃO;0
RS;BR-290;PORTO ALEGRE;8;3;DOMINGO;6;1;18;18H-20H;NOITE;PLENA NOITE;MANOBRA DE MUDANÇA DE FAIXA;COLISÃO TRASEIRA;CÉU CLARO;MÚLTIPLA;RETA;SIM;0
PR;BR-163;CAPITAO LEONIDAS MARQUES;8;3;DOMINGO;6;1;16;15H-17H;TARDE;PLENO DIA;VELOCIDADE INCOMPATÍVEL;SAÍDA DE LEITO CARROÇÁVEL;CÉU CLARO;DUPLA;"CURVA;ACLIVE";SIM;0
SP;BR-116;GUARULHOS;8;3;DOMINGO;6;1;18;18H-20H;NOITE;PLENA NOITE;CONDUTOR DEIXOU DE MANTER DISTÂNCIA DO VEÍCULO DA FRENTE;COLISÃO TRASEIRA;CÉU CLARO;MÚLTIPLA;RETA;SIM;0
MG;BR-040;SANTOS DUMONT;8;3;DOMINGO;6;1;17;15H-17H;TARDE;PLENO DIA;REAÇÃO TARDIA OU INEFICIENTE DO CONDUTOR;COLISÃO TRASEIRA;NUBLADO;SIMPLES;RETA;NÃO;0
SP;BR-381;MAIRIPORA;8;3;DOMINGO;6;1;18;18H-20H;NOITE;PLENA NOITE;DEMAIS FALHAS MECÂNICAS OU ELÉTRICAS;QUEDA DE OCUPANTE DE VEÍCULO;CÉU CLARO;MÚLTIPLA;"CURVA;ACLIVE";NÃO;0
BA;BR-116;VITORIA DA CONQUISTA;8;3;DOMINGO;6;1;18;18H-20H;NOITE;PLENA NOITE;AUSÊNCIA DE REAÇÃO DO CONDUTOR;COLISÃO TRASEIRA;CÉU CLARO;SIMPLES;RETA;SIM;0
RS;BR-116;CANOAS;8;3;DOMINGO;6;1;19;18H-20H;NOITE;PLENA NOITE;AUSÊNCIA DE REAÇÃO DO CONDUTOR;ENGAVETAMENTO;CÉU CLARO;DUPLA;"CURVA;VIADUTO";SIM;0
CE;BR-020;CANINDE;8;3;DOMINGO;6;1;19;18H-20H;NOITE;PLENA NOITE;VELOCIDADE INCOMPATÍVEL;SAÍDA DE LEITO CARROÇÁVEL;CÉU CLARO;SIMPLES;RETA;NÃO;0
MS;BR-163;JARAGUARI;8;3;DOMINGO;6;1;18;18H-20H;NOITE;PLENA NOITE;REAÇÃO TARDIA OU INEFICIENTE DO CONDUTOR;COLISÃO TRASEIRA;CÉU CLARO;DUPLA;RETA;NÃO;1
GO;BR-153;HIDROLANDIA;8;3;DOMINGO;6;1;18;18H-20H;NOITE;PLENA NOITE;REAÇÃO TARDIA OU INEFICIENTE DO CONDUTOR;COLISÃO TRASEIRA;CÉU CLARO;DUPLA;RETA;NÃO;1
GO;BR-153;RIANAPOLIS;8;3;DOMINGO;6;1;18;18H-20H;NOITE;ANOITECER;ENTRADA INOPINADA DO PEDESTRE;ATROPELAMENTO DE PEDESTRE;CÉU CLARO;SIMPLES;RETA;NÃO;1
BA;BR-324;CANDEIAS;8;3;DOMINGO;6;1;19;18H-20H;NOITE;PLENA NOITE;ACESSO IRREGULAR;ATROPELAMENTO DE ANIMAL;CÉU CLARO;DUPLA;RETA;NÃO;1
SP;BR-153;PROMISSAO;8;3;DOMINGO;6;1;17;15H-17H;TARDE;PLENO DIA;DESRESPEITAR A PREFERÊNCIA NO CRUZAMENTO;COLISÃO TRANSVERSAL;CÉU CLARO;SIMPLES;"RETA;ROTATÓRIA";NÃO;0
GO;BR-060;ABADIA DE GOIAS;8;3;DOMINGO;6;1;19;18H-20H;NOITE;PLENA NOITE;INGESTÃO DE ÁLCOOL PELO CONDUTOR;COLISÃO TRASEIRA;CÉU CLARO;MÚLTIPLA;RETA;NÃO;0
SC;BR-282;XANXERE;8;3;DOMINGO;6;1;19;18H-20H;NOITE;PLENA NOITE;ACESSAR A VIA SEM OBSERVAR A PRESENÇA DOS OUTROS VEÍCULOS;COLISÃO TRANSVERSAL;CÉU CLARO;SIMPLES;RETA;SIM;0
PB;BR-230;CALDAS BRANDAO;8;3;DOMINGO;6;1;18;18H-20H;NOITE;PLENA NOITE;ENTRADA INOPINADA DO PEDESTRE;ATROPELAMENTO DE PEDESTRE;CÉU CLARO;SIMPLES;"RETA;DECLIVE";SIM;1
MG;BR-365;UBERLANDIA;8;3;DOMINGO;6;1;19;18H-20H;NOITE;PLENA NOITE;AUSÊNCIA DE REAÇÃO DO CONDUTOR;COLISÃO COM OBJETO;CÉU CLARO;DUPLA;RETA;NÃO;0
SP;BR-116;LAVRINHAS;8;3;DOMINGO;6;1;18;18H-20H;NOITE;PLENA NOITE;CONDUTOR DEIXOU DE MANTER DISTÂNCIA DO VEÍCULO DA FRENTE;COLISÃO TRASEIRA;NUBLADO;DUPLA;RETA;NÃO;0
SP;BR-153;SAO JOSE DO RIO PRETO;8;3;DOMINGO;6;1;20;18H-20H;NOITE;PLENA NOITE;AUSÊNCIA DE REAÇÃO DO CONDUTOR;COLISÃO TRASEIRA;CÉU CLARO;DUPLA;"RETA;DECLIVE";SIM;0
RJ;BR-101;CARAPEBUS;8;3;DOMINGO;6;1;19;18H-20H;NOITE;PLENA NOITE;CONDUTOR DORMINDO;COLISÃO COM OBJETO;NUBLADO;DUPLA;"DECLIVE;RETA";NÃO;1
PE;BR-423;SAO CAITANO;8;3;DOMINGO;6;1;19;18H-20H;NOITE;PLENA NOITE;INGESTÃO DE ÁLCOOL PELO CONDUTOR;SAÍDA DE LEITO CARROÇÁVEL;NUBLADO;SIMPLES;RETA;NÃO;0
SC;BR-101;PALHOCA;8;3;DOMINGO;6;1;20;18H-20H;NOITE;PLENA NOITE;PEDESTRE CRUZAVA A PISTA FORA DA FAIXA;ATROPELAMENTO DE PEDESTRE;NUBLADO;SIMPLES;RETA;SIM;0
ES;BR-101;SERRA;8;3;TERÇA-FEIRA;1;0;18;18H-20H;NOITE;PLENA NOITE;MANOBRA DE MUDANÇA DE FAIXA;COLISÃO TRASEIRA;CÉU CLARO;DUPLA;RETA;SIM;0
BA;BR-242;SEABRA;8;3;DOMINGO;6;1;19;18H-20H;NOITE;PLENA NOITE;CONDUTOR DORMINDO;SAÍDA DE LEITO CARROÇÁVEL;CÉU CLARO;SIMPLES;CURVA;NÃO;0
RJ;BR-101;MANGARATIBA;8;3;DOMINGO;6;1;19;18H-20H;NOITE;PLENA NOITE;ULTRAPASSAGEM INDEVIDA;COLISÃO LATERAL SENTIDO OPOSTO;CÉU CLARO;SIMPLES;DECLIVE;NÃO;0
RJ;BR-116;RIO DE JANEIRO;8;3;QUINTA-FEIRA;3;0;9;09H-11H;MANHA;PLENO DIA;MANOBRA DE MUDANÇA DE FAIXA;QUEDA DE OCUPANTE DE VEÍCULO;CÉU CLARO;DUPLA;RETA;SIM;0
RS;BR-392;CANGUCU;8;3;DOMINGO;6;1;20;18H-20H;NOITE;PLENA NOITE;AUSÊNCIA DE REAÇÃO DO CONDUTOR;SAÍDA DE LEITO CARROÇÁVEL;CÉU CLARO;SIMPLES;RETA;NÃO;1
BA;BR-415;ILHEUS;8;3;DOMINGO;6;1;20;18H-20H;NOITE;PLENA NOITE;AUSÊNCIA DE REAÇÃO DO CONDUTOR;COLISÃO TRASEIRA;GAROA/CHUVISCO;DUPLA;RETA;NÃO;0
ES;BR-101;CARIACICA;8;3;DOMINGO;6;1;21;21H-23H;NOITE;PLENA NOITE;CONDUTOR DEIXOU DE MANTER DISTÂNCIA DO VEÍCULO DA FRENTE;COLISÃO LATERAL MESMO SENTIDO;CHUVA;MÚLTIPLA;RETA;SIM;0
PR;BR-369;CORBELIA;8;3;DOMINGO;6;1;20;18H-20H;NOITE;PLENA NOITE;INGESTÃO DE ÁLCOOL PELO CONDUTOR;SAÍDA DE LEITO CARROÇÁVEL;CÉU CLARO;SIMPLES;CURVA;NÃO;0
AC;BR-364;RIO BRANCO;8;3;DOMINGO;6;1;18;18H-20H;NOITE;PLENA NOITE;CONDUTOR DEIXOU DE MANTER DISTÂNCIA DO VEÍCULO DA FRENTE;COLISÃO TRASEIRA;CÉU CLARO;SIMPLES;RETA;NÃO;0
CE;BR-020;CANINDE;8;3;DOMINGO;6;1;21;21H-23H;NOITE;PLENA NOITE;CONVERSÃO PROIBIDA;COLISÃO TRANSVERSAL;CÉU CLARO;SIMPLES;"RETA;INTERSEÇÃO DE VIAS";SIM;0
PR;BR-277;CAMPO LARGO;8;3;DOMINGO;6;1;20;18H-20H;NOITE;PLENA NOITE;ACESSAR A VIA SEM OBSERVAR A PRESENÇA DOS OUTROS VEÍCULOS;ATROPELAMENTO DE PEDESTRE;CÉU CLARO;DUPLA;RETA;SIM;0
PE;BR-101;IGARASSU;8;3;DOMINGO;6;1;21;21H-23H;NOITE;PLENA NOITE;ULTRAPASSAGEM INDEVIDA;ATROPELAMENTO DE ANIMAL;CÉU CLARO;SIMPLES;RETA;SIM;0
MG;BR-040;TRES MARIAS;8;3;DOMINGO;6;1;16;15H-17H;TARDE;PLENO DIA;INGESTÃO DE ÁLCOOL PELO CONDUTOR;SAÍDA DE LEITO CARROÇÁVEL;CÉU CLARO;SIMPLES;DECLIVE;NÃO;0
GO;BR-060;INDIARA;8;3;DOMINGO;6;1;19;18H-20H;NOITE;PLENA NOITE;ANIMAIS NA PISTA;ATROPELAMENTO DE ANIMAL;CÉU CLARO;DUPLA;RETA;NÃO;0
SC;BR-101;MARACAJA;8;3;DOMINGO;6;1;19;18H-20H;NOITE;PLENA NOITE;AUSÊNCIA DE REAÇÃO DO CONDUTOR;SAÍDA DE LEITO CARROÇÁVEL;CÉU CLARO;DUPLA;"DECLIVE;RETA";NÃO;0
PR;BR-376;GUARATUBA;8;3;DOMINGO;6;1;20;18H-20H;NOITE;PLENA NOITE;AUSÊNCIA DE REAÇÃO DO CONDUTOR;COLISÃO COM OBJETO;CHUVA;SIMPLES;CURVA;NÃO;0
MA;BR-222;IGARAPE DO MEIO;8;3;DOMINGO;6;1;20;18H-20H;NOITE;PLENO DIA;DEMAIS FALHAS MECÂNICAS OU ELÉTRICAS;SAÍDA DE LEITO CARROÇÁVEL;CÉU CLARO;SIMPLES;RETA;NÃO;0
MG;BR-040;SIMAO PEREIRA;8;3;DOMINGO;6;1;17;15H-17H;TARDE;PLENO DIA;REAÇÃO TARDIA OU INEFICIENTE DO CONDUTOR;COLISÃO COM OBJETO;NUBLADO;DUPLA;CURVA;NÃO;0
AL;BR-316;ATALAIA;8;3;DOMINGO;6;1;21;21H-23H;NOITE;PLENA NOITE;DESRESPEITAR A PREFERÊNCIA NO CRUZAMENTO;COLISÃO FRONTAL;CÉU CLARO;SIMPLES;CURVA;SIM;0
MG;BR-116;MANHUACU;8;3;DOMINGO;6;1;15;15H-17H;TARDE;PLENO DIA;CHUVA;SAÍDA DE LEITO CARROÇÁVEL;CHUVA;SIMPLES;CURVA;NÃO;0
RN;BR-304;LAJES;8;3;DOMINGO;6;1;20;18H-20H;NOITE;PLENA NOITE;TRANSITAR NA CONTRAMÃO;COLISÃO FRONTAL;NUBLADO;SIMPLES;RETA;NÃO;1
PI;BR-343;ALTOS;8;3;DOMINGO;6;1;20;18H-20H;NOITE;PLENA NOITE;INGESTÃO DE ÁLCOOL PELO CONDUTOR;COLISÃO TRANSVERSAL;CÉU CLARO;SIMPLES;RETA;SIM;0
SC;BR-101;SAO JOSE;8;3;DOMINGO;6;1;22;21H-23H;NOITE;PLENA NOITE;MANOBRA DE MUDANÇA DE FAIXA;COLISÃO LATERAL MESMO SENTIDO;CHUVA;MÚLTIPLA;RETA;SIM;0
MA;BR-316;CAXIAS;8;3;DOMINGO;6;1;17;15H-17H;TARDE;ANOITECER;MANOBRA DE MUDANÇA DE FAIXA;COLISÃO LATERAL SENTIDO OPOSTO;CÉU CLARO;SIMPLES;"ACLIVE;RETA";NÃO;0
SC;BR-101;BIGUACU;8;3;DOMINGO;6;1;22;21H-23H;NOITE;PLENA NOITE;CHUVA;CAPOTAMENTO;CHUVA;DUPLA;CURVA;NÃO;0
MT;BR-070;VARZEA GRANDE;8;3;DOMINGO;6;1;18;18H-20H;NOITE;PLENA NOITE;TRANSITAR NA CONTRAMÃO;COLISÃO TRANSVERSAL;CÉU CLARO;SIMPLES;RETA;SIM;0
RS;BR-153;MARCELINO RAMOS;8;3;DOMINGO;6;1;19;18H-20H;NOITE;PLENA NOITE;REAÇÃO TARDIA OU INEFICIENTE DO CONDUTOR;COLISÃO TRASEIRA;CÉU CLARO;SIMPLES;DECLIVE;NÃO;0
SP;BR-116;JACAREI;8;3;SÁBADO;5;1;6;06H-08H;MANHA;PLENO DIA;OBJETO ESTÁTICO SOBRE O LEITO CARROÇÁVEL;COLISÃO COM OBJETO;CÉU CLARO;DUPLA;RETA;NÃO;0
SP;BR-116;PARIQUERA-ACU;8;3;DOMINGO;6;1;22;21H-23H;NOITE;PLENA NOITE;AUSÊNCIA DE REAÇÃO DO CONDUTOR;SAÍDA DE LEITO CARROÇÁVEL;NUBLADO;MÚLTIPLA;"RETA;DECLIVE";NÃO;0
PB;BR-230;APARECIDA;8;3;DOMINGO;6;1;17;15H-17H;TARDE;PLENO DIA;AUSÊNCIA DE REAÇÃO DO CONDUTOR;COLISÃO TRASEIRA;CÉU CLARO;SIMPLES;RETA;NÃO;1
MT;BR-174;CACERES;8;3;DOMINGO;6;1;20;18H-20H;NOITE;PLENA NOITE;INGESTÃO DE ÁLCOOL PELO CONDUTOR;TOMBAMENTO;IGNORADO;SIMPLES;RETA;NÃO;0
SC;BR-101;SAO JOSE;8;3;DOMINGO;6;1;23;21H-23H;NOITE;PLENA NOITE;REAÇÃO TARDIA OU INEFICIENTE DO CONDUTOR;COLISÃO COM OBJETO;GAROA/CHUVISCO;DUPLA;RETA;SIM;0
MA;BR-135;SAO LUIS;8;3;DOMINGO;6;1;19;18H-20H;NOITE;PLENA NOITE;TRAFEGAR COM MOTOCICLETA (OU SIMILAR) ENTRE AS FAIXAS;QUEDA DE OCUPANTE DE VEÍCULO;CÉU CLARO;DUPLA;ACLIVE;SIM;0
MA;BR-135;BACABEIRA;8;3;DOMINGO;6;1;19;18H-20H;NOITE;PLENA NOITE;DEMAIS FALHAS MECÂNICAS OU ELÉTRICAS;INCÊNDIO;CÉU CLARO;DUPLA;RETA;NÃO;0
MA;BR-135;SAO LUIS;8;3;DOMINGO;6;1;21;21H-23H;NOITE;PLENA NOITE;ACESSAR A VIA SEM OBSERVAR A PRESENÇA DOS OUTROS VEÍCULOS;COLISÃO TRANSVERSAL;CÉU CLARO;DUPLA;RETA;SIM;0
MA;BR-010;DAVINOPOLIS;8;3;DOMINGO;6;1;22;21H-23H;NOITE;PLENA NOITE;TRANSITAR NA CONTRAMÃO;ATROPELAMENTO DE PEDESTRE;CÉU CLARO;SIMPLES;RETA;NÃO;1
BA;BR-110;CICERO DANTAS;8;3;DOMINGO;6;1;22;21H-23H;NOITE;PLENA NOITE;TRANSITAR NA CONTRAMÃO;COLISÃO FRONTAL;CÉU CLARO;SIMPLES;"RETA;ACLIVE";NÃO;1
PA;BR-230;MARABA;8;3;DOMINGO;6;1;22;21H-23H;NOITE;PLENA NOITE;REAÇÃO TARDIA OU INEFICIENTE DO CONDUTOR;COLISÃO LATERAL MESMO SENTIDO;CÉU CLARO;DUPLA;RETA;SIM;0
ES;BR-101;FUNDAO;9;3;SEGUNDA-FEIRA;0;0;0;00H-02H;MADRUGADA;PLENA NOITE;ACUMULO DE ÁGUA SOBRE O PAVIMENTO;CAPOTAMENTO;CHUVA;SIMPLES;RETA;NÃO;0
PB;BR-230;CABEDELO;8;3;DOMINGO;6;1;22;21H-23H;NOITE;PLENA NOITE;AFUNDAMENTO OU ONDULAÇÃO NO PAVIMENTO;TOMBAMENTO;CÉU CLARO;DUPLA;RETA;SIM;0
RJ;BR-101;ANGRA DOS REIS;8;3;DOMINGO;6;1;23;21H-23H;NOITE;PLENA NOITE;AUSÊNCIA DE REAÇÃO DO CONDUTOR;COLISÃO FRONTAL;NUBLADO;DUPLA;CURVA;NÃO;0
BA;BR-101;BUERAREMA;8;3;DOMINGO;6;1;22;21H-23H;NOITE;PLENA NOITE;INGESTÃO DE ÁLCOOL PELO CONDUTOR;SAÍDA DE LEITO CARROÇÁVEL;CÉU CLARO;SIMPLES;CURVA;NÃO;1
PR;BR-369;URAI;9;3;SEGUNDA-FEIRA;0;0;0;00H-02H;MADRUGADA;PLENA NOITE;ANIMAIS NA PISTA;ATROPELAMENTO DE ANIMAL;CÉU CLARO;DUPLA;RETA;NÃO;0
PI;BR-343;CAMPO MAIOR;9;3;SEGUNDA-FEIRA;0;0;0;00H-02H;MADRUGADA;PLENA NOITE;ANIMAIS NA PISTA;ATROPELAMENTO DE ANIMAL;CÉU CLARO;SIMPLES;RETA;NÃO;0
SE;BR-235;LARANJEIRAS;9;3;SEGUNDA-FEIRA;0;0;0;00H-02H;MADRUGADA;PLENA NOITE;CONDUTOR DORMINDO;CAPOTAMENTO;GAROA/CHUVISCO;SIMPLES;"RETA;PONTE";NÃO;0
SC;BR-101;JOINVILLE;8;3;DOMINGO;6;1;11;09H-11H;MANHA;PLENO DIA;DEMAIS FALHAS MECÂNICAS OU ELÉTRICAS;TOMBAMENTO;NUBLADO;DUPLA;"RETA;ACLIVE";NÃO;0
MG;BR-381;POUSO ALEGRE;9;3;SEGUNDA-FEIRA;0;0;0;00H-02H;MADRUGADA;PLENA NOITE;CONDUTOR DORMINDO;CAPOTAMENTO;CÉU CLARO;DUPLA;RETA;NÃO;0
SC;BR-470;BLUMENAU;9;3;SEGUNDA-FEIRA;0;0;0;00H-02H;MADRUGADA;PLENO DIA;INGESTÃO DE ÁLCOOL PELO CONDUTOR;COLISÃO TRANSVERSAL;NUBLADO;SIMPLES;INTERSEÇÃO DE VIAS;SIM;0
RS;BR-101;TRES FORQUILHAS;9;3;SEGUNDA-FEIRA;0;0;1;00H-02H;MADRUGADA;PLENA NOITE;AUSÊNCIA DE REAÇÃO DO CONDUTOR;QUEDA DE OCUPANTE DE VEÍCULO;CHUVA;DUPLA;RETA;NÃO;0
RS;BR-290;PORTO ALEGRE;9;3;SEGUNDA-FEIRA;0;0;1;00H-02H;MADRUGADA;PLENA NOITE;VELOCIDADE INCOMPATÍVEL;COLISÃO TRASEIRA;CÉU CLARO;MÚLTIPLA;RETA;NÃO;0