uf;br_formatada;municipio;mes;trimestre;dia_semana;dia_semana_num;fim_de_semana;hora;faixa_horaria;turno;fase_dia;causa_acidente;tipo_acidente;condicao_metereologica;tipo_pista;tracado_via;uso_solo;acidente_fatal
MT;BR-163;ITAUBA;9;3;SEGUNDA-FEIRA;0;0;13;12H-14H;TARDE;PLENO DIA;AUSÊNCIA DE REAÇÃO DO CONDUTOR;SAÍDA DE LEITO CARROÇÁVEL;CÉU CLARO;SIMPLES;RETA;NÃO;0
PR;BR-476;UNIAO DA VITORIA;9;3;SEGUNDA-FEIRA;0;0;18;18H-20H;NOITE;PLENA NOITE;ACESSAR A VIA SEM OBSERVAR A PRESENÇA DOS OUTROS VEÍCULOS;COLISÃO TRANSVERSAL;CÉU CLARO;SIMPLES;RETA;NÃO;0
RO;BR-364;JI-PARANA;9;3;SEGUNDA-FEIRA;0;0;16;15H-17H;TARDE;PLENO DIA;CONDUTOR DESRESPEITOU A ILUMINAÇÃO VERMELHA DO SEMÁFORO;COLISÃO TRANSVERSAL;GAROA/CHUVISCO;MÚLTIPLA;RETA;SIM;0
RJ;BR-465;SEROPEDICA;9;3;SEGUNDA-FEIRA;0;0;17;15H-17H;TARDE;PLENA NOITE;PEDESTRE ANDAVA NA PISTA;ATROPELAMENTO DE PEDESTRE;CÉU CLARO;DUPLA;RETA;SIM;0
SP;BR-116;TAUBATE;9;3;SEGUNDA-FEIRA;0;0;19;18H-20H;NOITE;PLENA NOITE;PEDESTRE ANDAVA NA PISTA;ATROPELAMENTO DE PEDESTRE;CÉU CLARO;DUPLA;RETA;SIM;1
RS;BR-153;ERECHIM;9;3;SEGUNDA-FEIRA;0;0;18;18H-20H;NOITE;PLENA NOITE;PEDESTRE ANDAVA NA PISTA;ATROPELAMENTO DE PEDESTRE;CÉU CLARO;SIMPLES;"RETA;DECLIVE";NÃO;1
RJ;BR-101;RIO DE JANEIRO;9;3;SEGUNDA-FEIRA;0;0;19;18H-20H;NOITE;PLENA NOITE;ACUMULO DE AREIA OU DETRITOS SOBRE O PAVIMENTO;TOMBAMENTO;CÉU CLARO;SIMPLES;CURVA;SIM;0
RJ;BR-116;PORTO REAL;9;3;SEGUNDA-FEIRA;0;0;19;18H-20H;NOITE;PLENA NOITE;AUSÊNCIA DE REAÇÃO DO CONDUTOR;SAÍDA DE LEITO CARROÇÁVEL;NUBLADO;DUPLA;RETORNO REGULAMENTADO;NÃO;0
BA;BR-415;ITABUNA;8;3;TERÇA-FEIRA;1;0;17;15H-17H;TARDE;ANOITECER;TRANSITAR NA CONTRAMÃO;COLISÃO FRONTAL;IGNORADO;SIMPLES;RETA;SIM;0
PR;BR-116;FAZENDA RIO GRANDE;9;3;SEGUNDA-FEIRA;0;0;21;21H-23H;NOITE;PLENA NOITE;ACESSAR A VIA SEM OBSERVAR A PRESENÇA DOS OUTROS VEÍCULOS;COLISÃO TRANSVERSAL;NUBLADO;DUPLA;RETA;SIM;0
PR;BR-277;SAO JOSE DOS PINHAIS;9;3;SEGUNDA-FEIRA;0;0;21;21H-23H;NOITE;PLENA NOITE;VELOCIDADE INCOMPATÍVEL;CAPOTAMENTO;CÉU CLARO;DUPLA;RETA;SIM;0
PR;BR-476;COLOMBO;9;3;SEGUNDA-FEIRA;0;0;21;21H-23H;NOITE;PLENA NOITE;ACESSAR A VIA SEM OBSERVAR A PRESENÇA DOS OUTROS VEÍCULOS;COLISÃO TRASEIRA;CÉU CLARO;DUPLA;"RETA;INTERSEÇÃO DE VIAS";SIM;0
RJ;BR-101;SAO GONCALO;9;3;SEGUNDA-FEIRA;0;0;9;09H-11H;MANHA;PLENO DIA;TRAFEGAR COM MOTOCICLETA (OU SIMILAR) ENTRE AS FAIXAS;COLISÃO LATERAL MESMO SENTIDO;CÉU CLARO;DUPLA;RETA;NÃO;0
RJ;BR-101;NITEROI;9;3;SEGUNDA-FEIRA;0;0;18;18H-20H;NOITE;ANOITECER;MANOBRA DE MUDANÇA DE FAIXA;TOMBAMENTO;NUBLADO;MÚLTIPLA;CURVA;SIM;0
MT;BR-364;RONDONOPOLIS;9;3;SEGUNDA-FEIRA;0;0;7;06H-08H;MANHA;PLENO DIA;REAÇÃO TARDIA OU INEFICIENTE DO CONDUTOR;TOMBAMENTO;CÉU CLARO;DUPLA;"RETA;ACLIVE";SIM;0
BA;BR-101;PRESIDENTE TANCREDO NEVES;9;3;SEGUNDA-FEIRA;0;0;18;18H-20H;NOITE;ANOITECER;CONDUTOR DEIXOU DE MANTER DISTÂNCIA DO VEÍCULO DA FRENTE;COLISÃO TRASEIRA;NUBLADO;SIMPLES;RETA;NÃO;1
MA;BR-230;BALSAS;9;3;SEGUNDA-FEIRA;0;0;18;18H-20H;NOITE;ANOITECER;ACESSAR A VIA SEM OBSERVAR A PRESENÇA DOS OUTROS VEÍCULOS;COLISÃO TRANSVERSAL;CÉU CLARO;SIMPLES;INTERSEÇÃO DE VIAS;SIM;0
SE;BR-235;AREIA BRANCA;9;3;SEGUNDA-FEIRA;0;0;21;21H-23H;NOITE;PLENA NOITE;INGESTÃO DE ÁLCOOL PELO CONDUTOR;SAÍDA DE LEITO CARROÇÁVEL;CÉU CLARO;SIMPLES;RETA;NÃO;0
SC;BR-101;ARAQUARI;9;3;SEGUNDA-FEIRA;0;0;23;21H-23H;NOITE;PLENA NOITE;VELOCIDADE INCOMPATÍVEL;COLISÃO COM OBJETO;CHUVA;MÚLTIPLA;RETA;NÃO;0
PE;BR-428;PETROLINA;9;3;SEGUNDA-FEIRA;0;0;18;18H-20H;NOITE;PLENA NOITE;ENTRADA INOPINADA DO PEDESTRE;ATROPELAMENTO DE PEDESTRE;CÉU CLARO;DUPLA;"RETA;VIADUTO";SIM;0
RN;BR-304;MOSSORO;9;3;SEGUNDA-FEIRA;0;0;22;21H-23H;NOITE;PLENA NOITE;ACESSAR A VIA SEM OBSERVAR A PRESENÇA DOS OUTROS VEÍCULOS;COLISÃO TRANSVERSAL;CÉU CLARO;SIMPLES;"RETA;INTERSEÇÃO DE VIAS";SIM;1
PB;BR-101;JOAO PESSOA;9;3;TERÇA-FEIRA;1;0;0;00H-02H;MADRUGADA;PLENA NOITE;CHUVA;TOMBAMENTO;GAROA/CHUVISCO;DUPLA;RETA;NÃO;0
RS;BR-116;GUAIBA;9;3;TERÇA-FEIRA;1;0;0;00H-02H;MADRUGADA;PLENA NOITE;SINALIZAÇÃO MAL POSICIONADA;TOMBAMENTO;NUBLADO;SIMPLES;DESVIO TEMPORÁRIO;SIM;0
SC;BR-101;JOINVILLE;9;3;SEGUNDA-FEIRA;0;0;23;21H-23H;NOITE;PLENA NOITE;INGESTÃO DE ÁLCOOL PELO CONDUTOR;SAÍDA DE LEITO CARROÇÁVEL;CHUVA;DUPLA;RETA;SIM;0
MT;BR-163;NOVA MUTUM;9;3;SEGUNDA-FEIRA;0;0;21;21H-23H;NOITE;PLENA NOITE;REAÇÃO TARDIA OU INEFICIENTE DO CONDUTOR;SAÍDA DE LEITO CARROÇÁVEL;CÉU CLARO;DUPLA;RETA;SIM;0
SC;BR-280;GUARAMIRIM;9;3;TERÇA-FEIRA;1;0;1;00H-02H;MADRUGADA;PLENA NOITE;CONDUTOR DORMINDO;CAPOTAMENTO;GAROA/CHUVISCO;SIMPLES;"RETA;EM OBRAS";NÃO;0
MG;BR-116;SANTA BARBARA DO LESTE;9;3;TERÇA-FEIRA;1;0;0;00H-02H;MADRUGADA;PLENA NOITE;INGESTÃO DE ÁLCOOL PELO CONDUTOR;COLISÃO COM OBJETO;NUBLADO;SIMPLES;RETA;SIM;0
MG;BR-116;TEOFILO OTONI;9;3;TERÇA-FEIRA;1;0;0;00H-02H;MADRUGADA;PLENA NOITE;CONDUTOR DORMINDO;SAÍDA DE LEITO CARROÇÁVEL;GAROA/CHUVISCO;SIMPLES;"DECLIVE;CURVA";NÃO;0
ES;BR-101;CARIACICA;9;3;TERÇA-FEIRA;1;0;6;06H-08H;MANHA;PLENO DIA;CHUVA;TOMBAMENTO;CHUVA;MÚLTIPLA;RETORNO REGULAMENTADO;NÃO;0
MG;BR-381;BELO HORIZONTE;9;3;TERÇA-FEIRA;1;0;6;06H-08H;MANHA;PLENO DIA;CONDUTOR DEIXOU DE MANTER DISTÂNCIA DO VEÍCULO DA FRENTE;COLISÃO TRASEIRA;CÉU CLARO;SIMPLES;"ACLIVE;CURVA";SIM;0
RJ;BR-116;NOVA IGUACU;9;3;TERÇA-FEIRA;1;0;6;06H-08H;MANHA;PLENO DIA;AUSÊNCIA DE REAÇÃO DO CONDUTOR;QUEDA DE OCUPANTE DE VEÍCULO;NUBLADO;DUPLA;RETA;SIM;0
GO;BR-060;ALEXANIA;9;3;TERÇA-FEIRA;1;0;5;03H-05H;MADRUGADA;PLENO DIA;PISTA ESCORREGADIA;COLISÃO COM OBJETO;CÉU CLARO;DUPLA;CURVA;NÃO;0
SC;BR-101;BIGUACU;9;3;TERÇA-FEIRA;1;0;6;06H-08H;MANHA;PLENO DIA;AVARIAS E/OU DESGASTE EXCESSIVO NO PNEU;TOMBAMENTO;CHUVA;DUPLA;RETA;SIM;0
RJ;BR-101;CAMPOS DOS GOYTACAZES;9;3;TERÇA-FEIRA;1;0;4;03H-05H;MADRUGADA;AMANHECER;PEDESTRE - INGESTÃO DE ÁLCOOL/ SUBSTÂNCIAS PSICOATIVAS;ATROPELAMENTO DE PEDESTRE;NUBLADO;SIMPLES;RETA;NÃO;0
RN;BR-101;SAO GONCALO DO AMARANTE;9;3;TERÇA-FEIRA;1;0;6;06H-08H;MANHA;PLENO DIA;AUSÊNCIA DE REAÇÃO DO CONDUTOR;COLISÃO LATERAL MESMO SENTIDO;CÉU CLARO;DUPLA;RETA;SIM;0
PR;BR-116;CURITIBA;9;3;TERÇA-FEIRA;1;0;7;06H-08H;MANHA;PLENO DIA;REAÇÃO TARDIA OU INEFICIENTE DO CONDUTOR;COLISÃO TRASEIRA;NUBLADO;DUPLA;RETA;SIM;0
RN;BR-304;MOSSORO;9;3;TERÇA-FEIRA;1;0;6;06H-08H;MANHA;PLENO DIA;AUSÊNCIA DE REAÇÃO DO CONDUTOR;COLISÃO COM OBJETO;CÉU CLARO;DUPLA;RETA;SIM;0
PR;BR-277;CURITIBA;9;3;TERÇA-FEIRA;1;0;7;06H-08H;MANHA;AMANHECER;REAÇÃO TARDIA OU INEFICIENTE DO CONDUTOR;COLISÃO TRASEIRA;NUBLADO;DUPLA;RETA;SIM;0
MG;BR-381;BELO ORIENTE;7;3;QUINTA-FEIRA;3;0;18;18H-20H;NOITE;PLENA NOITE;REAÇÃO TARDIA OU INEFICIENTE DO CONDUTOR;COLISÃO TRASEIRA;NUBLADO;SIMPLES;RETA;NÃO;0
PR;BR-369;LONDRINA;9;3;TERÇA-FEIRA;1;0;7;06H-08H;MANHA;PLENO DIA;REAÇÃO TARDIA OU INEFICIENTE DO CONDUTOR;COLISÃO TRASEIRA;NUBLADO;DUPLA;"RETA;ACLIVE";SIM;0
DF;BR-070;BRASILIA;9;3;TERÇA-FEIRA;1;0;8;06H-08H;MANHA;PLENO DIA;REAÇÃO TARDIA OU INEFICIENTE DO CONDUTOR;QUEDA DE OCUPANTE DE VEÍCULO;SOL;DUPLA;RETA;SIM;0
DF;BR-020;BRASILIA;9;3;TERÇA-FEIRA;1;0;7;06H-08H;MANHA;PLENO DIA;DEMAIS FALHAS MECÂNICAS OU ELÉTRICAS;CAPOTAMENTO;SOL;DUPLA;RETA;NÃO;0
RJ;BR-040;DUQUE DE CAXIAS;8;3;SEXTA-FEIRA;4;0;9;09H-11H;MANHA;PLENO DIA;AUSÊNCIA DE REAÇÃO DO CONDUTOR;ENGAVETAMENTO;CÉU CLARO;MÚLTIPLA;RETA;SIM;0
MT;BR-070;PRIMAVERA DO LESTE;9;3;TERÇA-FEIRA;1;0;7;06H-08H;MANHA;PLENO DIA;ACESSO IRREGULAR;COLISÃO LATERAL MESMO SENTIDO;SOL;SIMPLES;RETA;SIM;0
SC;BR-282;FLORIANOPOLIS;9;3;TERÇA-FEIRA;1;0;7;06H-08H;MANHA;PLENO DIA;MANOBRA DE MUDANÇA DE FAIXA;COLISÃO LATERAL MESMO SENTIDO;CHUVA;MÚLTIPLA;RETA;SIM;0
MG;BR-381;BETIM;9;3;TERÇA-FEIRA;1;0;8;06H-08H;MANHA;PLENO DIA;AUSÊNCIA DE REAÇÃO DO CONDUTOR;TOMBAMENTO;CÉU CLARO;SIMPLES;CURVA;SIM;0
PR;BR-476;CURITIBA;8;3;SEXTA-FEIRA;4;0;6;06H-08H;MANHA;PLENO DIA;MANOBRA DE MUDANÇA DE FAIXA;COLISÃO LATERAL MESMO SENTIDO;CÉU CLARO;DUPLA;RETA;SIM;0
PR;BR-376;JANDAIA DO SUL;9;3;TERÇA-FEIRA;1;0;7;06H-08H;MANHA;PLENO DIA;DESRESPEITAR A PREFERÊNCIA NO CRUZAMENTO;COLISÃO TRANSVERSAL;CÉU CLARO;SIMPLES;ROTATÓRIA;SIM;0
PR;BR-116;CURITIBA;9;3;TERÇA-FEIRA;1;0;8;06H-08H;MANHA;PLENO DIA;TRAFEGAR COM MOTOCICLETA (OU SIMILAR) ENTRE AS FAIXAS;COLISÃO LATERAL MESMO SENTIDO;NUBLADO;DUPLA;RETA;SIM;0
SC;BR-280;GUARAMIRIM;9;3;TERÇA-FEIRA;1;0;8;06H-08H;MANHA;PLENO DIA;MANOBRA DE MUDANÇA DE FAIXA;COLISÃO LATERAL MESMO SENTIDO;NUBLADO;DUPLA;RETA;SIM;0
SP;BR-381;MAIRIPORA;9;3;TERÇA-FEIRA;1;0;8;06H-08H;MANHA;PLENO DIA;AUSÊNCIA DE REAÇÃO DO CONDUTOR;COLISÃO TRASEIRA;CÉU CLARO;MÚLTIPLA;RETA;SIM;0
PE;BR-101;JABOATAO DOS GUARARAPES;9;3;TERÇA-FEIRA;1;0;8;06H-08H;MANHA;PLENO DIA;CONDUTOR USANDO CELULAR;COLISÃO TRASEIRA;CÉU CLARO;DUPLA;RETA;NÃO;0
SC;BR-101;ITAJAI;9;3;TERÇA-FEIRA;1;0;7;06H-08H;MANHA;PLENO DIA;ACESSAR A VIA SEM OBSERVAR A PRESENÇA DOS OUTROS VEÍCULOS;COLISÃO TRANSVERSAL;CHUVA;DUPLA;"RETA;INTERSEÇÃO DE VIAS";SIM;0
SC;BR-101;GARUVA;9;3;TERÇA-FEIRA;1;0;7;06H-08H;MANHA;PLENO DIA;AUSÊNCIA DE REAÇÃO DO CONDUTOR;COLISÃO COM OBJETO;CHUVA;MÚLTIPLA;RETA;NÃO;0
RJ;BR-101;ANGRA DOS REIS;8;3;SEXTA-FEIRA;4;0;8;06H-08H;MANHA;PLENO DIA;FREAR BRUSCAMENTE;QUEDA DE OCUPANTE DE VEÍCULO;NUBLADO;SIMPLES;CURVA;SIM;0
MG;BR-262;MANHUACU;9;3;TERÇA-FEIRA;1;0;8;06H-08H;MANHA;PLENO DIA;REAÇÃO TARDIA OU INEFICIENTE DO CONDUTOR;COLISÃO TRASEIRA;CÉU CLARO;SIMPLES;"INTERSEÇÃO DE VIAS;CURVA";SIM;0
PE;BR-101;RECIFE;9;3;TERÇA-FEIRA;1;0;9;09H-11H;MANHA;PLENO DIA;CONDUTOR DEIXOU DE MANTER DISTÂNCIA DO VEÍCULO DA FRENTE;COLISÃO TRASEIRA;CÉU CLARO;SIMPLES;CURVA;SIM;0
RN;BR-405;APODI;9;3;TERÇA-FEIRA;1;0;8;06H-08H;MANHA;PLENO DIA;REAÇÃO TARDIA OU INEFICIENTE DO CONDUTOR;TOMBAMENTO;NUBLADO;SIMPLES;"DECLIVE;CURVA";NÃO;0
RS;BR-470;NOVA PRATA;9;3;TERÇA-FEIRA;1;0;7;06H-08H;MANHA;PLENO DIA;ACESSAR A VIA SEM OBSERVAR A PRESENÇA DOS OUTROS VEÍCULOS;COLISÃO TRANSVERSAL;CÉU CLARO;SIMPLES;RETA;NÃO;0
RJ;BR-040;DUQUE DE CAXIAS;9;3;TERÇA-FEIRA;1;0;8;06H-08H;MANHA;PLENO DIA;REAÇÃO TARDIA OU INEFICIENTE DO CONDUTOR;COLISÃO LATERAL MESMO SENTIDO;CÉU CLARO;MÚLTIPLA;RETA;SIM;0
RS;BR-116;SAO LEOPOLDO;9;3;TERÇA-FEIRA;1;0;10;09H-11H;MANHA;PLENO DIA;REAÇÃO TARDIA OU INEFICIENTE DO CONDUTOR;COLISÃO TRANSVERSAL;CÉU CLARO;DUPLA;RETA;NÃO;0
SC;BR-282;JOACABA;9;3;TERÇA-FEIRA;1;0;10;09H-11H;MANHA;PLENO DIA;AVARIAS E/OU DESGASTE EXCESSIVO NO PNEU;SAÍDA DE LEITO CARROÇÁVEL;NUBLADO;SIMPLES;CURVA;NÃO;0
ES;BR-101;VIANA;9;3;TERÇA-FEIRA;1;0;11;09H-11H;MANHA;PLENO DIA;REAÇÃO TARDIA OU INEFICIENTE DO CONDUTOR;TOMBAMENTO;CHUVA;MÚLTIPLA;RETA;SIM;0
MA;BR-010;IMPERATRIZ;9;3;TERÇA-FEIRA;1;0;8;06H-08H;MANHA;PLENO DIA;ANIMAIS NA PISTA;ATROPELAMENTO DE ANIMAL;CÉU CLARO;MÚLTIPLA;RETA;SIM;0
MG;BR-050;ARAGUARI;9;3;TERÇA-FEIRA;1;0;11;09H-11H;MANHA;PLENO DIA;VELOCIDADE INCOMPATÍVEL;SAÍDA DE LEITO CARROÇÁVEL;CÉU CLARO;DUPLA;"RETA;DECLIVE";NÃO;0
DF;BR-020;BRASILIA;9;3;TERÇA-FEIRA;1;0;11;09H-11H;MANHA;PLENO DIA;ULTRAPASSAGEM INDEVIDA;COLISÃO COM OBJETO;CÉU CLARO;DUPLA;RETA;SIM;0
PE;BR-428;PETROLINA;9;3;TERÇA-FEIRA;1;0;11;09H-11H;MANHA;PLENO DIA;REAÇÃO TARDIA OU INEFICIENTE DO CONDUTOR;COLISÃO LATERAL MESMO SENTIDO;CÉU CLARO;DUPLA;RETA;SIM;0
RN;BR-110;MOSSORO;8;3;QUINTA-FEIRA;3;0;13;12H-14H;TARDE;PLENO DIA;CONDUTOR DEIXOU DE MANTER DISTÂNCIA DO VEÍCULO DA FRENTE;EVENTOS ATÍPICOS;SOL;SIMPLES;"RETA;DECLIVE";SIM;0
SC;BR-101;BIGUACU;9;3;TERÇA-FEIRA;1;0;12;12H-14H;TARDE;PLENO DIA;REAÇÃO TARDIA OU INEFICIENTE DO CONDUTOR;TOMBAMENTO;CHUVA;DUPLA;"RETA;INTERSEÇÃO DE VIAS";SIM;0
RJ;BR-116;SAO JOAO DE MERITI;9;3;TERÇA-FEIRA;1;0;9;09H-11H;MANHA;PLENO DIA;DEMAIS FALHAS MECÂNICAS OU ELÉTRICAS;QUEDA DE OCUPANTE DE VEÍCULO;CÉU CLARO;MÚLTIPLA;RETA;SIM;0
PE;BR-101;RECIFE;9;3;TERÇA-FEIRA;1;0;12;12H-14H;TARDE;PLENO DIA;CONDUTOR USANDO CELULAR;COLISÃO TRASEIRA;CÉU CLARO;SIMPLES;RETA;SIM;0
RJ;BR-101;PARATY;9;3;TERÇA-FEIRA;1;0;11;09H-11H;MANHA;PLENO DIA;CONDUTOR DEIXOU DE MANTER DISTÂNCIA DO VEÍCULO DA FRENTE;COLISÃO TRASEIRA;CÉU CLARO;SIMPLES;RETA;SIM;0
MG;BR-040;SIMAO PEREIRA;9;3;TERÇA-FEIRA;1;0;11;09H-11H;MANHA;PLENO DIA;VELOCIDADE INCOMPATÍVEL;SAÍDA DE LEITO CARROÇÁVEL;CHUVA;DUPLA;"CURVA;DESVIO TEMPORÁRIO";NÃO;0
SC;BR-280;GUARAMIRIM;9;3;TERÇA-FEIRA;1;0;12;12H-14H;TARDE;PLENO DIA;TRANSITAR NA CONTRAMÃO;COLISÃO FRONTAL;CHUVA;DUPLA;RETA;SIM;0
SP;BR-153;GUAICARA;9;3;TERÇA-FEIRA;1;0;10;09H-11H;MANHA;PLENO DIA;ACUMULO DE AREIA OU DETRITOS SOBRE O PAVIMENTO;QUEDA DE OCUPANTE DE VEÍCULO;SOL;SIMPLES;RETA;NÃO;0
MG;BR-381;EXTREMA;9;3;TERÇA-FEIRA;1;0;13;12H-14H;TARDE;PLENO DIA;ACESSAR A VIA SEM OBSERVAR A PRESENÇA DOS OUTROS VEÍCULOS;COLISÃO TRANSVERSAL;CÉU CLARO;DUPLA;"DECLIVE;CURVA;RETORNO REGULAMENTADO";NÃO;0
SC;BR-470;RIO DO SUL;9;3;TERÇA-FEIRA;1;0;12;12H-14H;TARDE;PLENO DIA;ACESSAR A VIA SEM OBSERVAR A PRESENÇA DOS OUTROS VEÍCULOS;COLISÃO TRANSVERSAL;NUBLADO;SIMPLES;CURVA;NÃO;0
BA;BR-324;CANDEIAS;9;3;TERÇA-FEIRA;1;0;10;09H-11H;MANHA;PLENO DIA;AUSÊNCIA DE REAÇÃO DO CONDUTOR;QUEDA DE OCUPANTE DE VEÍCULO;NUBLADO;DUPLA;"RETA;EM OBRAS";NÃO;0
PE;BR-101;RECIFE;9;3;TERÇA-FEIRA;1;0;14;12H-14H;TARDE;PLENO DIA;MANOBRA DE MUDANÇA DE FAIXA;COLISÃO LATERAL MESMO SENTIDO;NUBLADO;DUPLA;RETA;NÃO;0
MG;BR-365;MONTES CLAROS;9;3;TERÇA-FEIRA;1;0;13;12H-14H;TARDE;PLENO DIA;ENTRADA INOPINADA DO PEDESTRE;ATROPELAMENTO DE PEDESTRE;CÉU CLARO;SIMPLES;"RETA;DECLIVE";NÃO;0
MG;BR-040;CONTAGEM;9;3;TERÇA-FEIRA;1;0;13;12H-14H;TARDE;PLENO DIA;CONDUTOR USANDO CELULAR;COLISÃO COM OBJETO;CÉU CLARO;DUPLA;RETA;SIM;0
GO;BR-060;ALEXANIA;9;3;TERÇA-FEIRA;1;0;14;12H-14H;TARDE;PLENO DIA;ACUMULO DE ÓLEO SOBRE O PAVIMENTO;TOMBAMENTO;CÉU CLARO;DUPLA;DECLIVE;NÃO;0
RS;BR-116;CAXIAS DO SUL;8;3;DOMINGO;6;1;16;15H-17H;TARDE;PLENO DIA;REAÇÃO TARDIA OU INEFICIENTE DO CONDUTOR;TOMBAMENTO;NUBLADO;MÚLTIPLA;CURVA;NÃO;0
MG;BR-116;LEOPOLDINA;9;3;TERÇA-FEIRA;1;0;8;06H-08H;MANHA;PLENO DIA;REAÇÃO TARDIA OU INEFICIENTE DO CONDUTOR;SAÍDA DE LEITO CARROÇÁVEL;CHUVA;SIMPLES;CURVA;NÃO;0
GO;BR-060;INDIARA;9;3;TERÇA-FEIRA;1;0;13;12H-14H;TARDE;PLENO DIA;FUMAÇA;COLISÃO TRASEIRA;CÉU CLARO;DUPLA;RETA;SIM;0
MG;BR-040;JUIZ DE FORA;9;3;TERÇA-FEIRA;1;0;12;12H-14H;TARDE;PLENO DIA;CONDUTOR DEIXOU DE MANTER DISTÂNCIA DO VEÍCULO DA FRENTE;COLISÃO TRASEIRA;CHUVA;DUPLA;CURVA;NÃO;0
DF;BR-080;BRASILIA;8;3;SEXTA-FEIRA;4;0;18;18H-20H;NOITE;PLENA NOITE;ULTRAPASSAGEM INDEVIDA;COLISÃO FRONTAL;CÉU CLARO;SIMPLES;RETA;NÃO;0
MT;BR-070;CACERES;9;3;TERÇA-FEIRA;1;0;9;09H-11H;MANHA;PLENO DIA;CONDUTOR DEIXOU DE MANTER DISTÂNCIA DO VEÍCULO DA FRENTE;COLISÃO TRASEIRA;CÉU CLARO;SIMPLES;"RETA;DECLIVE";NÃO;0
PB;BR-101;JOAO PESSOA;9;3;TERÇA-FEIRA;1;0;16;15H-17H;TARDE;PLENO DIA;REAÇÃO TARDIA OU INEFICIENTE DO CONDUTOR;TOMBAMENTO;GAROA/CHUVISCO;DUPLA;RETA;NÃO;0
RS;BR-116;CAXIAS DO SUL;9;3;TERÇA-FEIRA;1;0;16;15H-17H;TARDE;PLENO DIA;ACESSAR A VIA SEM OBSERVAR A PRESENÇA DOS OUTROS VEÍCULOS;COLISÃO TRANSVERSAL;CÉU CLARO;SIMPLES;RETA;SIM;0
SP;BR-116;JUQUITIBA;9;3;TERÇA-FEIRA;1;0;16;15H-17H;TARDE;ANOITECER;REAÇÃO TARDIA OU INEFICIENTE DO CONDUTOR;CAPOTAMENTO;CÉU CLARO;DUPLA;RETA;NÃO;0
BA;BR-367;PORTO SEGURO;9;3;TERÇA-FEIRA;1;0;17;15H-17H;TARDE;ANOITECER;ACESSAR A VIA SEM OBSERVAR A PRESENÇA DOS OUTROS VEÍCULOS;COLISÃO TRANSVERSAL;CHUVA;SIMPLES;RETA;SIM;0
RS;BR-116;SAO LEOPOLDO;9;3;TERÇA-FEIRA;1;0;18;18H-20H;NOITE;PLENA NOITE;MANOBRA DE MUDANÇA DE FAIXA;COLISÃO LATERAL MESMO SENTIDO;NUBLADO;MÚLTIPLA;"RETA;RETORNO REGULAMENTADO";SIM;0
SC;BR-101;PALHOCA;9;3;TERÇA-FEIRA;1;0;17;15H-17H;TARDE;ANOITECER;TRAFEGAR COM MOTOCICLETA (OU SIMILAR) ENTRE AS FAIXAS;COLISÃO LATERAL MESMO SENTIDO;NUBLADO;MÚLTIPLA;RETA;SIM;0
TO;BR-153;ARAGUAINA;9;3;TERÇA-FEIRA;1;0;17;15H-17H;TARDE;PLENO DIA;AVARIAS E/OU DESGASTE EXCESSIVO NO PNEU;QUEDA DE OCUPANTE DE VEÍCULO;CÉU CLARO;DUPLA;RETA;SIM;0
RS;BR-116;PORTO ALEGRE;2;1;QUARTA-FEIRA;2;0;8;06H-08H;MANHA;PLENO DIA;TRAFEGAR COM MOTOCICLETA (OU SIMILAR) ENTRE AS FAIXAS;COLISÃO LATERAL MESMO SENTIDO;CHUVA;DUPLA;RETA;SIM;0
MA;BR-135;SAO LUIS;9;3;TERÇA-FEIRA;1;0;18;18H-20H;NOITE;ANOITECER;AFUNDAMENTO OU ONDULAÇÃO NO PAVIMENTO;QUEDA DE OCUPANTE DE VEÍCULO;CÉU CLARO;DUPLA;RETA;SIM;0
SP;BR-153;SAO JOSE DO RIO PRETO;7;3;QUARTA-FEIRA;2;0;18;18H-20H;NOITE;PLENA NOITE;AUSÊNCIA DE REAÇÃO DO CONDUTOR;ENGAVETAMENTO;CÉU CLARO;MÚLTIPLA;DECLIVE;SIM;0
SE;BR-101;JAPARATUBA;9;3;TERÇA-FEIRA;1;0;18;18H-20H;NOITE;PLENA NOITE;DEMAIS FALHAS MECÂNICAS OU ELÉTRICAS;QUEDA DE OCUPANTE DE VEÍCULO;CÉU CLARO;DUPLA;RETA;NÃO;0
PR;BR-153;MALLET;9;3;TERÇA-FEIRA;1;0;4;03H-05H;MADRUGADA;PLENA NOITE;AUSÊNCIA DE REAÇÃO DO CONDUTOR;SAÍDA DE LEITO CARROÇÁVEL;CÉU CLARO;SIMPLES;RETA;NÃO;0
SC;BR-101;SAO JOSE;9;3;TERÇA-FEIRA;1;0;18;18H-20H;NOITE;PLENA NOITE;TRAFEGAR COM MOTOCICLETA (OU SIMILAR) ENTRE AS FAIXAS;COLISÃO TRASEIRA;NUBLADO;MÚLTIPLA;RETA;SIM;0
SC;BR-101;BALNEARIO CAMBORIU;9;3;TERÇA-FEIRA;1;0;17;15H-17H;TARDE;PLENO DIA;AUSÊNCIA DE REAÇÃO DO CONDUTOR;COLISÃO COM OBJETO;NUBLADO;DUPLA;ACLIVE;SIM;0
ES;BR-101;ITAPEMIRIM;9;3;TERÇA-FEIRA;1;0;19;18H-20H;NOITE;PLENA NOITE;REAÇÃO TARDIA OU INEFICIENTE DO CONDUTOR;ATROPELAMENTO DE PEDESTRE;NUBLADO;SIMPLES;CURVA;NÃO;1