uf;br_formatada;municipio;mes;trimestre;dia_semana;dia_semana_num;fim_de_semana;hora;faixa_horaria;turno;fase_dia;causa_acidente;tipo_acidente;condicao_metereologica;tipo_pista;tracado_via;uso_solo;acidente_fatal
PB;BR-101;BAYEUX;9;3;TERÇA-FEIRA;1;0;19;18H-20H;NOITE;PLENA NOITE;AUSÊNCIA DE REAÇÃO DO CONDUTOR;QUEDA DE OCUPANTE DE VEÍCULO;CHUVA;DUPLA;RETA;NÃO;0
RN;BR-304;MOSSORO;9;3;TERÇA-FEIRA;1;0;19;18H-20H;NOITE;PLENA NOITE;AUSÊNCIA DE REAÇÃO DO CONDUTOR;SAÍDA DE LEITO CARROÇÁVEL;CÉU CLARO;DUPLA;ROTATÓRIA;NÃO;0
MG;BR-116;GOVERNADOR VALADARES;9;3;TERÇA-FEIRA;1;0;18;18H-20H;NOITE;PLENA NOITE;REAÇÃO TARDIA OU INEFICIENTE DO CONDUTOR;COLISÃO TRASEIRA;CÉU CLARO;SIMPLES;RETA;NÃO;0
MG;BR-116;GOVERNADOR VALADARES;9;3;TERÇA-FEIRA;1;0;18;18H-20H;NOITE;PLENA NOITE;CONDUTOR DEIXOU DE MANTER DISTÂNCIA DO VEÍCULO DA FRENTE;COLISÃO TRASEIRA;NUBLADO;DUPLA;RETA;SIM;0
SP;BR-153;BADY BASSITT;9;3;TERÇA-FEIRA;1;0;19;18H-20H;NOITE;PLENA NOITE;AUSÊNCIA DE REAÇÃO DO CONDUTOR;SAÍDA DE LEITO CARROÇÁVEL;CÉU CLARO;DUPLA;DECLIVE;SIM;0
ES;BR-101;IBIRACU;9;3;TERÇA-FEIRA;1;0;19;18H-20H;NOITE;PLENA NOITE;REAÇÃO TARDIA OU INEFICIENTE DO CONDUTOR;SAÍDA DE LEITO CARROÇÁVEL;CHUVA;SIMPLES;RETA;NÃO;0
MS;BR-463;DOURADOS;8;3;SEXTA-FEIRA;4;0;6;06H-08H;MANHA;PLENO DIA;REAÇÃO TARDIA OU INEFICIENTE DO CONDUTOR;COLISÃO COM OBJETO;CÉU CLARO;SIMPLES;ROTATÓRIA;NÃO;0
SC;BR-282;FLORIANOPOLIS;9;3;TERÇA-FEIRA;1;0;19;18H-20H;NOITE;PLENA NOITE;REAÇÃO TARDIA OU INEFICIENTE DO CONDUTOR;COLISÃO LATERAL MESMO SENTIDO;CÉU CLARO;DUPLA;RETA;SIM;0
PR;BR-277;MATELANDIA;8;3;SEGUNDA-FEIRA;0;0;13;12H-14H;TARDE;PLENO DIA;AUSÊNCIA DE REAÇÃO DO CONDUTOR;ENGAVETAMENTO;CÉU CLARO;SIMPLES;"ACLIVE;RETA";NÃO;0
PR;BR-369;ROLANDIA;9;3;TERÇA-FEIRA;1;0;19;18H-20H;NOITE;PLENA NOITE;DESRESPEITAR A PREFERÊNCIA NO CRUZAMENTO;COLISÃO TRANSVERSAL;NUBLADO;SIMPLES;"INTERSEÇÃO DE VIAS;RETA";SIM;0
MT;BR-364;NOBRES;9;3;TERÇA-FEIRA;1;0;17;15H-17H;TARDE;ANOITECER;ACUMULO DE ÓLEO SOBRE O PAVIMENTO;QUEDA DE OCUPANTE DE VEÍCULO;CÉU CLARO;DUPLA;RETA;NÃO;0
RJ;BR-101;ANGRA DOS REIS;9;3;TERÇA-FEIRA;1;0;18;18H-20H;NOITE;PLENA NOITE;ACESSAR A VIA SEM OBSERVAR A PRESENÇA DOS OUTROS VEÍCULOS;ATROPELAMENTO DE PEDESTRE;CÉU CLARO;SIMPLES;RETA;SIM;0
RS;BR-386;FREDERICO WESTPHALEN;9;3;TERÇA-FEIRA;1;0;19;18H-20H;NOITE;PLENA NOITE;ACESSAR A VIA SEM OBSERVAR A PRESENÇA DOS OUTROS VEÍCULOS;COLISÃO TRANSVERSAL;NUBLADO;SIMPLES;"RETA;INTERSEÇÃO DE VIAS;ROTATÓRIA";SIM;0
AM;BR-174;MANAUS;9;3;TERÇA-FEIRA;1;0;19;18H-20H;NOITE;PLENA NOITE;PEDESTRE CRUZAVA A PISTA FORA DA FAIXA;ATROPELAMENTO DE PEDESTRE;CÉU CLARO;SIMPLES;"RETA;DECLIVE";NÃO;1
PA;BR-308;TRACUATEUA;9;3;TERÇA-FEIRA;1;0;18;18H-20H;NOITE;PLENA NOITE;DEIXAR DE ACIONAR O FAROL DA MOTOCICLETA (OU SIMILAR);COLISÃO TRASEIRA;CÉU CLARO;SIMPLES;"ACLIVE;RETA";NÃO;0
SC;BR-470;LONTRAS;9;3;TERÇA-FEIRA;1;0;17;15H-17H;TARDE;PLENO DIA;VELOCIDADE INCOMPATÍVEL;COLISÃO FRONTAL;NUBLADO;SIMPLES;CURVA;NÃO;1
RJ;BR-393;BARRA DO PIRAI;9;3;TERÇA-FEIRA;1;0;21;21H-23H;NOITE;PLENA NOITE;TRANSTORNOS MENTAIS (EXCETO SUICIDIO);INCÊNDIO;CÉU CLARO;SIMPLES;RETA;SIM;0
PR;BR-277;FOZ DO IGUACU;9;3;TERÇA-FEIRA;1;0;21;21H-23H;NOITE;PLENA NOITE;REAÇÃO TARDIA OU INEFICIENTE DO CONDUTOR;COLISÃO TRASEIRA;NUBLADO;DUPLA;RETA;SIM;0
SC;BR-101;PENHA;9;3;TERÇA-FEIRA;1;0;21;21H-23H;NOITE;PLENA NOITE;OBJETO ESTÁTICO SOBRE O LEITO CARROÇÁVEL;COLISÃO COM OBJETO;NUBLADO;DUPLA;RETA;NÃO;0
PA;BR-163;TRAIRAO;9;3;TERÇA-FEIRA;1;0;18;18H-20H;NOITE;ANOITECER;MANOBRA DE MUDANÇA DE FAIXA;COLISÃO FRONTAL;CÉU CLARO;SIMPLES;RETA;NÃO;0
MS;BR-463;PONTA PORA;9;3;TERÇA-FEIRA;1;0;20;18H-20H;NOITE;PLENA NOITE;REAÇÃO TARDIA OU INEFICIENTE DO CONDUTOR;SAÍDA DE LEITO CARROÇÁVEL;CÉU CLARO;SIMPLES;"RETA;INTERSEÇÃO DE VIAS";NÃO;0
MG;BR-262;MANHUACU;9;3;TERÇA-FEIRA;1;0;21;21H-23H;NOITE;PLENA NOITE;DESRESPEITAR A PREFERÊNCIA NO CRUZAMENTO;COLISÃO TRANSVERSAL;CÉU CLARO;SIMPLES;"RETA;INTERSEÇÃO DE VIAS";SIM;0
GO;BR-040;CRISTALINA;9;3;TERÇA-FEIRA;1;0;23;21H-23H;NOITE;PLENA NOITE;ANIMAIS NA PISTA;ATROPELAMENTO DE ANIMAL;CÉU CLARO;SIMPLES;RETA;NÃO;0
RN;BR-101;PARNAMIRIM;9;3;TERÇA-FEIRA;1;0;23;21H-23H;NOITE;PLENA NOITE;ACESSAR A VIA SEM OBSERVAR A PRESENÇA DOS OUTROS VEÍCULOS;COLISÃO LATERAL MESMO SENTIDO;CHUVA;DUPLA;RETA;SIM;0
SP;BR-101;UBATUBA;9;3;TERÇA-FEIRA;1;0;23;21H-23H;NOITE;PLENA NOITE;AUSÊNCIA DE REAÇÃO DO CONDUTOR;ATROPELAMENTO DE PEDESTRE;CÉU CLARO;SIMPLES;RETA;SIM;0
MG;BR-116;PONTO DOS VOLANTES;9;3;TERÇA-FEIRA;1;0;19;18H-20H;NOITE;PLENA NOITE;ACESSAR A VIA SEM OBSERVAR A PRESENÇA DOS OUTROS VEÍCULOS;COLISÃO TRANSVERSAL;NUBLADO;SIMPLES;"RETA;DECLIVE";SIM;0
SP;BR-381;SAO PAULO;9;3;TERÇA-FEIRA;1;0;23;21H-23H;NOITE;PLENA NOITE;REAÇÃO TARDIA OU INEFICIENTE DO CONDUTOR;TOMBAMENTO;CÉU CLARO;DUPLA;"CURVA;ACLIVE";NÃO;0
MS;BR-262;CAMPO GRANDE;9;3;TERÇA-FEIRA;1;0;23;21H-23H;NOITE;PLENA NOITE;AUSÊNCIA DE REAÇÃO DO CONDUTOR;SAÍDA DE LEITO CARROÇÁVEL;IGNORADO;SIMPLES;RETA;SIM;0
PR;BR-277;PALMEIRA;9;3;QUARTA-FEIRA;2;0;1;00H-02H;MADRUGADA;PLENA NOITE;CONDUTOR DORMINDO;SAÍDA DE LEITO CARROÇÁVEL;NUBLADO;SIMPLES;RETA;NÃO;0
MA;BR-010;CAMPESTRE DO MARANHAO;9;3;TERÇA-FEIRA;1;0;22;21H-23H;NOITE;PLENA NOITE;ACESSAR A VIA SEM OBSERVAR A PRESENÇA DOS OUTROS VEÍCULOS;COLISÃO TRANSVERSAL;CÉU CLARO;SIMPLES;"DECLIVE;INTERSEÇÃO DE VIAS;RETA";SIM;1
SP;BR-116;GUARULHOS;9;3;QUARTA-FEIRA;2;0;2;00H-02H;MADRUGADA;PLENA NOITE;REAÇÃO TARDIA OU INEFICIENTE DO CONDUTOR;COLISÃO LATERAL MESMO SENTIDO;CÉU CLARO;MÚLTIPLA;"RETA;DECLIVE";SIM;0
SC;BR-470;INDAIAL;9;3;QUARTA-FEIRA;2;0;3;03H-05H;MADRUGADA;PLENA NOITE;REAÇÃO TARDIA OU INEFICIENTE DO CONDUTOR;QUEDA DE OCUPANTE DE VEÍCULO;CHUVA;DUPLA;RETA;SIM;0
MG;BR-365;MONTE ALEGRE DE MINAS;9;3;QUARTA-FEIRA;2;0;3;03H-05H;MADRUGADA;PLENA NOITE;CONDUTOR DORMINDO;SAÍDA DE LEITO CARROÇÁVEL;CÉU CLARO;DUPLA;CURVA;NÃO;0
PB;BR-230;JOAO PESSOA;9;3;QUARTA-FEIRA;2;0;5;03H-05H;MADRUGADA;AMANHECER;REAÇÃO TARDIA OU INEFICIENTE DO CONDUTOR;SAÍDA DE LEITO CARROÇÁVEL;GAROA/CHUVISCO;DUPLA;CURVA;SIM;0
GO;BR-060;ANAPOLIS;9;3;QUARTA-FEIRA;2;0;6;06H-08H;MANHA;AMANHECER;AUSÊNCIA DE REAÇÃO DO CONDUTOR;TOMBAMENTO;CÉU CLARO;DUPLA;RETA;SIM;0
MG;BR-040;RIBEIRAO DAS NEVES;9;3;QUARTA-FEIRA;2;0;6;06H-08H;MANHA;PLENO DIA;CONDUTOR DEIXOU DE MANTER DISTÂNCIA DO VEÍCULO DA FRENTE;COLISÃO TRASEIRA;CÉU CLARO;DUPLA;RETA;NÃO;0
MG;BR-146;POCOS DE CALDAS;9;3;QUARTA-FEIRA;2;0;6;06H-08H;MANHA;PLENO DIA;MANOBRA DE MUDANÇA DE FAIXA;TOMBAMENTO;CÉU CLARO;DUPLA;ROTATÓRIA;SIM;0
PR;BR-116;CURITIBA;9;3;QUARTA-FEIRA;2;0;6;06H-08H;MANHA;PLENO DIA;REAÇÃO TARDIA OU INEFICIENTE DO CONDUTOR;COLISÃO TRASEIRA;SOL;DUPLA;RETA;SIM;0
RS;BR-116;CAXIAS DO SUL;9;3;QUARTA-FEIRA;2;0;5;03H-05H;MADRUGADA;AMANHECER;CONDUTOR DORMINDO;SAÍDA DE LEITO CARROÇÁVEL;CHUVA;DUPLA;RETA;SIM;0
DF;BR-040;BRASILIA;9;3;QUARTA-FEIRA;2;0;6;06H-08H;MANHA;PLENO DIA;TRAFEGAR COM MOTOCICLETA (OU SIMILAR) ENTRE AS FAIXAS;QUEDA DE OCUPANTE DE VEÍCULO;CÉU CLARO;DUPLA;RETA;SIM;0
SP;BR-153;BADY BASSITT;9;3;QUARTA-FEIRA;2;0;6;06H-08H;MANHA;PLENO DIA;DEMAIS FALHAS MECÂNICAS OU ELÉTRICAS;TOMBAMENTO;SOL;DUPLA;"ACLIVE;RETA";NÃO;0
DF;BR-070;BRASILIA;9;3;QUARTA-FEIRA;2;0;7;06H-08H;MANHA;PLENO DIA;ACESSAR A VIA SEM OBSERVAR A PRESENÇA DOS OUTROS VEÍCULOS;COLISÃO TRANSVERSAL;CÉU CLARO;DUPLA;RETA;NÃO;0
RJ;BR-116;RIO DE JANEIRO;9;3;QUARTA-FEIRA;2;0;7;06H-08H;MANHA;PLENO DIA;AUSÊNCIA DE REAÇÃO DO CONDUTOR;COLISÃO TRASEIRA;CÉU CLARO;DUPLA;RETA;SIM;0
SP;BR-153;SAO JOSE DO RIO PRETO;9;3;QUARTA-FEIRA;2;0;7;06H-08H;MANHA;PLENO DIA;TRAFEGAR COM MOTOCICLETA (OU SIMILAR) ENTRE AS FAIXAS;COLISÃO LATERAL MESMO SENTIDO;CÉU CLARO;DUPLA;RETA;SIM;0
RJ;BR-101;NITEROI;9;3;QUARTA-FEIRA;2;0;7;06H-08H;MANHA;PLENO DIA;CONDUTOR DEIXOU DE MANTER DISTÂNCIA DO VEÍCULO DA FRENTE;COLISÃO TRANSVERSAL;CÉU CLARO;DUPLA;RETA;SIM;0
MG;BR-381;BETIM;9;3;QUARTA-FEIRA;2;0;7;06H-08H;MANHA;PLENO DIA;MANOBRA DE MUDANÇA DE FAIXA;COLISÃO FRONTAL;CÉU CLARO;DUPLA;RETA;NÃO;0
SC;BR-282;FLORIANOPOLIS;9;3;QUARTA-FEIRA;2;0;7;06H-08H;MANHA;PLENO DIA;TRAFEGAR COM MOTOCICLETA (OU SIMILAR) ENTRE AS FAIXAS;COLISÃO TRASEIRA;NUBLADO;MÚLTIPLA;RETA;SIM;0
PR;BR-163;SANTO ANTONIO DO SUDOESTE;9;3;TERÇA-FEIRA;1;0;23;21H-23H;NOITE;PLENA NOITE;AUSÊNCIA DE REAÇÃO DO CONDUTOR;SAÍDA DE LEITO CARROÇÁVEL;CÉU CLARO;SIMPLES;CURVA;NÃO;1
BA;BR-324;TANQUINHO;9;3;QUARTA-FEIRA;2;0;6;06H-08H;MANHA;AMANHECER;AVARIAS E/OU DESGASTE EXCESSIVO NO PNEU;CAPOTAMENTO;NUBLADO;SIMPLES;"DECLIVE;CURVA";NÃO;0
CE;BR-116;FORTALEZA;9;3;QUARTA-FEIRA;2;0;7;06H-08H;MANHA;PLENO DIA;AUSÊNCIA DE REAÇÃO DO CONDUTOR;ENGAVETAMENTO;CÉU CLARO;DUPLA;RETA;SIM;0
RJ;BR-101;RIO DE JANEIRO;9;3;QUARTA-FEIRA;2;0;7;06H-08H;MANHA;PLENO DIA;DEMAIS FALHAS MECÂNICAS OU ELÉTRICAS;QUEDA DE OCUPANTE DE VEÍCULO;CÉU CLARO;DUPLA;"RETA;PONTE";NÃO;0
MG;BR-116;INHAPIM;9;3;TERÇA-FEIRA;1;0;12;12H-14H;TARDE;PLENO DIA;REAÇÃO TARDIA OU INEFICIENTE DO CONDUTOR;COLISÃO TRANSVERSAL;CÉU CLARO;SIMPLES;"INTERSEÇÃO DE VIAS;RETA";NÃO;0
BA;BR-324;FEIRA DE SANTANA;9;3;QUARTA-FEIRA;2;0;7;06H-08H;MANHA;PLENO DIA;RETORNO PROIBIDO;COLISÃO TRANSVERSAL;NUBLADO;SIMPLES;INTERSEÇÃO DE VIAS;SIM;0
MG;BR-365;UBERLANDIA;9;3;QUARTA-FEIRA;2;0;8;06H-08H;MANHA;PLENO DIA;ACESSAR A VIA SEM OBSERVAR A PRESENÇA DOS OUTROS VEÍCULOS;COLISÃO TRANSVERSAL;CÉU CLARO;DUPLA;RETA;SIM;0
PA;BR-010;IPIXUNA DO PARA;9;3;QUARTA-FEIRA;2;0;3;03H-05H;MADRUGADA;PLENA NOITE;AUSÊNCIA DE REAÇÃO DO CONDUTOR;COLISÃO FRONTAL;CÉU CLARO;SIMPLES;RETA;NÃO;1
RS;BR-386;MONTENEGRO;9;3;TERÇA-FEIRA;1;0;20;18H-20H;NOITE;PLENA NOITE;CURVA ACENTUADA;SAÍDA DE LEITO CARROÇÁVEL;CHUVA;SIMPLES;ROTATÓRIA;NÃO;0
RS;BR-290;PORTO ALEGRE;9;3;QUARTA-FEIRA;2;0;8;06H-08H;MANHA;PLENO DIA;FREAR BRUSCAMENTE;CAPOTAMENTO;CHUVA;SIMPLES;"CURVA;DECLIVE;VIADUTO";SIM;0
BA;BR-324;SIMOES FILHO;9;3;QUARTA-FEIRA;2;0;8;06H-08H;MANHA;PLENO DIA;REAÇÃO TARDIA OU INEFICIENTE DO CONDUTOR;ENGAVETAMENTO;NUBLADO;DUPLA;RETA;NÃO;0
RJ;BR-101;ANGRA DOS REIS;8;3;SEGUNDA-FEIRA;0;0;11;09H-11H;MANHA;PLENO DIA;ACESSAR A VIA SEM OBSERVAR A PRESENÇA DOS OUTROS VEÍCULOS;COLISÃO LATERAL SENTIDO OPOSTO;CÉU CLARO;SIMPLES;RETA;SIM;0
PB;BR-230;SANTA LUZIA;9;3;QUARTA-FEIRA;2;0;7;06H-08H;MANHA;PLENO DIA;OBJETO ESTÁTICO SOBRE O LEITO CARROÇÁVEL;SAÍDA DE LEITO CARROÇÁVEL;NUBLADO;SIMPLES;"RETA;DECLIVE";NÃO;0
GO;BR-040;LUZIANIA;9;3;QUARTA-FEIRA;2;0;8;06H-08H;MANHA;PLENO DIA;REAÇÃO TARDIA OU INEFICIENTE DO CONDUTOR;SAÍDA DE LEITO CARROÇÁVEL;NUBLADO;DUPLA;RETA;NÃO;0
RJ;BR-040;DUQUE DE CAXIAS;9;3;QUARTA-FEIRA;2;0;7;06H-08H;MANHA;PLENO DIA;REAÇÃO TARDIA OU INEFICIENTE DO CONDUTOR;COLISÃO TRASEIRA;CÉU CLARO;MÚLTIPLA;DECLIVE;SIM;0
DF;BR-020;BRASILIA;8;3;SEGUNDA-FEIRA;0;0;7;06H-08H;MANHA;PLENO DIA;TRAFEGAR COM MOTOCICLETA (OU SIMILAR) ENTRE AS FAIXAS;COLISÃO LATERAL MESMO SENTIDO;CÉU CLARO;DUPLA;"ACLIVE;RETA";SIM;0
PR;BR-476;SAO MATEUS DO SUL;9;3;TERÇA-FEIRA;1;0;21;21H-23H;NOITE;PLENA NOITE;TRANSITAR NA CONTRAMÃO;COLISÃO FRONTAL;NUBLADO;SIMPLES;RETA;NÃO;1
BA;BR-101;EUNAPOLIS;9;3;QUARTA-FEIRA;2;0;8;06H-08H;MANHA;PLENO DIA;PEDESTRE CRUZAVA A PISTA FORA DA FAIXA;ATROPELAMENTO DE PEDESTRE;NUBLADO;SIMPLES;RETA;NÃO;0
MG;BR-381;CAMBUI;9;3;QUARTA-FEIRA;2;0;8;06H-08H;MANHA;PLENO DIA;AUSÊNCIA DE REAÇÃO DO CONDUTOR;SAÍDA DE LEITO CARROÇÁVEL;SOL;DUPLA;RETA;SIM;0
CE;BR-116;PACAJUS;9;3;QUARTA-FEIRA;2;0;8;06H-08H;MANHA;PLENO DIA;VELOCIDADE INCOMPATÍVEL;COLISÃO TRANSVERSAL;CÉU CLARO;DUPLA;RETA;NÃO;0
RJ;BR-116;BARRA MANSA;9;3;QUARTA-FEIRA;2;0;8;06H-08H;MANHA;PLENO DIA;REAÇÃO TARDIA OU INEFICIENTE DO CONDUTOR;COLISÃO TRASEIRA;CÉU CLARO;MÚLTIPLA;CURVA;SIM;0
RS;BR-471;PANTANO GRANDE;8;3;SÁBADO;5;1;7;06H-08H;MANHA;AMANHECER;INGESTÃO DE ÁLCOOL PELO CONDUTOR;COLISÃO LATERAL SENTIDO OPOSTO;CHUVA;SIMPLES;RETA;NÃO;0
PE;BR-423;SAO CAITANO;9;3;QUARTA-FEIRA;2;0;9;09H-11H;MANHA;PLENO DIA;AUSÊNCIA DE REAÇÃO DO CONDUTOR;COLISÃO TRASEIRA;GAROA/CHUVISCO;SIMPLES;RETA;NÃO;0
SP;BR-153;LINS;9;3;QUARTA-FEIRA;2;0;8;06H-08H;MANHA;PLENO DIA;DEMAIS FALHAS MECÂNICAS OU ELÉTRICAS;TOMBAMENTO;CÉU CLARO;SIMPLES;RETA;NÃO;0
ES;BR-101;LINHARES;9;3;QUARTA-FEIRA;2;0;9;09H-11H;MANHA;PLENO DIA;TRAFEGAR COM MOTOCICLETA (OU SIMILAR) ENTRE AS FAIXAS;COLISÃO LATERAL MESMO SENTIDO;CÉU CLARO;DUPLA;RETA;SIM;0
SP;BR-381;GUARULHOS;9;3;QUARTA-FEIRA;2;0;8;06H-08H;MANHA;PLENO DIA;AUSÊNCIA DE REAÇÃO DO CONDUTOR;COLISÃO LATERAL MESMO SENTIDO;CÉU CLARO;SIMPLES;RETA;SIM;0
RO;BR-364;VILHENA;9;3;QUARTA-FEIRA;2;0;8;06H-08H;MANHA;PLENO DIA;MANOBRA DE MUDANÇA DE FAIXA;COLISÃO LATERAL MESMO SENTIDO;CÉU CLARO;SIMPLES;ROTATÓRIA;SIM;0
MG;BR-146;POCOS DE CALDAS;9;3;QUARTA-FEIRA;2;0;9;09H-11H;MANHA;PLENO DIA;AUSÊNCIA DE REAÇÃO DO CONDUTOR;COLISÃO TRASEIRA;CÉU CLARO;SIMPLES;"RETA;ACLIVE";NÃO;0
SP;BR-116;GUARULHOS;9;3;QUARTA-FEIRA;2;0;7;06H-08H;MANHA;PLENO DIA;ULTRAPASSAGEM INDEVIDA;COLISÃO TRASEIRA;CÉU CLARO;MÚLTIPLA;RETA;SIM;0
CE;BR-116;TABULEIRO DO NORTE;8;3;TERÇA-FEIRA;1;0;17;15H-17H;TARDE;PLENO DIA;ACESSAR A VIA SEM OBSERVAR A PRESENÇA DOS OUTROS VEÍCULOS;COLISÃO TRANSVERSAL;CÉU CLARO;SIMPLES;CURVA;NÃO;0
MG;BR-381;PERIQUITO;9;3;QUARTA-FEIRA;2;0;10;09H-11H;MANHA;PLENO DIA;ULTRAPASSAGEM INDEVIDA;SAÍDA DE LEITO CARROÇÁVEL;CÉU CLARO;SIMPLES;RETA;NÃO;0
RJ;BR-116;NOVA IGUACU;9;3;QUARTA-FEIRA;2;0;11;09H-11H;MANHA;PLENO DIA;AVARIAS E/OU DESGASTE EXCESSIVO NO PNEU;TOMBAMENTO;CÉU CLARO;DUPLA;RETA;SIM;0
MS;BR-163;JARAGUARI;9;3;QUARTA-FEIRA;2;0;10;09H-11H;MANHA;PLENO DIA;AVARIAS E/OU DESGASTE EXCESSIVO NO PNEU;SAÍDA DE LEITO CARROÇÁVEL;CÉU CLARO;DUPLA;RETA;NÃO;0
BA;BR-101;EUNAPOLIS;9;3;QUARTA-FEIRA;2;0;11;09H-11H;MANHA;PLENO DIA;REAÇÃO TARDIA OU INEFICIENTE DO CONDUTOR;COLISÃO TRASEIRA;NUBLADO;SIMPLES;RETA;SIM;0
SC;BR-101;JOINVILLE;9;3;QUARTA-FEIRA;2;0;11;09H-11H;MANHA;PLENO DIA;PISTA ESCORREGADIA;TOMBAMENTO;NUBLADO;DUPLA;CURVA;NÃO;0
MG;BR-365;UBERLANDIA;9;3;QUARTA-FEIRA;2;0;12;12H-14H;TARDE;PLENO DIA;MANOBRA DE MUDANÇA DE FAIXA;COLISÃO LATERAL MESMO SENTIDO;CÉU CLARO;DUPLA;RETA;SIM;0
PI;BR-343;CAPITAO DE CAMPOS;9;3;QUARTA-FEIRA;2;0;10;09H-11H;MANHA;PLENO DIA;ACESSAR A VIA SEM OBSERVAR A PRESENÇA DOS OUTROS VEÍCULOS;COLISÃO TRANSVERSAL;CÉU CLARO;DUPLA;"RETA;RETORNO REGULAMENTADO";SIM;0
AP;BR-210;PORTO GRANDE;9;3;QUARTA-FEIRA;2;0;12;12H-14H;TARDE;PLENO DIA;CONDUTOR DEIXOU DE MANTER DISTÂNCIA DO VEÍCULO DA FRENTE;COLISÃO TRASEIRA;CÉU CLARO;SIMPLES;RETA;SIM;0
ES;BR-101;SERRA;8;3;DOMINGO;6;1;23;21H-23H;NOITE;PLENA NOITE;TRANSITAR NA CONTRAMÃO;COLISÃO FRONTAL;NUBLADO;DUPLA;"RETA;PONTE";NÃO;1
MG;BR-050;UBERABA;9;3;QUARTA-FEIRA;2;0;11;09H-11H;MANHA;PLENO DIA;VELOCIDADE INCOMPATÍVEL;COLISÃO COM OBJETO;CÉU CLARO;DUPLA;CURVA;NÃO;0
MG;BR-365;INDIANOPOLIS;9;3;QUARTA-FEIRA;2;0;10;09H-11H;MANHA;PLENO DIA;PEDESTRE ANDAVA NA PISTA;ATROPELAMENTO DE PEDESTRE;CÉU CLARO;SIMPLES;RETA;NÃO;0
RJ;BR-101;SAO GONCALO;9;3;QUARTA-FEIRA;2;0;13;12H-14H;TARDE;PLENO DIA;REAÇÃO TARDIA OU INEFICIENTE DO CONDUTOR;COLISÃO TRASEIRA;CÉU CLARO;DUPLA;RETA;SIM;0
BA;BR-101;ITABELA;9;3;QUARTA-FEIRA;2;0;6;06H-08H;MANHA;PLENO DIA;AUSÊNCIA DE REAÇÃO DO CONDUTOR;SAÍDA DE LEITO CARROÇÁVEL;CHUVA;SIMPLES;CURVA;NÃO;0
SP;BR-116;ROSEIRA;9;3;QUARTA-FEIRA;2;0;13;12H-14H;TARDE;PLENO DIA;AUSÊNCIA DE REAÇÃO DO CONDUTOR;QUEDA DE OCUPANTE DE VEÍCULO;SOL;DUPLA;CURVA;SIM;0
BA;BR-116;LAMARAO;9;3;QUARTA-FEIRA;2;0;13;12H-14H;TARDE;PLENO DIA;REAÇÃO TARDIA OU INEFICIENTE DO CONDUTOR;COLISÃO TRASEIRA;CÉU CLARO;SIMPLES;RETA;NÃO;0
PE;BR-424;VENTUROSA;9;3;QUARTA-FEIRA;2;0;12;12H-14H;TARDE;PLENO DIA;DEMAIS FALHAS MECÂNICAS OU ELÉTRICAS;COLISÃO COM OBJETO;CÉU CLARO;SIMPLES;"DECLIVE;CURVA";NÃO;0
PB;BR-230;INGA;9;3;QUARTA-FEIRA;2;0;12;12H-14H;TARDE;PLENO DIA;DEMAIS FALHAS MECÂNICAS OU ELÉTRICAS;CAPOTAMENTO;CÉU CLARO;DUPLA;CURVA;NÃO;0
SP;BR-116;TAUBATE;9;3;QUARTA-FEIRA;2;0;12;12H-14H;TARDE;PLENO DIA;TRAFEGAR COM MOTOCICLETA (OU SIMILAR) ENTRE AS FAIXAS;COLISÃO TRASEIRA;SOL;DUPLA;RETA;SIM;0
MT;BR-070;BARRA DO GARCAS;9;3;QUARTA-FEIRA;2;0;12;12H-14H;TARDE;PLENO DIA;ULTRAPASSAGEM INDEVIDA;COLISÃO LATERAL MESMO SENTIDO;CÉU CLARO;SIMPLES;RETA;SIM;0
RS;BR-470;GARIBALDI;9;3;QUARTA-FEIRA;2;0;12;12H-14H;TARDE;PLENO DIA;ACESSAR A VIA SEM OBSERVAR A PRESENÇA DOS OUTROS VEÍCULOS;COLISÃO TRANSVERSAL;CÉU CLARO;SIMPLES;"RETA;RETORNO REGULAMENTADO";SIM;0
BA;BR-324;AMELIA RODRIGUES;8;3;TERÇA-FEIRA;1;0;17;15H-17H;TARDE;PLENO DIA;PISTA ESBURACADA;QUEDA DE OCUPANTE DE VEÍCULO;CÉU CLARO;DUPLA;RETA;NÃO;0
MA;BR-222;IGARAPE DO MEIO;9;3;TERÇA-FEIRA;1;0;10;09H-11H;MANHA;PLENO DIA;TRANSITAR NA CONTRAMÃO;COLISÃO TRANSVERSAL;CÉU CLARO;SIMPLES;RETA;NÃO;0
RS;BR-386;CARAZINHO;9;3;QUARTA-FEIRA;2;0;12;12H-14H;TARDE;PLENO DIA;PEDESTRE ANDAVA NA PISTA;ATROPELAMENTO DE PEDESTRE;CÉU CLARO;SIMPLES;"RETA;INTERSEÇÃO DE VIAS";SIM;0
PR;BR-153;SANTO ANTONIO DA PLATINA;9;3;QUARTA-FEIRA;2;0;13;12H-14H;TARDE;PLENO DIA;MANOBRA DE MUDANÇA DE FAIXA;COLISÃO FRONTAL;CÉU CLARO;SIMPLES;RETA;NÃO;0
PB;BR-230;CABEDELO;9;3;QUARTA-FEIRA;2;0;14;12H-14H;TARDE;PLENO DIA;ACESSAR A VIA SEM OBSERVAR A PRESENÇA DOS OUTROS VEÍCULOS;COLISÃO LATERAL MESMO SENTIDO;CHUVA;MÚLTIPLA;"RETA;INTERSEÇÃO DE VIAS";NÃO;0