uf;br_formatada;municipio;mes;trimestre;dia_semana;dia_semana_num;fim_de_semana;hora;faixa_horaria;turno;fase_dia;causa_acidente;tipo_acidente;condicao_metereologica;tipo_pista;tracado_via;uso_solo;acidente_fatal
RJ;BR-101;CAMPOS DOS GOYTACAZES;9;3;QUINTA-FEIRA;3;0;10;09H-11H;MANHA;PLENO DIA;REAÇÃO TARDIA OU INEFICIENTE DO CONDUTOR;COLISÃO TRASEIRA;SOL;SIMPLES;RETA;SIM;0
RJ;BR-356;ITALVA;9;3;QUINTA-FEIRA;3;0;9;09H-11H;MANHA;PLENO DIA;CONDUTOR DORMINDO;SAÍDA DE LEITO CARROÇÁVEL;CÉU CLARO;SIMPLES;CURVA;NÃO;0
MG;BR-381;LAVRAS;9;3;QUINTA-FEIRA;3;0;10;09H-11H;MANHA;PLENO DIA;DEMAIS FALHAS MECÂNICAS OU ELÉTRICAS;TOMBAMENTO;CÉU CLARO;DUPLA;RETA;NÃO;0
RJ;BR-101;CASIMIRO DE ABREU;9;3;QUINTA-FEIRA;3;0;12;12H-14H;TARDE;PLENO DIA;CONVERSÃO PROIBIDA;COLISÃO LATERAL MESMO SENTIDO;CÉU CLARO;SIMPLES;RETA;SIM;0
PR;BR-376;MARIALVA;9;3;QUINTA-FEIRA;3;0;11;09H-11H;MANHA;PLENO DIA;DEMAIS FALHAS MECÂNICAS OU ELÉTRICAS;TOMBAMENTO;CÉU CLARO;DUPLA;"RETA;DECLIVE";NÃO;0
BA;BR-324;FEIRA DE SANTANA;9;3;QUINTA-FEIRA;3;0;12;12H-14H;TARDE;PLENO DIA;REAÇÃO TARDIA OU INEFICIENTE DO CONDUTOR;TOMBAMENTO;CHUVA;DUPLA;CURVA;NÃO;0
RS;BR-285;CARAZINHO;9;3;QUINTA-FEIRA;3;0;8;06H-08H;MANHA;PLENO DIA;CHUVA;SAÍDA DE LEITO CARROÇÁVEL;CHUVA;SIMPLES;RETA;NÃO;0
RJ;BR-040;DUQUE DE CAXIAS;9;3;QUINTA-FEIRA;3;0;12;12H-14H;TARDE;PLENO DIA;AUSÊNCIA DE REAÇÃO DO CONDUTOR;COLISÃO TRASEIRA;SOL;MÚLTIPLA;RETA;SIM;0
MG;BR-040;SETE LAGOAS;9;3;QUINTA-FEIRA;3;0;12;12H-14H;TARDE;PLENO DIA;CONDUTOR DORMINDO;COLISÃO COM OBJETO;CÉU CLARO;DUPLA;ACLIVE;NÃO;0
TO;BR-010;PALMAS;7;3;SÁBADO;5;1;19;18H-20H;NOITE;PLENA NOITE;VELOCIDADE INCOMPATÍVEL;COLISÃO LATERAL MESMO SENTIDO;CÉU CLARO;MÚLTIPLA;RETA;SIM;1
SP;BR-381;ATIBAIA;9;3;QUINTA-FEIRA;3;0;14;12H-14H;TARDE;PLENO DIA;REAÇÃO TARDIA OU INEFICIENTE DO CONDUTOR;COLISÃO LATERAL MESMO SENTIDO;CÉU CLARO;DUPLA;ACLIVE;NÃO;0
RS;BR-290;ELDORADO DO SUL;9;3;QUINTA-FEIRA;3;0;14;12H-14H;TARDE;PLENO DIA;MANOBRA DE MUDANÇA DE FAIXA;COLISÃO LATERAL MESMO SENTIDO;CHUVA;DUPLA;RETA;NÃO;0
MG;BR-040;CONSELHEIRO LAFAIETE;9;3;QUINTA-FEIRA;3;0;14;12H-14H;TARDE;PLENO DIA;AUSÊNCIA DE REAÇÃO DO CONDUTOR;COLISÃO COM OBJETO;CÉU CLARO;SIMPLES;"RETA;ACLIVE";NÃO;0
AL;BR-101;SAO MIGUEL DOS CAMPOS;9;3;QUINTA-FEIRA;3;0;14;12H-14H;TARDE;PLENO DIA;PEDESTRE CRUZAVA A PISTA FORA DA FAIXA;ATROPELAMENTO DE PEDESTRE;CÉU CLARO;DUPLA;RETA;SIM;0
BA;BR-324;FEIRA DE SANTANA;9;3;QUINTA-FEIRA;3;0;14;12H-14H;TARDE;PLENO DIA;REAÇÃO TARDIA OU INEFICIENTE DO CONDUTOR;COLISÃO TRANSVERSAL;CÉU CLARO;SIMPLES;RETA;SIM;0
MS;BR-376;NOVA ANDRADINA;8;3;DOMINGO;6;1;7;06H-08H;MANHA;PLENO DIA;REAÇÃO TARDIA OU INEFICIENTE DO CONDUTOR;TOMBAMENTO;CÉU CLARO;SIMPLES;CURVA;NÃO;0
BA;BR-116;SANTA BARBARA;9;3;QUINTA-FEIRA;3;0;14;12H-14H;TARDE;PLENO DIA;CONDUTOR DEIXOU DE MANTER DISTÂNCIA DO VEÍCULO DA FRENTE;COLISÃO TRASEIRA;NUBLADO;DUPLA;RETA;SIM;0
PE;BR-232;RECIFE;9;3;QUINTA-FEIRA;3;0;15;15H-17H;TARDE;PLENO DIA;CONDUTOR DEIXOU DE MANTER DISTÂNCIA DO VEÍCULO DA FRENTE;COLISÃO TRASEIRA;CÉU CLARO;DUPLA;RETA;SIM;0
RS;BR-386;CARAZINHO;9;3;QUINTA-FEIRA;3;0;14;12H-14H;TARDE;PLENO DIA;VELOCIDADE INCOMPATÍVEL;SAÍDA DE LEITO CARROÇÁVEL;CHUVA;SIMPLES;RETA;NÃO;1
MG;BR-365;UBERLANDIA;9;3;QUINTA-FEIRA;3;0;15;15H-17H;TARDE;PLENO DIA;AUSÊNCIA DE REAÇÃO DO CONDUTOR;COLISÃO TRASEIRA;CÉU CLARO;DUPLA;RETA;NÃO;0
ES;BR-101;SERRA;9;3;QUINTA-FEIRA;3;0;15;15H-17H;TARDE;PLENO DIA;ACESSAR A VIA SEM OBSERVAR A PRESENÇA DOS OUTROS VEÍCULOS;COLISÃO TRASEIRA;NUBLADO;DUPLA;"DECLIVE;RETA";SIM;0
SC;BR-101;PORTO BELO;9;3;QUINTA-FEIRA;3;0;16;15H-17H;TARDE;PLENO DIA;ACESSAR A VIA SEM OBSERVAR A PRESENÇA DOS OUTROS VEÍCULOS;COLISÃO TRANSVERSAL;NUBLADO;MÚLTIPLA;RETA;SIM;0
BA;BR-324;FEIRA DE SANTANA;4;2;QUARTA-FEIRA;2;0;17;15H-17H;TARDE;PLENO DIA;ACESSAR A VIA SEM OBSERVAR A PRESENÇA DOS OUTROS VEÍCULOS;COLISÃO TRANSVERSAL;CÉU CLARO;SIMPLES;RETA;SIM;0
MG;BR-116;ITAOBIM;9;3;QUINTA-FEIRA;3;0;15;15H-17H;TARDE;PLENO DIA;AUSÊNCIA DE REAÇÃO DO CONDUTOR;ATROPELAMENTO DE PEDESTRE;NUBLADO;SIMPLES;RETA;SIM;0
AL;BR-104;SAO JOSE DA LAJE;9;3;QUINTA-FEIRA;3;0;10;09H-11H;MANHA;PLENO DIA;CHUVA;COLISÃO COM OBJETO;CHUVA;SIMPLES;CURVA;NÃO;0
BA;BR-116;NOVA ITARANA;9;3;QUINTA-FEIRA;3;0;14;12H-14H;TARDE;PLENO DIA;VELOCIDADE INCOMPATÍVEL;TOMBAMENTO;NUBLADO;SIMPLES;CURVA;NÃO;0
PR;BR-116;SAO JOSE DOS PINHAIS;9;3;QUINTA-FEIRA;3;0;17;15H-17H;TARDE;PLENO DIA;AUSÊNCIA DE REAÇÃO DO CONDUTOR;QUEDA DE OCUPANTE DE VEÍCULO;CÉU CLARO;DUPLA;RETA;SIM;0
SC;BR-101;ARARANGUA;9;3;QUINTA-FEIRA;3;0;14;12H-14H;TARDE;PLENO DIA;AUSÊNCIA DE REAÇÃO DO CONDUTOR;TOMBAMENTO;GAROA/CHUVISCO;MÚLTIPLA;RETA;NÃO;0
MA;BR-135;SAO LUIS;9;3;QUINTA-FEIRA;3;0;16;15H-17H;TARDE;PLENO DIA;ACESSAR A VIA SEM OBSERVAR A PRESENÇA DOS OUTROS VEÍCULOS;COLISÃO TRANSVERSAL;CÉU CLARO;SIMPLES;RETA;SIM;0
PI;BR-316;VALENCA DO PIAUI;9;3;QUINTA-FEIRA;3;0;17;15H-17H;TARDE;PLENO DIA;AUSÊNCIA DE REAÇÃO DO CONDUTOR;COLISÃO TRASEIRA;CÉU CLARO;SIMPLES;RETA;NÃO;0
RS;BR-386;NOVA SANTA RITA;9;3;QUINTA-FEIRA;3;0;17;15H-17H;TARDE;ANOITECER;ACESSAR A VIA SEM OBSERVAR A PRESENÇA DOS OUTROS VEÍCULOS;COLISÃO TRANSVERSAL;CHUVA;DUPLA;ROTATÓRIA;SIM;0
SC;BR-101;BARRA VELHA;9;3;QUINTA-FEIRA;3;0;17;15H-17H;TARDE;ANOITECER;ULTRAPASSAGEM INDEVIDA;COLISÃO LATERAL MESMO SENTIDO;NUBLADO;DUPLA;RETA;NÃO;0
PR;BR-153;JACAREZINHO;9;3;QUINTA-FEIRA;3;0;17;15H-17H;TARDE;ANOITECER;INGESTÃO DE ÁLCOOL PELO CONDUTOR;SAÍDA DE LEITO CARROÇÁVEL;CÉU CLARO;SIMPLES;CURVA;NÃO;0
RJ;BR-101;ITAGUAI;9;3;QUINTA-FEIRA;3;0;15;15H-17H;TARDE;PLENO DIA;ACESSO IRREGULAR;COLISÃO TRASEIRA;CÉU CLARO;MÚLTIPLA;RETA;NÃO;0
MG;BR-381;GOVERNADOR VALADARES;9;3;QUINTA-FEIRA;3;0;16;15H-17H;TARDE;PLENO DIA;ACESSAR A VIA SEM OBSERVAR A PRESENÇA DOS OUTROS VEÍCULOS;COLISÃO TRANSVERSAL;CÉU CLARO;SIMPLES;INTERSEÇÃO DE VIAS;NÃO;0
ES;BR-262;IUNA;9;3;QUINTA-FEIRA;3;0;17;15H-17H;TARDE;ANOITECER;TRANSITAR NA CONTRAMÃO;COLISÃO FRONTAL;CÉU CLARO;SIMPLES;"ACLIVE;CURVA";NÃO;1
PE;BR-428;PETROLINA;9;3;QUINTA-FEIRA;3;0;17;15H-17H;TARDE;ANOITECER;INGESTÃO DE ÁLCOOL PELO CONDUTOR;COLISÃO TRASEIRA;CÉU CLARO;DUPLA;RETA;SIM;0
RJ;BR-101;ANGRA DOS REIS;9;3;QUINTA-FEIRA;3;0;18;18H-20H;NOITE;PLENA NOITE;REAÇÃO TARDIA OU INEFICIENTE DO CONDUTOR;QUEDA DE OCUPANTE DE VEÍCULO;CÉU CLARO;SIMPLES;INTERSEÇÃO DE VIAS;SIM;0
RJ;BR-101;ITAGUAI;9;3;QUINTA-FEIRA;3;0;16;15H-17H;TARDE;PLENO DIA;ENTRADA INOPINADA DO PEDESTRE;ATROPELAMENTO DE PEDESTRE;NUBLADO;DUPLA;RETA;NÃO;1
RS;BR-386;POUSO NOVO;8;3;SÁBADO;5;1;10;09H-11H;MANHA;PLENO DIA;PISTA ESCORREGADIA;COLISÃO TRASEIRA;CHUVA;SIMPLES;CURVA;NÃO;0
SC;BR-101;BARRA VELHA;9;3;QUINTA-FEIRA;3;0;16;15H-17H;TARDE;PLENO DIA;REAÇÃO TARDIA OU INEFICIENTE DO CONDUTOR;COLISÃO TRASEIRA;NUBLADO;DUPLA;RETA;NÃO;0
ES;BR-262;CARIACICA;9;3;QUINTA-FEIRA;3;0;18;18H-20H;NOITE;PLENA NOITE;MANOBRA DE MUDANÇA DE FAIXA;COLISÃO LATERAL MESMO SENTIDO;NUBLADO;DUPLA;PONTE;SIM;0
PR;BR-369;LONDRINA;9;3;QUINTA-FEIRA;3;0;18;18H-20H;NOITE;ANOITECER;CONDUTOR DEIXOU DE MANTER DISTÂNCIA DO VEÍCULO DA FRENTE;COLISÃO TRASEIRA;CÉU CLARO;DUPLA;RETA;SIM;0
PR;BR-376;MARINGA;9;3;QUINTA-FEIRA;3;0;17;15H-17H;TARDE;PLENO DIA;CARGA EXCESSIVA E/OU MAL ACONDICIONADA;COLISÃO COM OBJETO;CÉU CLARO;DUPLA;"CURVA;ACLIVE";NÃO;0
SC;BR-101;PORTO BELO;9;3;QUINTA-FEIRA;3;0;18;18H-20H;NOITE;ANOITECER;MANOBRA DE MUDANÇA DE FAIXA;COLISÃO LATERAL MESMO SENTIDO;NUBLADO;MÚLTIPLA;RETA;SIM;0
RJ;BR-116;SAO JOAO DE MERITI;9;3;QUINTA-FEIRA;3;0;18;18H-20H;NOITE;PLENA NOITE;MANOBRA DE MUDANÇA DE FAIXA;COLISÃO LATERAL MESMO SENTIDO;CÉU CLARO;DUPLA;RETA;NÃO;0
PE;BR-232;JABOATAO DOS GUARARAPES;9;3;QUINTA-FEIRA;3;0;18;18H-20H;NOITE;PLENA NOITE;DEMAIS FALHAS NA VIA;QUEDA DE OCUPANTE DE VEÍCULO;CHUVA;MÚLTIPLA;RETA;SIM;0
DF;BR-070;BRASILIA;9;3;QUINTA-FEIRA;3;0;18;18H-20H;NOITE;ANOITECER;TRAFEGAR COM MOTOCICLETA (OU SIMILAR) ENTRE AS FAIXAS;COLISÃO LATERAL MESMO SENTIDO;NUBLADO;DUPLA;RETA;SIM;0
MG;BR-381;NOVA ERA;9;3;QUINTA-FEIRA;3;0;17;15H-17H;TARDE;PLENO DIA;DESRESPEITAR A PREFERÊNCIA NO CRUZAMENTO;COLISÃO TRANSVERSAL;CÉU CLARO;SIMPLES;"RETA;INTERSEÇÃO DE VIAS";NÃO;0
SP;BR-116;GUARULHOS;9;3;QUINTA-FEIRA;3;0;18;18H-20H;NOITE;PLENA NOITE;AUSÊNCIA DE REAÇÃO DO CONDUTOR;COLISÃO TRASEIRA;CÉU CLARO;MÚLTIPLA;RETA;SIM;0
GO;BR-070;ARAGARCAS;9;3;QUINTA-FEIRA;3;0;19;18H-20H;NOITE;PLENA NOITE;REAÇÃO TARDIA OU INEFICIENTE DO CONDUTOR;COLISÃO TRANSVERSAL;CÉU CLARO;DUPLA;RETA;SIM;0
PE;BR-IGNORADA;RECIFE;9;3;QUINTA-FEIRA;3;0;11;09H-11H;MANHA;PLENO DIA;TRANSITAR NA CALÇADA;COLISÃO TRANSVERSAL;CÉU CLARO;MÚLTIPLA;RETA;SIM;0
RO;BR-174;VILHENA;9;3;QUINTA-FEIRA;3;0;18;18H-20H;NOITE;PLENA NOITE;CONVERSÃO PROIBIDA;COLISÃO LATERAL MESMO SENTIDO;CÉU CLARO;SIMPLES;RETA;SIM;0
MG;BR-365;PATOS DE MINAS;9;3;QUINTA-FEIRA;3;0;19;18H-20H;NOITE;PLENA NOITE;REAÇÃO TARDIA OU INEFICIENTE DO CONDUTOR;COLISÃO TRASEIRA;CÉU CLARO;DUPLA;CURVA;NÃO;0
RO;BR-435;COLORADO DO OESTE;9;3;QUINTA-FEIRA;3;0;16;15H-17H;TARDE;PLENO DIA;ACESSAR A VIA SEM OBSERVAR A PRESENÇA DOS OUTROS VEÍCULOS;COLISÃO TRANSVERSAL;CÉU CLARO;DUPLA;"INTERSEÇÃO DE VIAS;RETA";SIM;0
SC;BR-101;TUBARAO;9;3;QUINTA-FEIRA;3;0;19;18H-20H;NOITE;PLENA NOITE;DEMAIS FALHAS MECÂNICAS OU ELÉTRICAS;INCÊNDIO;CHUVA;MÚLTIPLA;RETA;SIM;0
PB;BR-101;BAYEUX;9;3;QUINTA-FEIRA;3;0;20;18H-20H;NOITE;PLENA NOITE;TRANSTORNOS MENTAIS (EXCETO SUICIDIO);ATROPELAMENTO DE PEDESTRE;CÉU CLARO;DUPLA;RETA;SIM;1
GO;BR-153;GOIANIA;9;3;QUINTA-FEIRA;3;0;20;18H-20H;NOITE;PLENA NOITE;CONDUTOR DORMINDO;COLISÃO TRASEIRA;VENTO;DUPLA;"RETA;ACLIVE";SIM;0
RR;BR-174;BOA VISTA;9;3;QUINTA-FEIRA;3;0;15;15H-17H;TARDE;PLENO DIA;CHUVA;COLISÃO FRONTAL;CHUVA;SIMPLES;CURVA;NÃO;0
RJ;BR-101;RIO BONITO;9;3;QUINTA-FEIRA;3;0;19;18H-20H;NOITE;PLENA NOITE;REAÇÃO TARDIA OU INEFICIENTE DO CONDUTOR;SAÍDA DE LEITO CARROÇÁVEL;CÉU CLARO;DUPLA;RETA;NÃO;0
SC;BR-101;JOINVILLE;9;3;QUINTA-FEIRA;3;0;16;15H-17H;TARDE;PLENO DIA;CONDUTOR DEIXOU DE MANTER DISTÂNCIA DO VEÍCULO DA FRENTE;COLISÃO TRASEIRA;NUBLADO;DUPLA;RETA;SIM;0
SC;BR-101;JOINVILLE;9;3;QUINTA-FEIRA;3;0;19;18H-20H;NOITE;PLENA NOITE;DESRESPEITAR A PREFERÊNCIA NO CRUZAMENTO;COLISÃO TRANSVERSAL;NUBLADO;DUPLA;"VIADUTO;INTERSEÇÃO DE VIAS;ROTATÓRIA";SIM;0
PR;BR-376;PONTA GROSSA;9;3;QUINTA-FEIRA;3;0;17;15H-17H;TARDE;PLENO DIA;MANOBRA DE MUDANÇA DE FAIXA;QUEDA DE OCUPANTE DE VEÍCULO;CÉU CLARO;DUPLA;ACLIVE;NÃO;0
AM;BR-174;MANAUS;9;3;QUINTA-FEIRA;3;0;16;15H-17H;TARDE;PLENO DIA;VELOCIDADE INCOMPATÍVEL;COLISÃO FRONTAL;CÉU CLARO;SIMPLES;ACLIVE;NÃO;1
SC;BR-101;SAO JOSE;9;3;QUINTA-FEIRA;3;0;20;18H-20H;NOITE;PLENO DIA;DEMAIS FALHAS MECÂNICAS OU ELÉTRICAS;COLISÃO TRASEIRA;NUBLADO;MÚLTIPLA;RETA;SIM;0
SC;BR-280;GUARAMIRIM;9;3;QUINTA-FEIRA;3;0;21;21H-23H;NOITE;PLENA NOITE;DESRESPEITAR A PREFERÊNCIA NO CRUZAMENTO;COLISÃO TRANSVERSAL;GAROA/CHUVISCO;SIMPLES;"INTERSEÇÃO DE VIAS;VIADUTO;ROTATÓRIA";SIM;0
RS;BR-472;ITAQUI;9;3;QUINTA-FEIRA;3;0;20;18H-20H;NOITE;PLENA NOITE;AUSÊNCIA DE REAÇÃO DO CONDUTOR;SAÍDA DE LEITO CARROÇÁVEL;NUBLADO;SIMPLES;RETA;NÃO;0
MG;BR-381;CAMANDUCAIA;9;3;QUINTA-FEIRA;3;0;20;18H-20H;NOITE;PLENA NOITE;AUSÊNCIA DE REAÇÃO DO CONDUTOR;COLISÃO TRASEIRA;CÉU CLARO;DUPLA;ACLIVE;NÃO;0
PB;BR-104;ESPERANCA;9;3;QUINTA-FEIRA;3;0;20;18H-20H;NOITE;PLENA NOITE;AUSÊNCIA DE REAÇÃO DO CONDUTOR;COLISÃO FRONTAL;CHUVA;SIMPLES;RETA;NÃO;0
BA;BR-116;SERRINHA;9;3;QUINTA-FEIRA;3;0;18;18H-20H;NOITE;PLENA NOITE;TRANSITAR NA CONTRAMÃO;QUEDA DE OCUPANTE DE VEÍCULO;CHUVA;SIMPLES;RETA;NÃO;0
BA;BR-116;VITORIA DA CONQUISTA;9;3;QUINTA-FEIRA;3;0;21;21H-23H;NOITE;PLENA NOITE;PISTA ESBURACADA;COLISÃO COM OBJETO;NUBLADO;MÚLTIPLA;"ACLIVE;RETA";NÃO;0
SC;BR-163;DIONISIO CERQUEIRA;9;3;QUINTA-FEIRA;3;0;19;18H-20H;NOITE;PLENA NOITE;AUSÊNCIA DE REAÇÃO DO CONDUTOR;COLISÃO COM OBJETO;NUBLADO;SIMPLES;"ACLIVE;CURVA";NÃO;0
RJ;BR-040;DUQUE DE CAXIAS;9;3;TERÇA-FEIRA;1;0;8;06H-08H;MANHA;PLENO DIA;REAÇÃO TARDIA OU INEFICIENTE DO CONDUTOR;COLISÃO LATERAL MESMO SENTIDO;CÉU CLARO;MÚLTIPLA;RETA;SIM;0
SP;BR-116;GUARULHOS;9;3;QUINTA-FEIRA;3;0;22;21H-23H;NOITE;PLENA NOITE;TRAFEGAR COM MOTOCICLETA (OU SIMILAR) ENTRE AS FAIXAS;COLISÃO LATERAL MESMO SENTIDO;IGNORADO;MÚLTIPLA;RETA;SIM;0
PE;BR-101;ITAPISSUMA;9;3;QUINTA-FEIRA;3;0;21;21H-23H;NOITE;PLENA NOITE;DEMAIS FALHAS MECÂNICAS OU ELÉTRICAS;TOMBAMENTO;CHUVA;DUPLA;RETA;NÃO;0
GO;BR-153;MORRINHOS;9;3;QUINTA-FEIRA;3;0;19;18H-20H;NOITE;PLENA NOITE;REAÇÃO TARDIA OU INEFICIENTE DO CONDUTOR;CAPOTAMENTO;CÉU CLARO;DUPLA;RETA;NÃO;0
RJ;BR-101;RIO BONITO;8;3;DOMINGO;6;1;18;18H-20H;NOITE;ANOITECER;VELOCIDADE INCOMPATÍVEL;COLISÃO COM OBJETO;CÉU CLARO;DUPLA;CURVA;SIM;0
SP;BR-116;SANTA ISABEL;9;3;QUINTA-FEIRA;3;0;22;21H-23H;NOITE;PLENA NOITE;AUSÊNCIA DE REAÇÃO DO CONDUTOR;CAPOTAMENTO;NUBLADO;DUPLA;RETA;SIM;0
AL;BR-423;DELMIRO GOUVEIA;9;3;QUINTA-FEIRA;3;0;21;21H-23H;NOITE;PLENA NOITE;ANIMAIS NA PISTA;ATROPELAMENTO DE ANIMAL;CÉU CLARO;SIMPLES;"RETA;DECLIVE";NÃO;1
RO;BR-364;JI-PARANA;9;3;QUINTA-FEIRA;3;0;20;18H-20H;NOITE;PLENA NOITE;ENTRADA INOPINADA DO PEDESTRE;ATROPELAMENTO DE PEDESTRE;CÉU CLARO;DUPLA;RETA;SIM;0
PE;BR-101;RECIFE;9;3;QUINTA-FEIRA;3;0;22;21H-23H;NOITE;PLENA NOITE;ACUMULO DE ÁGUA SOBRE O PAVIMENTO;QUEDA DE OCUPANTE DE VEÍCULO;CHUVA;DUPLA;RETA;SIM;0
MG;BR-050;DELTA;9;3;QUINTA-FEIRA;3;0;18;18H-20H;NOITE;ANOITECER;AUSÊNCIA DE REAÇÃO DO CONDUTOR;COLISÃO TRASEIRA;CÉU CLARO;DUPLA;RETA;NÃO;0
RJ;BR-101;SAO GONCALO;9;3;QUINTA-FEIRA;3;0;23;21H-23H;NOITE;PLENA NOITE;MANOBRA DE MUDANÇA DE FAIXA;COLISÃO LATERAL MESMO SENTIDO;CÉU CLARO;DUPLA;RETA;SIM;0
PR;BR-369;JANDAIA DO SUL;9;3;QUINTA-FEIRA;3;0;23;21H-23H;NOITE;PLENA NOITE;AUSÊNCIA DE REAÇÃO DO CONDUTOR;COLISÃO TRASEIRA;CÉU CLARO;SIMPLES;RETA;NÃO;0
RO;BR-364;JARU;9;3;QUINTA-FEIRA;3;0;22;21H-23H;NOITE;PLENA NOITE;INGESTÃO DE ÁLCOOL PELO CONDUTOR;SAÍDA DE LEITO CARROÇÁVEL;CÉU CLARO;SIMPLES;RETA;NÃO;0
MS;BR-262;AGUA CLARA;9;3;QUINTA-FEIRA;3;0;21;21H-23H;NOITE;PLENA NOITE;DEMAIS FALHAS MECÂNICAS OU ELÉTRICAS;INCÊNDIO;CÉU CLARO;SIMPLES;"CURVA;DECLIVE";NÃO;0
SC;BR-101;SAO JOSE;9;3;SEXTA-FEIRA;4;0;0;00H-02H;MADRUGADA;PLENA NOITE;CONDUTOR DEIXOU DE MANTER DISTÂNCIA DO VEÍCULO DA FRENTE;COLISÃO TRASEIRA;CHUVA;MÚLTIPLA;RETA;SIM;0
MG;BR-381;SANTANA DO PARAISO;9;3;QUINTA-FEIRA;3;0;20;18H-20H;NOITE;PLENA NOITE;ACESSO IRREGULAR;COLISÃO TRANSVERSAL;CÉU CLARO;SIMPLES;RETA;SIM;0
GO;BR-060;GOIANAPOLIS;9;3;SEXTA-FEIRA;4;0;0;00H-02H;MADRUGADA;PLENA NOITE;REAÇÃO TARDIA OU INEFICIENTE DO CONDUTOR;QUEDA DE OCUPANTE DE VEÍCULO;CÉU CLARO;DUPLA;RETA;NÃO;0
PR;BR-277;SAO JOSE DOS PINHAIS;9;3;SEXTA-FEIRA;4;0;2;00H-02H;MADRUGADA;PLENA NOITE;AUSÊNCIA DE REAÇÃO DO CONDUTOR;COLISÃO TRASEIRA;CÉU CLARO;DUPLA;RETA;SIM;0
RJ;BR-101;ITABORAI;9;3;SEXTA-FEIRA;4;0;0;00H-02H;MADRUGADA;PLENA NOITE;TRANSITAR NA CONTRAMÃO;COLISÃO FRONTAL;CÉU CLARO;DUPLA;RETA;SIM;1
SC;BR-101;JOINVILLE;9;3;SEXTA-FEIRA;4;0;2;00H-02H;MADRUGADA;PLENA NOITE;DESRESPEITAR A PREFERÊNCIA NO CRUZAMENTO;COLISÃO TRANSVERSAL;NUBLADO;DUPLA;"INTERSEÇÃO DE VIAS;ROTATÓRIA;VIADUTO";SIM;0
MG;BR-116;INHAPIM;9;3;SEXTA-FEIRA;4;0;0;00H-02H;MADRUGADA;PLENA NOITE;REAÇÃO TARDIA OU INEFICIENTE DO CONDUTOR;SAÍDA DE LEITO CARROÇÁVEL;CÉU CLARO;SIMPLES;CURVA;NÃO;1
RO;BR-319;PORTO VELHO;9;3;QUINTA-FEIRA;3;0;22;21H-23H;NOITE;PLENA NOITE;DEMAIS FALHAS MECÂNICAS OU ELÉTRICAS;INCÊNDIO;CÉU CLARO;DUPLA;RETA;NÃO;0
DF;BR-040;BRASILIA;9;3;SEXTA-FEIRA;4;0;4;03H-05H;MADRUGADA;PLENA NOITE;ANIMAIS NA PISTA;COLISÃO COM OBJETO;CÉU CLARO;DUPLA;RETA;SIM;0
RJ;BR-101;RIO DE JANEIRO;9;3;SEXTA-FEIRA;4;0;4;03H-05H;MADRUGADA;PLENA NOITE;VELOCIDADE INCOMPATÍVEL;COLISÃO TRASEIRA;NUBLADO;DUPLA;"RETA;PONTE";NÃO;0
SC;BR-101;CAMBORIU;9;3;SEXTA-FEIRA;4;0;1;00H-02H;MADRUGADA;PLENA NOITE;AUSÊNCIA DE REAÇÃO DO CONDUTOR;TOMBAMENTO;GAROA/CHUVISCO;MÚLTIPLA;RETA;SIM;0
PR;BR-376;CURITIBA;9;3;QUINTA-FEIRA;3;0;23;21H-23H;NOITE;PLENA NOITE;PEDESTRE CRUZAVA A PISTA FORA DA FAIXA;ATROPELAMENTO DE PEDESTRE;NUBLADO;DUPLA;RETA;SIM;0
BA;BR-324;AMELIA RODRIGUES;8;3;TERÇA-FEIRA;1;0;10;09H-11H;MANHA;PLENO DIA;MANOBRA DE MUDANÇA DE FAIXA;COLISÃO LATERAL MESMO SENTIDO;CÉU CLARO;DUPLA;"INTERSEÇÃO DE VIAS;RETA";SIM;0
RS;BR-470;SAO JOSE DO SUL;9;3;QUINTA-FEIRA;3;0;23;21H-23H;NOITE;PLENA NOITE;VELOCIDADE INCOMPATÍVEL;SAÍDA DE LEITO CARROÇÁVEL;CHUVA;SIMPLES;RETA;NÃO;0
ES;BR-101;LINHARES;9;3;SEXTA-FEIRA;4;0;5;03H-05H;MADRUGADA;PLENO DIA;CONDUTOR DESRESPEITOU A ILUMINAÇÃO VERMELHA DO SEMÁFORO;COLISÃO TRANSVERSAL;CÉU CLARO;DUPLA;INTERSEÇÃO DE VIAS;SIM;0
DF;BR-070;BRASILIA;9;3;SEXTA-FEIRA;4;0;6;06H-08H;MANHA;AMANHECER;ENTRADA INOPINADA DO PEDESTRE;ATROPELAMENTO DE PEDESTRE;CÉU CLARO;DUPLA;RETA;SIM;0
TO;BR-153;PARAISO DO TOCANTINS;9;3;SEXTA-FEIRA;4;0;6;06H-08H;MANHA;PLENO DIA;INGESTÃO DE ÁLCOOL PELO CONDUTOR;COLISÃO FRONTAL;SOL;SIMPLES;RETA;SIM;0
RJ;BR-101;ANGRA DOS REIS;9;3;SEXTA-FEIRA;4;0;6;06H-08H;MANHA;PLENO DIA;AUSÊNCIA DE REAÇÃO DO CONDUTOR;QUEDA DE OCUPANTE DE VEÍCULO;CÉU CLARO;SIMPLES;CURVA;SIM;0