uf;br_formatada;municipio;mes;trimestre;dia_semana;dia_semana_num;fim_de_semana;hora;faixa_horaria;turno;fase_dia;causa_acidente;tipo_acidente;condicao_metereologica;tipo_pista;tracado_via;uso_solo;acidente_fatal
PE;BR-423;CACHOEIRINHA;9;3;DOMINGO;6;1;18;18H-20H;NOITE;PLENA NOITE;INGESTÃO DE ÁLCOOL PELO CONDUTOR;COLISÃO FRONTAL;CÉU CLARO;SIMPLES;RETA;NÃO;1
MT;BR-163;NOVA MUTUM;9;3;DOMINGO;6;1;21;21H-23H;NOITE;PLENA NOITE;TRANSITAR NA CONTRAMÃO;COLISÃO FRONTAL;CÉU CLARO;DUPLA;RETA;NÃO;0
RS;BR-392;CANGUCU;9;3;SEGUNDA-FEIRA;0;0;2;00H-02H;MADRUGADA;PLENA NOITE;ANIMAIS NA PISTA;ATROPELAMENTO DE ANIMAL;CHUVA;SIMPLES;RETA;NÃO;0
RO;BR-364;OURO PRETO DO OESTE;9;3;SEGUNDA-FEIRA;0;0;0;00H-02H;MADRUGADA;PLENA NOITE;TRANSITAR NA CONTRAMÃO;COLISÃO LATERAL SENTIDO OPOSTO;NUBLADO;SIMPLES;RETA;NÃO;0
SP;BR-116;APARECIDA;9;3;SEGUNDA-FEIRA;0;0;4;03H-05H;MADRUGADA;PLENA NOITE;VELOCIDADE INCOMPATÍVEL;SAÍDA DE LEITO CARROÇÁVEL;IGNORADO;DUPLA;"DECLIVE;CURVA";SIM;1
RJ;BR-116;GUAPIMIRIM;9;3;SEGUNDA-FEIRA;0;0;3;03H-05H;MADRUGADA;PLENA NOITE;ACESSAR A VIA SEM OBSERVAR A PRESENÇA DOS OUTROS VEÍCULOS;COLISÃO FRONTAL;CÉU CLARO;SIMPLES;RETA;SIM;0
SC;BR-470;IBIRAMA;9;3;SEGUNDA-FEIRA;0;0;4;03H-05H;MADRUGADA;PLENA NOITE;REAÇÃO TARDIA OU INEFICIENTE DO CONDUTOR;COLISÃO TRANSVERSAL;GAROA/CHUVISCO;SIMPLES;INTERSEÇÃO DE VIAS;NÃO;0
RS;BR-392;MORRO REDONDO;9;3;SEGUNDA-FEIRA;0;0;5;03H-05H;MADRUGADA;PLENA NOITE;REAÇÃO TARDIA OU INEFICIENTE DO CONDUTOR;SAÍDA DE LEITO CARROÇÁVEL;CHUVA;SIMPLES;CURVA;NÃO;0
PB;BR-101;CONDE;8;3;SÁBADO;5;1;5;03H-05H;MADRUGADA;AMANHECER;AUSÊNCIA DE REAÇÃO DO CONDUTOR;COLISÃO TRASEIRA;CÉU CLARO;DUPLA;RETA;NÃO;1
ES;BR-101;IBIRACU;9;3;SEGUNDA-FEIRA;0;0;6;06H-08H;MANHA;PLENO DIA;REAÇÃO TARDIA OU INEFICIENTE DO CONDUTOR;COLISÃO COM OBJETO;NUBLADO;DUPLA;CURVA;NÃO;0
SC;BR-282;XAXIM;9;3;DOMINGO;6;1;21;21H-23H;NOITE;PLENA NOITE;INGESTÃO DE ÁLCOOL PELO CONDUTOR;SAÍDA DE LEITO CARROÇÁVEL;CHUVA;SIMPLES;RETA;NÃO;0
SP;BR-101;UBATUBA;9;3;SEGUNDA-FEIRA;0;0;4;03H-05H;MADRUGADA;PLENA NOITE;PISTA ESCORREGADIA;SAÍDA DE LEITO CARROÇÁVEL;CHUVA;SIMPLES;CURVA;NÃO;0
RS;BR-290;GRAVATAI;9;3;SEGUNDA-FEIRA;0;0;4;03H-05H;MADRUGADA;PLENA NOITE;REAÇÃO TARDIA OU INEFICIENTE DO CONDUTOR;SAÍDA DE LEITO CARROÇÁVEL;NUBLADO;DUPLA;RETA;NÃO;0
PI;BR-135;MONTE ALEGRE DO PIAUI;9;3;DOMINGO;6;1;22;21H-23H;NOITE;PLENA NOITE;ANIMAIS NA PISTA;ATROPELAMENTO DE ANIMAL;CÉU CLARO;SIMPLES;RETA;NÃO;1
BA;BR-324;SALVADOR;9;3;SEGUNDA-FEIRA;0;0;6;06H-08H;MANHA;PLENO DIA;CONDUTOR DEIXOU DE MANTER DISTÂNCIA DO VEÍCULO DA FRENTE;COLISÃO TRASEIRA;CÉU CLARO;DUPLA;RETA;NÃO;0
RN;BR-304;ACU;9;3;DOMINGO;6;1;17;15H-17H;TARDE;ANOITECER;REAÇÃO TARDIA OU INEFICIENTE DO CONDUTOR;QUEDA DE OCUPANTE DE VEÍCULO;CÉU CLARO;SIMPLES;"PONTE;RETA";NÃO;0
RS;BR-386;SEBERI;9;3;SEXTA-FEIRA;4;0;1;00H-02H;MADRUGADA;PLENA NOITE;AUSÊNCIA DE REAÇÃO DO CONDUTOR;SAÍDA DE LEITO CARROÇÁVEL;CÉU CLARO;SIMPLES;RETA;NÃO;0
SC;BR-101;PAULO LOPES;9;3;SEGUNDA-FEIRA;0;0;6;06H-08H;MANHA;PLENO DIA;AUSÊNCIA DE REAÇÃO DO CONDUTOR;COLISÃO COM OBJETO;CHUVA;DUPLA;"RETA;EM OBRAS";SIM;0
SC;BR-101;AGUAS MORNAS;9;3;SEGUNDA-FEIRA;0;0;6;06H-08H;MANHA;PLENO DIA;PISTA ESCORREGADIA;SAÍDA DE LEITO CARROÇÁVEL;CHUVA;SIMPLES;RETA;NÃO;0
SC;BR-280;SAO BENTO DO SUL;9;3;SEGUNDA-FEIRA;0;0;7;06H-08H;MANHA;AMANHECER;DESRESPEITAR A PREFERÊNCIA NO CRUZAMENTO;COLISÃO TRANSVERSAL;NUBLADO;SIMPLES;"INTERSEÇÃO DE VIAS;CURVA";NÃO;0
PB;BR-230;JOAO PESSOA;9;3;SEGUNDA-FEIRA;0;0;7;06H-08H;MANHA;PLENO DIA;DEMAIS FALHAS MECÂNICAS OU ELÉTRICAS;TOMBAMENTO;NUBLADO;DUPLA;RETA;SIM;0
SC;BR-101;SAO JOSE;9;3;SEGUNDA-FEIRA;0;0;7;06H-08H;MANHA;PLENO DIA;REAÇÃO TARDIA OU INEFICIENTE DO CONDUTOR;COLISÃO TRASEIRA;CHUVA;MÚLTIPLA;RETA;SIM;0
CE;BR-116;AQUIRAZ;9;3;SEGUNDA-FEIRA;0;0;8;06H-08H;MANHA;PLENO DIA;AUSÊNCIA DE REAÇÃO DO CONDUTOR;QUEDA DE OCUPANTE DE VEÍCULO;SOL;DUPLA;RETA;NÃO;0
SC;BR-101;BALNEARIO CAMBORIU;9;3;SEGUNDA-FEIRA;0;0;6;06H-08H;MANHA;PLENO DIA;VELOCIDADE INCOMPATÍVEL;TOMBAMENTO;CHUVA;DUPLA;CURVA;SIM;0
GO;BR-414;COCALZINHO DE GOIAS;9;3;SEGUNDA-FEIRA;0;0;7;06H-08H;MANHA;PLENO DIA;PISTA ESCORREGADIA;TOMBAMENTO;SOL;SIMPLES;"RETA;ACLIVE";NÃO;0
MS;BR-163;CAMPO GRANDE;9;3;SEGUNDA-FEIRA;0;0;6;06H-08H;MANHA;PLENO DIA;ACESSAR A VIA SEM OBSERVAR A PRESENÇA DOS OUTROS VEÍCULOS;COLISÃO TRANSVERSAL;CÉU CLARO;SIMPLES;ROTATÓRIA;SIM;0
GO;BR-070;JARAGUA;7;3;QUARTA-FEIRA;2;0;23;21H-23H;NOITE;PLENA NOITE;TRANSITAR NA CONTRAMÃO;COLISÃO FRONTAL;CÉU CLARO;SIMPLES;RETA;NÃO;1
PR;BR-277;FOZ DO IGUACU;9;3;SEGUNDA-FEIRA;0;0;7;06H-08H;MANHA;PLENO DIA;AUSÊNCIA DE REAÇÃO DO CONDUTOR;ENGAVETAMENTO;CÉU CLARO;DUPLA;RETA;SIM;0
MT;BR-364;RONDONOPOLIS;8;3;DOMINGO;6;1;5;03H-05H;MADRUGADA;AMANHECER;AUSÊNCIA DE REAÇÃO DO CONDUTOR;QUEDA DE OCUPANTE DE VEÍCULO;NUBLADO;SIMPLES;RETA;NÃO;0
SC;BR-101;BALNEARIO CAMBORIU;8;3;DOMINGO;6;1;7;06H-08H;MANHA;PLENO DIA;MANOBRA DE MUDANÇA DE FAIXA;CAPOTAMENTO;NUBLADO;DUPLA;CURVA;NÃO;0
PE;BR-101;JABOATAO DOS GUARARAPES;9;3;SEGUNDA-FEIRA;0;0;8;06H-08H;MANHA;PLENO DIA;REAÇÃO TARDIA OU INEFICIENTE DO CONDUTOR;TOMBAMENTO;NUBLADO;DUPLA;RETA;SIM;0
PR;BR-369;LONDRINA;9;3;SEGUNDA-FEIRA;0;0;7;06H-08H;MANHA;PLENO DIA;CONDUTOR DEIXOU DE MANTER DISTÂNCIA DO VEÍCULO DA FRENTE;COLISÃO TRASEIRA;CÉU CLARO;DUPLA;"RETA;DECLIVE";SIM;0
RN;BR-101;BAIA FORMOSA;9;3;SEGUNDA-FEIRA;0;0;7;06H-08H;MANHA;PLENO DIA;REAÇÃO TARDIA OU INEFICIENTE DO CONDUTOR;COLISÃO LATERAL MESMO SENTIDO;CÉU CLARO;DUPLA;RETA;NÃO;0
SE;BR-101;NOSSA SENHORA DO SOCORRO;9;3;SEGUNDA-FEIRA;0;0;8;06H-08H;MANHA;PLENO DIA;ENTRADA INOPINADA DO PEDESTRE;ATROPELAMENTO DE PEDESTRE;CHUVA;DUPLA;"RETA;ACLIVE";NÃO;0
AC;BR-364;SENA MADUREIRA;9;3;DOMINGO;6;1;17;15H-17H;TARDE;PLENO DIA;REAÇÃO TARDIA OU INEFICIENTE DO CONDUTOR;SAÍDA DE LEITO CARROÇÁVEL;CÉU CLARO;SIMPLES;RETA;SIM;0
PA;BR-316;PEIXE-BOI;9;3;SEGUNDA-FEIRA;0;0;7;06H-08H;MANHA;PLENO DIA;AUSÊNCIA DE REAÇÃO DO CONDUTOR;COLISÃO FRONTAL;CÉU CLARO;SIMPLES;"PONTE;RETA";NÃO;0
PB;BR-230;JOAO PESSOA;9;3;SEGUNDA-FEIRA;0;0;7;06H-08H;MANHA;PLENO DIA;DEMAIS FALHAS NA VIA;TOMBAMENTO;CÉU CLARO;SIMPLES;RETORNO REGULAMENTADO;NÃO;0
SC;BR-101;JOINVILLE;9;3;SEGUNDA-FEIRA;0;0;8;06H-08H;MANHA;PLENO DIA;AUSÊNCIA DE REAÇÃO DO CONDUTOR;ENGAVETAMENTO;CHUVA;DUPLA;RETA;SIM;0
SC;BR-101;JOINVILLE;9;3;SEGUNDA-FEIRA;0;0;7;06H-08H;MANHA;PLENO DIA;AVARIAS E/OU DESGASTE EXCESSIVO NO PNEU;COLISÃO COM OBJETO;GAROA/CHUVISCO;DUPLA;RETA;NÃO;0
SE;BR-IGNORADA;ESTANCIA;9;3;SEGUNDA-FEIRA;0;0;10;09H-11H;MANHA;PLENO DIA;REAÇÃO TARDIA OU INEFICIENTE DO CONDUTOR;COLISÃO TRANSVERSAL;CÉU CLARO;SIMPLES;DECLIVE;NÃO;0
PR;BR-376;MARINGA;9;3;SEGUNDA-FEIRA;0;0;9;09H-11H;MANHA;PLENO DIA;CONDUTOR DEIXOU DE MANTER DISTÂNCIA DO VEÍCULO DA FRENTE;COLISÃO TRASEIRA;CÉU CLARO;DUPLA;RETA;SIM;0
SP;BR-381;ATIBAIA;9;3;SEGUNDA-FEIRA;0;0;10;09H-11H;MANHA;PLENO DIA;ACUMULO DE AREIA OU DETRITOS SOBRE O PAVIMENTO;QUEDA DE OCUPANTE DE VEÍCULO;CÉU CLARO;MÚLTIPLA;RETA;NÃO;0
MG;BR-040;CARANDAI;9;3;SEGUNDA-FEIRA;0;0;8;06H-08H;MANHA;PLENO DIA;CONDUTOR USANDO CELULAR;SAÍDA DE LEITO CARROÇÁVEL;CÉU CLARO;SIMPLES;RETA;NÃO;0
RJ;BR-101;RIO DE JANEIRO;9;3;SEGUNDA-FEIRA;0;0;9;09H-11H;MANHA;PLENO DIA;CONDUTOR DEIXOU DE MANTER DISTÂNCIA DO VEÍCULO DA FRENTE;COLISÃO TRASEIRA;NUBLADO;DUPLA;PONTE;SIM;0
BA;BR-116;SANTO ESTEVAO;9;3;SEGUNDA-FEIRA;0;0;10;09H-11H;MANHA;PLENO DIA;ACUMULO DE AREIA OU DETRITOS SOBRE O PAVIMENTO;QUEDA DE OCUPANTE DE VEÍCULO;CÉU CLARO;SIMPLES;RETA;SIM;0
SC;BR-101;BIGUACU;9;3;SEGUNDA-FEIRA;0;0;10;09H-11H;MANHA;PLENO DIA;DEMAIS FALHAS MECÂNICAS OU ELÉTRICAS;TOMBAMENTO;GAROA/CHUVISCO;SIMPLES;DECLIVE;SIM;0
RS;BR-386;TRIUNFO;9;3;SEGUNDA-FEIRA;0;0;10;09H-11H;MANHA;PLENO DIA;MANOBRA DE MUDANÇA DE FAIXA;COLISÃO LATERAL MESMO SENTIDO;NUBLADO;SIMPLES;CURVA;NÃO;0
RO;BR-364;PIMENTA BUENO;9;3;SEGUNDA-FEIRA;0;0;9;09H-11H;MANHA;PLENO DIA;CONDUTOR DEIXOU DE MANTER DISTÂNCIA DO VEÍCULO DA FRENTE;COLISÃO TRASEIRA;CÉU CLARO;SIMPLES;"INTERSEÇÃO DE VIAS;DESVIO TEMPORÁRIO";SIM;0
GO;BR-153;HIDROLANDIA;9;3;SEGUNDA-FEIRA;0;0;10;09H-11H;MANHA;PLENO DIA;VELOCIDADE INCOMPATÍVEL;TOMBAMENTO;CHUVA;DUPLA;RETA;NÃO;0
GO;BR-060;ABADIANIA;9;3;SEGUNDA-FEIRA;0;0;11;09H-11H;MANHA;PLENO DIA;VELOCIDADE INCOMPATÍVEL;QUEDA DE OCUPANTE DE VEÍCULO;CÉU CLARO;DUPLA;CURVA;NÃO;0
AC;BR-364;RIO BRANCO;9;3;SEGUNDA-FEIRA;0;0;7;06H-08H;MANHA;PLENO DIA;CONDUTOR DEIXOU DE MANTER DISTÂNCIA DO VEÍCULO DA FRENTE;COLISÃO TRASEIRA;CÉU CLARO;DUPLA;RETA;SIM;0
SC;BR-282;AGUAS MORNAS;9;3;SEGUNDA-FEIRA;0;0;12;12H-14H;TARDE;PLENO DIA;REAÇÃO TARDIA OU INEFICIENTE DO CONDUTOR;COLISÃO FRONTAL;CHUVA;SIMPLES;"CURVA;ACLIVE";NÃO;1
PI;BR-343;PIRIPIRI;9;3;SEGUNDA-FEIRA;0;0;10;09H-11H;MANHA;PLENO DIA;CONDUTOR DEIXOU DE MANTER DISTÂNCIA DO VEÍCULO DA FRENTE;COLISÃO TRASEIRA;SOL;SIMPLES;RETA;NÃO;0
SC;BR-101;BALNEARIO CAMBORIU;9;3;SEGUNDA-FEIRA;0;0;11;09H-11H;MANHA;PLENO DIA;ACESSAR A VIA SEM OBSERVAR A PRESENÇA DOS OUTROS VEÍCULOS;COLISÃO TRANSVERSAL;CHUVA;SIMPLES;"INTERSEÇÃO DE VIAS;ROTATÓRIA";SIM;0
PB;BR-104;ALCANTIL;9;3;SEGUNDA-FEIRA;0;0;7;06H-08H;MANHA;PLENO DIA;REAÇÃO TARDIA OU INEFICIENTE DO CONDUTOR;COLISÃO COM OBJETO;CÉU CLARO;SIMPLES;"ACLIVE;RETA";NÃO;0
MS;BR-163;COXIM;9;3;SEGUNDA-FEIRA;0;0;5;03H-05H;MADRUGADA;AMANHECER;INGESTÃO DE ÁLCOOL PELO CONDUTOR;SAÍDA DE LEITO CARROÇÁVEL;CÉU CLARO;SIMPLES;RETA;NÃO;0
RS;BR-386;LAJEADO;9;3;SEGUNDA-FEIRA;0;0;12;12H-14H;TARDE;PLENO DIA;ACESSAR A VIA SEM OBSERVAR A PRESENÇA DOS OUTROS VEÍCULOS;COLISÃO LATERAL MESMO SENTIDO;CHUVA;DUPLA;RETA;SIM;0
MG;BR-262;IBIA;9;3;SEGUNDA-FEIRA;0;0;11;09H-11H;MANHA;PLENO DIA;DEMAIS FALHAS MECÂNICAS OU ELÉTRICAS;INCÊNDIO;SOL;SIMPLES;RETA;NÃO;0
RN;BR-405;JOSE DA PENHA;9;3;SEGUNDA-FEIRA;0;0;9;09H-11H;MANHA;PLENO DIA;ACESSAR A VIA SEM OBSERVAR A PRESENÇA DOS OUTROS VEÍCULOS;COLISÃO LATERAL SENTIDO OPOSTO;CÉU CLARO;SIMPLES;RETA;SIM;0
SC;BR-280;JARAGUA DO SUL;9;3;SEGUNDA-FEIRA;0;0;7;06H-08H;MANHA;PLENO DIA;TRANSITAR NA CONTRAMÃO;COLISÃO TRANSVERSAL;CHUVA;SIMPLES;RETA;NÃO;0
SP;BR-116;MIRACATU;9;3;SEGUNDA-FEIRA;0;0;12;12H-14H;TARDE;PLENO DIA;REAÇÃO TARDIA OU INEFICIENTE DO CONDUTOR;COLISÃO TRASEIRA;NUBLADO;DUPLA;RETA;NÃO;0
MS;BR-163;CAMPO GRANDE;8;3;SEXTA-FEIRA;4;0;17;15H-17H;TARDE;PLENO DIA;CONVERSÃO PROIBIDA;COLISÃO TRANSVERSAL;CÉU CLARO;SIMPLES;RETA;NÃO;0
MG;BR-116;MURIAE;9;3;SEGUNDA-FEIRA;0;0;12;12H-14H;TARDE;PLENO DIA;DESRESPEITAR A PREFERÊNCIA NO CRUZAMENTO;COLISÃO TRANSVERSAL;NUBLADO;SIMPLES;INTERSEÇÃO DE VIAS;SIM;0
GO;BR-153;CAMPINORTE;9;3;SEGUNDA-FEIRA;0;0;6;06H-08H;MANHA;AMANHECER;VELOCIDADE INCOMPATÍVEL;COLISÃO TRASEIRA;CÉU CLARO;SIMPLES;"RETORNO REGULAMENTADO;CURVA";SIM;0
GO;BR-070;MONTES CLAROS DE GOIAS;9;3;QUINTA-FEIRA;3;0;23;21H-23H;NOITE;PLENA NOITE;ANIMAIS NA PISTA;ATROPELAMENTO DE ANIMAL;CÉU CLARO;SIMPLES;RETA;NÃO;0
SC;BR-101;PALHOCA;9;3;SEGUNDA-FEIRA;0;0;11;09H-11H;MANHA;PLENO DIA;REAÇÃO TARDIA OU INEFICIENTE DO CONDUTOR;SAÍDA DE LEITO CARROÇÁVEL;CHUVA;DUPLA;RETA;NÃO;0
MA;BR-316;CAXIAS;9;3;SEGUNDA-FEIRA;0;0;9;09H-11H;MANHA;PLENO DIA;ACESSAR A VIA SEM OBSERVAR A PRESENÇA DOS OUTROS VEÍCULOS;COLISÃO TRANSVERSAL;SOL;SIMPLES;"RETA;DECLIVE";NÃO;1
RN;BR-110;MOSSORO;9;3;SEGUNDA-FEIRA;0;0;8;06H-08H;MANHA;PLENO DIA;CONDUTOR DEIXOU DE MANTER DISTÂNCIA DO VEÍCULO DA FRENTE;COLISÃO TRASEIRA;CÉU CLARO;DUPLA;RETA;SIM;0
SC;BR-280;ARAQUARI;9;3;SEGUNDA-FEIRA;0;0;7;06H-08H;MANHA;PLENO DIA;ACESSAR A VIA SEM OBSERVAR A PRESENÇA DOS OUTROS VEÍCULOS;COLISÃO TRANSVERSAL;CHUVA;SIMPLES;RETA;NÃO;0
MG;BR-040;SAO GONCALO DO ABAETE;9;3;SEGUNDA-FEIRA;0;0;12;12H-14H;TARDE;PLENO DIA;CONDUTOR DORMINDO;SAÍDA DE LEITO CARROÇÁVEL;CÉU CLARO;SIMPLES;"DECLIVE;RETA";NÃO;0
RJ;BR-040;DUQUE DE CAXIAS;9;3;SEGUNDA-FEIRA;0;0;11;09H-11H;MANHA;PLENO DIA;REAÇÃO TARDIA OU INEFICIENTE DO CONDUTOR;COLISÃO TRASEIRA;CÉU CLARO;DUPLA;RETA;NÃO;0
RS;BR-116;CAXIAS DO SUL;9;3;SEGUNDA-FEIRA;0;0;13;12H-14H;TARDE;PLENO DIA;CONVERSÃO PROIBIDA;COLISÃO TRANSVERSAL;GAROA/CHUVISCO;DUPLA;INTERSEÇÃO DE VIAS;SIM;0
GO;BR-060;ANAPOLIS;9;3;SEGUNDA-FEIRA;0;0;14;12H-14H;TARDE;PLENO DIA;AVARIAS E/OU DESGASTE EXCESSIVO NO PNEU;TOMBAMENTO;SOL;DUPLA;"DECLIVE;RETA";NÃO;0
SC;BR-470;LONTRAS;9;3;SEGUNDA-FEIRA;0;0;13;12H-14H;TARDE;PLENO DIA;PISTA ESCORREGADIA;COLISÃO TRANSVERSAL;GAROA/CHUVISCO;SIMPLES;CURVA;NÃO;0
RJ;BR-116;MAGE;9;3;SEGUNDA-FEIRA;0;0;12;12H-14H;TARDE;PLENO DIA;AUSÊNCIA DE REAÇÃO DO CONDUTOR;TOMBAMENTO;SOL;DUPLA;RETA;SIM;0
PR;BR-373;GUAMIRANGA;9;3;SEGUNDA-FEIRA;0;0;13;12H-14H;TARDE;PLENO DIA;ULTRAPASSAGEM INDEVIDA;COLISÃO LATERAL MESMO SENTIDO;CÉU CLARO;SIMPLES;RETA;NÃO;0
PR;BR-277;IBEMA;9;3;SEGUNDA-FEIRA;0;0;13;12H-14H;TARDE;PLENO DIA;REAÇÃO TARDIA OU INEFICIENTE DO CONDUTOR;SAÍDA DE LEITO CARROÇÁVEL;CÉU CLARO;SIMPLES;"RETA;DECLIVE";NÃO;0
GO;BR-414;ANAPOLIS;9;3;SEGUNDA-FEIRA;0;0;14;12H-14H;TARDE;PLENO DIA;ACESSAR A VIA SEM OBSERVAR A PRESENÇA DOS OUTROS VEÍCULOS;QUEDA DE OCUPANTE DE VEÍCULO;CÉU CLARO;DUPLA;ROTATÓRIA;SIM;0
MT;BR-163;TERRA NOVA DO NORTE;9;3;QUINTA-FEIRA;3;0;15;15H-17H;TARDE;PLENO DIA;FALTA DE ELEMENTO DE CONTENÇÃO QUE EVITE A SAÍDA DO LEITO CARROÇÁVEL;EVENTOS ATÍPICOS;SOL;SIMPLES;RETA;NÃO;0
SC;BR-101;JOINVILLE;9;3;SEGUNDA-FEIRA;0;0;13;12H-14H;TARDE;PLENO DIA;VELOCIDADE INCOMPATÍVEL;COLISÃO COM OBJETO;GAROA/CHUVISCO;DUPLA;RETA;NÃO;0
PB;BR-101;CAAPORA;9;3;SEGUNDA-FEIRA;0;0;14;12H-14H;TARDE;PLENO DIA;VELOCIDADE INCOMPATÍVEL;COLISÃO COM OBJETO;NUBLADO;DUPLA;"CURVA;DECLIVE";NÃO;0
MT;BR-070;CUIABA;8;3;QUARTA-FEIRA;2;0;17;15H-17H;TARDE;ANOITECER;ACESSO IRREGULAR;COLISÃO TRANSVERSAL;CÉU CLARO;SIMPLES;"EM OBRAS;RETA";NÃO;0
MG;BR-262;JUATUBA;9;3;SEGUNDA-FEIRA;0;0;14;12H-14H;TARDE;PLENO DIA;MANOBRA DE MUDANÇA DE FAIXA;COLISÃO LATERAL MESMO SENTIDO;CÉU CLARO;DUPLA;RETA;SIM;0
SC;BR-101;BALNEARIO CAMBORIU;9;3;QUINTA-FEIRA;3;0;23;21H-23H;NOITE;PLENA NOITE;ACESSAR A VIA SEM OBSERVAR A PRESENÇA DOS OUTROS VEÍCULOS;TOMBAMENTO;GAROA/CHUVISCO;MÚLTIPLA;INTERSEÇÃO DE VIAS;NÃO;0
PR;BR-277;VIRMOND;9;3;SEGUNDA-FEIRA;0;0;15;15H-17H;TARDE;PLENO DIA;ACESSAR A VIA SEM OBSERVAR A PRESENÇA DOS OUTROS VEÍCULOS;COLISÃO TRASEIRA;CÉU CLARO;SIMPLES;"RETA;ACLIVE";NÃO;0
PR;BR-369;CORBELIA;9;3;SEGUNDA-FEIRA;0;0;14;12H-14H;TARDE;PLENO DIA;CONDUTOR DEIXOU DE MANTER DISTÂNCIA DO VEÍCULO DA FRENTE;COLISÃO TRASEIRA;CÉU CLARO;SIMPLES;"RETA;ACLIVE";SIM;0
MT;BR-070;BARRA DO GARCAS;9;3;SEGUNDA-FEIRA;0;0;13;12H-14H;TARDE;PLENO DIA;AUSÊNCIA DE REAÇÃO DO CONDUTOR;QUEDA DE OCUPANTE DE VEÍCULO;CÉU CLARO;DUPLA;"RETA;ACLIVE";SIM;0
RS;BR-116;CAXIAS DO SUL;9;3;SEGUNDA-FEIRA;0;0;16;15H-17H;TARDE;PLENO DIA;REAÇÃO TARDIA OU INEFICIENTE DO CONDUTOR;ATROPELAMENTO DE PEDESTRE;CHUVA;MÚLTIPLA;INTERSEÇÃO DE VIAS;NÃO;0
PR;BR-369;ARAPONGAS;9;3;SEGUNDA-FEIRA;0;0;13;12H-14H;TARDE;PLENO DIA;ACESSAR A VIA SEM OBSERVAR A PRESENÇA DOS OUTROS VEÍCULOS;QUEDA DE OCUPANTE DE VEÍCULO;SOL;SIMPLES;RETA;SIM;0
RS;BR-101;DOM PEDRO DE ALCANTARA;9;3;SEGUNDA-FEIRA;0;0;15;15H-17H;TARDE;PLENO DIA;ACUMULO DE ÁGUA SOBRE O PAVIMENTO;COLISÃO COM OBJETO;CHUVA;DUPLA;RETA;NÃO;0
SP;BR-101;UBATUBA;9;3;SEGUNDA-FEIRA;0;0;16;15H-17H;TARDE;PLENO DIA;ACESSAR A VIA SEM OBSERVAR A PRESENÇA DOS OUTROS VEÍCULOS;COLISÃO TRANSVERSAL;NUBLADO;SIMPLES;RETA;NÃO;0
ES;BR-101;ANCHIETA;9;3;SEGUNDA-FEIRA;0;0;15;15H-17H;TARDE;ANOITECER;CONDUTOR DORMINDO;COLISÃO COM OBJETO;CÉU CLARO;DUPLA;RETA;NÃO;0
PI;BR-343;COCAL;9;3;SEGUNDA-FEIRA;0;0;11;09H-11H;MANHA;PLENO DIA;DEMAIS FALHAS MECÂNICAS OU ELÉTRICAS;COLISÃO COM OBJETO;CÉU CLARO;SIMPLES;RETA;NÃO;0
BA;BR-242;RAFAEL JAMBEIRO;9;3;SEGUNDA-FEIRA;0;0;9;09H-11H;MANHA;PLENO DIA;DEMAIS FALHAS MECÂNICAS OU ELÉTRICAS;CAPOTAMENTO;CÉU CLARO;SIMPLES;RETA;NÃO;0
MG;BR-116;FERVEDOURO;9;3;SEGUNDA-FEIRA;0;0;16;15H-17H;TARDE;PLENO DIA;DESRESPEITAR A PREFERÊNCIA NO CRUZAMENTO;COLISÃO TRANSVERSAL;NUBLADO;SIMPLES;"RETA;INTERSEÇÃO DE VIAS";SIM;0
SP;BR-381;BRAGANCA PAULISTA;9;3;SEGUNDA-FEIRA;0;0;16;15H-17H;TARDE;PLENO DIA;INGESTÃO DE ÁLCOOL PELO CONDUTOR;CAPOTAMENTO;NUBLADO;DUPLA;CURVA;NÃO;0
ES;BR-101;CARIACICA;9;3;SEGUNDA-FEIRA;0;0;16;15H-17H;TARDE;PLENA NOITE;ACESSAR A VIA SEM OBSERVAR A PRESENÇA DOS OUTROS VEÍCULOS;COLISÃO LATERAL MESMO SENTIDO;CÉU CLARO;DUPLA;RETA;NÃO;0
SP;BR-101;UBATUBA;9;3;SEGUNDA-FEIRA;0;0;16;15H-17H;TARDE;PLENO DIA;ULTRAPASSAGEM INDEVIDA;COLISÃO TRANSVERSAL;NUBLADO;SIMPLES;RETA;SIM;0
DF;BR-070;BRASILIA;9;3;SEGUNDA-FEIRA;0;0;17;15H-17H;TARDE;PLENO DIA;MANOBRA DE MUDANÇA DE FAIXA;COLISÃO LATERAL MESMO SENTIDO;CÉU CLARO;DUPLA;RETA;SIM;0
RS;BR-116;CRISTAL;9;3;SEGUNDA-FEIRA;0;0;10;09H-11H;MANHA;PLENO DIA;CHUVA;SAÍDA DE LEITO CARROÇÁVEL;CHUVA;DUPLA;RETORNO REGULAMENTADO;NÃO;0
RS;BR-116;SENTINELA DO SUL;9;3;SEGUNDA-FEIRA;0;0;14;12H-14H;TARDE;PLENO DIA;CHUVA;TOMBAMENTO;CHUVA;SIMPLES;ROTATÓRIA;SIM;0
RO;BR-364;PORTO VELHO;9;3;SEGUNDA-FEIRA;0;0;16;15H-17H;TARDE;PLENO DIA;CONDUTOR DEIXOU DE MANTER DISTÂNCIA DO VEÍCULO DA FRENTE;COLISÃO TRASEIRA;CÉU CLARO;DUPLA;"RETA;DECLIVE";SIM;0
BA;BR-116;JEQUIE;9;3;SEGUNDA-FEIRA;0;0;17;15H-17H;TARDE;PLENO DIA;CONDUTOR DORMINDO;SAÍDA DE LEITO CARROÇÁVEL;CÉU CLARO;SIMPLES;RETA;NÃO;0