uf;br_formatada;municipio;mes;trimestre;dia_semana;dia_semana_num;fim_de_semana;hora;faixa_horaria;turno;fase_dia;causa_acidente;tipo_acidente;condicao_metereologica;tipo_pista;tracado_via;uso_solo;acidente_fatal
MG;BR-364;FRUTAL;9;3;QUINTA-FEIRA;3;0;9;09H-11H;MANHA;PLENO DIA;ULTRAPASSAGEM INDEVIDA;SAÍDA DE LEITO CARROÇÁVEL;CÉU CLARO;SIMPLES;RETA;NÃO;0
SC;BR-282;PINHALZINHO;6;2;SEGUNDA-FEIRA;0;0;22;21H-23H;NOITE;PLENA NOITE;ENTRADA INOPINADA DO PEDESTRE;ATROPELAMENTO DE PEDESTRE;CÉU CLARO;SIMPLES;RETA;SIM;1
RO;BR-319;PORTO VELHO;9;3;QUINTA-FEIRA;3;0;8;06H-08H;MANHA;PLENO DIA;ACESSAR A VIA SEM OBSERVAR A PRESENÇA DOS OUTROS VEÍCULOS;COLISÃO TRANSVERSAL;CÉU CLARO;DUPLA;ROTATÓRIA;SIM;0
SC;BR-101;CAMBORIU;9;3;QUINTA-FEIRA;3;0;9;09H-11H;MANHA;PLENO DIA;CONDUTOR DEIXOU DE MANTER DISTÂNCIA DO VEÍCULO DA FRENTE;COLISÃO TRASEIRA;CÉU CLARO;DUPLA;"RETA;ACLIVE";NÃO;0
SC;BR-101;TUBARAO;9;3;QUINTA-FEIRA;3;0;10;09H-11H;MANHA;PLENO DIA;DESRESPEITAR A PREFERÊNCIA NO CRUZAMENTO;COLISÃO TRANSVERSAL;CÉU CLARO;MÚLTIPLA;INTERSEÇÃO DE VIAS;SIM;0
BA;BR-324;SALVADOR;9;3;QUINTA-FEIRA;3;0;10;09H-11H;MANHA;PLENO DIA;DEMAIS FALHAS MECÂNICAS OU ELÉTRICAS;INCÊNDIO;CÉU CLARO;DUPLA;RETA;NÃO;0
SC;BR-101;GOVERNADOR CELSO RAMOS;9;3;QUINTA-FEIRA;3;0;11;09H-11H;MANHA;PLENO DIA;REAÇÃO TARDIA OU INEFICIENTE DO CONDUTOR;COLISÃO COM OBJETO;CÉU CLARO;DUPLA;RETA;NÃO;0
PR;BR-163;CASCAVEL;9;3;QUINTA-FEIRA;3;0;7;06H-08H;MANHA;PLENO DIA;AUSÊNCIA DE REAÇÃO DO CONDUTOR;SAÍDA DE LEITO CARROÇÁVEL;CÉU CLARO;DUPLA;CURVA;NÃO;0
RS;BR-386;SARANDI;9;3;QUINTA-FEIRA;3;0;11;09H-11H;MANHA;PLENO DIA;AUSÊNCIA DE REAÇÃO DO CONDUTOR;COLISÃO TRASEIRA;CÉU CLARO;SIMPLES;"RETA;ACLIVE";SIM;0
BA;BR-324;FEIRA DE SANTANA;9;3;SEGUNDA-FEIRA;0;0;19;18H-20H;NOITE;PLENA NOITE;AUSÊNCIA DE REAÇÃO DO CONDUTOR;COLISÃO TRASEIRA;CÉU CLARO;SIMPLES;RETA;SIM;0
RS;BR-158;SANTA MARIA;9;3;QUINTA-FEIRA;3;0;10;09H-11H;MANHA;PLENO DIA;MANOBRA DE MUDANÇA DE FAIXA;COLISÃO LATERAL MESMO SENTIDO;CÉU CLARO;DUPLA;"ROTATÓRIA;INTERSEÇÃO DE VIAS";SIM;0
RJ;BR-040;AREAL;9;3;QUINTA-FEIRA;3;0;11;09H-11H;MANHA;PLENO DIA;AUSÊNCIA DE REAÇÃO DO CONDUTOR;QUEDA DE OCUPANTE DE VEÍCULO;CÉU CLARO;SIMPLES;"ACLIVE;CURVA";SIM;0
GO;BR-153;APARECIDA DE GOIANIA;8;3;QUARTA-FEIRA;2;0;17;15H-17H;TARDE;ANOITECER;MANOBRA DE MUDANÇA DE FAIXA;TOMBAMENTO;CÉU CLARO;MÚLTIPLA;RETA;SIM;0
PR;BR-277;SAO JOSE DOS PINHAIS;9;3;QUINTA-FEIRA;3;0;13;12H-14H;TARDE;PLENO DIA;AUSÊNCIA DE REAÇÃO DO CONDUTOR;COLISÃO TRASEIRA;CÉU CLARO;SIMPLES;DECLIVE;NÃO;0
PR;BR-116;CURITIBA;9;3;QUINTA-FEIRA;3;0;12;12H-14H;TARDE;PLENO DIA;MANOBRA DE MUDANÇA DE FAIXA;COLISÃO TRASEIRA;CÉU CLARO;DUPLA;"ACLIVE;RETA";NÃO;0
RO;BR-364;VILHENA;9;3;QUINTA-FEIRA;3;0;11;09H-11H;MANHA;PLENO DIA;CONVERSÃO PROIBIDA;QUEDA DE OCUPANTE DE VEÍCULO;CÉU CLARO;DUPLA;RETA;SIM;0
SC;BR-470;CURITIBANOS;9;3;QUINTA-FEIRA;3;0;13;12H-14H;TARDE;PLENO DIA;TRANSITAR NA CONTRAMÃO;COLISÃO LATERAL SENTIDO OPOSTO;CÉU CLARO;SIMPLES;RETA;NÃO;1
PR;BR-369;APUCARANA;8;3;QUINTA-FEIRA;3;0;9;09H-11H;MANHA;PLENO DIA;ACESSAR A VIA SEM OBSERVAR A PRESENÇA DOS OUTROS VEÍCULOS;COLISÃO TRANSVERSAL;CÉU CLARO;SIMPLES;RETA;SIM;0
MG;BR-040;RIBEIRAO DAS NEVES;9;3;QUINTA-FEIRA;3;0;14;12H-14H;TARDE;PLENO DIA;REAÇÃO TARDIA OU INEFICIENTE DO CONDUTOR;COLISÃO TRASEIRA;CÉU CLARO;DUPLA;RETA;SIM;0
RJ;BR-116;MAGE;9;3;QUINTA-FEIRA;3;0;14;12H-14H;TARDE;PLENO DIA;DEMAIS FALHAS MECÂNICAS OU ELÉTRICAS;INCÊNDIO;CÉU CLARO;DUPLA;RETA;SIM;0
RJ;BR-040;PETROPOLIS;9;3;QUINTA-FEIRA;3;0;13;12H-14H;TARDE;PLENO DIA;ACESSAR A VIA SEM OBSERVAR A PRESENÇA DOS OUTROS VEÍCULOS;COLISÃO LATERAL MESMO SENTIDO;CÉU CLARO;DUPLA;RETA;NÃO;0
PB;BR-230;CAMPINA GRANDE;9;3;QUINTA-FEIRA;3;0;13;12H-14H;TARDE;PLENO DIA;REAÇÃO TARDIA OU INEFICIENTE DO CONDUTOR;COLISÃO TRASEIRA;CÉU CLARO;SIMPLES;ACLIVE;NÃO;0
RJ;BR-101;RIO DE JANEIRO;9;3;QUINTA-FEIRA;3;0;14;12H-14H;TARDE;PLENO DIA;DEMAIS FALHAS MECÂNICAS OU ELÉTRICAS;QUEDA DE OCUPANTE DE VEÍCULO;CÉU CLARO;DUPLA;"RETA;PONTE";NÃO;0
BA;BR-407;JUAZEIRO;9;3;QUINTA-FEIRA;3;0;13;12H-14H;TARDE;PLENO DIA;TRANSITAR NO ACOSTAMENTO;COLISÃO TRANSVERSAL;CÉU CLARO;DUPLA;"RETA;EM OBRAS";SIM;0
MS;BR-376;DOURADOS;9;3;QUINTA-FEIRA;3;0;14;12H-14H;TARDE;PLENO DIA;REAÇÃO TARDIA OU INEFICIENTE DO CONDUTOR;COLISÃO TRASEIRA;CÉU CLARO;SIMPLES;ROTATÓRIA;NÃO;0
MA;BR-222;ACAILANDIA;9;3;QUINTA-FEIRA;3;0;9;09H-11H;MANHA;PLENO DIA;CONDUTOR DEIXOU DE MANTER DISTÂNCIA DO VEÍCULO DA FRENTE;COLISÃO TRASEIRA;SOL;SIMPLES;"RETA;DECLIVE";SIM;0
ES;BR-101;IBIRACU;9;3;QUINTA-FEIRA;3;0;15;15H-17H;TARDE;PLENO DIA;DEMAIS FALHAS MECÂNICAS OU ELÉTRICAS;TOMBAMENTO;NUBLADO;SIMPLES;RETA;NÃO;0
SC;BR-101;ITAJAI;9;3;QUINTA-FEIRA;3;0;15;15H-17H;TARDE;PLENO DIA;REAÇÃO TARDIA OU INEFICIENTE DO CONDUTOR;COLISÃO TRASEIRA;CÉU CLARO;DUPLA;RETA;SIM;0
RS;BR-285;SALDANHA MARINHO;9;3;QUINTA-FEIRA;3;0;13;12H-14H;TARDE;PLENO DIA;CONDUTOR DORMINDO;COLISÃO LATERAL SENTIDO OPOSTO;SOL;SIMPLES;"RETA;DECLIVE";NÃO;0
PB;BR-230;CAMPINA GRANDE;9;3;QUINTA-FEIRA;3;0;14;12H-14H;TARDE;PLENO DIA;ACESSAR A VIA SEM OBSERVAR A PRESENÇA DOS OUTROS VEÍCULOS;COLISÃO TRANSVERSAL;NUBLADO;SIMPLES;"RETA;EM OBRAS";SIM;0
SP;BR-381;MAIRIPORA;9;3;QUINTA-FEIRA;3;0;15;15H-17H;TARDE;PLENO DIA;AUSÊNCIA DE REAÇÃO DO CONDUTOR;COLISÃO COM OBJETO;CÉU CLARO;MÚLTIPLA;RETA;NÃO;0
MG;BR-354;POUSO ALTO;9;3;QUINTA-FEIRA;3;0;15;15H-17H;TARDE;PLENO DIA;ACESSAR A VIA SEM OBSERVAR A PRESENÇA DOS OUTROS VEÍCULOS;COLISÃO TRASEIRA;SOL;SIMPLES;RETA;SIM;0
RS;BR-285;MATO CASTELHANO;9;3;QUINTA-FEIRA;3;0;15;15H-17H;TARDE;PLENO DIA;ACESSAR A VIA SEM OBSERVAR A PRESENÇA DOS OUTROS VEÍCULOS;COLISÃO TRANSVERSAL;SOL;SIMPLES;RETA;NÃO;0
MG;BR-267;BOM JARDIM DE MINAS;9;3;QUINTA-FEIRA;3;0;12;12H-14H;TARDE;PLENO DIA;FALTA DE ELEMENTO DE CONTENÇÃO QUE EVITE A SAÍDA DO LEITO CARROÇÁVEL;SAÍDA DE LEITO CARROÇÁVEL;NUBLADO;SIMPLES;"ACLIVE;RETA";NÃO;0
SC;BR-101;CAMBORIU;9;3;QUINTA-FEIRA;3;0;16;15H-17H;TARDE;PLENO DIA;ACESSAR A VIA SEM OBSERVAR A PRESENÇA DOS OUTROS VEÍCULOS;COLISÃO TRANSVERSAL;CÉU CLARO;SIMPLES;RETA;SIM;0
RN;BR-226;MACAIBA;9;3;QUINTA-FEIRA;3;0;17;15H-17H;TARDE;PLENA NOITE;MANOBRA DE MUDANÇA DE FAIXA;COLISÃO TRASEIRA;CÉU CLARO;SIMPLES;RETA;SIM;0
DF;BR-020;BRASILIA;9;3;QUINTA-FEIRA;3;0;17;15H-17H;TARDE;PLENO DIA;ACESSAR A VIA SEM OBSERVAR A PRESENÇA DOS OUTROS VEÍCULOS;COLISÃO LATERAL MESMO SENTIDO;CÉU CLARO;DUPLA;RETA;NÃO;0
MG;BR-356;EUGENOPOLIS;9;3;QUINTA-FEIRA;3;0;15;15H-17H;TARDE;PLENO DIA;DEMAIS FALHAS MECÂNICAS OU ELÉTRICAS;TOMBAMENTO;SOL;SIMPLES;"DECLIVE;RETA";NÃO;0
MG;BR-381;SAO JOAQUIM DE BICAS;9;3;QUINTA-FEIRA;3;0;17;15H-17H;TARDE;PLENO DIA;ULTRAPASSAGEM INDEVIDA;COLISÃO LATERAL MESMO SENTIDO;CÉU CLARO;MÚLTIPLA;RETA;SIM;0
PB;BR-101;BAYEUX;9;3;QUINTA-FEIRA;3;0;17;15H-17H;TARDE;PLENA NOITE;MANOBRA DE MUDANÇA DE FAIXA;COLISÃO LATERAL MESMO SENTIDO;CÉU CLARO;DUPLA;CURVA;NÃO;0
MG;BR-365;PATOS DE MINAS;9;3;QUINTA-FEIRA;3;0;17;15H-17H;TARDE;PLENO DIA;AUSÊNCIA DE SINALIZAÇÃO;QUEDA DE OCUPANTE DE VEÍCULO;SOL;DUPLA;"INTERSEÇÃO DE VIAS;ROTATÓRIA";NÃO;0
AC;BR-364;BUJARI;9;3;QUINTA-FEIRA;3;0;11;09H-11H;MANHA;PLENO DIA;PISTA ESBURACADA;SAÍDA DE LEITO CARROÇÁVEL;CÉU CLARO;SIMPLES;"RETA;DECLIVE";NÃO;0
MG;BR-116;CARATINGA;9;3;QUINTA-FEIRA;3;0;17;15H-17H;TARDE;ANOITECER;ACESSAR A VIA SEM OBSERVAR A PRESENÇA DOS OUTROS VEÍCULOS;COLISÃO TRANSVERSAL;CÉU CLARO;SIMPLES;RETA;SIM;1
CE;BR-116;HORIZONTE;9;3;QUINTA-FEIRA;3;0;18;18H-20H;NOITE;PLENA NOITE;ENTRADA INOPINADA DO PEDESTRE;ATROPELAMENTO DE PEDESTRE;CÉU CLARO;DUPLA;RETA;SIM;0
PE;BR-101;RECIFE;9;3;QUINTA-FEIRA;3;0;18;18H-20H;NOITE;PLENA NOITE;ENTRADA INOPINADA DO PEDESTRE;ATROPELAMENTO DE PEDESTRE;NUBLADO;DUPLA;RETA;SIM;0
MG;BR-040;NOVA LIMA;9;3;QUINTA-FEIRA;3;0;18;18H-20H;NOITE;PLENA NOITE;AUSÊNCIA DE REAÇÃO DO CONDUTOR;COLISÃO TRASEIRA;CÉU CLARO;DUPLA;RETA;NÃO;0
MG;BR-050;UBERABA;9;3;QUINTA-FEIRA;3;0;17;15H-17H;TARDE;ANOITECER;TRANSITAR NA CONTRAMÃO;COLISÃO LATERAL SENTIDO OPOSTO;CÉU CLARO;SIMPLES;"CURVA;VIADUTO;DECLIVE";SIM;0
BA;BR-324;SIMOES FILHO;9;3;QUINTA-FEIRA;3;0;18;18H-20H;NOITE;ANOITECER;CONDUTOR DEIXOU DE MANTER DISTÂNCIA DO VEÍCULO DA FRENTE;COLISÃO LATERAL MESMO SENTIDO;CÉU CLARO;DUPLA;RETA;NÃO;0
PB;BR-104;LAGOA SECA;9;3;QUINTA-FEIRA;3;0;17;15H-17H;TARDE;ANOITECER;CONDUTOR DEIXOU DE MANTER DISTÂNCIA DO VEÍCULO DA FRENTE;COLISÃO TRASEIRA;CÉU CLARO;SIMPLES;"DECLIVE;RETA";SIM;0
ES;BR-101;SERRA;9;3;QUINTA-FEIRA;3;0;18;18H-20H;NOITE;PLENA NOITE;ACESSAR A VIA SEM OBSERVAR A PRESENÇA DOS OUTROS VEÍCULOS;COLISÃO TRANSVERSAL;CÉU CLARO;DUPLA;"RETORNO REGULAMENTADO;RETA";NÃO;0
MA;BR-135;SAO LUIS;9;3;QUINTA-FEIRA;3;0;18;18H-20H;NOITE;PLENA NOITE;ACESSAR A VIA SEM OBSERVAR A PRESENÇA DOS OUTROS VEÍCULOS;COLISÃO TRANSVERSAL;CÉU CLARO;DUPLA;"RETA;INTERSEÇÃO DE VIAS";SIM;0
BA;BR-367;PORTO SEGURO;9;3;QUINTA-FEIRA;3;0;16;15H-17H;TARDE;PLENO DIA;DEMAIS FALHAS MECÂNICAS OU ELÉTRICAS;COLISÃO LATERAL MESMO SENTIDO;SOL;SIMPLES;RETA;SIM;0
PE;BR-408;PAUDALHO;9;3;QUINTA-FEIRA;3;0;18;18H-20H;NOITE;PLENA NOITE;AUSÊNCIA DE REAÇÃO DO CONDUTOR;COLISÃO COM OBJETO;CÉU CLARO;DUPLA;"RETA;ACLIVE";NÃO;0
AL;BR-316;SANTANA DO IPANEMA;9;3;QUINTA-FEIRA;3;0;16;15H-17H;TARDE;PLENO DIA;ACUMULO DE AREIA OU DETRITOS SOBRE O PAVIMENTO;TOMBAMENTO;CÉU CLARO;SIMPLES;RETA;NÃO;0
RN;BR-110;MOSSORO;9;3;QUINTA-FEIRA;3;0;18;18H-20H;NOITE;PLENA NOITE;ANIMAIS NA PISTA;ATROPELAMENTO DE ANIMAL;NUBLADO;SIMPLES;RETA;NÃO;0
MS;BR-163;CAMPO GRANDE;9;3;QUINTA-FEIRA;3;0;18;18H-20H;NOITE;PLENA NOITE;ACESSO IRREGULAR;COLISÃO TRANSVERSAL;CÉU CLARO;SIMPLES;RETA;SIM;0
GO;BR-040;VALPARAISO DE GOIAS;9;3;QUINTA-FEIRA;3;0;19;18H-20H;NOITE;ANOITECER;CONDUTOR DEIXOU DE MANTER DISTÂNCIA DO VEÍCULO DA FRENTE;TOMBAMENTO;CÉU CLARO;DUPLA;RETA;SIM;0
RO;BR-364;PORTO VELHO;9;3;QUINTA-FEIRA;3;0;18;18H-20H;NOITE;ANOITECER;MANOBRA DE MUDANÇA DE FAIXA;COLISÃO TRASEIRA;CÉU CLARO;DUPLA;RETA;SIM;0
MG;BR-116;ITAOBIM;9;3;QUINTA-FEIRA;3;0;19;18H-20H;NOITE;PLENA NOITE;ACESSAR A VIA SEM OBSERVAR A PRESENÇA DOS OUTROS VEÍCULOS;COLISÃO TRANSVERSAL;CÉU CLARO;DUPLA;RETA;SIM;0
RJ;BR-101;ITABORAI;9;3;QUINTA-FEIRA;3;0;5;03H-05H;MADRUGADA;PLENO DIA;AUSÊNCIA DE REAÇÃO DO CONDUTOR;COLISÃO LATERAL MESMO SENTIDO;CÉU CLARO;DUPLA;ACLIVE;SIM;0
PI;BR-343;CAMPO MAIOR;9;3;TERÇA-FEIRA;1;0;18;18H-20H;NOITE;ANOITECER;CONVERSÃO PROIBIDA;COLISÃO TRANSVERSAL;CÉU CLARO;SIMPLES;RETA;SIM;0
GO;BR-060;ANAPOLIS;9;3;QUINTA-FEIRA;3;0;19;18H-20H;NOITE;PLENA NOITE;DEFICIÊNCIA DO SISTEMA DE ILUMINAÇÃO/SINALIZAÇÃO;COLISÃO TRASEIRA;CÉU CLARO;SIMPLES;RETA;SIM;0
BA;BR-116;VITORIA DA CONQUISTA;9;3;QUINTA-FEIRA;3;0;19;18H-20H;NOITE;PLENA NOITE;PARTICIPAR DE RACHA;COLISÃO FRONTAL;NUBLADO;SIMPLES;"RETA;ROTATÓRIA";SIM;0
MT;BR-163;DIAMANTINO;9;3;QUINTA-FEIRA;3;0;16;15H-17H;TARDE;PLENO DIA;AUSÊNCIA DE REAÇÃO DO CONDUTOR;SAÍDA DE LEITO CARROÇÁVEL;CÉU CLARO;DUPLA;RETA;NÃO;0
RO;BR-364;PORTO VELHO;9;3;QUINTA-FEIRA;3;0;18;18H-20H;NOITE;PLENA NOITE;CONDUTOR DEIXOU DE MANTER DISTÂNCIA DO VEÍCULO DA FRENTE;COLISÃO TRASEIRA;CÉU CLARO;DUPLA;"RETA;ACLIVE";SIM;0
RS;BR-285;PASSO FUNDO;9;3;QUINTA-FEIRA;3;0;17;15H-17H;TARDE;PLENO DIA;CONDUTOR DORMINDO;CAPOTAMENTO;CÉU CLARO;DUPLA;CURVA;NÃO;0
MS;BR-262;CAMPO GRANDE;9;3;QUINTA-FEIRA;3;0;19;18H-20H;NOITE;PLENA NOITE;OBJETO ESTÁTICO SOBRE O LEITO CARROÇÁVEL;COLISÃO COM OBJETO;CÉU CLARO;SIMPLES;RETA;NÃO;0
PE;BR-428;PETROLINA;9;3;QUINTA-FEIRA;3;0;20;18H-20H;NOITE;PLENA NOITE;CONDUTOR DEIXOU DE MANTER DISTÂNCIA DO VEÍCULO DA FRENTE;COLISÃO TRASEIRA;CÉU CLARO;MÚLTIPLA;RETA;SIM;0
ES;BR-259;COLATINA;9;3;QUINTA-FEIRA;3;0;19;18H-20H;NOITE;PLENA NOITE;REAÇÃO TARDIA OU INEFICIENTE DO CONDUTOR;EVENTOS ATÍPICOS;NUBLADO;SIMPLES;"RETA;DECLIVE";NÃO;0
RJ;BR-116;PIRAI;9;3;QUINTA-FEIRA;3;0;20;18H-20H;NOITE;PLENA NOITE;CONDUTOR DORMINDO;COLISÃO TRASEIRA;CÉU CLARO;DUPLA;"RETA;INTERSEÇÃO DE VIAS";NÃO;0
SC;BR-163;DIONISIO CERQUEIRA;9;3;QUINTA-FEIRA;3;0;19;18H-20H;NOITE;PLENA NOITE;TRANSITAR NA CONTRAMÃO;COLISÃO FRONTAL;CÉU CLARO;SIMPLES;RETA;NÃO;0
PE;BR-232;ARCOVERDE;9;3;QUINTA-FEIRA;3;0;18;18H-20H;NOITE;PLENA NOITE;INGESTÃO DE ÁLCOOL PELO CONDUTOR;COLISÃO FRONTAL;CÉU CLARO;SIMPLES;RETA;NÃO;1
MT;BR-364;PEDRA PRETA;9;3;QUINTA-FEIRA;3;0;9;09H-11H;MANHA;PLENO DIA;DEMAIS FALHAS MECÂNICAS OU ELÉTRICAS;INCÊNDIO;CÉU CLARO;SIMPLES;ACLIVE;NÃO;0
PR;BR-373;PRUDENTOPOLIS;9;3;QUINTA-FEIRA;3;0;17;15H-17H;TARDE;PLENO DIA;AUSÊNCIA DE REAÇÃO DO CONDUTOR;QUEDA DE OCUPANTE DE VEÍCULO;CÉU CLARO;SIMPLES;RETA;SIM;0
RJ;BR-040;DUQUE DE CAXIAS;9;3;QUINTA-FEIRA;3;0;20;18H-20H;NOITE;PLENA NOITE;ACESSAR A VIA SEM OBSERVAR A PRESENÇA DOS OUTROS VEÍCULOS;COLISÃO LATERAL MESMO SENTIDO;CÉU CLARO;DUPLA;RETA;SIM;0
CE;BR-116;JATI;9;3;QUINTA-FEIRA;3;0;18;18H-20H;NOITE;ANOITECER;MANOBRA DE MUDANÇA DE FAIXA;COLISÃO FRONTAL;CÉU CLARO;SIMPLES;RETA;NÃO;1
PR;BR-467;CASCAVEL;9;3;QUINTA-FEIRA;3;0;21;21H-23H;NOITE;PLENA NOITE;ACESSAR A VIA SEM OBSERVAR A PRESENÇA DOS OUTROS VEÍCULOS;COLISÃO TRANSVERSAL;CÉU CLARO;DUPLA;"INTERSEÇÃO DE VIAS;ACLIVE;CURVA";SIM;0
PI;BR-316;TERESINA;9;3;QUINTA-FEIRA;3;0;21;21H-23H;NOITE;PLENA NOITE;ACUMULO DE ÁGUA SOBRE O PAVIMENTO;TOMBAMENTO;CHUVA;MÚLTIPLA;"RETA;DECLIVE";SIM;0
MA;BR-222;ACAILANDIA;9;3;QUINTA-FEIRA;3;0;17;15H-17H;TARDE;ANOITECER;ACESSAR A VIA SEM OBSERVAR A PRESENÇA DOS OUTROS VEÍCULOS;COLISÃO TRANSVERSAL;CÉU CLARO;SIMPLES;"CURVA;DECLIVE";NÃO;1
RN;BR-304;MOSSORO;9;3;QUINTA-FEIRA;3;0;23;21H-23H;NOITE;PLENA NOITE;ENTRADA INOPINADA DO PEDESTRE;ATROPELAMENTO DE PEDESTRE;CÉU CLARO;DUPLA;RETA;SIM;1
RS;BR-116;CAXIAS DO SUL;9;3;QUINTA-FEIRA;3;0;19;18H-20H;NOITE;PLENA NOITE;INGESTÃO DE ÁLCOOL PELO CONDUTOR;COLISÃO TRASEIRA;CÉU CLARO;DUPLA;"INTERSEÇÃO DE VIAS;RETA;DECLIVE";SIM;0
ES;BR-101;PINHEIROS;9;3;QUINTA-FEIRA;3;0;23;21H-23H;NOITE;PLENA NOITE;VELOCIDADE INCOMPATÍVEL;COLISÃO LATERAL SENTIDO OPOSTO;NEVOEIRO/NEBLINA;SIMPLES;"DECLIVE;CURVA";NÃO;0
MT;BR-364;CUIABA;9;3;QUINTA-FEIRA;3;0;22;21H-23H;NOITE;PLENA NOITE;ACUMULO DE AREIA OU DETRITOS SOBRE O PAVIMENTO;QUEDA DE OCUPANTE DE VEÍCULO;CÉU CLARO;DUPLA;RETA;NÃO;0
MS;BR-463;PONTA PORA;9;3;QUINTA-FEIRA;3;0;20;18H-20H;NOITE;PLENA NOITE;AUSÊNCIA DE REAÇÃO DO CONDUTOR;TOMBAMENTO;IGNORADO;DUPLA;RETA;SIM;0
SC;BR-470;RIO DO SUL;9;3;SEXTA-FEIRA;4;0;0;00H-02H;MADRUGADA;PLENA NOITE;REAÇÃO TARDIA OU INEFICIENTE DO CONDUTOR;COLISÃO COM OBJETO;CÉU CLARO;SIMPLES;"RETA;VIADUTO";SIM;0
SC;BR-101;CAPIVARI DE BAIXO;9;3;SEXTA-FEIRA;4;0;0;00H-02H;MADRUGADA;PLENA NOITE;AVARIAS E/OU DESGASTE EXCESSIVO NO PNEU;TOMBAMENTO;CÉU CLARO;MÚLTIPLA;"RETA;DECLIVE";SIM;0
PR;BR-163;CASCAVEL;9;3;SEXTA-FEIRA;4;0;1;00H-02H;MADRUGADA;PLENA NOITE;CONDUTOR DORMINDO;SAÍDA DE LEITO CARROÇÁVEL;CÉU CLARO;DUPLA;RETA;NÃO;1
MS;BR-060;SIDROLANDIA;9;3;SEXTA-FEIRA;4;0;0;00H-02H;MADRUGADA;PLENA NOITE;CONDUTOR DORMINDO;SAÍDA DE LEITO CARROÇÁVEL;CÉU CLARO;SIMPLES;RETA;NÃO;0
RN;BR-101;NATAL;9;3;SEXTA-FEIRA;4;0;2;00H-02H;MADRUGADA;PLENA NOITE;AUSÊNCIA DE REAÇÃO DO CONDUTOR;ATROPELAMENTO DE ANIMAL;CÉU CLARO;DUPLA;ACLIVE;NÃO;0
TO;BR-153;ALIANCA DO TOCANTINS;9;3;SEXTA-FEIRA;4;0;4;03H-05H;MADRUGADA;PLENA NOITE;INGESTÃO DE ÁLCOOL PELO CONDUTOR;TOMBAMENTO;CÉU CLARO;SIMPLES;RETA;NÃO;0
MS;BR-262;RIBAS DO RIO PARDO;9;3;SEXTA-FEIRA;4;0;3;03H-05H;MADRUGADA;PLENA NOITE;REAÇÃO TARDIA OU INEFICIENTE DO CONDUTOR;CAPOTAMENTO;CÉU CLARO;SIMPLES;RETA;NÃO;1
RJ;BR-101;RIO BONITO;9;3;SEXTA-FEIRA;4;0;1;00H-02H;MADRUGADA;PLENA NOITE;AUSÊNCIA DE REAÇÃO DO CONDUTOR;SAÍDA DE LEITO CARROÇÁVEL;CÉU CLARO;DUPLA;RETA;SIM;0
BA;BR-324;AMELIA RODRIGUES;9;3;SEXTA-FEIRA;4;0;4;03H-05H;MADRUGADA;AMANHECER;OBJETO ESTÁTICO SOBRE O LEITO CARROÇÁVEL;CAPOTAMENTO;NEVOEIRO/NEBLINA;DUPLA;"ACLIVE;RETA";NÃO;0
ES;BR-393;CACHOEIRO DE ITAPEMIRIM;9;3;SEXTA-FEIRA;4;0;5;03H-05H;MADRUGADA;PLENO DIA;ACESSAR A VIA SEM OBSERVAR A PRESENÇA DOS OUTROS VEÍCULOS;COLISÃO TRANSVERSAL;NUBLADO;SIMPLES;RETA;NÃO;0
MG;BR-381;BETIM;9;3;SEXTA-FEIRA;4;0;6;06H-08H;MANHA;PLENO DIA;TRAFEGAR COM MOTOCICLETA (OU SIMILAR) ENTRE AS FAIXAS;TOMBAMENTO;CÉU CLARO;MÚLTIPLA;RETA;SIM;0
BA;BR-324;SAO SEBASTIAO DO PASSE;8;3;DOMINGO;6;1;15;15H-17H;TARDE;PLENO DIA;ACUMULO DE ÁGUA SOBRE O PAVIMENTO;SAÍDA DE LEITO CARROÇÁVEL;CHUVA;DUPLA;RETA;NÃO;0
GO;BR-060;RIO VERDE;9;3;SEXTA-FEIRA;4;0;0;00H-02H;MADRUGADA;PLENA NOITE;CONDUTOR DORMINDO;COLISÃO COM OBJETO;CÉU CLARO;DUPLA;CURVA;NÃO;0
MG;BR-050;UBERLANDIA;9;3;SEXTA-FEIRA;4;0;4;03H-05H;MADRUGADA;AMANHECER;ACESSO IRREGULAR;COLISÃO FRONTAL;CÉU CLARO;DUPLA;RETA;SIM;0
SC;BR-101;BARRA VELHA;9;3;SEXTA-FEIRA;4;0;4;03H-05H;MADRUGADA;PLENA NOITE;CONDUTOR DORMINDO;SAÍDA DE LEITO CARROÇÁVEL;CÉU CLARO;DUPLA;RETA;NÃO;0
MG;BR-262;LUZ;9;3;SEXTA-FEIRA;4;0;4;03H-05H;MADRUGADA;PLENA NOITE;REAÇÃO TARDIA OU INEFICIENTE DO CONDUTOR;CAPOTAMENTO;CÉU CLARO;SIMPLES;RETA;NÃO;0
MT;BR-163;SINOP;9;3;SEXTA-FEIRA;4;0;5;03H-05H;MADRUGADA;AMANHECER;ACESSAR A VIA SEM OBSERVAR A PRESENÇA DOS OUTROS VEÍCULOS;COLISÃO TRASEIRA;CÉU CLARO;SIMPLES;RETA;SIM;0
MT;BR-163;RONDONOPOLIS;9;3;SEXTA-FEIRA;4;0;4;03H-05H;MADRUGADA;AMANHECER;AUSÊNCIA DE REAÇÃO DO CONDUTOR;QUEDA DE OCUPANTE DE VEÍCULO;CÉU CLARO;DUPLA;RETA;SIM;0