uf;br_formatada;municipio;mes;trimestre;dia_semana;dia_semana_num;fim_de_semana;hora;faixa_horaria;turno;fase_dia;causa_acidente;tipo_acidente;condicao_metereologica;tipo_pista;tracado_via;uso_solo;acidente_fatal
PE;BR-104;CARUARU;9;3;SEGUNDA-FEIRA;0;0;15;15H-17H;TARDE;PLENO DIA;ACESSAR A VIA SEM OBSERVAR A PRESENÇA DOS OUTROS VEÍCULOS;COLISÃO TRANSVERSAL;CÉU CLARO;DUPLA;RETA;SIM;0
SC;BR-101;ITAJAI;9;3;SEGUNDA-FEIRA;0;0;15;15H-17H;TARDE;PLENO DIA;REAÇÃO TARDIA OU INEFICIENTE DO CONDUTOR;COLISÃO LATERAL MESMO SENTIDO;NUBLADO;MÚLTIPLA;RETA;SIM;0
PI;BR-316;INHUMA;9;3;SEGUNDA-FEIRA;0;0;8;06H-08H;MANHA;PLENO DIA;AUSÊNCIA DE REAÇÃO DO CONDUTOR;COLISÃO TRASEIRA;CÉU CLARO;SIMPLES;RETA;SIM;0
SC;BR-470;POUSO REDONDO;9;3;SEGUNDA-FEIRA;0;0;11;09H-11H;MANHA;PLENO DIA;INGESTÃO DE ÁLCOOL PELO CONDUTOR;SAÍDA DE LEITO CARROÇÁVEL;CÉU CLARO;SIMPLES;"RETA;ACLIVE";SIM;0
PR;BR-163;CAPITAO LEONIDAS MARQUES;9;3;SÁBADO;5;1;15;15H-17H;TARDE;PLENO DIA;REAÇÃO TARDIA OU INEFICIENTE DO CONDUTOR;TOMBAMENTO;CÉU CLARO;DUPLA;"RETA;DECLIVE";NÃO;0
RN;BR-304;MOSSORO;9;3;SEGUNDA-FEIRA;0;0;17;15H-17H;TARDE;PLENO DIA;CONDUTOR DEIXOU DE MANTER DISTÂNCIA DO VEÍCULO DA FRENTE;COLISÃO TRASEIRA;CÉU CLARO;DUPLA;RETA;SIM;0
BA;BR-324;FEIRA DE SANTANA;9;3;SEGUNDA-FEIRA;0;0;16;15H-17H;TARDE;PLENO DIA;CONVERSÃO PROIBIDA;COLISÃO LATERAL MESMO SENTIDO;SOL;SIMPLES;RETA;SIM;0
RN;BR-226;PATU;9;3;SEGUNDA-FEIRA;0;0;16;15H-17H;TARDE;PLENO DIA;ACESSAR A VIA SEM OBSERVAR A PRESENÇA DOS OUTROS VEÍCULOS;COLISÃO TRANSVERSAL;CÉU CLARO;SIMPLES;INTERSEÇÃO DE VIAS;SIM;0
RN;BR-101;PARNAMIRIM;9;3;SEGUNDA-FEIRA;0;0;16;15H-17H;TARDE;PLENO DIA;REAÇÃO TARDIA OU INEFICIENTE DO CONDUTOR;ENGAVETAMENTO;CÉU CLARO;DUPLA;RETA;SIM;0
SC;BR-470;RIO DO SUL;9;3;SEGUNDA-FEIRA;0;0;14;12H-14H;TARDE;PLENO DIA;ACESSAR A VIA SEM OBSERVAR A PRESENÇA DOS OUTROS VEÍCULOS;COLISÃO TRANSVERSAL;CÉU CLARO;SIMPLES;CURVA;SIM;0
PR;BR-476;COLOMBO;9;3;SEGUNDA-FEIRA;0;0;15;15H-17H;TARDE;PLENO DIA;REAÇÃO TARDIA OU INEFICIENTE DO CONDUTOR;COLISÃO TRASEIRA;CÉU CLARO;MÚLTIPLA;"RETA;DECLIVE";SIM;0
MG;BR-040;JOAO PINHEIRO;9;3;SEGUNDA-FEIRA;0;0;15;15H-17H;TARDE;PLENO DIA;DEMAIS FALHAS MECÂNICAS OU ELÉTRICAS;INCÊNDIO;CÉU CLARO;SIMPLES;DECLIVE;NÃO;0
SC;BR-282;PALHOCA;9;3;SEGUNDA-FEIRA;0;0;17;15H-17H;TARDE;PLENO DIA;ACESSAR A VIA SEM OBSERVAR A PRESENÇA DOS OUTROS VEÍCULOS;COLISÃO TRANSVERSAL;CÉU CLARO;SIMPLES;"RETA;INTERSEÇÃO DE VIAS";SIM;0
SE;BR-235;ARACAJU;9;3;SEGUNDA-FEIRA;0;0;17;15H-17H;TARDE;ANOITECER;AVARIAS E/OU DESGASTE EXCESSIVO NO PNEU;TOMBAMENTO;NUBLADO;DUPLA;DECLIVE;SIM;0
PE;BR-428;PETROLINA;9;3;SEGUNDA-FEIRA;0;0;17;15H-17H;TARDE;PLENO DIA;CURVA ACENTUADA;QUEDA DE OCUPANTE DE VEÍCULO;CÉU CLARO;SIMPLES;CURVA;SIM;0
MG;BR-262;NOVA SERRANA;9;3;SEGUNDA-FEIRA;0;0;16;15H-17H;TARDE;PLENO DIA;CONVERSÃO PROIBIDA;COLISÃO LATERAL SENTIDO OPOSTO;SOL;SIMPLES;RETA;NÃO;0
PR;BR-116;CAMPINA GRANDE DO SUL;9;3;SEGUNDA-FEIRA;0;0;16;15H-17H;TARDE;PLENO DIA;VELOCIDADE INCOMPATÍVEL;SAÍDA DE LEITO CARROÇÁVEL;NUBLADO;DUPLA;CURVA;NÃO;0
GO;BR-060;JANDAIA;8;3;SEXTA-FEIRA;4;0;8;06H-08H;MANHA;PLENO DIA;DEMAIS FALHAS MECÂNICAS OU ELÉTRICAS;INCÊNDIO;CÉU CLARO;DUPLA;CURVA;NÃO;0
PA;BR-316;CASTANHAL;9;3;SEGUNDA-FEIRA;0;0;18;18H-20H;NOITE;PLENA NOITE;AUSÊNCIA DE REAÇÃO DO CONDUTOR;COLISÃO TRASEIRA;CÉU CLARO;DUPLA;RETA;SIM;0
PR;BR-153;PORTO VITORIA;9;3;SEGUNDA-FEIRA;0;0;17;15H-17H;TARDE;ANOITECER;MANOBRA DE MUDANÇA DE FAIXA;COLISÃO TRANSVERSAL;NUBLADO;SIMPLES;RETA;NÃO;1
MG;BR-365;UBERLANDIA;9;3;SEGUNDA-FEIRA;0;0;15;15H-17H;TARDE;PLENO DIA;REAÇÃO TARDIA OU INEFICIENTE DO CONDUTOR;QUEDA DE OCUPANTE DE VEÍCULO;CÉU CLARO;SIMPLES;RETA;SIM;0
PA;BR-163;BELTERRA;9;3;SEGUNDA-FEIRA;0;0;17;15H-17H;TARDE;PLENO DIA;ACESSAR A VIA SEM OBSERVAR A PRESENÇA DOS OUTROS VEÍCULOS;COLISÃO TRANSVERSAL;CÉU CLARO;SIMPLES;"INTERSEÇÃO DE VIAS;RETORNO REGULAMENTADO";NÃO;0
GO;BR-060;RIO VERDE;9;3;SEGUNDA-FEIRA;0;0;12;12H-14H;TARDE;PLENO DIA;AUSÊNCIA DE REAÇÃO DO CONDUTOR;COLISÃO TRASEIRA;CÉU CLARO;SIMPLES;VIADUTO;SIM;0
PR;BR-376;APUCARANA;9;3;SEGUNDA-FEIRA;0;0;18;18H-20H;NOITE;ANOITECER;CONVERSÃO PROIBIDA;COLISÃO TRANSVERSAL;CÉU CLARO;SIMPLES;"RETA;DECLIVE";SIM;0
PE;BR-101;RECIFE;9;3;SEGUNDA-FEIRA;0;0;18;18H-20H;NOITE;PLENA NOITE;AUSÊNCIA DE REAÇÃO DO CONDUTOR;COLISÃO COM OBJETO;CÉU CLARO;DUPLA;"RETA;PONTE";SIM;0
PR;BR-163;TOLEDO;9;3;SEGUNDA-FEIRA;0;0;16;15H-17H;TARDE;PLENO DIA;TRANSITAR NA CONTRAMÃO;SAÍDA DE LEITO CARROÇÁVEL;CÉU CLARO;DUPLA;CURVA;NÃO;1
SP;BR-116;SANTA ISABEL;9;3;SEGUNDA-FEIRA;0;0;18;18H-20H;NOITE;PLENA NOITE;REAÇÃO TARDIA OU INEFICIENTE DO CONDUTOR;COLISÃO TRASEIRA;CÉU CLARO;DUPLA;RETA;NÃO;0
MA;BR-135;SAO LUIS;9;3;SEGUNDA-FEIRA;0;0;16;15H-17H;TARDE;PLENO DIA;MANOBRA DE MUDANÇA DE FAIXA;COLISÃO LATERAL MESMO SENTIDO;CÉU CLARO;MÚLTIPLA;RETA;SIM;0
RJ;BR-101;SAO GONCALO;9;3;SEGUNDA-FEIRA;0;0;21;21H-23H;NOITE;PLENA NOITE;ACESSAR A VIA SEM OBSERVAR A PRESENÇA DOS OUTROS VEÍCULOS;ATROPELAMENTO DE PEDESTRE;CÉU CLARO;DUPLA;RETA;NÃO;0
SP;BR-153;SAO JOSE DO RIO PRETO;2;1;SÁBADO;5;1;4;03H-05H;MADRUGADA;AMANHECER;INGESTÃO DE ÁLCOOL PELO CONDUTOR;COLISÃO COM OBJETO;CÉU CLARO;DUPLA;RETA;SIM;1
RJ;BR-116;SAO JOAO DE MERITI;9;3;SEGUNDA-FEIRA;0;0;17;15H-17H;TARDE;ANOITECER;MANOBRA DE MUDANÇA DE FAIXA;CAPOTAMENTO;SOL;DUPLA;RETA;SIM;0
SP;BR-116;EMBU DAS ARTES;9;3;SEGUNDA-FEIRA;0;0;17;15H-17H;TARDE;ANOITECER;TRAFEGAR COM MOTOCICLETA (OU SIMILAR) ENTRE AS FAIXAS;COLISÃO TRASEIRA;CÉU CLARO;DUPLA;DECLIVE;SIM;0
MS;BR-158;TRES LAGOAS;9;3;SEGUNDA-FEIRA;0;0;18;18H-20H;NOITE;PLENA NOITE;ULTRAPASSAGEM INDEVIDA;COLISÃO FRONTAL;CÉU CLARO;SIMPLES;CURVA;NÃO;0
PA;BR-316;BENEVIDES;9;3;SEGUNDA-FEIRA;0;0;19;18H-20H;NOITE;PLENA NOITE;ENTRADA INOPINADA DO PEDESTRE;ATROPELAMENTO DE PEDESTRE;CÉU CLARO;DUPLA;RETA;SIM;1
PR;BR-153;IBAITI;9;3;SEGUNDA-FEIRA;0;0;18;18H-20H;NOITE;ANOITECER;RETORNO PROIBIDO;COLISÃO TRANSVERSAL;CÉU CLARO;SIMPLES;INTERSEÇÃO DE VIAS;SIM;0
RJ;BR-465;NOVA IGUACU;9;3;SEGUNDA-FEIRA;0;0;19;18H-20H;NOITE;PLENA NOITE;AUSÊNCIA DE REAÇÃO DO CONDUTOR;COLISÃO TRASEIRA;CÉU CLARO;SIMPLES;RETA;NÃO;0
PR;BR-369;ANDIRA;9;3;SEGUNDA-FEIRA;0;0;18;18H-20H;NOITE;PLENA NOITE;ACESSAR A VIA SEM OBSERVAR A PRESENÇA DOS OUTROS VEÍCULOS;COLISÃO TRANSVERSAL;CÉU CLARO;DUPLA;RETA;SIM;0
MS;BR-463;PONTA PORA;9;3;SEGUNDA-FEIRA;0;0;18;18H-20H;NOITE;PLENA NOITE;VELOCIDADE INCOMPATÍVEL;COLISÃO TRASEIRA;NUBLADO;DUPLA;RETA;SIM;1
CE;BR-222;TIANGUA;9;3;SEGUNDA-FEIRA;0;0;20;18H-20H;NOITE;PLENA NOITE;AUSÊNCIA DE REAÇÃO DO CONDUTOR;COLISÃO COM OBJETO;CÉU CLARO;DUPLA;RETA;SIM;0
RJ;BR-101;NITEROI;9;3;SEGUNDA-FEIRA;0;0;19;18H-20H;NOITE;PLENA NOITE;REAÇÃO TARDIA OU INEFICIENTE DO CONDUTOR;COLISÃO COM OBJETO;CÉU CLARO;DUPLA;"PONTE;RETA";NÃO;0
SP;BR-381;VARGEM;9;3;SEGUNDA-FEIRA;0;0;20;18H-20H;NOITE;PLENA NOITE;AVARIAS E/OU DESGASTE EXCESSIVO NO PNEU;TOMBAMENTO;CÉU CLARO;DUPLA;RETA;NÃO;0
RS;BR-392;CANGUCU;9;3;SEGUNDA-FEIRA;0;0;19;18H-20H;NOITE;PLENA NOITE;REAÇÃO TARDIA OU INEFICIENTE DO CONDUTOR;COLISÃO LATERAL MESMO SENTIDO;NUBLADO;SIMPLES;"PONTE;RETA;DECLIVE";NÃO;0
MG;BR-262;ARAXA;9;3;SEGUNDA-FEIRA;0;0;20;18H-20H;NOITE;PLENA NOITE;DEMAIS FALHAS MECÂNICAS OU ELÉTRICAS;INCÊNDIO;CÉU CLARO;SIMPLES;DECLIVE;NÃO;0
SC;BR-101;PORTO BELO;9;3;SEGUNDA-FEIRA;0;0;19;18H-20H;NOITE;PLENA NOITE;REAÇÃO TARDIA OU INEFICIENTE DO CONDUTOR;COLISÃO TRASEIRA;GAROA/CHUVISCO;DUPLA;RETA;NÃO;0
PB;BR-230;JOAO PESSOA;9;3;SEGUNDA-FEIRA;0;0;21;21H-23H;NOITE;PLENA NOITE;REAÇÃO TARDIA OU INEFICIENTE DO CONDUTOR;ENGAVETAMENTO;CÉU CLARO;DUPLA;"ACLIVE;VIADUTO;CURVA";SIM;0
MG;BR-040;RIBEIRAO DAS NEVES;9;3;SEGUNDA-FEIRA;0;0;21;21H-23H;NOITE;PLENA NOITE;MANOBRA DE MUDANÇA DE FAIXA;COLISÃO LATERAL MESMO SENTIDO;CÉU CLARO;DUPLA;RETA;NÃO;0
BA;BR-324;SALVADOR;9;3;QUARTA-FEIRA;2;0;8;06H-08H;MANHA;PLENO DIA;CONDUTOR DEIXOU DE MANTER DISTÂNCIA DO VEÍCULO DA FRENTE;COLISÃO TRASEIRA;CHUVA;DUPLA;RETA;NÃO;0
MT;BR-163;SINOP;9;3;SEGUNDA-FEIRA;0;0;18;18H-20H;NOITE;PLENA NOITE;AFUNDAMENTO OU ONDULAÇÃO NO PAVIMENTO;QUEDA DE OCUPANTE DE VEÍCULO;CÉU CLARO;SIMPLES;RETA;NÃO;0
MG;BR-116;INHAPIM;9;3;SEGUNDA-FEIRA;0;0;18;18H-20H;NOITE;PLENA NOITE;MANOBRA DE MUDANÇA DE FAIXA;COLISÃO TRASEIRA;CÉU CLARO;SIMPLES;"RETA;DECLIVE";NÃO;0
AC;BR-364;RIO BRANCO;9;3;SEGUNDA-FEIRA;0;0;19;18H-20H;NOITE;PLENA NOITE;AUSÊNCIA DE REAÇÃO DO CONDUTOR;COLISÃO TRASEIRA;CÉU CLARO;DUPLA;RETA;SIM;0
RS;BR-116;CAXIAS DO SUL;9;3;SEGUNDA-FEIRA;0;0;21;21H-23H;NOITE;PLENA NOITE;CURVA ACENTUADA;COLISÃO COM OBJETO;CHUVA;DUPLA;"DECLIVE;CURVA";SIM;0
SP;BR-116;PARIQUERA-ACU;9;3;SEGUNDA-FEIRA;0;0;22;21H-23H;NOITE;PLENA NOITE;DEMAIS FALHAS MECÂNICAS OU ELÉTRICAS;SAÍDA DE LEITO CARROÇÁVEL;CÉU CLARO;DUPLA;RETA;NÃO;0
PI;BR-343;CAMPO MAIOR;6;2;QUARTA-FEIRA;2;0;7;06H-08H;MANHA;PLENO DIA;DEMAIS FALHAS NA VIA;TOMBAMENTO;CÉU CLARO;SIMPLES;"RETA;EM OBRAS";NÃO;0
RJ;BR-393;BARRA DO PIRAI;9;3;QUARTA-FEIRA;2;0;11;09H-11H;MANHA;PLENO DIA;CONDUTOR DEIXOU DE MANTER DISTÂNCIA DO VEÍCULO DA FRENTE;COLISÃO LATERAL MESMO SENTIDO;IGNORADO;SIMPLES;RETA;SIM;0
PR;BR-158;LARANJEIRAS DO SUL;9;3;SEGUNDA-FEIRA;0;0;18;18H-20H;NOITE;ANOITECER;AUSÊNCIA DE REAÇÃO DO CONDUTOR;COLISÃO FRONTAL;IGNORADO;SIMPLES;RETA;NÃO;1
SP;BR-488;APARECIDA;9;3;SEGUNDA-FEIRA;0;0;23;21H-23H;NOITE;PLENA NOITE;CONDUTOR DORMINDO;COLISÃO COM OBJETO;CÉU CLARO;DUPLA;RETA;SIM;0
SC;BR-282;XANXERE;9;3;TERÇA-FEIRA;1;0;0;00H-02H;MADRUGADA;PLENA NOITE;VELOCIDADE INCOMPATÍVEL;SAÍDA DE LEITO CARROÇÁVEL;GAROA/CHUVISCO;DUPLA;RETA;NÃO;0
PR;BR-376;MARINGA;9;3;TERÇA-FEIRA;1;0;0;00H-02H;MADRUGADA;PLENA NOITE;REAÇÃO TARDIA OU INEFICIENTE DO CONDUTOR;COLISÃO TRASEIRA;CÉU CLARO;DUPLA;RETA;SIM;0
RS;BR-290;GRAVATAI;9;3;TERÇA-FEIRA;1;0;1;00H-02H;MADRUGADA;PLENA NOITE;AUSÊNCIA DE REAÇÃO DO CONDUTOR;COLISÃO COM OBJETO;NUBLADO;MÚLTIPLA;RETA;NÃO;0
PE;BR-101;ESCADA;9;3;TERÇA-FEIRA;1;0;1;00H-02H;MADRUGADA;PLENA NOITE;VELOCIDADE INCOMPATÍVEL;CAPOTAMENTO;CÉU CLARO;DUPLA;CURVA;NÃO;0
SP;BR-116;EMBU DAS ARTES;9;3;TERÇA-FEIRA;1;0;2;00H-02H;MADRUGADA;PLENA NOITE;MANOBRA DE MUDANÇA DE FAIXA;SAÍDA DE LEITO CARROÇÁVEL;CÉU CLARO;DUPLA;RETA;SIM;0
GO;BR-153;ITUMBIARA;9;3;TERÇA-FEIRA;1;0;4;03H-05H;MADRUGADA;PLENA NOITE;REAÇÃO TARDIA OU INEFICIENTE DO CONDUTOR;TOMBAMENTO;CÉU CLARO;SIMPLES;RETA;SIM;0
PR;BR-376;CURITIBA;9;3;TERÇA-FEIRA;1;0;3;03H-05H;MADRUGADA;PLENA NOITE;VELOCIDADE INCOMPATÍVEL;SAÍDA DE LEITO CARROÇÁVEL;CHUVA;DUPLA;"RETA;ACLIVE";SIM;0
PE;BR-316;PETROLANDIA;9;3;SEGUNDA-FEIRA;0;0;20;18H-20H;NOITE;PLENA NOITE;ANIMAIS NA PISTA;ATROPELAMENTO DE ANIMAL;CÉU CLARO;SIMPLES;RETA;SIM;1
MG;BR-040;CONTAGEM;9;3;TERÇA-FEIRA;1;0;6;06H-08H;MANHA;PLENO DIA;MANOBRA DE MUDANÇA DE FAIXA;COLISÃO LATERAL MESMO SENTIDO;CÉU CLARO;DUPLA;RETA;NÃO;0
BA;BR-324;RIACHAO DO JACUIPE;9;3;SEGUNDA-FEIRA;0;0;19;18H-20H;NOITE;PLENA NOITE;ACESSO IRREGULAR;COLISÃO TRANSVERSAL;CÉU CLARO;SIMPLES;RETA;SIM;0
MG;BR-381;OLIVEIRA;9;3;TERÇA-FEIRA;1;0;5;03H-05H;MADRUGADA;AMANHECER;CONDUTOR DORMINDO;SAÍDA DE LEITO CARROÇÁVEL;CÉU CLARO;DUPLA;CURVA;NÃO;0
RJ;BR-393;BARRA DO PIRAI;9;3;QUINTA-FEIRA;3;0;18;18H-20H;NOITE;PLENA NOITE;VELOCIDADE INCOMPATÍVEL;QUEDA DE OCUPANTE DE VEÍCULO;IGNORADO;SIMPLES;RETA;NÃO;0
RN;BR-304;MOSSORO;9;3;TERÇA-FEIRA;1;0;6;06H-08H;MANHA;PLENO DIA;ACESSAR A VIA SEM OBSERVAR A PRESENÇA DOS OUTROS VEÍCULOS;COLISÃO TRANSVERSAL;CÉU CLARO;SIMPLES;RETA;NÃO;0
CE;BR-116;EUSEBIO;9;3;TERÇA-FEIRA;1;0;7;06H-08H;MANHA;PLENO DIA;AUSÊNCIA DE REAÇÃO DO CONDUTOR;COLISÃO TRASEIRA;CÉU CLARO;MÚLTIPLA;RETA;NÃO;0
MG;BR-116;CARATINGA;9;3;SEGUNDA-FEIRA;0;0;21;21H-23H;NOITE;PLENA NOITE;REAÇÃO TARDIA OU INEFICIENTE DO CONDUTOR;COLISÃO LATERAL MESMO SENTIDO;NUBLADO;SIMPLES;RETA;SIM;0
RJ;BR-101;CAMPOS DOS GOYTACAZES;9;3;TERÇA-FEIRA;1;0;6;06H-08H;MANHA;PLENO DIA;DEMAIS FALHAS MECÂNICAS OU ELÉTRICAS;INCÊNDIO;CÉU CLARO;SIMPLES;"ACLIVE;CURVA";NÃO;0
ES;BR-259;COLATINA;9;3;TERÇA-FEIRA;1;0;7;06H-08H;MANHA;PLENO DIA;AUSÊNCIA DE REAÇÃO DO CONDUTOR;TOMBAMENTO;CHUVA;SIMPLES;RETA;NÃO;0
PR;BR-369;ARAPONGAS;9;3;TERÇA-FEIRA;1;0;6;06H-08H;MANHA;PLENO DIA;PISTA ESCORREGADIA;QUEDA DE OCUPANTE DE VEÍCULO;NUBLADO;SIMPLES;ROTATÓRIA;SIM;0
RJ;BR-040;DUQUE DE CAXIAS;9;3;TERÇA-FEIRA;1;0;7;06H-08H;MANHA;PLENO DIA;CONVERSÃO PROIBIDA;COLISÃO TRANSVERSAL;CÉU CLARO;MÚLTIPLA;RETA;SIM;0
SP;BR-116;GUARULHOS;9;3;TERÇA-FEIRA;1;0;7;06H-08H;MANHA;PLENO DIA;REAÇÃO TARDIA OU INEFICIENTE DO CONDUTOR;COLISÃO LATERAL MESMO SENTIDO;CÉU CLARO;MÚLTIPLA;RETA;SIM;0
MG;BR-381;PERIQUITO;9;3;TERÇA-FEIRA;1;0;5;03H-05H;MADRUGADA;AMANHECER;ACESSAR A VIA SEM OBSERVAR A PRESENÇA DOS OUTROS VEÍCULOS;COLISÃO FRONTAL;IGNORADO;SIMPLES;CURVA;NÃO;0
BA;BR-324;AMELIA RODRIGUES;9;3;TERÇA-FEIRA;1;0;8;06H-08H;MANHA;PLENO DIA;DEMAIS FALHAS MECÂNICAS OU ELÉTRICAS;INCÊNDIO;CÉU CLARO;DUPLA;RETA;SIM;0
RJ;BR-116;GUAPIMIRIM;9;3;TERÇA-FEIRA;1;0;7;06H-08H;MANHA;PLENO DIA;AUSÊNCIA DE REAÇÃO DO CONDUTOR;QUEDA DE OCUPANTE DE VEÍCULO;CÉU CLARO;DUPLA;RETA;SIM;0
RS;BR-116;PELOTAS;9;3;TERÇA-FEIRA;1;0;7;06H-08H;MANHA;AMANHECER;VELOCIDADE INCOMPATÍVEL;COLISÃO COM OBJETO;CÉU CLARO;SIMPLES;RETA;NÃO;1
MG;BR-381;BETIM;9;3;TERÇA-FEIRA;1;0;7;06H-08H;MANHA;PLENO DIA;TRAFEGAR COM MOTOCICLETA (OU SIMILAR) ENTRE AS FAIXAS;COLISÃO LATERAL MESMO SENTIDO;CÉU CLARO;MÚLTIPLA;"ACLIVE;RETA";NÃO;0
PR;BR-277;SAO JOSE DOS PINHAIS;9;3;TERÇA-FEIRA;1;0;7;06H-08H;MANHA;PLENO DIA;ACESSAR A VIA SEM OBSERVAR A PRESENÇA DOS OUTROS VEÍCULOS;COLISÃO TRANSVERSAL;CÉU CLARO;DUPLA;RETA;SIM;0
PR;BR-376;GUARATUBA;9;3;TERÇA-FEIRA;1;0;7;06H-08H;MANHA;PLENO DIA;AUSÊNCIA DE REAÇÃO DO CONDUTOR;ATROPELAMENTO DE PEDESTRE;CÉU CLARO;DUPLA;CURVA;NÃO;1
PR;BR-153;JACAREZINHO;7;3;DOMINGO;6;1;18;18H-20H;NOITE;ANOITECER;VELOCIDADE INCOMPATÍVEL;QUEDA DE OCUPANTE DE VEÍCULO;CÉU CLARO;SIMPLES;RETA;NÃO;0
PR;BR-116;COLOMBO;9;3;TERÇA-FEIRA;1;0;8;06H-08H;MANHA;PLENO DIA;DEMAIS FALHAS NA VIA;COLISÃO COM OBJETO;CÉU CLARO;DUPLA;RETA;SIM;0
SP;BR-381;BRAGANCA PAULISTA;9;3;TERÇA-FEIRA;1;0;8;06H-08H;MANHA;PLENO DIA;AUSÊNCIA DE REAÇÃO DO CONDUTOR;COLISÃO LATERAL MESMO SENTIDO;CÉU CLARO;SIMPLES;"CURVA;DECLIVE";NÃO;0
PR;BR-277;CAMPO LARGO;9;3;TERÇA-FEIRA;1;0;8;06H-08H;MANHA;PLENO DIA;AUSÊNCIA DE REAÇÃO DO CONDUTOR;COLISÃO TRASEIRA;CÉU CLARO;DUPLA;"DECLIVE;CURVA";NÃO;0
PE;BR-101;JABOATAO DOS GUARARAPES;9;3;TERÇA-FEIRA;1;0;8;06H-08H;MANHA;PLENO DIA;TRAFEGAR COM MOTOCICLETA (OU SIMILAR) ENTRE AS FAIXAS;COLISÃO LATERAL MESMO SENTIDO;CÉU CLARO;MÚLTIPLA;RETA;SIM;0
PR;BR-277;SAO JOSE DOS PINHAIS;9;3;TERÇA-FEIRA;1;0;8;06H-08H;MANHA;PLENO DIA;AUSÊNCIA DE REAÇÃO DO CONDUTOR;COLISÃO TRASEIRA;SOL;DUPLA;RETA;SIM;0
PI;BR-316;PICOS;9;3;TERÇA-FEIRA;1;0;8;06H-08H;MANHA;PLENO DIA;CONDUTOR DEIXOU DE MANTER DISTÂNCIA DO VEÍCULO DA FRENTE;COLISÃO LATERAL MESMO SENTIDO;SOL;SIMPLES;RETA;SIM;0
MG;BR-116;MANHUACU;9;3;TERÇA-FEIRA;1;0;7;06H-08H;MANHA;PLENO DIA;ACESSAR A VIA SEM OBSERVAR A PRESENÇA DOS OUTROS VEÍCULOS;COLISÃO FRONTAL;CÉU CLARO;SIMPLES;"CURVA;DECLIVE;INTERSEÇÃO DE VIAS";NÃO;0
SP;BR-116;PINDAMONHANGABA;9;3;TERÇA-FEIRA;1;0;8;06H-08H;MANHA;PLENO DIA;REAÇÃO TARDIA OU INEFICIENTE DO CONDUTOR;ENGAVETAMENTO;NUBLADO;DUPLA;RETA;NÃO;0
MG;BR-116;CARATINGA;9;3;SEGUNDA-FEIRA;0;0;3;03H-05H;MADRUGADA;PLENA NOITE;AUSÊNCIA DE REAÇÃO DO CONDUTOR;SAÍDA DE LEITO CARROÇÁVEL;CÉU CLARO;SIMPLES;RETA;SIM;0
ES;BR-393;CACHOEIRO DE ITAPEMIRIM;9;3;TERÇA-FEIRA;1;0;8;06H-08H;MANHA;PLENO DIA;AUSÊNCIA DE REAÇÃO DO CONDUTOR;COLISÃO TRASEIRA;SOL;SIMPLES;"RETA;INTERSEÇÃO DE VIAS";SIM;0
BA;BR-101;EUNAPOLIS;9;3;TERÇA-FEIRA;1;0;8;06H-08H;MANHA;PLENO DIA;AUSÊNCIA DE REAÇÃO DO CONDUTOR;COLISÃO LATERAL MESMO SENTIDO;SOL;SIMPLES;"INTERSEÇÃO DE VIAS;CURVA";SIM;0
MS;BR-163;CAMPO GRANDE;9;3;TERÇA-FEIRA;1;0;9;09H-11H;MANHA;PLENO DIA;AUSÊNCIA DE REAÇÃO DO CONDUTOR;CAPOTAMENTO;CHUVA;SIMPLES;RETA;NÃO;0
PE;BR-116;SALGUEIRO;9;3;TERÇA-FEIRA;1;0;9;09H-11H;MANHA;PLENO DIA;ACESSAR A VIA SEM OBSERVAR A PRESENÇA DOS OUTROS VEÍCULOS;COLISÃO LATERAL MESMO SENTIDO;CÉU CLARO;SIMPLES;RETA;NÃO;0
ES;BR-262;MARECHAL FLORIANO;9;3;SÁBADO;5;1;12;12H-14H;TARDE;PLENO DIA;AVARIAS E/OU DESGASTE EXCESSIVO NO PNEU;SAÍDA DE LEITO CARROÇÁVEL;CHUVA;SIMPLES;RETORNO REGULAMENTADO;NÃO;0
RO;BR-319;PORTO VELHO;9;3;TERÇA-FEIRA;1;0;8;06H-08H;MANHA;PLENO DIA;ACESSAR A VIA SEM OBSERVAR A PRESENÇA DOS OUTROS VEÍCULOS;COLISÃO TRANSVERSAL;SOL;MÚLTIPLA;INTERSEÇÃO DE VIAS;SIM;0
ES;BR-101;ARACRUZ;9;3;TERÇA-FEIRA;1;0;9;09H-11H;MANHA;PLENO DIA;CONDUTOR DORMINDO;COLISÃO COM OBJETO;CÉU CLARO;SIMPLES;RETA;NÃO;0
MG;BR-050;UBERLANDIA;9;3;TERÇA-FEIRA;1;0;10;09H-11H;MANHA;PLENO DIA;CONDUTOR DEIXOU DE MANTER DISTÂNCIA DO VEÍCULO DA FRENTE;COLISÃO TRASEIRA;CÉU CLARO;DUPLA;RETA;SIM;0
ES;BR-101;SERRA;9;3;TERÇA-FEIRA;1;0;10;09H-11H;MANHA;PLENO DIA;ACESSO IRREGULAR;COLISÃO TRANSVERSAL;GAROA/CHUVISCO;DUPLA;RETA;NÃO;0
SC;BR-282;FLORIANOPOLIS;9;3;TERÇA-FEIRA;1;0;10;09H-11H;MANHA;PLENO DIA;REAÇÃO TARDIA OU INEFICIENTE DO CONDUTOR;SAÍDA DE LEITO CARROÇÁVEL;NUBLADO;MÚLTIPLA;RETA;SIM;0
AM;BR-319;TAPAUA;9;3;TERÇA-FEIRA;1;0;9;09H-11H;MANHA;PLENO DIA;ACUMULO DE AREIA OU DETRITOS SOBRE O PAVIMENTO;TOMBAMENTO;CÉU CLARO;SIMPLES;RETA;NÃO;0