uf;br_formatada;municipio;mes;trimestre;dia_semana;dia_semana_num;fim_de_semana;hora;faixa_horaria;turno;fase_dia;causa_acidente;tipo_acidente;condicao_metereologica;tipo_pista;tracado_via;uso_solo;acidente_fatal
SE;BR-101;ROSARIO DO CATETE;9;3;TERÇA-FEIRA;1;0;10;09H-11H;MANHA;PLENO DIA;CHUVA;SAÍDA DE LEITO CARROÇÁVEL;CHUVA;SIMPLES;CURVA;NÃO;0
PE;BR-104;CARUARU;9;3;TERÇA-FEIRA;1;0;10;09H-11H;MANHA;PLENO DIA;ANIMAIS NA PISTA;ATROPELAMENTO DE ANIMAL;NUBLADO;DUPLA;"RETA;RETORNO REGULAMENTADO";SIM;0
SC;BR-101;ARARANGUA;9;3;TERÇA-FEIRA;1;0;11;09H-11H;MANHA;PLENO DIA;DESRESPEITAR A PREFERÊNCIA NO CRUZAMENTO;COLISÃO TRANSVERSAL;NUBLADO;SIMPLES;VIADUTO;SIM;0
RJ;BR-116;MESQUITA;7;3;SÁBADO;5;1;18;18H-20H;NOITE;PLENA NOITE;MANOBRA DE MUDANÇA DE FAIXA;COLISÃO LATERAL MESMO SENTIDO;CÉU CLARO;MÚLTIPLA;CURVA;SIM;0
ES;BR-447;VILA VELHA;9;3;TERÇA-FEIRA;1;0;12;12H-14H;TARDE;PLENO DIA;CONDUTOR DEIXOU DE MANTER DISTÂNCIA DO VEÍCULO DA FRENTE;COLISÃO TRASEIRA;CÉU CLARO;DUPLA;RETA;SIM;0
MG;BR-040;SETE LAGOAS;9;3;TERÇA-FEIRA;1;0;11;09H-11H;MANHA;PLENO DIA;ULTRAPASSAGEM INDEVIDA;COLISÃO LATERAL MESMO SENTIDO;CÉU CLARO;MÚLTIPLA;RETA;SIM;0
PR;BR-476;ARAUCARIA;9;3;TERÇA-FEIRA;1;0;13;12H-14H;TARDE;PLENO DIA;DEMAIS FALHAS MECÂNICAS OU ELÉTRICAS;TOMBAMENTO;CÉU CLARO;SIMPLES;RETA;NÃO;0
MG;BR-116;INHAPIM;9;3;TERÇA-FEIRA;1;0;11;09H-11H;MANHA;PLENO DIA;ACESSAR A VIA SEM OBSERVAR A PRESENÇA DOS OUTROS VEÍCULOS;COLISÃO TRANSVERSAL;CÉU CLARO;SIMPLES;"RETA;INTERSEÇÃO DE VIAS";SIM;0
ES;BR-262;VIANA;9;3;TERÇA-FEIRA;1;0;13;12H-14H;TARDE;PLENO DIA;ACESSAR A VIA SEM OBSERVAR A PRESENÇA DOS OUTROS VEÍCULOS;COLISÃO TRANSVERSAL;SOL;SIMPLES;RETA;SIM;0
PI;BR-343;ALTOS;9;3;TERÇA-FEIRA;1;0;12;12H-14H;TARDE;PLENO DIA;ACESSAR A VIA SEM OBSERVAR A PRESENÇA DOS OUTROS VEÍCULOS;COLISÃO TRANSVERSAL;CÉU CLARO;SIMPLES;RETA;SIM;0
RJ;BR-101;NITEROI;9;3;TERÇA-FEIRA;1;0;11;09H-11H;MANHA;PLENO DIA;CONDUTOR DEIXOU DE MANTER DISTÂNCIA DO VEÍCULO DA FRENTE;COLISÃO TRASEIRA;CÉU CLARO;MÚLTIPLA;RETA;NÃO;0
SP;BR-381;MAIRIPORA;9;3;TERÇA-FEIRA;1;0;13;12H-14H;TARDE;PLENO DIA;REAÇÃO TARDIA OU INEFICIENTE DO CONDUTOR;QUEDA DE OCUPANTE DE VEÍCULO;CHUVA;DUPLA;DECLIVE;NÃO;0
MG;BR-381;BELO ORIENTE;9;3;TERÇA-FEIRA;1;0;8;06H-08H;MANHA;PLENO DIA;CONDUTOR DEIXOU DE MANTER DISTÂNCIA DO VEÍCULO DA FRENTE;COLISÃO TRASEIRA;SOL;SIMPLES;"EM OBRAS;RETA";NÃO;0
MG;BR-381;ESTIVA;9;3;TERÇA-FEIRA;1;0;13;12H-14H;TARDE;PLENO DIA;CHUVA;SAÍDA DE LEITO CARROÇÁVEL;NUBLADO;DUPLA;"CURVA;ACLIVE";NÃO;0
MS;BR-267;JARDIM;9;3;TERÇA-FEIRA;1;0;13;12H-14H;TARDE;PLENO DIA;PEDESTRE ANDAVA NA PISTA;ATROPELAMENTO DE PEDESTRE;SOL;SIMPLES;ROTATÓRIA;SIM;0
PE;BR-101;RECIFE;9;3;TERÇA-FEIRA;1;0;14;12H-14H;TARDE;PLENO DIA;CONDUTOR DEIXOU DE MANTER DISTÂNCIA DO VEÍCULO DA FRENTE;COLISÃO LATERAL MESMO SENTIDO;CÉU CLARO;DUPLA;RETA;SIM;0
SC;BR-280;MAFRA;9;3;TERÇA-FEIRA;1;0;12;12H-14H;TARDE;PLENO DIA;INGESTÃO DE SUBSTÂNCIAS PSICOATIVAS PELO CONDUTOR;CAPOTAMENTO;CÉU CLARO;SIMPLES;"CURVA;ACLIVE";NÃO;0
SP;BR-116;ARUJA;3;1;SEGUNDA-FEIRA;0;0;1;00H-02H;MADRUGADA;PLENA NOITE;ANIMAIS NA PISTA;ATROPELAMENTO DE ANIMAL;IGNORADO;DUPLA;"DECLIVE;RETA";SIM;0
AM;BR-174;MANAUS;9;3;TERÇA-FEIRA;1;0;14;12H-14H;TARDE;PLENO DIA;REAÇÃO TARDIA OU INEFICIENTE DO CONDUTOR;COLISÃO TRASEIRA;CÉU CLARO;SIMPLES;"DECLIVE;INTERSEÇÃO DE VIAS";SIM;0
SC;BR-101;SAO JOSE;9;3;TERÇA-FEIRA;1;0;15;15H-17H;TARDE;PLENO DIA;OBJETO ESTÁTICO SOBRE O LEITO CARROÇÁVEL;TOMBAMENTO;CÉU CLARO;DUPLA;RETA;SIM;0
DF;BR-020;BRASILIA;9;3;TERÇA-FEIRA;1;0;15;15H-17H;TARDE;PLENO DIA;AUSÊNCIA DE REAÇÃO DO CONDUTOR;COLISÃO TRASEIRA;CÉU CLARO;DUPLA;"RETA;EM OBRAS";SIM;0
PR;BR-163;QUATRO PONTES;9;3;QUINTA-FEIRA;3;0;17;15H-17H;TARDE;PLENO DIA;VELOCIDADE INCOMPATÍVEL;CAPOTAMENTO;CÉU CLARO;DUPLA;CURVA;NÃO;0
MG;BR-262;ABRE CAMPO;9;3;TERÇA-FEIRA;1;0;15;15H-17H;TARDE;PLENO DIA;ACESSAR A VIA SEM OBSERVAR A PRESENÇA DOS OUTROS VEÍCULOS;COLISÃO TRANSVERSAL;CÉU CLARO;SIMPLES;"CURVA;DECLIVE;ROTATÓRIA";SIM;0
RS;BR-290;PORTO ALEGRE;9;3;TERÇA-FEIRA;1;0;15;15H-17H;TARDE;PLENO DIA;MANOBRA DE MUDANÇA DE FAIXA;COLISÃO LATERAL MESMO SENTIDO;CÉU CLARO;MÚLTIPLA;RETA;SIM;0
MG;BR-381;SAO GONCALO DO RIO ABAIXO;9;3;TERÇA-FEIRA;1;0;15;15H-17H;TARDE;PLENO DIA;AUSÊNCIA DE REAÇÃO DO CONDUTOR;COLISÃO COM OBJETO;SOL;SIMPLES;"CURVA;ACLIVE";NÃO;0
MS;BR-060;SIDROLANDIA;9;3;TERÇA-FEIRA;1;0;13;12H-14H;TARDE;PLENO DIA;REAÇÃO TARDIA OU INEFICIENTE DO CONDUTOR;SAÍDA DE LEITO CARROÇÁVEL;IGNORADO;SIMPLES;CURVA;NÃO;0
GO;BR-IGNORADA;JATAI;9;3;TERÇA-FEIRA;1;0;15;15H-17H;TARDE;PLENO DIA;REAÇÃO TARDIA OU INEFICIENTE DO CONDUTOR;COLISÃO TRASEIRA;GAROA/CHUVISCO;SIMPLES;"ROTATÓRIA;INTERSEÇÃO DE VIAS;RETA";SIM;0
ES;BR-262;VENDA NOVA DO IMIGRANTE;9;3;TERÇA-FEIRA;1;0;15;15H-17H;TARDE;PLENO DIA;AUSÊNCIA DE REAÇÃO DO CONDUTOR;COLISÃO TRASEIRA;CÉU CLARO;SIMPLES;RETA;SIM;0
SC;BR-101;ITAPEMA;9;3;TERÇA-FEIRA;1;0;15;15H-17H;TARDE;PLENO DIA;ACESSAR A VIA SEM OBSERVAR A PRESENÇA DOS OUTROS VEÍCULOS;COLISÃO TRANSVERSAL;SOL;SIMPLES;RETA;SIM;0
SC;BR-282;SAO JOSE;8;3;QUINTA-FEIRA;3;0;13;12H-14H;TARDE;PLENO DIA;CONDUTOR DEIXOU DE MANTER DISTÂNCIA DO VEÍCULO DA FRENTE;QUEDA DE OCUPANTE DE VEÍCULO;NUBLADO;DUPLA;CURVA;SIM;0
ES;BR-101;CONCEICAO DA BARRA;9;3;SÁBADO;5;1;6;06H-08H;MANHA;PLENO DIA;REAÇÃO TARDIA OU INEFICIENTE DO CONDUTOR;TOMBAMENTO;NUBLADO;SIMPLES;"ACLIVE;RETA";NÃO;0
RN;BR-101;NATAL;9;3;TERÇA-FEIRA;1;0;17;15H-17H;TARDE;ANOITECER;AUSÊNCIA DE REAÇÃO DO CONDUTOR;COLISÃO TRASEIRA;CÉU CLARO;DUPLA;RETA;SIM;0
RJ;BR-116;GUAPIMIRIM;9;3;TERÇA-FEIRA;1;0;17;15H-17H;TARDE;ANOITECER;CHUVA;CAPOTAMENTO;CHUVA;SIMPLES;CURVA;NÃO;0
PB;BR-230;JOAO PESSOA;9;3;TERÇA-FEIRA;1;0;17;15H-17H;TARDE;ANOITECER;ACUMULO DE AREIA OU DETRITOS SOBRE O PAVIMENTO;TOMBAMENTO;CÉU CLARO;DUPLA;CURVA;SIM;0
RJ;BR-101;MANGARATIBA;9;3;TERÇA-FEIRA;1;0;15;15H-17H;TARDE;PLENO DIA;ACESSAR A VIA SEM OBSERVAR A PRESENÇA DOS OUTROS VEÍCULOS;COLISÃO TRANSVERSAL;CHUVA;DUPLA;RETA;SIM;0
RS;BR-116;NOVO HAMBURGO;9;3;TERÇA-FEIRA;1;0;17;15H-17H;TARDE;ANOITECER;TRAFEGAR COM MOTOCICLETA (OU SIMILAR) ENTRE AS FAIXAS;COLISÃO LATERAL MESMO SENTIDO;CÉU CLARO;MÚLTIPLA;DESVIO TEMPORÁRIO;SIM;0
RJ;BR-101;MANGARATIBA;9;3;TERÇA-FEIRA;1;0;17;15H-17H;TARDE;PLENO DIA;PISTA ESCORREGADIA;SAÍDA DE LEITO CARROÇÁVEL;CHUVA;SIMPLES;"DECLIVE;RETA";NÃO;0
ES;BR-101;LINHARES;9;3;TERÇA-FEIRA;1;0;17;15H-17H;TARDE;PLENO DIA;ACESSAR A VIA SEM OBSERVAR A PRESENÇA DOS OUTROS VEÍCULOS;COLISÃO TRANSVERSAL;CÉU CLARO;MÚLTIPLA;"RETA;INTERSEÇÃO DE VIAS";SIM;0
SP;BR-116;LAVRINHAS;9;3;TERÇA-FEIRA;1;0;17;15H-17H;TARDE;ANOITECER;MAL SÚBITO DO CONDUTOR;SAÍDA DE LEITO CARROÇÁVEL;CHUVA;SIMPLES;ROTATÓRIA;NÃO;0
SC;BR-470;BLUMENAU;9;3;TERÇA-FEIRA;1;0;11;09H-11H;MANHA;PLENO DIA;TRAFEGAR COM MOTOCICLETA (OU SIMILAR) ENTRE AS FAIXAS;COLISÃO TRANSVERSAL;CÉU CLARO;SIMPLES;RETA;NÃO;0
MG;BR-262;UBERABA;9;3;TERÇA-FEIRA;1;0;17;15H-17H;TARDE;ANOITECER;CONDUTOR DEIXOU DE MANTER DISTÂNCIA DO VEÍCULO DA FRENTE;COLISÃO TRASEIRA;CÉU CLARO;DUPLA;RETA;SIM;0
MG;BR-040;JUIZ DE FORA;9;3;TERÇA-FEIRA;1;0;18;18H-20H;NOITE;PLENA NOITE;MANOBRA DE MUDANÇA DE FAIXA;COLISÃO TRASEIRA;NUBLADO;SIMPLES;RETA;NÃO;0
GO;BR-153;URUACU;9;3;TERÇA-FEIRA;1;0;16;15H-17H;TARDE;PLENO DIA;ACESSAR A VIA SEM OBSERVAR A PRESENÇA DOS OUTROS VEÍCULOS;COLISÃO TRANSVERSAL;CÉU CLARO;SIMPLES;"RETORNO REGULAMENTADO;RETA;INTERSEÇÃO DE VIAS;ACLIVE";SIM;0
PR;BR-476;COLOMBO;9;3;TERÇA-FEIRA;1;0;17;15H-17H;TARDE;PLENA NOITE;PEDESTRE CRUZAVA A PISTA FORA DA FAIXA;ATROPELAMENTO DE PEDESTRE;CÉU CLARO;MÚLTIPLA;RETA;SIM;0
MA;BR-230;BALSAS;9;3;TERÇA-FEIRA;1;0;16;15H-17H;TARDE;PLENO DIA;CONVERSÃO PROIBIDA;COLISÃO LATERAL MESMO SENTIDO;CÉU CLARO;SIMPLES;RETA;SIM;0
MG;BR-116;TEOFILO OTONI;9;3;TERÇA-FEIRA;1;0;18;18H-20H;NOITE;PLENA NOITE;REAÇÃO TARDIA OU INEFICIENTE DO CONDUTOR;COLISÃO LATERAL MESMO SENTIDO;CÉU CLARO;MÚLTIPLA;RETA;SIM;0
MG;BR-116;TEOFILO OTONI;9;3;TERÇA-FEIRA;1;0;17;15H-17H;TARDE;ANOITECER;AVARIAS E/OU DESGASTE EXCESSIVO NO PNEU;TOMBAMENTO;CÉU CLARO;MÚLTIPLA;RETA;SIM;0
SC;BR-282;AGUAS MORNAS;9;3;TERÇA-FEIRA;1;0;17;15H-17H;TARDE;PLENO DIA;TRANSITAR NA CONTRAMÃO;COLISÃO FRONTAL;NUBLADO;SIMPLES;CURVA;NÃO;1
RJ;BR-356;CAMPOS DOS GOYTACAZES;9;3;TERÇA-FEIRA;1;0;18;18H-20H;NOITE;PLENA NOITE;AUSÊNCIA DE REAÇÃO DO CONDUTOR;ATROPELAMENTO DE PEDESTRE;CÉU CLARO;SIMPLES;RETA;SIM;0
MG;BR-040;NOVA LIMA;9;3;TERÇA-FEIRA;1;0;18;18H-20H;NOITE;PLENA NOITE;ACESSAR A VIA SEM OBSERVAR A PRESENÇA DOS OUTROS VEÍCULOS;COLISÃO LATERAL MESMO SENTIDO;CÉU CLARO;DUPLA;CURVA;SIM;0
RJ;BR-101;ANGRA DOS REIS;9;3;TERÇA-FEIRA;1;0;17;15H-17H;TARDE;ANOITECER;PISTA ESCORREGADIA;SAÍDA DE LEITO CARROÇÁVEL;CHUVA;SIMPLES;"DECLIVE;CURVA";NÃO;0
RS;BR-293;DOM PEDRITO;9;3;TERÇA-FEIRA;1;0;18;18H-20H;NOITE;ANOITECER;DESRESPEITAR A PREFERÊNCIA NO CRUZAMENTO;COLISÃO FRONTAL;CÉU CLARO;SIMPLES;RETA;NÃO;0
SC;BR-282;XAXIM;9;3;TERÇA-FEIRA;1;0;17;15H-17H;TARDE;PLENO DIA;PEDESTRE CRUZAVA A PISTA FORA DA FAIXA;ATROPELAMENTO DE PEDESTRE;CÉU CLARO;SIMPLES;"RETA;DECLIVE";NÃO;0
PR;BR-476;ARAUCARIA;9;3;TERÇA-FEIRA;1;0;18;18H-20H;NOITE;ANOITECER;TRAFEGAR COM MOTOCICLETA (OU SIMILAR) ENTRE AS FAIXAS;COLISÃO LATERAL MESMO SENTIDO;NUBLADO;DUPLA;RETA;NÃO;0
AL;BR-316;MARIBONDO;9;3;TERÇA-FEIRA;1;0;18;18H-20H;NOITE;PLENA NOITE;TRANSITAR NA CONTRAMÃO;COLISÃO LATERAL SENTIDO OPOSTO;CÉU CLARO;SIMPLES;RETA;NÃO;0
GO;BR-060;RIO VERDE;9;3;TERÇA-FEIRA;1;0;19;18H-20H;NOITE;PLENA NOITE;PEDESTRE ANDAVA NA PISTA;ATROPELAMENTO DE PEDESTRE;CÉU CLARO;DUPLA;"RETA;ACLIVE";SIM;0
SC;BR-280;GUARAMIRIM;9;3;TERÇA-FEIRA;1;0;16;15H-17H;TARDE;PLENO DIA;MANOBRA DE MUDANÇA DE FAIXA;COLISÃO LATERAL MESMO SENTIDO;SOL;DUPLA;CURVA;NÃO;0
RN;BR-405;PAU DOS FERROS;9;3;TERÇA-FEIRA;1;0;19;18H-20H;NOITE;PLENA NOITE;PISTA ESCORREGADIA;QUEDA DE OCUPANTE DE VEÍCULO;CÉU CLARO;DUPLA;CURVA;NÃO;0
AP;BR-156;OIAPOQUE;9;3;TERÇA-FEIRA;1;0;20;18H-20H;NOITE;PLENA NOITE;DESRESPEITAR A PREFERÊNCIA NO CRUZAMENTO;COLISÃO FRONTAL;CÉU CLARO;SIMPLES;RETA;NÃO;0
BA;BR-116;SANTA BARBARA;9;3;TERÇA-FEIRA;1;0;19;18H-20H;NOITE;PLENA NOITE;DEMAIS FALHAS MECÂNICAS OU ELÉTRICAS;INCÊNDIO;CÉU CLARO;DUPLA;RETA;NÃO;0
MG;BR-381;TIMOTEO;9;3;TERÇA-FEIRA;1;0;13;12H-14H;TARDE;PLENO DIA;ACUMULO DE AREIA OU DETRITOS SOBRE O PAVIMENTO;QUEDA DE OCUPANTE DE VEÍCULO;CÉU CLARO;SIMPLES;RETA;NÃO;0
PI;BR-316;TERESINA;9;3;TERÇA-FEIRA;1;0;7;06H-08H;MANHA;PLENO DIA;FREAR BRUSCAMENTE;TOMBAMENTO;CÉU CLARO;MÚLTIPLA;"RETA;DECLIVE";SIM;0
CE;BR-020;PEDRA BRANCA;9;3;TERÇA-FEIRA;1;0;17;15H-17H;TARDE;AMANHECER;CONVERSÃO PROIBIDA;COLISÃO TRANSVERSAL;CÉU CLARO;SIMPLES;INTERSEÇÃO DE VIAS;SIM;0
RJ;BR-101;SAO GONCALO;9;3;TERÇA-FEIRA;1;0;18;18H-20H;NOITE;PLENA NOITE;TRAFEGAR COM MOTOCICLETA (OU SIMILAR) ENTRE AS FAIXAS;COLISÃO TRASEIRA;CHUVA;DUPLA;CURVA;SIM;0
BA;BR-101;IBIRAPITANGA;9;3;TERÇA-FEIRA;1;0;19;18H-20H;NOITE;PLENA NOITE;TRANSITAR NA CONTRAMÃO;COLISÃO TRANSVERSAL;CÉU CLARO;SIMPLES;CURVA;NÃO;1
RS;BR-392;SANTA MARIA;9;3;TERÇA-FEIRA;1;0;18;18H-20H;NOITE;PLENA NOITE;ULTRAPASSAGEM INDEVIDA;COLISÃO COM OBJETO;CÉU CLARO;SIMPLES;RETORNO REGULAMENTADO;SIM;0
SC;BR-163;SAO MIGUEL DO OESTE;9;3;TERÇA-FEIRA;1;0;15;15H-17H;TARDE;PLENO DIA;ACESSAR A VIA SEM OBSERVAR A PRESENÇA DOS OUTROS VEÍCULOS;COLISÃO FRONTAL;CÉU CLARO;SIMPLES;"RETA;INTERSEÇÃO DE VIAS";NÃO;0
AL;BR-101;SAO MIGUEL DOS CAMPOS;8;3;SÁBADO;5;1;21;21H-23H;NOITE;PLENA NOITE;ACESSAR A VIA SEM OBSERVAR A PRESENÇA DOS OUTROS VEÍCULOS;COLISÃO TRANSVERSAL;CÉU CLARO;SIMPLES;RETA;NÃO;0
RJ;BR-101;NITEROI;9;3;TERÇA-FEIRA;1;0;18;18H-20H;NOITE;PLENA NOITE;DEMAIS FENÔMENOS DA NATUREZA;QUEDA DE OCUPANTE DE VEÍCULO;CHUVA;DUPLA;RETA;SIM;0
RS;BR-158;SANTA MARIA;8;3;DOMINGO;6;1;20;18H-20H;NOITE;PLENA NOITE;ACESSAR A VIA SEM OBSERVAR A PRESENÇA DOS OUTROS VEÍCULOS;COLISÃO TRASEIRA;CÉU CLARO;DUPLA;INTERSEÇÃO DE VIAS;SIM;0
MG;BR-381;TIMOTEO;9;3;TERÇA-FEIRA;1;0;16;15H-17H;TARDE;PLENO DIA;AUSÊNCIA DE REAÇÃO DO CONDUTOR;COLISÃO TRASEIRA;CÉU CLARO;SIMPLES;RETA;SIM;0
RO;BR-435;COLORADO DO OESTE;9;3;TERÇA-FEIRA;1;0;11;09H-11H;MANHA;PLENO DIA;PROBLEMA COM O FREIO;COLISÃO COM OBJETO;CÉU CLARO;DUPLA;INTERSEÇÃO DE VIAS;SIM;0
RJ;BR-493;JAPERI;9;3;TERÇA-FEIRA;1;0;17;15H-17H;TARDE;ANOITECER;DEMAIS FALHAS MECÂNICAS OU ELÉTRICAS;SAÍDA DE LEITO CARROÇÁVEL;CHUVA;DUPLA;RETA;NÃO;0
PE;BR-423;CAETES;9;3;TERÇA-FEIRA;1;0;19;18H-20H;NOITE;PLENA NOITE;AUSÊNCIA DE REAÇÃO DO CONDUTOR;COLISÃO TRASEIRA;CÉU CLARO;SIMPLES;"RETA;ACLIVE";NÃO;0
PB;BR-230;CAMPINA GRANDE;9;3;TERÇA-FEIRA;1;0;21;21H-23H;NOITE;PLENA NOITE;CONVERSÃO PROIBIDA;COLISÃO TRANSVERSAL;CÉU CLARO;SIMPLES;"EM OBRAS;INTERSEÇÃO DE VIAS;RETA";SIM;0
PR;BR-153;IRATI;9;3;TERÇA-FEIRA;1;0;21;21H-23H;NOITE;PLENA NOITE;ACESSAR A VIA SEM OBSERVAR A PRESENÇA DOS OUTROS VEÍCULOS;COLISÃO TRANSVERSAL;CÉU CLARO;SIMPLES;RETA;NÃO;0
CE;BR-116;MILAGRES;9;3;TERÇA-FEIRA;1;0;19;18H-20H;NOITE;PLENA NOITE;VELOCIDADE INCOMPATÍVEL;COLISÃO TRASEIRA;CÉU CLARO;SIMPLES;RETA;NÃO;0
SC;BR-IGNORADA;NAVEGANTES;9;3;TERÇA-FEIRA;1;0;20;18H-20H;NOITE;PLENA NOITE;ACESSAR A VIA SEM OBSERVAR A PRESENÇA DOS OUTROS VEÍCULOS;COLISÃO TRANSVERSAL;CÉU CLARO;SIMPLES;"RETORNO REGULAMENTADO;INTERSEÇÃO DE VIAS;VIADUTO;CURVA";NÃO;0
RJ;BR-116;BARRA MANSA;9;3;TERÇA-FEIRA;1;0;21;21H-23H;NOITE;PLENA NOITE;AUSÊNCIA DE REAÇÃO DO CONDUTOR;COLISÃO TRASEIRA;NUBLADO;DUPLA;"ACLIVE;RETA";NÃO;0
SP;BR-116;JACAREI;9;3;TERÇA-FEIRA;1;0;21;21H-23H;NOITE;PLENA NOITE;ENTRADA INOPINADA DO PEDESTRE;ATROPELAMENTO DE PEDESTRE;CÉU CLARO;DUPLA;RETA;NÃO;0
PR;BR-369;CORBELIA;9;3;TERÇA-FEIRA;1;0;22;21H-23H;NOITE;PLENA NOITE;VELOCIDADE INCOMPATÍVEL;COLISÃO COM OBJETO;CÉU CLARO;MÚLTIPLA;"DECLIVE;RETA";SIM;0
RS;BR-392;RIO GRANDE;9;3;TERÇA-FEIRA;1;0;22;21H-23H;NOITE;PLENA NOITE;AUSÊNCIA DE REAÇÃO DO CONDUTOR;COLISÃO TRASEIRA;CÉU CLARO;DUPLA;"ACLIVE;RETA";NÃO;0
SC;BR-470;INDAIAL;9;3;TERÇA-FEIRA;1;0;17;15H-17H;TARDE;PLENO DIA;VELOCIDADE INCOMPATÍVEL;COLISÃO TRANSVERSAL;NUBLADO;SIMPLES;RETA;SIM;0
RO;BR-364;PIMENTA BUENO;9;3;TERÇA-FEIRA;1;0;22;21H-23H;NOITE;PLENA NOITE;ANIMAIS NA PISTA;ATROPELAMENTO DE ANIMAL;CÉU CLARO;SIMPLES;"ACLIVE;RETA";NÃO;1
MG;BR-381;ITATIAIUCU;9;3;QUARTA-FEIRA;2;0;0;00H-02H;MADRUGADA;PLENA NOITE;AUSÊNCIA DE REAÇÃO DO CONDUTOR;COLISÃO LATERAL MESMO SENTIDO;CHUVA;DUPLA;RETA;NÃO;0
AC;BR-364;SENADOR GUIOMARD;9;3;TERÇA-FEIRA;1;0;22;21H-23H;NOITE;PLENO DIA;REAÇÃO TARDIA OU INEFICIENTE DO CONDUTOR;SAÍDA DE LEITO CARROÇÁVEL;CÉU CLARO;SIMPLES;RETA;NÃO;0
RJ;BR-101;RIO BONITO;9;3;QUARTA-FEIRA;2;0;4;03H-05H;MADRUGADA;AMANHECER;ENTRADA INOPINADA DO PEDESTRE;ATROPELAMENTO DE PEDESTRE;NEVOEIRO/NEBLINA;DUPLA;"RETA;DECLIVE";SIM;1
PB;BR-230;JOAO PESSOA;9;3;QUARTA-FEIRA;2;0;7;06H-08H;MANHA;PLENO DIA;FREAR BRUSCAMENTE;COLISÃO COM OBJETO;CÉU CLARO;MÚLTIPLA;"VIADUTO;ACLIVE;RETA";SIM;0
SC;BR-101;PENHA;9;3;QUARTA-FEIRA;2;0;7;06H-08H;MANHA;PLENO DIA;MANOBRA DE MUDANÇA DE FAIXA;COLISÃO LATERAL MESMO SENTIDO;SOL;DUPLA;RETA;NÃO;0
SC;BR-470;RIO DO SUL;9;3;QUARTA-FEIRA;2;0;7;06H-08H;MANHA;PLENO DIA;DESRESPEITAR A PREFERÊNCIA NO CRUZAMENTO;COLISÃO TRANSVERSAL;CÉU CLARO;SIMPLES;"RETA;RETORNO REGULAMENTADO";SIM;0
PR;BR-376;MARINGA;8;3;QUARTA-FEIRA;2;0;17;15H-17H;TARDE;PLENO DIA;ACESSAR A VIA SEM OBSERVAR A PRESENÇA DOS OUTROS VEÍCULOS;COLISÃO LATERAL MESMO SENTIDO;SOL;DUPLA;RETA;SIM;0
PE;BR-232;RECIFE;9;3;QUARTA-FEIRA;2;0;7;06H-08H;MANHA;PLENO DIA;AUSÊNCIA DE REAÇÃO DO CONDUTOR;COLISÃO LATERAL MESMO SENTIDO;CÉU CLARO;MÚLTIPLA;RETA;NÃO;0
SC;BR-101;CAMBORIU;9;3;QUARTA-FEIRA;2;0;7;06H-08H;MANHA;PLENO DIA;AUSÊNCIA DE REAÇÃO DO CONDUTOR;TOMBAMENTO;NUBLADO;DUPLA;RETA;NÃO;0
RJ;BR-040;DUQUE DE CAXIAS;9;3;QUARTA-FEIRA;2;0;6;06H-08H;MANHA;PLENO DIA;REAÇÃO TARDIA OU INEFICIENTE DO CONDUTOR;ENGAVETAMENTO;NUBLADO;DUPLA;RETA;SIM;0
PI;BR-316;LAGOA DO PIAUI;9;3;QUARTA-FEIRA;2;0;6;06H-08H;MANHA;PLENO DIA;AUSÊNCIA DE REAÇÃO DO CONDUTOR;COLISÃO TRASEIRA;CÉU CLARO;SIMPLES;"DECLIVE;RETA";NÃO;0
PR;BR-116;QUATRO BARRAS;9;3;QUARTA-FEIRA;2;0;7;06H-08H;MANHA;PLENO DIA;REAÇÃO TARDIA OU INEFICIENTE DO CONDUTOR;QUEDA DE OCUPANTE DE VEÍCULO;GAROA/CHUVISCO;DUPLA;"VIADUTO;CURVA;PONTE";SIM;0
RJ;BR-101;CASIMIRO DE ABREU;9;3;TERÇA-FEIRA;1;0;18;18H-20H;NOITE;PLENA NOITE;TRANSITAR NA CONTRAMÃO;COLISÃO FRONTAL;GAROA/CHUVISCO;DUPLA;RETA;NÃO;0
GO;BR-153;APARECIDA DE GOIANIA;8;3;TERÇA-FEIRA;1;0;8;06H-08H;MANHA;PLENO DIA;VELOCIDADE INCOMPATÍVEL;COLISÃO TRASEIRA;CÉU CLARO;DUPLA;RETA;SIM;0
SP;BR-116;GUARULHOS;9;3;QUARTA-FEIRA;2;0;8;06H-08H;MANHA;PLENO DIA;OBJETO ESTÁTICO SOBRE O LEITO CARROÇÁVEL;TOMBAMENTO;CÉU CLARO;MÚLTIPLA;RETA;SIM;0
MS;BR-376;IVINHEMA;9;3;QUARTA-FEIRA;2;0;6;06H-08H;MANHA;PLENO DIA;ACOSTAMENTO EM DESNÍVEL;TOMBAMENTO;SOL;SIMPLES;"RETA;ACLIVE";SIM;0
BA;BR-242;SEABRA;9;3;QUARTA-FEIRA;2;0;8;06H-08H;MANHA;PLENO DIA;ULTRAPASSAGEM INDEVIDA;COLISÃO FRONTAL;CÉU CLARO;SIMPLES;"RETA;PONTE";NÃO;0
SP;BR-153;MARILIA;9;3;QUARTA-FEIRA;2;0;7;06H-08H;MANHA;PLENO DIA;ACUMULO DE ÓLEO SOBRE O PAVIMENTO;TOMBAMENTO;CÉU CLARO;DUPLA;ROTATÓRIA;SIM;0