uf;br_formatada;municipio;mes;trimestre;dia_semana;dia_semana_num;fim_de_semana;hora;faixa_horaria;turno;fase_dia;causa_acidente;tipo_acidente;condicao_metereologica;tipo_pista;tracado_via;uso_solo;acidente_fatal
SC;BR-101;JOINVILLE;9;3;DOMINGO;6;1;12;12H-14H;TARDE;PLENO DIA;REAÇÃO TARDIA OU INEFICIENTE DO CONDUTOR;COLISÃO COM OBJETO;NUBLADO;DUPLA;CURVA;NÃO;0
MA;BR-316;PIO XII;9;3;DOMINGO;6;1;10;09H-11H;MANHA;PLENO DIA;ACESSAR A VIA SEM OBSERVAR A PRESENÇA DOS OUTROS VEÍCULOS;COLISÃO TRANSVERSAL;SOL;SIMPLES;RETA;NÃO;1
RS;BR-116;GUAIBA;9;3;DOMINGO;6;1;12;12H-14H;TARDE;PLENO DIA;MANOBRA DE MUDANÇA DE FAIXA;COLISÃO LATERAL MESMO SENTIDO;CHUVA;DUPLA;RETA;NÃO;0
RJ;BR-040;PETROPOLIS;9;3;DOMINGO;6;1;9;09H-11H;MANHA;PLENO DIA;MANOBRA DE MUDANÇA DE FAIXA;COLISÃO LATERAL MESMO SENTIDO;CÉU CLARO;DUPLA;CURVA;NÃO;0
RJ;BR-116;RIO DE JANEIRO;9;3;DOMINGO;6;1;12;12H-14H;TARDE;PLENO DIA;DEMAIS FALHAS MECÂNICAS OU ELÉTRICAS;TOMBAMENTO;CÉU CLARO;DUPLA;RETA;SIM;0
SP;BR-116;GUARULHOS;9;3;DOMINGO;6;1;12;12H-14H;TARDE;PLENO DIA;DEMAIS FENÔMENOS DA NATUREZA;EVENTOS ATÍPICOS;CÉU CLARO;SIMPLES;RETA;SIM;0
RJ;BR-116;BARRA MANSA;9;3;DOMINGO;6;1;11;09H-11H;MANHA;PLENO DIA;DEMAIS FALHAS MECÂNICAS OU ELÉTRICAS;QUEDA DE OCUPANTE DE VEÍCULO;CÉU CLARO;DUPLA;RETA;NÃO;0
PA;BR-316;SANTA IZABEL DO PARA;9;3;DOMINGO;6;1;12;12H-14H;TARDE;PLENO DIA;VELOCIDADE INCOMPATÍVEL;COLISÃO TRASEIRA;CÉU CLARO;DUPLA;RETA;NÃO;0
PI;BR-235;SANTA FILOMENA;9;3;DOMINGO;6;1;4;03H-05H;MADRUGADA;AMANHECER;AUSÊNCIA DE REAÇÃO DO CONDUTOR;SAÍDA DE LEITO CARROÇÁVEL;CÉU CLARO;SIMPLES;CURVA;NÃO;0
PR;BR-376;MANDAGUARI;9;3;DOMINGO;6;1;12;12H-14H;TARDE;PLENO DIA;AUSÊNCIA DE REAÇÃO DO CONDUTOR;COLISÃO TRASEIRA;SOL;SIMPLES;"RETA;INTERSEÇÃO DE VIAS";SIM;0
PI;BR-235;SANTA FILOMENA;9;3;DOMINGO;6;1;4;03H-05H;MADRUGADA;AMANHECER;AUSÊNCIA DE REAÇÃO DO CONDUTOR;SAÍDA DE LEITO CARROÇÁVEL;CÉU CLARO;SIMPLES;RETA;NÃO;1
MG;BR-040;BARBACENA;9;3;DOMINGO;6;1;11;09H-11H;MANHA;PLENO DIA;VELOCIDADE INCOMPATÍVEL;COLISÃO LATERAL MESMO SENTIDO;CÉU CLARO;DUPLA;RETA;NÃO;0
PR;BR-376;MAUA DA SERRA;9;3;DOMINGO;6;1;12;12H-14H;TARDE;PLENO DIA;REAÇÃO TARDIA OU INEFICIENTE DO CONDUTOR;COLISÃO COM OBJETO;CHUVA;DUPLA;CURVA;NÃO;0
PR;BR-277;BALSA NOVA;9;3;DOMINGO;6;1;12;12H-14H;TARDE;PLENO DIA;AUSÊNCIA DE REAÇÃO DO CONDUTOR;COLISÃO TRASEIRA;NUBLADO;SIMPLES;CURVA;NÃO;0
MG;BR-040;NOVA LIMA;9;3;DOMINGO;6;1;12;12H-14H;TARDE;PLENO DIA;INGESTÃO DE ÁLCOOL PELO CONDUTOR;TOMBAMENTO;CÉU CLARO;DUPLA;RETA;SIM;0
RS;BR-470;BENTO GONCALVES;9;3;DOMINGO;6;1;12;12H-14H;TARDE;PLENO DIA;AUSÊNCIA DE REAÇÃO DO CONDUTOR;SAÍDA DE LEITO CARROÇÁVEL;NUBLADO;SIMPLES;RETA;SIM;1
SC;BR-101;BALNEARIO CAMBORIU;9;3;DOMINGO;6;1;12;12H-14H;TARDE;PLENO DIA;DEMAIS FALHAS MECÂNICAS OU ELÉTRICAS;TOMBAMENTO;CÉU CLARO;DUPLA;RETA;SIM;0
BA;BR-116;SERRINHA;9;3;DOMINGO;6;1;13;12H-14H;TARDE;PLENO DIA;ACESSAR A VIA SEM OBSERVAR A PRESENÇA DOS OUTROS VEÍCULOS;COLISÃO TRANSVERSAL;CÉU CLARO;SIMPLES;"ACLIVE;CURVA";NÃO;0
ES;BR-101;LINHARES;9;3;DOMINGO;6;1;13;12H-14H;TARDE;PLENO DIA;VELOCIDADE INCOMPATÍVEL;SAÍDA DE LEITO CARROÇÁVEL;CÉU CLARO;MÚLTIPLA;CURVA;SIM;0
PE;BR-101;IPOJUCA;9;3;DOMINGO;6;1;12;12H-14H;TARDE;PLENO DIA;CONDUTOR USANDO CELULAR;SAÍDA DE LEITO CARROÇÁVEL;CÉU CLARO;DUPLA;CURVA;NÃO;0
SC;BR-101;ARARANGUA;9;3;DOMINGO;6;1;10;09H-11H;MANHA;PLENO DIA;ACESSAR A VIA SEM OBSERVAR A PRESENÇA DOS OUTROS VEÍCULOS;COLISÃO TRANSVERSAL;GAROA/CHUVISCO;SIMPLES;RETA;SIM;0
SP;BR-116;LORENA;9;3;DOMINGO;6;1;13;12H-14H;TARDE;PLENO DIA;DEMAIS FALHAS MECÂNICAS OU ELÉTRICAS;INCÊNDIO;CÉU CLARO;DUPLA;RETA;SIM;0
SC;BR-280;ARAQUARI;9;3;DOMINGO;6;1;13;12H-14H;TARDE;PLENO DIA;REAÇÃO TARDIA OU INEFICIENTE DO CONDUTOR;COLISÃO FRONTAL;CHUVA;SIMPLES;RETA;NÃO;0
SC;BR-282;RANCHO QUEIMADO;9;3;DOMINGO;6;1;12;12H-14H;TARDE;PLENO DIA;CHUVA;SAÍDA DE LEITO CARROÇÁVEL;CHUVA;SIMPLES;RETA;NÃO;0
RO;BR-319;PORTO VELHO;9;3;DOMINGO;6;1;10;09H-11H;MANHA;PLENO DIA;AUSÊNCIA DE REAÇÃO DO CONDUTOR;SAÍDA DE LEITO CARROÇÁVEL;CÉU CLARO;SIMPLES;RETA;NÃO;0
RS;BR-470;BENTO GONCALVES;9;3;DOMINGO;6;1;13;12H-14H;TARDE;PLENO DIA;AUSÊNCIA DE REAÇÃO DO CONDUTOR;SAÍDA DE LEITO CARROÇÁVEL;CHUVA;SIMPLES;"ACLIVE;CURVA";SIM;0
RJ;BR-040;PETROPOLIS;9;3;DOMINGO;6;1;9;09H-11H;MANHA;PLENO DIA;REAÇÃO TARDIA OU INEFICIENTE DO CONDUTOR;SAÍDA DE LEITO CARROÇÁVEL;CÉU CLARO;SIMPLES;"CURVA;ACLIVE";NÃO;0
RJ;BR-116;MAGE;9;3;DOMINGO;6;1;11;09H-11H;MANHA;PLENO DIA;SINALIZAÇÃO MAL POSICIONADA;COLISÃO TRASEIRA;CÉU CLARO;DUPLA;"RETA;DESVIO TEMPORÁRIO;EM OBRAS";NÃO;0
MG;BR-040;RIBEIRAO DAS NEVES;9;3;DOMINGO;6;1;14;12H-14H;TARDE;PLENO DIA;DEMAIS FALHAS MECÂNICAS OU ELÉTRICAS;TOMBAMENTO;CÉU CLARO;DUPLA;RETA;SIM;0
SP;BR-153;SAO JOSE DO RIO PRETO;9;3;DOMINGO;6;1;14;12H-14H;TARDE;PLENO DIA;AUSÊNCIA DE REAÇÃO DO CONDUTOR;COLISÃO TRASEIRA;CÉU CLARO;SIMPLES;RETA;NÃO;0
SC;BR-282;PALHOCA;9;3;DOMINGO;6;1;15;15H-17H;TARDE;PLENO DIA;REAÇÃO TARDIA OU INEFICIENTE DO CONDUTOR;COLISÃO TRASEIRA;CHUVA;SIMPLES;RETA;SIM;0
CE;BR-116;HORIZONTE;9;3;DOMINGO;6;1;14;12H-14H;TARDE;PLENO DIA;INGESTÃO DE ÁLCOOL PELO CONDUTOR;TOMBAMENTO;CÉU CLARO;MÚLTIPLA;CURVA;SIM;0
PR;BR-376;APUCARANA;9;3;DOMINGO;6;1;14;12H-14H;TARDE;PLENO DIA;REAÇÃO TARDIA OU INEFICIENTE DO CONDUTOR;SAÍDA DE LEITO CARROÇÁVEL;CHUVA;DUPLA;"CURVA;DECLIVE";NÃO;0
SC;BR-280;BALNEARIO BARRA DO SUL;9;3;DOMINGO;6;1;15;15H-17H;TARDE;PLENO DIA;ACESSAR A VIA SEM OBSERVAR A PRESENÇA DOS OUTROS VEÍCULOS;COLISÃO TRANSVERSAL;GAROA/CHUVISCO;SIMPLES;RETA;SIM;0
SC;BR-101;ARARANGUA;9;3;DOMINGO;6;1;13;12H-14H;TARDE;PLENO DIA;MANOBRA DE MUDANÇA DE FAIXA;COLISÃO TRANSVERSAL;NUBLADO;DUPLA;RETA;NÃO;0
PR;BR-373;IPIRANGA;9;3;DOMINGO;6;1;14;12H-14H;TARDE;PLENO DIA;VELOCIDADE INCOMPATÍVEL;SAÍDA DE LEITO CARROÇÁVEL;CHUVA;SIMPLES;"RETA;DECLIVE";NÃO;0
PE;BR-232;JABOATAO DOS GUARARAPES;9;3;DOMINGO;6;1;15;15H-17H;TARDE;PLENO DIA;TRANSITAR NA CONTRAMÃO;COLISÃO FRONTAL;SOL;SIMPLES;"CURVA;RETORNO REGULAMENTADO";SIM;0
SC;BR-101;BIGUACU;9;3;DOMINGO;6;1;15;15H-17H;TARDE;PLENO DIA;AVARIAS E/OU DESGASTE EXCESSIVO NO PNEU;SAÍDA DE LEITO CARROÇÁVEL;GAROA/CHUVISCO;DUPLA;CURVA;NÃO;0
MG;BR-262;UBERABA;9;3;DOMINGO;6;1;14;12H-14H;TARDE;PLENO DIA;INGESTÃO DE ÁLCOOL PELO CONDUTOR;SAÍDA DE LEITO CARROÇÁVEL;CÉU CLARO;DUPLA;"ACLIVE;RETA";SIM;0
AM;BR-319;CANUTAMA;9;3;DOMINGO;6;1;6;06H-08H;MANHA;PLENO DIA;CONDUTOR DORMINDO;SAÍDA DE LEITO CARROÇÁVEL;CÉU CLARO;SIMPLES;RETA;NÃO;0
DF;BR-070;BRASILIA;9;3;DOMINGO;6;1;16;15H-17H;TARDE;PLENO DIA;ACESSAR A VIA SEM OBSERVAR A PRESENÇA DOS OUTROS VEÍCULOS;COLISÃO TRANSVERSAL;SOL;MÚLTIPLA;RETA;SIM;0
AL;BR-424;MARECHAL DEODORO;9;3;DOMINGO;6;1;15;15H-17H;TARDE;PLENO DIA;MANOBRA DE MUDANÇA DE FAIXA;COLISÃO COM OBJETO;CÉU CLARO;SIMPLES;"ACLIVE;CURVA";NÃO;0
RJ;BR-101;RIO BONITO;9;3;DOMINGO;6;1;15;15H-17H;TARDE;PLENO DIA;CONDUTOR DEIXOU DE MANTER DISTÂNCIA DO VEÍCULO DA FRENTE;COLISÃO LATERAL MESMO SENTIDO;CÉU CLARO;DUPLA;CURVA;SIM;1
ES;BR-262;DOMINGOS MARTINS;9;3;DOMINGO;6;1;15;15H-17H;TARDE;PLENO DIA;FREAR BRUSCAMENTE;COLISÃO TRASEIRA;SOL;SIMPLES;CURVA;NÃO;0
MG;BR-262;IGARATINGA;9;3;QUARTA-FEIRA;2;0;16;15H-17H;TARDE;PLENO DIA;VELOCIDADE INCOMPATÍVEL;TOMBAMENTO;CÉU CLARO;SIMPLES;RETA;NÃO;0
RO;BR-364;ARIQUEMES;9;3;DOMINGO;6;1;14;12H-14H;TARDE;PLENO DIA;CHUVA;CAPOTAMENTO;CHUVA;SIMPLES;CURVA;NÃO;0
MG;BR-262;UBERABA;9;3;DOMINGO;6;1;16;15H-17H;TARDE;PLENO DIA;INGESTÃO DE ÁLCOOL PELO CONDUTOR;COLISÃO COM OBJETO;CÉU CLARO;DUPLA;"RETA;ACLIVE";NÃO;0
SP;BR-116;JACAREI;9;3;DOMINGO;6;1;15;15H-17H;TARDE;PLENO DIA;CONDUTOR DEIXOU DE MANTER DISTÂNCIA DO VEÍCULO DA FRENTE;COLISÃO TRASEIRA;CÉU CLARO;MÚLTIPLA;RETA;SIM;0
RJ;BR-116;ITAGUAI;9;3;DOMINGO;6;1;14;12H-14H;TARDE;PLENO DIA;TRANSITAR NA CONTRAMÃO;COLISÃO LATERAL SENTIDO OPOSTO;CÉU CLARO;SIMPLES;CURVA;NÃO;0
MS;BR-163;RIO BRILHANTE;9;3;DOMINGO;6;1;14;12H-14H;TARDE;PLENO DIA;AVARIAS E/OU DESGASTE EXCESSIVO NO PNEU;TOMBAMENTO;CÉU CLARO;DUPLA;RETA;NÃO;0
PR;BR-376;PALMEIRA;9;3;DOMINGO;6;1;12;12H-14H;TARDE;PLENO DIA;REAÇÃO TARDIA OU INEFICIENTE DO CONDUTOR;COLISÃO LATERAL MESMO SENTIDO;CHUVA;DUPLA;"VIADUTO;RETA;DECLIVE";NÃO;0
SC;BR-101;BIGUACU;9;3;DOMINGO;6;1;17;15H-17H;TARDE;PLENO DIA;CHUVA;COLISÃO COM OBJETO;CHUVA;DUPLA;CURVA;NÃO;0
SP;BR-101;UBATUBA;9;3;DOMINGO;6;1;17;15H-17H;TARDE;PLENO DIA;REAÇÃO TARDIA OU INEFICIENTE DO CONDUTOR;COLISÃO LATERAL MESMO SENTIDO;NUBLADO;SIMPLES;ROTATÓRIA;SIM;0
RN;BR-101;SAO GONCALO DO AMARANTE;9;3;DOMINGO;6;1;17;15H-17H;TARDE;PLENO DIA;INGESTÃO DE ÁLCOOL PELO CONDUTOR;QUEDA DE OCUPANTE DE VEÍCULO;CÉU CLARO;DUPLA;ROTATÓRIA;NÃO;0
SP;BR-116;BARRA DO TURVO;9;3;DOMINGO;6;1;15;15H-17H;TARDE;PLENO DIA;DEMAIS FALHAS NA VIA;TOMBAMENTO;GAROA/CHUVISCO;DUPLA;"DECLIVE;CURVA";NÃO;0
PR;BR-163;SANTA LUCIA;9;3;DOMINGO;6;1;13;12H-14H;TARDE;PLENO DIA;CHUVA;COLISÃO COM OBJETO;SOL;DUPLA;RETA;NÃO;0
BA;BR-324;CANDEIAS;9;3;DOMINGO;6;1;17;15H-17H;TARDE;ANOITECER;TRANSITAR NA CONTRAMÃO;COLISÃO FRONTAL;CÉU CLARO;DUPLA;DECLIVE;SIM;0
PR;BR-376;PONTA GROSSA;9;3;DOMINGO;6;1;16;15H-17H;TARDE;PLENO DIA;AUSÊNCIA DE REAÇÃO DO CONDUTOR;COLISÃO TRASEIRA;CHUVA;DUPLA;CURVA;SIM;0
SC;BR-101;JOINVILLE;9;3;DOMINGO;6;1;15;15H-17H;TARDE;PLENO DIA;REAÇÃO TARDIA OU INEFICIENTE DO CONDUTOR;COLISÃO TRASEIRA;CHUVA;DUPLA;RETA;SIM;0
PR;BR-116;ANTONINA;9;3;DOMINGO;6;1;17;15H-17H;TARDE;PLENO DIA;CHUVA;COLISÃO COM OBJETO;CHUVA;DUPLA;"CURVA;DECLIVE";NÃO;0
MT;BR-070;CACERES;9;3;DOMINGO;6;1;14;12H-14H;TARDE;PLENO DIA;REAÇÃO TARDIA OU INEFICIENTE DO CONDUTOR;SAÍDA DE LEITO CARROÇÁVEL;CÉU CLARO;SIMPLES;CURVA;NÃO;0
SC;BR-282;SAO JOSE;9;3;DOMINGO;6;1;17;15H-17H;TARDE;ANOITECER;REAÇÃO TARDIA OU INEFICIENTE DO CONDUTOR;QUEDA DE OCUPANTE DE VEÍCULO;GAROA/CHUVISCO;DUPLA;CURVA;NÃO;0
SC;BR-470;INDAIAL;9;3;DOMINGO;6;1;17;15H-17H;TARDE;PLENO DIA;TRANSITAR NA CONTRAMÃO;COLISÃO FRONTAL;NUBLADO;SIMPLES;"RETA;EM OBRAS";NÃO;1
PR;BR-376;ORTIGUEIRA;9;3;DOMINGO;6;1;17;15H-17H;TARDE;ANOITECER;REAÇÃO TARDIA OU INEFICIENTE DO CONDUTOR;COLISÃO FRONTAL;CHUVA;SIMPLES;RETA;NÃO;1
RJ;BR-040;DUQUE DE CAXIAS;9;3;DOMINGO;6;1;16;15H-17H;TARDE;PLENO DIA;TRANSITAR NA CONTRAMÃO;QUEDA DE OCUPANTE DE VEÍCULO;CÉU CLARO;DUPLA;RETA;SIM;0
RJ;BR-116;SAPUCAIA;9;3;DOMINGO;6;1;17;15H-17H;TARDE;PLENO DIA;AUSÊNCIA DE REAÇÃO DO CONDUTOR;QUEDA DE OCUPANTE DE VEÍCULO;CÉU CLARO;SIMPLES;CURVA;NÃO;0
PR;BR-163;SANTO ANTONIO DO SUDOESTE;9;3;DOMINGO;6;1;17;15H-17H;TARDE;PLENO DIA;ULTRAPASSAGEM INDEVIDA;COLISÃO FRONTAL;CÉU CLARO;SIMPLES;"ACLIVE;CURVA";SIM;0
BA;BR-324;CANDEIAS;9;3;DOMINGO;6;1;17;15H-17H;TARDE;ANOITECER;REAÇÃO TARDIA OU INEFICIENTE DO CONDUTOR;ENGAVETAMENTO;CÉU CLARO;DUPLA;RETA;NÃO;0
RJ;BR-101;MANGARATIBA;9;3;DOMINGO;6;1;15;15H-17H;TARDE;PLENO DIA;REAÇÃO TARDIA OU INEFICIENTE DO CONDUTOR;COLISÃO TRASEIRA;CÉU CLARO;SIMPLES;"RETA;ACLIVE";NÃO;0
RO;BR-425;GUAJARA-MIRIM;9;3;DOMINGO;6;1;16;15H-17H;TARDE;PLENO DIA;INGESTÃO DE ÁLCOOL PELO CONDUTOR;SAÍDA DE LEITO CARROÇÁVEL;CÉU CLARO;SIMPLES;CURVA;NÃO;0
RJ;BR-116;PORTO REAL;9;3;DOMINGO;6;1;17;15H-17H;TARDE;ANOITECER;REAÇÃO TARDIA OU INEFICIENTE DO CONDUTOR;ENGAVETAMENTO;CÉU CLARO;DUPLA;RETA;NÃO;0
PR;BR-376;TIBAGI;9;3;DOMINGO;6;1;17;15H-17H;TARDE;PLENO DIA;AUSÊNCIA DE REAÇÃO DO CONDUTOR;QUEDA DE OCUPANTE DE VEÍCULO;CHUVA;DUPLA;"DECLIVE;CURVA";NÃO;0
PR;BR-376;IMBAU;9;3;DOMINGO;6;1;14;12H-14H;TARDE;PLENO DIA;CHUVA;SAÍDA DE LEITO CARROÇÁVEL;CHUVA;DUPLA;CURVA;NÃO;0
RO;BR-364;VILHENA;9;3;DOMINGO;6;1;16;15H-17H;TARDE;PLENO DIA;ACESSAR A VIA SEM OBSERVAR A PRESENÇA DOS OUTROS VEÍCULOS;COLISÃO TRANSVERSAL;CÉU CLARO;SIMPLES;INTERSEÇÃO DE VIAS;SIM;0
SE;BR-101;SAO CRISTOVAO;9;3;DOMINGO;6;1;18;18H-20H;NOITE;PLENA NOITE;MANOBRA DE MUDANÇA DE FAIXA;COLISÃO TRANSVERSAL;CÉU CLARO;DUPLA;"RETA;RETORNO REGULAMENTADO";NÃO;0
SC;BR-116;MONTE CASTELO;9;3;DOMINGO;6;1;16;15H-17H;TARDE;PLENO DIA;ACESSAR A VIA SEM OBSERVAR A PRESENÇA DOS OUTROS VEÍCULOS;COLISÃO TRANSVERSAL;NUBLADO;SIMPLES;"CURVA;ACLIVE";NÃO;1
SC;BR-101;ARAQUARI;9;3;DOMINGO;6;1;16;15H-17H;TARDE;PLENO DIA;INGESTÃO DE ÁLCOOL PELO CONDUTOR;SAÍDA DE LEITO CARROÇÁVEL;CHUVA;DUPLA;CURVA;NÃO;0
RO;BR-174;VILHENA;9;3;DOMINGO;6;1;15;15H-17H;TARDE;PLENO DIA;ACESSAR A VIA SEM OBSERVAR A PRESENÇA DOS OUTROS VEÍCULOS;COLISÃO TRANSVERSAL;SOL;SIMPLES;"RETA;INTERSEÇÃO DE VIAS";SIM;0
SC;BR-101;BARRA VELHA;9;3;DOMINGO;6;1;16;15H-17H;TARDE;PLENO DIA;CHUVA;COLISÃO COM OBJETO;CHUVA;DUPLA;RETA;SIM;0
MG;BR-262;PARA DE MINAS;9;3;DOMINGO;6;1;17;15H-17H;TARDE;PLENO DIA;MANOBRA DE MUDANÇA DE FAIXA;COLISÃO LATERAL MESMO SENTIDO;CÉU CLARO;SIMPLES;RETA;NÃO;0
PR;BR-376;PONTA GROSSA;9;3;DOMINGO;6;1;13;12H-14H;TARDE;PLENO DIA;AUSÊNCIA DE REAÇÃO DO CONDUTOR;SAÍDA DE LEITO CARROÇÁVEL;SOL;DUPLA;CURVA;NÃO;0
SC;BR-101;PALHOCA;9;3;DOMINGO;6;1;18;18H-20H;NOITE;PLENA NOITE;MANOBRA DE MUDANÇA DE FAIXA;COLISÃO TRASEIRA;CHUVA;MÚLTIPLA;RETA;SIM;0
MG;BR-381;NAQUE;9;3;DOMINGO;6;1;16;15H-17H;TARDE;PLENO DIA;AUSÊNCIA DE REAÇÃO DO CONDUTOR;COLISÃO TRASEIRA;CÉU CLARO;SIMPLES;RETA;SIM;0
SP;BR-116;PINDAMONHANGABA;9;3;DOMINGO;6;1;18;18H-20H;NOITE;ANOITECER;REAÇÃO TARDIA OU INEFICIENTE DO CONDUTOR;QUEDA DE OCUPANTE DE VEÍCULO;NUBLADO;DUPLA;RETA;NÃO;0
MS;BR-262;RIBAS DO RIO PARDO;9;3;DOMINGO;6;1;17;15H-17H;TARDE;ANOITECER;CONDUTOR DORMINDO;COLISÃO LATERAL SENTIDO OPOSTO;CÉU CLARO;SIMPLES;RETA;NÃO;0
PE;BR-408;SAO LOURENCO DA MATA;9;3;DOMINGO;6;1;18;18H-20H;NOITE;PLENA NOITE;AUSÊNCIA DE REAÇÃO DO CONDUTOR;COLISÃO TRASEIRA;CÉU CLARO;DUPLA;RETA;NÃO;0
SC;BR-101;PENHA;9;3;DOMINGO;6;1;17;15H-17H;TARDE;ANOITECER;INGESTÃO DE ÁLCOOL PELO CONDUTOR;COLISÃO LATERAL MESMO SENTIDO;GAROA/CHUVISCO;DUPLA;RETA;NÃO;0
SP;BR-116;GUARULHOS;9;3;DOMINGO;6;1;18;18H-20H;NOITE;PLENA NOITE;REAÇÃO TARDIA OU INEFICIENTE DO CONDUTOR;COLISÃO TRASEIRA;NUBLADO;MÚLTIPLA;RETA;SIM;0
PE;BR-101;ITAPISSUMA;9;3;DOMINGO;6;1;18;18H-20H;NOITE;PLENA NOITE;ILUMINAÇÃO DEFICIENTE;QUEDA DE OCUPANTE DE VEÍCULO;CÉU CLARO;DUPLA;DECLIVE;NÃO;0
RS;BR-116;GUAIBA;9;3;DOMINGO;6;1;19;18H-20H;NOITE;PLENA NOITE;REAÇÃO TARDIA OU INEFICIENTE DO CONDUTOR;COLISÃO TRASEIRA;NUBLADO;SIMPLES;"RETA;INTERSEÇÃO DE VIAS";NÃO;0
MG;BR-040;CONTAGEM;9;3;DOMINGO;6;1;19;18H-20H;NOITE;PLENA NOITE;AUSÊNCIA DE REAÇÃO DO CONDUTOR;COLISÃO COM OBJETO;CÉU CLARO;DUPLA;RETA;SIM;0
RJ;BR-101;RIO BONITO;9;3;DOMINGO;6;1;19;18H-20H;NOITE;PLENA NOITE;AUSÊNCIA DE REAÇÃO DO CONDUTOR;COLISÃO TRASEIRA;CÉU CLARO;DUPLA;RETA;SIM;0
SP;BR-381;ATIBAIA;9;3;DOMINGO;6;1;19;18H-20H;NOITE;PLENA NOITE;PISTA ESCORREGADIA;COLISÃO COM OBJETO;NUBLADO;DUPLA;RETA;SIM;0
RS;BR-386;ANTA GORDA;9;3;DOMINGO;6;1;19;18H-20H;NOITE;PLENA NOITE;SINALIZAÇÃO MAL POSICIONADA;TOMBAMENTO;CHUVA;DUPLA;"RETA;EM OBRAS";SIM;0
RJ;BR-116;ITATIAIA;9;3;DOMINGO;6;1;20;18H-20H;NOITE;PLENA NOITE;ENTRADA INOPINADA DO PEDESTRE;ATROPELAMENTO DE PEDESTRE;CÉU CLARO;DUPLA;"RETA;ACLIVE";NÃO;1
PB;BR-230;JOAO PESSOA;9;3;DOMINGO;6;1;19;18H-20H;NOITE;PLENA NOITE;CONVERSÃO PROIBIDA;COLISÃO TRANSVERSAL;CÉU CLARO;SIMPLES;"INTERSEÇÃO DE VIAS;EM OBRAS";SIM;0
ES;BR-262;MARECHAL FLORIANO;9;3;DOMINGO;6;1;19;18H-20H;NOITE;PLENA NOITE;REAÇÃO TARDIA OU INEFICIENTE DO CONDUTOR;COLISÃO LATERAL SENTIDO OPOSTO;CHUVA;SIMPLES;"RETA;ACLIVE";SIM;0
MT;BR-070;POCONE;9;3;DOMINGO;6;1;16;15H-17H;TARDE;PLENO DIA;INGESTÃO DE ÁLCOOL PELO CONDUTOR;QUEDA DE OCUPANTE DE VEÍCULO;CÉU CLARO;SIMPLES;RETA;NÃO;0
DF;BR-060;BRASILIA;9;3;DOMINGO;6;1;20;18H-20H;NOITE;PLENA NOITE;MANOBRA DE MUDANÇA DE FAIXA;COLISÃO LATERAL MESMO SENTIDO;CÉU CLARO;DUPLA;RETA;SIM;0
RS;BR-158;PALMEIRA DAS MISSOES;9;3;DOMINGO;6;1;19;18H-20H;NOITE;PLENA NOITE;REAÇÃO TARDIA OU INEFICIENTE DO CONDUTOR;SAÍDA DE LEITO CARROÇÁVEL;CHUVA;SIMPLES;RETA;NÃO;0
RJ;BR-493;NOVA IGUACU;9;3;DOMINGO;6;1;15;15H-17H;TARDE;PLENO DIA;AUSÊNCIA DE REAÇÃO DO CONDUTOR;QUEDA DE OCUPANTE DE VEÍCULO;CÉU CLARO;DUPLA;RETA;SIM;0
BA;BR-110;NOVA SOURE;9;3;DOMINGO;6;1;18;18H-20H;NOITE;ANOITECER;INGESTÃO DE ÁLCOOL PELO CONDUTOR;COLISÃO LATERAL SENTIDO OPOSTO;NUBLADO;SIMPLES;"RETA;INTERSEÇÃO DE VIAS";SIM;0
RJ;BR-040;PETROPOLIS;9;3;DOMINGO;6;1;17;15H-17H;TARDE;ANOITECER;AVARIAS E/OU DESGASTE EXCESSIVO NO PNEU;TOMBAMENTO;CÉU CLARO;DUPLA;"CURVA;ACLIVE";NÃO;0
RN;BR-304;MOSSORO;9;3;DOMINGO;6;1;19;18H-20H;NOITE;PLENA NOITE;ANIMAIS NA PISTA;ATROPELAMENTO DE ANIMAL;CÉU CLARO;DUPLA;RETA;SIM;0
MA;BR-230;BARAO DE GRAJAU;9;3;DOMINGO;6;1;18;18H-20H;NOITE;PLENA NOITE;ILUMINAÇÃO DEFICIENTE;TOMBAMENTO;CÉU CLARO;SIMPLES;RETA;SIM;0
SP;BR-116;EMBU DAS ARTES;9;3;DOMINGO;6;1;20;18H-20H;NOITE;PLENA NOITE;TRAFEGAR COM MOTOCICLETA (OU SIMILAR) ENTRE AS FAIXAS;COLISÃO TRASEIRA;CÉU CLARO;DUPLA;RETA;SIM;0
CE;BR-116;RUSSAS;9;3;DOMINGO;6;1;20;18H-20H;NOITE;PLENA NOITE;INGESTÃO DE ÁLCOOL PELO CONDUTOR;COLISÃO TRASEIRA;CÉU CLARO;SIMPLES;RETA;NÃO;0
RO;BR-364;PORTO VELHO;9;3;DOMINGO;6;1;19;18H-20H;NOITE;PLENA NOITE;REAÇÃO TARDIA OU INEFICIENTE DO CONDUTOR;COLISÃO TRASEIRA;CÉU CLARO;DUPLA;"RETA;RETORNO REGULAMENTADO";SIM;0
PR;BR-376;CAMBIRA;9;3;DOMINGO;6;1;20;18H-20H;NOITE;PLENA NOITE;DESRESPEITAR A PREFERÊNCIA NO CRUZAMENTO;COLISÃO TRANSVERSAL;CHUVA;SIMPLES;INTERSEÇÃO DE VIAS;NÃO;0