uf;br_formatada;municipio;mes;trimestre;dia_semana;dia_semana_num;fim_de_semana;hora;faixa_horaria;turno;fase_dia;causa_acidente;tipo_acidente;condicao_metereologica;tipo_pista;tracado_via;uso_solo;acidente_fatal
RN;BR-304;MOSSORO;10;4;SÁBADO;5;1;14;12H-14H;TARDE;PLENO DIA;ACESSAR A VIA SEM OBSERVAR A PRESENÇA DOS OUTROS VEÍCULOS;COLISÃO TRANSVERSAL;CÉU CLARO;SIMPLES;RETA;SIM;0
MG;BR-040;ESMERALDAS;10;4;SÁBADO;5;1;12;12H-14H;TARDE;PLENO DIA;CONDUTOR DEIXOU DE MANTER DISTÂNCIA DO VEÍCULO DA FRENTE;COLISÃO LATERAL MESMO SENTIDO;CÉU CLARO;DUPLA;"RETA;DECLIVE";NÃO;0
PR;BR-116;COLOMBO;10;4;SÁBADO;5;1;15;15H-17H;TARDE;PLENO DIA;AVARIAS E/OU DESGASTE EXCESSIVO NO PNEU;COLISÃO TRASEIRA;SOL;DUPLA;RETA;SIM;0
BA;BR-116;FEIRA DE SANTANA;10;4;SÁBADO;5;1;15;15H-17H;TARDE;PLENO DIA;CONDUTOR DEIXOU DE MANTER DISTÂNCIA DO VEÍCULO DA FRENTE;TOMBAMENTO;GAROA/CHUVISCO;DUPLA;RETA;SIM;0
SC;BR-101;ITAPEMA;10;4;SÁBADO;5;1;16;15H-17H;TARDE;PLENO DIA;MANOBRA DE MUDANÇA DE FAIXA;COLISÃO LATERAL MESMO SENTIDO;NUBLADO;DUPLA;RETA;SIM;0
SC;BR-282;ALFREDO WAGNER;10;4;SÁBADO;5;1;13;12H-14H;TARDE;PLENO DIA;VELOCIDADE INCOMPATÍVEL;COLISÃO COM OBJETO;CHUVA;SIMPLES;CURVA;NÃO;0
RJ;BR-101;ITABORAI;10;4;SÁBADO;5;1;9;09H-11H;MANHA;PLENO DIA;CONDUTOR DEIXOU DE MANTER DISTÂNCIA DO VEÍCULO DA FRENTE;COLISÃO TRASEIRA;CÉU CLARO;SIMPLES;RETA;SIM;0
SC;BR-101;TUBARAO;10;4;SÁBADO;5;1;16;15H-17H;TARDE;ANOITECER;MANOBRA DE MUDANÇA DE FAIXA;COLISÃO LATERAL MESMO SENTIDO;CÉU CLARO;DUPLA;"CURVA;VIADUTO";SIM;0
GO;BR-153;PROFESSOR JAMIL;10;4;SÁBADO;5;1;16;15H-17H;TARDE;PLENO DIA;MANOBRA DE MUDANÇA DE FAIXA;SAÍDA DE LEITO CARROÇÁVEL;CÉU CLARO;DUPLA;RETA;NÃO;0
MS;BR-267;BATAGUASSU;10;4;SÁBADO;5;1;14;12H-14H;TARDE;PLENO DIA;DEMAIS FALHAS MECÂNICAS OU ELÉTRICAS;INCÊNDIO;SOL;SIMPLES;DECLIVE;NÃO;0
PE;BR-232;GRAVATA;10;4;SÁBADO;5;1;15;15H-17H;TARDE;PLENO DIA;INGESTÃO DE ÁLCOOL PELO CONDUTOR;COLISÃO LATERAL SENTIDO OPOSTO;CÉU CLARO;SIMPLES;RETA;SIM;0
PA;BR-163;ALTAMIRA;7;3;SÁBADO;5;1;6;06H-08H;MANHA;PLENO DIA;ACESSAR A VIA SEM OBSERVAR A PRESENÇA DOS OUTROS VEÍCULOS;COLISÃO LATERAL MESMO SENTIDO;CÉU CLARO;SIMPLES;RETA;SIM;0
RS;BR-392;SANTA MARIA;10;4;SÁBADO;5;1;15;15H-17H;TARDE;PLENO DIA;ACESSAR A VIA SEM OBSERVAR A PRESENÇA DOS OUTROS VEÍCULOS;COLISÃO TRANSVERSAL;CÉU CLARO;SIMPLES;RETA;NÃO;0
RJ;BR-116;DUQUE DE CAXIAS;10;4;SÁBADO;5;1;14;12H-14H;TARDE;PLENO DIA;TRANSITAR NA CONTRAMÃO;COLISÃO FRONTAL;CÉU CLARO;MÚLTIPLA;RETA;SIM;0
RJ;BR-101;RIO DE JANEIRO;10;4;SÁBADO;5;1;16;15H-17H;TARDE;PLENO DIA;AUSÊNCIA DE REAÇÃO DO CONDUTOR;EVENTOS ATÍPICOS;CÉU CLARO;DUPLA;RETA;NÃO;0
PR;BR-376;APUCARANA;10;4;SÁBADO;5;1;16;15H-17H;TARDE;PLENO DIA;ESTACIONAR OU PARAR EM LOCAL PROIBIDO;COLISÃO TRASEIRA;CÉU CLARO;SIMPLES;"RETA;INTERSEÇÃO DE VIAS;DECLIVE";SIM;0
RN;BR-226;MACAIBA;10;4;SÁBADO;5;1;18;18H-20H;NOITE;PLENA NOITE;TRANSITAR NA CONTRAMÃO;COLISÃO LATERAL SENTIDO OPOSTO;CÉU CLARO;SIMPLES;RETA;NÃO;0
MG;BR-116;DIVINO;10;4;SÁBADO;5;1;15;15H-17H;TARDE;PLENO DIA;VELOCIDADE INCOMPATÍVEL;TOMBAMENTO;CÉU CLARO;SIMPLES;CURVA;NÃO;1
SP;BR-116;GUARULHOS;10;4;SÁBADO;5;1;18;18H-20H;NOITE;PLENA NOITE;DEMAIS FALHAS MECÂNICAS OU ELÉTRICAS;INCÊNDIO;CÉU CLARO;MÚLTIPLA;RETA;SIM;0
MG;BR-381;BELO ORIENTE;10;4;SÁBADO;5;1;15;15H-17H;TARDE;PLENO DIA;REAÇÃO TARDIA OU INEFICIENTE DO CONDUTOR;TOMBAMENTO;CÉU CLARO;SIMPLES;"ACLIVE;CURVA";NÃO;0
SE;BR-235;ITABAIANA;10;4;SÁBADO;5;1;18;18H-20H;NOITE;PLENA NOITE;ACESSAR A VIA SEM OBSERVAR A PRESENÇA DOS OUTROS VEÍCULOS;COLISÃO TRANSVERSAL;CÉU CLARO;SIMPLES;RETA;SIM;0
SE;BR-235;ITABAIANA;10;4;SÁBADO;5;1;17;15H-17H;TARDE;PLENA NOITE;ACESSO IRREGULAR;COLISÃO TRANSVERSAL;CÉU CLARO;SIMPLES;"CURVA;DECLIVE";NÃO;0
GO;BR-060;ABADIANIA;10;4;SÁBADO;5;1;17;15H-17H;TARDE;PLENO DIA;INGESTÃO DE ÁLCOOL PELO CONDUTOR;COLISÃO COM OBJETO;CÉU CLARO;DUPLA;RETA;NÃO;0
MG;BR-381;BETIM;10;4;SÁBADO;5;1;18;18H-20H;NOITE;PLENA NOITE;CONDUTOR DEIXOU DE MANTER DISTÂNCIA DO VEÍCULO DA FRENTE;COLISÃO LATERAL MESMO SENTIDO;CÉU CLARO;DUPLA;"RETA;VIADUTO";SIM;0
MG;BR-262;BETIM;10;4;SÁBADO;5;1;18;18H-20H;NOITE;PLENA NOITE;DEMAIS FALHAS MECÂNICAS OU ELÉTRICAS;INCÊNDIO;CÉU CLARO;DUPLA;"RETA;ACLIVE";NÃO;0
DF;BR-251;BRASILIA;10;4;SÁBADO;5;1;17;15H-17H;TARDE;ANOITECER;CONVERSÃO PROIBIDA;COLISÃO TRANSVERSAL;CÉU CLARO;SIMPLES;RETA;SIM;0
MA;BR-135;SAO LUIS;10;4;SÁBADO;5;1;18;18H-20H;NOITE;PLENA NOITE;AFUNDAMENTO OU ONDULAÇÃO NO PAVIMENTO;TOMBAMENTO;CÉU CLARO;DUPLA;RETA;SIM;0
MT;BR-163;SINOP;10;4;SÁBADO;5;1;17;15H-17H;TARDE;PLENO DIA;AUSÊNCIA DE REAÇÃO DO CONDUTOR;ENGAVETAMENTO;CÉU CLARO;SIMPLES;RETA;NÃO;0
PR;BR-376;MARINGA;10;4;SÁBADO;5;1;18;18H-20H;NOITE;ANOITECER;REAÇÃO TARDIA OU INEFICIENTE DO CONDUTOR;COLISÃO TRANSVERSAL;CÉU CLARO;DUPLA;ROTATÓRIA;SIM;0
RJ;BR-101;ANGRA DOS REIS;10;4;SÁBADO;5;1;18;18H-20H;NOITE;PLENA NOITE;ACESSAR A VIA SEM OBSERVAR A PRESENÇA DOS OUTROS VEÍCULOS;COLISÃO LATERAL MESMO SENTIDO;CÉU CLARO;SIMPLES;INTERSEÇÃO DE VIAS;NÃO;0
SC;BR-101;PALHOCA;10;4;SÁBADO;5;1;19;18H-20H;NOITE;PLENA NOITE;CONDUTOR DEIXOU DE MANTER DISTÂNCIA DO VEÍCULO DA FRENTE;COLISÃO TRASEIRA;NUBLADO;MÚLTIPLA;RETA;NÃO;0
MG;BR-262;MANHUACU;10;4;SÁBADO;5;1;18;18H-20H;NOITE;PLENA NOITE;PEDESTRE CRUZAVA A PISTA FORA DA FAIXA;ATROPELAMENTO DE PEDESTRE;CÉU CLARO;SIMPLES;RETA;SIM;0
GO;BR-070;AGUAS LINDAS DE GOIAS;10;4;SÁBADO;5;1;18;18H-20H;NOITE;ANOITECER;AUSÊNCIA DE REAÇÃO DO CONDUTOR;COLISÃO TRASEIRA;CÉU CLARO;DUPLA;RETORNO REGULAMENTADO;SIM;0
SC;BR-153;CONCORDIA;10;4;SÁBADO;5;1;18;18H-20H;NOITE;ANOITECER;ULTRAPASSAGEM INDEVIDA;COLISÃO FRONTAL;NUBLADO;SIMPLES;CURVA;NÃO;0
RS;BR-290;PORTO ALEGRE;10;4;SÁBADO;5;1;18;18H-20H;NOITE;PLENA NOITE;ACUMULO DE ÁGUA SOBRE O PAVIMENTO;COLISÃO COM OBJETO;CHUVA;DUPLA;CURVA;NÃO;0
MS;BR-463;DOURADOS;10;4;SÁBADO;5;1;18;18H-20H;NOITE;PLENA NOITE;DESRESPEITAR A PREFERÊNCIA NO CRUZAMENTO;COLISÃO TRANSVERSAL;CÉU CLARO;DUPLA;"RETA;DECLIVE";SIM;0
SC;BR-101;ITAJAI;10;4;SÁBADO;5;1;18;18H-20H;NOITE;PLENA NOITE;ACESSAR A VIA SEM OBSERVAR A PRESENÇA DOS OUTROS VEÍCULOS;COLISÃO TRANSVERSAL;CÉU CLARO;DUPLA;"INTERSEÇÃO DE VIAS;ROTATÓRIA";SIM;0
PR;BR-272;FAROL;10;4;SÁBADO;5;1;17;15H-17H;TARDE;PLENO DIA;INGESTÃO DE ÁLCOOL PELO CONDUTOR;QUEDA DE OCUPANTE DE VEÍCULO;CÉU CLARO;SIMPLES;RETA;NÃO;0
GO;BR-060;ALEXANIA;10;4;SÁBADO;5;1;18;18H-20H;NOITE;ANOITECER;REAÇÃO TARDIA OU INEFICIENTE DO CONDUTOR;COLISÃO LATERAL MESMO SENTIDO;CÉU CLARO;DUPLA;"RETORNO REGULAMENTADO;RETA";SIM;0
RO;BR-319;PORTO VELHO;10;4;SÁBADO;5;1;18;18H-20H;NOITE;PLENA NOITE;ACESSAR A VIA SEM OBSERVAR A PRESENÇA DOS OUTROS VEÍCULOS;ATROPELAMENTO DE PEDESTRE;CÉU CLARO;DUPLA;"RETA;INTERSEÇÃO DE VIAS";NÃO;0
ES;BR-101;LINHARES;10;4;SÁBADO;5;1;18;18H-20H;NOITE;PLENA NOITE;REAÇÃO TARDIA OU INEFICIENTE DO CONDUTOR;COLISÃO COM OBJETO;GAROA/CHUVISCO;DUPLA;RETA;SIM;0
MS;BR-163;DOURADOS;10;4;SÁBADO;5;1;19;18H-20H;NOITE;PLENA NOITE;PEDESTRE CRUZAVA A PISTA FORA DA FAIXA;ATROPELAMENTO DE PEDESTRE;CÉU CLARO;DUPLA;RETA;SIM;0
SP;BR-116;EMBU DAS ARTES;10;4;SÁBADO;5;1;19;18H-20H;NOITE;PLENA NOITE;INGESTÃO DE ÁLCOOL PELO CONDUTOR;COLISÃO LATERAL MESMO SENTIDO;NUBLADO;DUPLA;RETA;SIM;0
SC;BR-101;PALHOCA;10;4;SÁBADO;5;1;18;18H-20H;NOITE;PLENA NOITE;REAÇÃO TARDIA OU INEFICIENTE DO CONDUTOR;QUEDA DE OCUPANTE DE VEÍCULO;NUBLADO;MÚLTIPLA;RETA;SIM;0
ES;BR-101;SERRA;10;4;SÁBADO;5;1;20;18H-20H;NOITE;PLENA NOITE;MANOBRA DE MUDANÇA DE FAIXA;COLISÃO LATERAL MESMO SENTIDO;CÉU CLARO;SIMPLES;RETA;NÃO;0
MG;BR-040;NOVA LIMA;10;4;SÁBADO;5;1;20;18H-20H;NOITE;PLENA NOITE;INGESTÃO DE ÁLCOOL PELO CONDUTOR;COLISÃO LATERAL MESMO SENTIDO;CÉU CLARO;DUPLA;RETA;NÃO;0
ES;BR-101;SERRA;10;4;SÁBADO;5;1;20;18H-20H;NOITE;PLENA NOITE;CONVERSÃO PROIBIDA;COLISÃO FRONTAL;CHUVA;DUPLA;RETA;NÃO;0
GO;BR-070;AGUAS LINDAS DE GOIAS;10;4;SÁBADO;5;1;19;18H-20H;NOITE;PLENA NOITE;AUSÊNCIA DE REAÇÃO DO CONDUTOR;QUEDA DE OCUPANTE DE VEÍCULO;CÉU CLARO;DUPLA;RETA;NÃO;0
SC;BR-101;BARRA VELHA;10;4;SÁBADO;5;1;17;15H-17H;TARDE;PLENO DIA;AUSÊNCIA DE REAÇÃO DO CONDUTOR;SAÍDA DE LEITO CARROÇÁVEL;CÉU CLARO;DUPLA;"RETA;INTERSEÇÃO DE VIAS";SIM;0
AL;BR-316;PALMEIRA DOS INDIOS;10;4;SÁBADO;5;1;19;18H-20H;NOITE;PLENA NOITE;ACESSAR A VIA SEM OBSERVAR A PRESENÇA DOS OUTROS VEÍCULOS;COLISÃO TRANSVERSAL;CÉU CLARO;SIMPLES;"INTERSEÇÃO DE VIAS;ROTATÓRIA";NÃO;0
BA;BR-101;ITAPEBI;10;4;SÁBADO;5;1;13;12H-14H;TARDE;PLENO DIA;REAÇÃO TARDIA OU INEFICIENTE DO CONDUTOR;ATROPELAMENTO DE PEDESTRE;SOL;SIMPLES;RETA;SIM;0
SC;BR-470;BLUMENAU;10;4;SÁBADO;5;1;20;18H-20H;NOITE;PLENA NOITE;ACESSAR A VIA SEM OBSERVAR A PRESENÇA DOS OUTROS VEÍCULOS;COLISÃO TRANSVERSAL;CÉU CLARO;DUPLA;INTERSEÇÃO DE VIAS;SIM;0
PR;BR-272;CAMPO MOURAO;10;4;SÁBADO;5;1;20;18H-20H;NOITE;PLENA NOITE;MANOBRA DE MUDANÇA DE FAIXA;COLISÃO TRASEIRA;CÉU CLARO;DUPLA;RETA;SIM;0
RJ;BR-101;ANGRA DOS REIS;10;4;SÁBADO;5;1;18;18H-20H;NOITE;PLENA NOITE;REAÇÃO TARDIA OU INEFICIENTE DO CONDUTOR;COLISÃO TRANSVERSAL;NUBLADO;SIMPLES;CURVA;NÃO;0
ES;BR-101;SERRA;10;4;SÁBADO;5;1;20;18H-20H;NOITE;PLENA NOITE;CHUVA;COLISÃO LATERAL MESMO SENTIDO;CHUVA;DUPLA;RETA;NÃO;0
RS;BR-392;MORRO REDONDO;10;4;SÁBADO;5;1;20;18H-20H;NOITE;PLENA NOITE;AUSÊNCIA DE REAÇÃO DO CONDUTOR;SAÍDA DE LEITO CARROÇÁVEL;NUBLADO;SIMPLES;CURVA;NÃO;0
SC;BR-470;INDAIAL;10;4;SÁBADO;5;1;20;18H-20H;NOITE;PLENA NOITE;AUSÊNCIA DE REAÇÃO DO CONDUTOR;QUEDA DE OCUPANTE DE VEÍCULO;NUBLADO;DUPLA;RETA;SIM;0
BA;BR-324;CANDEIAS;10;4;SÁBADO;5;1;18;18H-20H;NOITE;PLENA NOITE;REAÇÃO TARDIA OU INEFICIENTE DO CONDUTOR;QUEDA DE OCUPANTE DE VEÍCULO;NUBLADO;DUPLA;RETA;NÃO;0
PR;BR-376;MARINGA;10;4;SÁBADO;5;1;20;18H-20H;NOITE;PLENA NOITE;INGESTÃO DE ÁLCOOL PELO CONDUTOR;COLISÃO COM OBJETO;CÉU CLARO;DUPLA;RETA;SIM;0
RJ;BR-101;ANGRA DOS REIS;10;4;SÁBADO;5;1;18;18H-20H;NOITE;PLENA NOITE;DEFICIÊNCIA DO SISTEMA DE ILUMINAÇÃO/SINALIZAÇÃO;COLISÃO TRANSVERSAL;NUBLADO;SIMPLES;RETA;SIM;0
PR;BR-163;BARRACAO;10;4;SÁBADO;5;1;21;21H-23H;NOITE;PLENA NOITE;TRANSITAR NA CONTRAMÃO;COLISÃO FRONTAL;CÉU CLARO;SIMPLES;CURVA;NÃO;1
RJ;BR-116;MAGE;10;4;SÁBADO;5;1;19;18H-20H;NOITE;PLENA NOITE;AVARIAS E/OU DESGASTE EXCESSIVO NO PNEU;TOMBAMENTO;CÉU CLARO;DUPLA;RETA;NÃO;0
SE;BR-235;ITABAIANA;10;4;SÁBADO;5;1;21;21H-23H;NOITE;PLENA NOITE;INGESTÃO DE ÁLCOOL PELO CONDUTOR;QUEDA DE OCUPANTE DE VEÍCULO;GAROA/CHUVISCO;SIMPLES;RETA;NÃO;0
RS;BR-386;TABAI;10;4;SÁBADO;5;1;21;21H-23H;NOITE;PLENA NOITE;PEDESTRE ANDAVA NA PISTA;ATROPELAMENTO DE PEDESTRE;NUBLADO;SIMPLES;RETA;NÃO;1
PA;BR-316;CASTANHAL;10;4;SÁBADO;5;1;21;21H-23H;NOITE;PLENA NOITE;ACESSAR A VIA SEM OBSERVAR A PRESENÇA DOS OUTROS VEÍCULOS;COLISÃO TRANSVERSAL;CÉU CLARO;SIMPLES;RETA;NÃO;0
PE;BR-424;BREJAO;10;4;SÁBADO;5;1;21;21H-23H;NOITE;PLENA NOITE;ACESSAR A VIA SEM OBSERVAR A PRESENÇA DOS OUTROS VEÍCULOS;COLISÃO TRANSVERSAL;CÉU CLARO;SIMPLES;"RETA;INTERSEÇÃO DE VIAS";NÃO;0
ES;BR-101;LINHARES;10;4;SÁBADO;5;1;21;21H-23H;NOITE;PLENA NOITE;INGESTÃO DE ÁLCOOL PELO CONDUTOR;QUEDA DE OCUPANTE DE VEÍCULO;CÉU CLARO;SIMPLES;RETA;NÃO;0
RJ;BR-116;DUQUE DE CAXIAS;10;4;SÁBADO;5;1;19;18H-20H;NOITE;PLENA NOITE;MANOBRA DE MUDANÇA DE FAIXA;TOMBAMENTO;CÉU CLARO;DUPLA;RETA;SIM;0
SE;BR-101;MARUIM;10;4;SÁBADO;5;1;20;18H-20H;NOITE;PLENA NOITE;CHUVA;QUEDA DE OCUPANTE DE VEÍCULO;CHUVA;DUPLA;RETA;NÃO;0
SC;BR-470;BLUMENAU;10;4;SÁBADO;5;1;22;21H-23H;NOITE;PLENA NOITE;INGESTÃO DE ÁLCOOL PELO CONDUTOR;COLISÃO LATERAL MESMO SENTIDO;CÉU CLARO;SIMPLES;RETA;NÃO;0
RS;BR-392;SANTA MARIA;10;4;SÁBADO;5;1;20;18H-20H;NOITE;PLENA NOITE;REAÇÃO TARDIA OU INEFICIENTE DO CONDUTOR;COLISÃO COM OBJETO;CÉU CLARO;SIMPLES;RETA;NÃO;0
MG;BR-459;CALDAS;10;4;SÁBADO;5;1;21;21H-23H;NOITE;PLENA NOITE;CONDUTOR DORMINDO;COLISÃO TRANSVERSAL;CÉU CLARO;SIMPLES;RETA;SIM;0
RS;BR-116;CAXIAS DO SUL;10;4;SÁBADO;5;1;18;18H-20H;NOITE;ANOITECER;ULTRAPASSAGEM INDEVIDA;COLISÃO FRONTAL;CHUVA;SIMPLES;RETA;NÃO;0
AC;BR-317;RIO BRANCO;10;4;SÁBADO;5;1;18;18H-20H;NOITE;PLENA NOITE;AUSÊNCIA DE REAÇÃO DO CONDUTOR;ATROPELAMENTO DE PEDESTRE;CÉU CLARO;SIMPLES;RETA;NÃO;0
RS;BR-116;CRISTAL;10;4;SÁBADO;5;1;21;21H-23H;NOITE;PLENA NOITE;AUSÊNCIA DE REAÇÃO DO CONDUTOR;TOMBAMENTO;CÉU CLARO;SIMPLES;"EM OBRAS;RETA";NÃO;0
PR;BR-153;JACAREZINHO;10;4;SÁBADO;5;1;21;21H-23H;NOITE;PLENA NOITE;CONDUTOR USANDO CELULAR;COLISÃO LATERAL MESMO SENTIDO;CÉU CLARO;SIMPLES;"DECLIVE;RETA";SIM;0
SC;BR-101;ITAJAI;10;4;SÁBADO;5;1;22;21H-23H;NOITE;PLENA NOITE;CONDUTOR DEIXOU DE MANTER DISTÂNCIA DO VEÍCULO DA FRENTE;COLISÃO TRASEIRA;NUBLADO;MÚLTIPLA;RETA;SIM;0
ES;BR-101;CARIACICA;6;2;SEGUNDA-FEIRA;0;0;18;18H-20H;NOITE;PLENA NOITE;ACESSAR A VIA SEM OBSERVAR A PRESENÇA DOS OUTROS VEÍCULOS;COLISÃO LATERAL MESMO SENTIDO;CHUVA;MÚLTIPLA;"INTERSEÇÃO DE VIAS;DECLIVE;VIADUTO";SIM;0
PR;BR-369;LONDRINA;10;4;SÁBADO;5;1;22;21H-23H;NOITE;PLENA NOITE;AVARIAS E/OU DESGASTE EXCESSIVO NO PNEU;TOMBAMENTO;CÉU CLARO;DUPLA;RETA;SIM;0
RS;BR-386;NOVA SANTA RITA;10;4;SÁBADO;5;1;21;21H-23H;NOITE;PLENA NOITE;ACUMULO DE ÁGUA SOBRE O PAVIMENTO;TOMBAMENTO;NUBLADO;DUPLA;RETA;SIM;0
RN;BR-304;MACAIBA;10;4;SÁBADO;5;1;21;21H-23H;NOITE;PLENA NOITE;MAL SÚBITO DO CONDUTOR;SAÍDA DE LEITO CARROÇÁVEL;CÉU CLARO;DUPLA;"RETORNO REGULAMENTADO;RETA";NÃO;0
ES;BR-262;CARIACICA;10;4;SÁBADO;5;1;20;18H-20H;NOITE;PLENA NOITE;INGESTÃO DE ÁLCOOL PELO CONDUTOR;COLISÃO COM OBJETO;CÉU CLARO;DUPLA;"DECLIVE;RETA;PONTE";SIM;0
MS;BR-158;APARECIDA DO TABOADO;10;4;SÁBADO;5;1;17;15H-17H;TARDE;PLENA NOITE;AUSÊNCIA DE REAÇÃO DO CONDUTOR;COLISÃO COM OBJETO;IGNORADO;SIMPLES;RETA;NÃO;0
MG;BR-116;CARATINGA;10;4;SÁBADO;5;1;19;18H-20H;NOITE;PLENA NOITE;CONVERSÃO PROIBIDA;COLISÃO TRANSVERSAL;CÉU CLARO;SIMPLES;RETA;SIM;0
MG;BR-040;CONSELHEIRO LAFAIETE;10;4;SÁBADO;5;1;23;21H-23H;NOITE;PLENA NOITE;REAÇÃO TARDIA OU INEFICIENTE DO CONDUTOR;SAÍDA DE LEITO CARROÇÁVEL;NUBLADO;SIMPLES;RETA;NÃO;0
RJ;BR-465;NOVA IGUACU;10;4;SÁBADO;5;1;23;21H-23H;NOITE;PLENA NOITE;AUSÊNCIA DE REAÇÃO DO CONDUTOR;COLISÃO TRASEIRA;CÉU CLARO;SIMPLES;RETA;SIM;0
MT;BR-163;MATUPA;10;4;SÁBADO;5;1;19;18H-20H;NOITE;PLENA NOITE;AUSÊNCIA DE REAÇÃO DO CONDUTOR;COLISÃO FRONTAL;CÉU CLARO;SIMPLES;RETA;NÃO;0
PI;BR-230;FLORIANO;10;4;SÁBADO;5;1;21;21H-23H;NOITE;PLENA NOITE;AUSÊNCIA DE REAÇÃO DO CONDUTOR;COLISÃO COM OBJETO;CÉU CLARO;SIMPLES;RETA;SIM;0
PA;BR-308;BRAGANCA;10;4;SÁBADO;5;1;19;18H-20H;NOITE;PLENA NOITE;AUSÊNCIA DE REAÇÃO DO CONDUTOR;COLISÃO FRONTAL;IGNORADO;SIMPLES;"INTERSEÇÃO DE VIAS;RETA";NÃO;1
PR;BR-376;MARINGA;10;4;SÁBADO;5;1;23;21H-23H;NOITE;PLENA NOITE;RETORNO PROIBIDO;COLISÃO TRANSVERSAL;CÉU CLARO;DUPLA;RETA;SIM;0
SC;BR-101;JOINVILLE;10;4;SÁBADO;5;1;23;21H-23H;NOITE;PLENA NOITE;DESRESPEITAR A PREFERÊNCIA NO CRUZAMENTO;COLISÃO TRANSVERSAL;GAROA/CHUVISCO;DUPLA;"INTERSEÇÃO DE VIAS;DECLIVE;RETA;VIADUTO";NÃO;0
PE;BR-232;CARUARU;10;4;SÁBADO;5;1;21;21H-23H;NOITE;PLENA NOITE;TRANSITAR NO ACOSTAMENTO;QUEDA DE OCUPANTE DE VEÍCULO;CÉU CLARO;DUPLA;RETA;NÃO;0
RS;BR-116;ARROIO GRANDE;10;4;SÁBADO;5;1;23;21H-23H;NOITE;PLENA NOITE;AUSÊNCIA DE REAÇÃO DO CONDUTOR;CAPOTAMENTO;CÉU CLARO;SIMPLES;RETA;NÃO;0
SC;BR-101;SOMBRIO;10;4;SÁBADO;5;1;23;21H-23H;NOITE;PLENA NOITE;DESRESPEITAR A PREFERÊNCIA NO CRUZAMENTO;COLISÃO TRANSVERSAL;IGNORADO;MÚLTIPLA;"INTERSEÇÃO DE VIAS;RETA";SIM;0
RS;BR-116;CANOAS;10;4;DOMINGO;6;1;0;00H-02H;MADRUGADA;PLENA NOITE;VELOCIDADE INCOMPATÍVEL;COLISÃO TRASEIRA;NUBLADO;DUPLA;RETA;SIM;1
SP;BR-116;EMBU DAS ARTES;10;4;DOMINGO;6;1;0;00H-02H;MADRUGADA;PLENA NOITE;VELOCIDADE INCOMPATÍVEL;SAÍDA DE LEITO CARROÇÁVEL;CÉU CLARO;DUPLA;RETA;NÃO;0
RJ;BR-116;QUEIMADOS;10;4;SÁBADO;5;1;23;21H-23H;NOITE;PLENA NOITE;DEFICIÊNCIA DO SISTEMA DE ILUMINAÇÃO/SINALIZAÇÃO;COLISÃO TRASEIRA;NUBLADO;DUPLA;CURVA;NÃO;1
RJ;BR-116;SAO JOAO DE MERITI;10;4;DOMINGO;6;1;0;00H-02H;MADRUGADA;PLENA NOITE;REAÇÃO TARDIA OU INEFICIENTE DO CONDUTOR;COLISÃO TRASEIRA;CÉU CLARO;MÚLTIPLA;RETA;SIM;0
PR;BR-476;COLOMBO;10;4;DOMINGO;6;1;0;00H-02H;MADRUGADA;PLENA NOITE;INGESTÃO DE ÁLCOOL PELO CONDUTOR;COLISÃO TRASEIRA;CÉU CLARO;DUPLA;"RETA;ACLIVE";SIM;0
MG;BR-050;UBERABA;10;4;DOMINGO;6;1;0;00H-02H;MADRUGADA;PLENA NOITE;VELOCIDADE INCOMPATÍVEL;COLISÃO TRASEIRA;NUBLADO;DUPLA;"ACLIVE;RETA";NÃO;0
PI;BR-316;ALEGRETE DO PIAUI;10;4;DOMINGO;6;1;0;00H-02H;MADRUGADA;PLENA NOITE;REAÇÃO TARDIA OU INEFICIENTE DO CONDUTOR;SAÍDA DE LEITO CARROÇÁVEL;CÉU CLARO;SIMPLES;ACLIVE;NÃO;0
SC;BR-101;PALHOCA;10;4;DOMINGO;6;1;1;00H-02H;MADRUGADA;PLENA NOITE;CONDUTOR DEIXOU DE MANTER DISTÂNCIA DO VEÍCULO DA FRENTE;COLISÃO TRASEIRA;NUBLADO;DUPLA;RETA;NÃO;0
RJ;BR-116;NOVA IGUACU;10;4;DOMINGO;6;1;2;00H-02H;MADRUGADA;PLENA NOITE;DEMAIS FALHAS MECÂNICAS OU ELÉTRICAS;COLISÃO TRASEIRA;CÉU CLARO;DUPLA;RETA;SIM;0
PR;BR-153;SANTO ANTONIO DA PLATINA;10;4;DOMINGO;6;1;1;00H-02H;MADRUGADA;PLENA NOITE;CONDUTOR DORMINDO;COLISÃO COM OBJETO;CÉU CLARO;SIMPLES;CURVA;NÃO;0
PR;BR-116;CURITIBA;10;4;DOMINGO;6;1;2;00H-02H;MADRUGADA;PLENA NOITE;CONDUTOR DORMINDO;COLISÃO COM OBJETO;NUBLADO;DUPLA;RETA;NÃO;0
SE;BR-235;NOSSA SENHORA DO SOCORRO;10;4;DOMINGO;6;1;1;00H-02H;MADRUGADA;PLENA NOITE;CHUVA;QUEDA DE OCUPANTE DE VEÍCULO;CHUVA;SIMPLES;CURVA;NÃO;0