uf;br_formatada;municipio;mes;trimestre;dia_semana;dia_semana_num;fim_de_semana;hora;faixa_horaria;turno;fase_dia;causa_acidente;tipo_acidente;condicao_metereologica;tipo_pista;tracado_via;uso_solo;acidente_fatal
SC;BR-101;PENHA;10;4;SEXTA-FEIRA;4;0;17;15H-17H;TARDE;PLENO DIA;TRAFEGAR COM MOTOCICLETA (OU SIMILAR) ENTRE AS FAIXAS;TOMBAMENTO;CHUVA;DUPLA;RETA;SIM;0
RS;BR-386;SAO JOSE DO HERVAL;8;3;SÁBADO;5;1;12;12H-14H;TARDE;PLENO DIA;TRANSITAR NA CONTRAMÃO;COLISÃO FRONTAL;CHUVA;SIMPLES;"ACLIVE;CURVA";NÃO;1
ES;BR-101;SERRA;10;4;SEXTA-FEIRA;4;0;19;18H-20H;NOITE;PLENA NOITE;MANOBRA DE MUDANÇA DE FAIXA;COLISÃO LATERAL SENTIDO OPOSTO;CÉU CLARO;DUPLA;RETA;SIM;0
TO;BR-010;PALMAS;10;4;SEXTA-FEIRA;4;0;19;18H-20H;NOITE;PLENA NOITE;REAÇÃO TARDIA OU INEFICIENTE DO CONDUTOR;COLISÃO TRASEIRA;CÉU CLARO;DUPLA;RETA;SIM;0
MG;BR-040;BARBACENA;10;4;SEXTA-FEIRA;4;0;18;18H-20H;NOITE;PLENA NOITE;ÁREA URBANA SEM A PRESENÇA DE LOCAL APROPRIADO PARA A TRAVESSIA DE PEDESTRES;ATROPELAMENTO DE PEDESTRE;CÉU CLARO;DUPLA;RETA;NÃO;1
RS;BR-470;BARRACAO;10;4;SEXTA-FEIRA;4;0;19;18H-20H;NOITE;PLENA NOITE;DESRESPEITAR A PREFERÊNCIA NO CRUZAMENTO;COLISÃO FRONTAL;CÉU CLARO;SIMPLES;RETA;NÃO;0
TO;BR-153;PARAISO DO TOCANTINS;10;4;SEXTA-FEIRA;4;0;18;18H-20H;NOITE;PLENA NOITE;MANOBRA DE MUDANÇA DE FAIXA;COLISÃO TRASEIRA;IGNORADO;SIMPLES;RETA;NÃO;0
MG;BR-364;PLANURA;10;4;SEXTA-FEIRA;4;0;19;18H-20H;NOITE;PLENA NOITE;AUSÊNCIA DE REAÇÃO DO CONDUTOR;COLISÃO LATERAL MESMO SENTIDO;NUBLADO;SIMPLES;RETA;NÃO;0
RJ;BR-101;ANGRA DOS REIS;10;4;SEXTA-FEIRA;4;0;18;18H-20H;NOITE;PLENA NOITE;ACESSAR A VIA SEM OBSERVAR A PRESENÇA DOS OUTROS VEÍCULOS;COLISÃO FRONTAL;CHUVA;SIMPLES;RETA;NÃO;0
ES;BR-262;MARECHAL FLORIANO;10;4;SEXTA-FEIRA;4;0;18;18H-20H;NOITE;PLENA NOITE;REAÇÃO TARDIA OU INEFICIENTE DO CONDUTOR;COLISÃO TRASEIRA;IGNORADO;SIMPLES;RETA;SIM;0
BA;BR-101;EUNAPOLIS;10;4;SEXTA-FEIRA;4;0;15;15H-17H;TARDE;PLENO DIA;AVARIAS E/OU DESGASTE EXCESSIVO NO PNEU;TOMBAMENTO;CÉU CLARO;SIMPLES;CURVA;NÃO;0
PR;BR-369;LONDRINA;10;4;SEXTA-FEIRA;4;0;20;18H-20H;NOITE;PLENA NOITE;PISTA ESCORREGADIA;TOMBAMENTO;GAROA/CHUVISCO;DUPLA;RETA;SIM;0
DF;BR-080;BRASILIA;10;4;SEXTA-FEIRA;4;0;19;18H-20H;NOITE;PLENA NOITE;REAÇÃO TARDIA OU INEFICIENTE DO CONDUTOR;COLISÃO FRONTAL;IGNORADO;DUPLA;RETA;SIM;0
SP;BR-381;MAIRIPORA;10;4;SEXTA-FEIRA;4;0;18;18H-20H;NOITE;ANOITECER;REAÇÃO TARDIA OU INEFICIENTE DO CONDUTOR;SAÍDA DE LEITO CARROÇÁVEL;CHUVA;DUPLA;"RETA;DECLIVE";SIM;0
MG;BR-381;BETIM;10;4;SEXTA-FEIRA;4;0;20;18H-20H;NOITE;PLENA NOITE;CONDUTOR DEIXOU DE MANTER DISTÂNCIA DO VEÍCULO DA FRENTE;TOMBAMENTO;CÉU CLARO;DUPLA;"RETA;DECLIVE";SIM;0
PE;BR-316;OURICURI;10;4;SEXTA-FEIRA;4;0;20;18H-20H;NOITE;PLENA NOITE;TRANSITAR NA CONTRAMÃO;COLISÃO FRONTAL;CÉU CLARO;SIMPLES;RETA;SIM;0
MA;BR-230;SAO RAIMUNDO DAS MANGABEIRAS;10;4;SEXTA-FEIRA;4;0;15;15H-17H;TARDE;PLENO DIA;ACESSAR A VIA SEM OBSERVAR A PRESENÇA DOS OUTROS VEÍCULOS;COLISÃO TRANSVERSAL;CÉU CLARO;SIMPLES;INTERSEÇÃO DE VIAS;SIM;0
BA;BR-367;PORTO SEGURO;10;4;SEXTA-FEIRA;4;0;18;18H-20H;NOITE;PLENA NOITE;AUSÊNCIA DE REAÇÃO DO CONDUTOR;COLISÃO TRASEIRA;NUBLADO;SIMPLES;RETA;NÃO;0
MG;BR-116;GOVERNADOR VALADARES;10;4;SEXTA-FEIRA;4;0;17;15H-17H;TARDE;PLENO DIA;ACESSAR A VIA SEM OBSERVAR A PRESENÇA DOS OUTROS VEÍCULOS;COLISÃO LATERAL MESMO SENTIDO;CÉU CLARO;SIMPLES;"INTERSEÇÃO DE VIAS;RETA";SIM;0
MG;BR-040;NOVA LIMA;10;4;SEXTA-FEIRA;4;0;16;15H-17H;TARDE;PLENO DIA;AUSÊNCIA DE REAÇÃO DO CONDUTOR;COLISÃO FRONTAL;NUBLADO;MÚLTIPLA;RETA;SIM;0
RS;BR-116;CAXIAS DO SUL;10;4;SEXTA-FEIRA;4;0;20;18H-20H;NOITE;PLENA NOITE;AUSÊNCIA DE REAÇÃO DO CONDUTOR;COLISÃO TRASEIRA;CÉU CLARO;DUPLA;"RETA;ACLIVE";SIM;0
SC;BR-282;XANXERE;10;4;SEXTA-FEIRA;4;0;18;18H-20H;NOITE;ANOITECER;MANOBRA DE MUDANÇA DE FAIXA;COLISÃO LATERAL MESMO SENTIDO;CÉU CLARO;MÚLTIPLA;RETA;SIM;0
SP;BR-116;CACAPAVA;10;4;SEXTA-FEIRA;4;0;19;18H-20H;NOITE;PLENA NOITE;ACUMULO DE ÁGUA SOBRE O PAVIMENTO;COLISÃO TRANSVERSAL;CHUVA;SIMPLES;ROTATÓRIA;SIM;0
SE;BR-235;ARACAJU;10;4;SEXTA-FEIRA;4;0;19;18H-20H;NOITE;PLENA NOITE;CONDUTOR DEIXOU DE MANTER DISTÂNCIA DO VEÍCULO DA FRENTE;COLISÃO TRASEIRA;CÉU CLARO;DUPLA;"RETA;ACLIVE";SIM;0
MT;BR-163;RONDONOPOLIS;10;4;SEXTA-FEIRA;4;0;18;18H-20H;NOITE;PLENA NOITE;OBJETO ESTÁTICO SOBRE O LEITO CARROÇÁVEL;CAPOTAMENTO;CÉU CLARO;DUPLA;DECLIVE;NÃO;0
PI;BR-343;FLORIANO;10;4;SEXTA-FEIRA;4;0;20;18H-20H;NOITE;PLENA NOITE;AUSÊNCIA DE REAÇÃO DO CONDUTOR;SAÍDA DE LEITO CARROÇÁVEL;CÉU CLARO;DUPLA;"RETA;ACLIVE";SIM;0
RN;BR-427;JARDIM DO SERIDO;10;4;SEXTA-FEIRA;4;0;20;18H-20H;NOITE;PLENA NOITE;PEDESTRE ANDAVA NA PISTA;ATROPELAMENTO DE PEDESTRE;CÉU CLARO;SIMPLES;RETA;NÃO;1
MA;BR-316;TIMON;10;4;SEXTA-FEIRA;4;0;17;15H-17H;TARDE;PLENO DIA;TRANSITAR NO ACOSTAMENTO;ATROPELAMENTO DE PEDESTRE;SOL;MÚLTIPLA;"RETA;DECLIVE";NÃO;1
SC;BR-101;ARAQUARI;10;4;SEXTA-FEIRA;4;0;19;18H-20H;NOITE;PLENA NOITE;AUSÊNCIA DE REAÇÃO DO CONDUTOR;CAPOTAMENTO;GAROA/CHUVISCO;MÚLTIPLA;RETA;NÃO;0
SC;BR-101;CAMBORIU;10;4;SEXTA-FEIRA;4;0;21;21H-23H;NOITE;PLENA NOITE;REAÇÃO TARDIA OU INEFICIENTE DO CONDUTOR;COLISÃO COM OBJETO;CHUVA;MÚLTIPLA;"INTERSEÇÃO DE VIAS;RETA";NÃO;0
SP;BR-116;GUARULHOS;10;4;SEXTA-FEIRA;4;0;21;21H-23H;NOITE;PLENA NOITE;REAÇÃO TARDIA OU INEFICIENTE DO CONDUTOR;COLISÃO LATERAL MESMO SENTIDO;CHUVA;MÚLTIPLA;RETA;SIM;0
TO;BR-010;PALMAS;9;3;DOMINGO;6;1;3;03H-05H;MADRUGADA;PLENA NOITE;AUSÊNCIA DE REAÇÃO DO CONDUTOR;COLISÃO COM OBJETO;CÉU CLARO;MÚLTIPLA;RETA;SIM;0
PE;BR-232;CARUARU;10;4;SEXTA-FEIRA;4;0;18;18H-20H;NOITE;PLENA NOITE;REAÇÃO TARDIA OU INEFICIENTE DO CONDUTOR;COLISÃO COM OBJETO;CÉU CLARO;DUPLA;"DECLIVE;RETA";SIM;0
SC;BR-282;HERVAL DOESTE;10;4;SEXTA-FEIRA;4;0;21;21H-23H;NOITE;PLENA NOITE;INGESTÃO DE ÁLCOOL PELO CONDUTOR;COLISÃO FRONTAL;CÉU CLARO;SIMPLES;CURVA;NÃO;0
PA;BR-316;CASTANHAL;10;4;SEXTA-FEIRA;4;0;16;15H-17H;TARDE;PLENO DIA;AUSÊNCIA DE REAÇÃO DO CONDUTOR;COLISÃO TRASEIRA;CÉU CLARO;DUPLA;RETA;SIM;0
RJ;BR-465;SEROPEDICA;10;4;SEXTA-FEIRA;4;0;21;21H-23H;NOITE;PLENA NOITE;REAÇÃO TARDIA OU INEFICIENTE DO CONDUTOR;COLISÃO FRONTAL;CHUVA;SIMPLES;RETA;NÃO;0
SC;BR-282;XANXERE;10;4;SEXTA-FEIRA;4;0;20;18H-20H;NOITE;PLENA NOITE;DESRESPEITAR A PREFERÊNCIA NO CRUZAMENTO;COLISÃO TRANSVERSAL;NUBLADO;SIMPLES;"RETA;INTERSEÇÃO DE VIAS";SIM;0
SP;BR-116;PINDAMONHANGABA;10;4;SEXTA-FEIRA;4;0;21;21H-23H;NOITE;PLENA NOITE;REAÇÃO TARDIA OU INEFICIENTE DO CONDUTOR;COLISÃO COM OBJETO;CHUVA;DUPLA;RETA;NÃO;0
SC;BR-101;SAO JOSE;10;4;SEXTA-FEIRA;4;0;22;21H-23H;NOITE;PLENA NOITE;ACESSAR A VIA SEM OBSERVAR A PRESENÇA DOS OUTROS VEÍCULOS;CAPOTAMENTO;CHUVA;DUPLA;RETA;SIM;0
PI;BR-343;FLORIANO;10;4;SEXTA-FEIRA;4;0;17;15H-17H;TARDE;ANOITECER;AUSÊNCIA DE REAÇÃO DO CONDUTOR;COLISÃO TRANSVERSAL;CÉU CLARO;SIMPLES;ACLIVE;SIM;0
SP;BR-101;UBATUBA;10;4;SEXTA-FEIRA;4;0;22;21H-23H;NOITE;PLENA NOITE;ACESSAR A VIA SEM OBSERVAR A PRESENÇA DOS OUTROS VEÍCULOS;COLISÃO LATERAL MESMO SENTIDO;GAROA/CHUVISCO;SIMPLES;RETA;SIM;0
DF;BR-070;BRASILIA;10;4;SEXTA-FEIRA;4;0;23;21H-23H;NOITE;PLENA NOITE;CONDUTOR DORMINDO;CAPOTAMENTO;VENTO;DUPLA;RETA;NÃO;0
CE;BR-116;BAIXIO;10;4;SEXTA-FEIRA;4;0;20;18H-20H;NOITE;PLENA NOITE;ANIMAIS NA PISTA;ATROPELAMENTO DE ANIMAL;CÉU CLARO;SIMPLES;RETA;NÃO;0
MA;BR-226;TUNTUM;10;4;SEXTA-FEIRA;4;0;20;18H-20H;NOITE;PLENA NOITE;ANIMAIS NA PISTA;ATROPELAMENTO DE ANIMAL;CÉU CLARO;SIMPLES;RETA;NÃO;1
AM;BR-319;HUMAITA;10;4;SEXTA-FEIRA;4;0;16;15H-17H;TARDE;PLENO DIA;REAÇÃO TARDIA OU INEFICIENTE DO CONDUTOR;QUEDA DE OCUPANTE DE VEÍCULO;CÉU CLARO;SIMPLES;RETA;NÃO;0
PE;BR-424;CAETES;10;4;SEXTA-FEIRA;4;0;22;21H-23H;NOITE;PLENA NOITE;INGESTÃO DE ÁLCOOL PELO CONDUTOR;COLISÃO FRONTAL;CÉU CLARO;SIMPLES;RETA;NÃO;0
SC;BR-101;BIGUACU;10;4;SEXTA-FEIRA;4;0;23;21H-23H;NOITE;PLENA NOITE;REAÇÃO TARDIA OU INEFICIENTE DO CONDUTOR;TOMBAMENTO;CHUVA;MÚLTIPLA;RETA;SIM;0
MG;BR-116;CARAI;10;4;SEXTA-FEIRA;4;0;22;21H-23H;NOITE;PLENA NOITE;ANIMAIS NA PISTA;ATROPELAMENTO DE ANIMAL;CÉU CLARO;SIMPLES;RETA;NÃO;0
BA;BR-101;EUNAPOLIS;10;4;SEXTA-FEIRA;4;0;23;21H-23H;NOITE;PLENA NOITE;AUSÊNCIA DE REAÇÃO DO CONDUTOR;QUEDA DE OCUPANTE DE VEÍCULO;NUBLADO;SIMPLES;RETA;SIM;0
MG;BR-381;SAO JOAQUIM DE BICAS;10;4;SÁBADO;5;1;0;00H-02H;MADRUGADA;PLENA NOITE;REAÇÃO TARDIA OU INEFICIENTE DO CONDUTOR;COLISÃO COM OBJETO;CÉU CLARO;MÚLTIPLA;RETA;SIM;0
BA;BR-110;PAULO AFONSO;10;4;SEXTA-FEIRA;4;0;23;21H-23H;NOITE;PLENA NOITE;ULTRAPASSAGEM INDEVIDA;COLISÃO LATERAL SENTIDO OPOSTO;CÉU CLARO;SIMPLES;CURVA;NÃO;0
RS;BR-386;ESTRELA;10;4;SÁBADO;5;1;1;00H-02H;MADRUGADA;PLENA NOITE;REAÇÃO TARDIA OU INEFICIENTE DO CONDUTOR;COLISÃO COM OBJETO;CÉU CLARO;DUPLA;"RETA;PONTE";SIM;0
MG;BR-381;BETIM;10;4;SÁBADO;5;1;0;00H-02H;MADRUGADA;PLENA NOITE;AUSÊNCIA DE SINALIZAÇÃO;COLISÃO COM OBJETO;CÉU CLARO;DUPLA;DECLIVE;SIM;0
PB;BR-101;BAYEUX;10;4;SEXTA-FEIRA;4;0;23;21H-23H;NOITE;PLENA NOITE;CHUVA;COLISÃO COM OBJETO;CHUVA;DUPLA;RETA;SIM;0
PB;BR-104;QUEIMADAS;10;4;SÁBADO;5;1;0;00H-02H;MADRUGADA;PLENA NOITE;TRANSITAR NA CONTRAMÃO;COLISÃO FRONTAL;CÉU CLARO;SIMPLES;RETA;SIM;0
PR;BR-369;CORNELIO PROCOPIO;10;4;SÁBADO;5;1;0;00H-02H;MADRUGADA;PLENA NOITE;AUSÊNCIA DE REAÇÃO DO CONDUTOR;QUEDA DE OCUPANTE DE VEÍCULO;NUBLADO;SIMPLES;"INTERSEÇÃO DE VIAS;CURVA";SIM;0
PB;BR-230;JOAO PESSOA;10;4;SÁBADO;5;1;2;00H-02H;MADRUGADA;PLENA NOITE;VELOCIDADE INCOMPATÍVEL;COLISÃO COM OBJETO;CÉU CLARO;DUPLA;CURVA;NÃO;0
DF;BR-040;BRASILIA;10;4;SÁBADO;5;1;3;03H-05H;MADRUGADA;PLENA NOITE;CONDUTOR DORMINDO;COLISÃO COM OBJETO;CÉU CLARO;DUPLA;"ACLIVE;VIADUTO";SIM;0
MG;BR-381;BETIM;10;4;SÁBADO;5;1;4;03H-05H;MADRUGADA;PLENA NOITE;VELOCIDADE INCOMPATÍVEL;CAPOTAMENTO;CÉU CLARO;DUPLA;"ACLIVE;CURVA";SIM;0
MG;BR-381;BETIM;10;4;SÁBADO;5;1;5;03H-05H;MADRUGADA;AMANHECER;REAÇÃO TARDIA OU INEFICIENTE DO CONDUTOR;TOMBAMENTO;CÉU CLARO;MÚLTIPLA;"DECLIVE;RETA";SIM;0
RO;BR-364;JI-PARANA;10;4;SEXTA-FEIRA;4;0;18;18H-20H;NOITE;PLENA NOITE;REAÇÃO TARDIA OU INEFICIENTE DO CONDUTOR;COLISÃO TRASEIRA;CÉU CLARO;DUPLA;RETA;SIM;0
DF;BR-251;BRASILIA;10;4;SÁBADO;5;1;4;03H-05H;MADRUGADA;PLENA NOITE;DESRESPEITAR A PREFERÊNCIA NO CRUZAMENTO;COLISÃO TRANSVERSAL;CÉU CLARO;SIMPLES;INTERSEÇÃO DE VIAS;NÃO;0
GO;BR-070;JUSSARA;10;4;SÁBADO;5;1;5;03H-05H;MADRUGADA;AMANHECER;REAÇÃO TARDIA OU INEFICIENTE DO CONDUTOR;COLISÃO COM OBJETO;NUBLADO;SIMPLES;PONTE;SIM;0
SC;BR-101;GARUVA;10;4;SÁBADO;5;1;4;03H-05H;MADRUGADA;AMANHECER;INGESTÃO DE ÁLCOOL PELO CONDUTOR;COLISÃO TRASEIRA;GAROA/CHUVISCO;DUPLA;RETA;NÃO;0
SC;BR-282;HERVAL DOESTE;10;4;SÁBADO;5;1;4;03H-05H;MADRUGADA;PLENA NOITE;INGESTÃO DE ÁLCOOL PELO CONDUTOR;SAÍDA DE LEITO CARROÇÁVEL;CÉU CLARO;SIMPLES;RETA;NÃO;0
SC;BR-101;SAO JOSE;10;4;SÁBADO;5;1;4;03H-05H;MADRUGADA;PLENO DIA;AUSÊNCIA DE SINALIZAÇÃO;COLISÃO TRANSVERSAL;NUBLADO;MÚLTIPLA;"INTERSEÇÃO DE VIAS;VIADUTO";NÃO;0
MG;BR-381;ITAPEVA;10;4;SÁBADO;5;1;1;00H-02H;MADRUGADA;PLENA NOITE;CHUVA;COLISÃO COM OBJETO;GAROA/CHUVISCO;DUPLA;"CURVA;DECLIVE";SIM;0
RN;BR-304;MACAIBA;10;4;SÁBADO;5;1;6;06H-08H;MANHA;PLENO DIA;AVARIAS E/OU DESGASTE EXCESSIVO NO PNEU;EVENTOS ATÍPICOS;CÉU CLARO;MÚLTIPLA;RETA;NÃO;0
SP;BR-116;PINDAMONHANGABA;10;4;SÁBADO;5;1;5;03H-05H;MADRUGADA;AMANHECER;AUSÊNCIA DE REAÇÃO DO CONDUTOR;COLISÃO TRASEIRA;NUBLADO;DUPLA;"RETORNO REGULAMENTADO;RETA";SIM;0
PR;BR-376;SAO JOSE DOS PINHAIS;10;4;SÁBADO;5;1;1;00H-02H;MADRUGADA;PLENA NOITE;AUSÊNCIA DE REAÇÃO DO CONDUTOR;CAPOTAMENTO;NUBLADO;DUPLA;RETA;NÃO;0
RJ;BR-101;NITEROI;10;4;QUARTA-FEIRA;2;0;5;03H-05H;MADRUGADA;AMANHECER;CONDUTOR DEIXOU DE MANTER DISTÂNCIA DO VEÍCULO DA FRENTE;COLISÃO TRASEIRA;GAROA/CHUVISCO;DUPLA;RETA;NÃO;0
ES;BR-101;SERRA;10;4;SÁBADO;5;1;6;06H-08H;MANHA;PLENO DIA;TRANSITAR NA CONTRAMÃO;COLISÃO FRONTAL;CÉU CLARO;MÚLTIPLA;CURVA;SIM;0
CE;BR-116;PACAJUS;10;4;SÁBADO;5;1;4;03H-05H;MADRUGADA;AMANHECER;INGESTÃO DE ÁLCOOL PELO CONDUTOR;COLISÃO FRONTAL;CÉU CLARO;DUPLA;RETA;SIM;1
DF;BR-020;BRASILIA;10;4;SÁBADO;5;1;5;03H-05H;MADRUGADA;PLENO DIA;AUSÊNCIA DE REAÇÃO DO CONDUTOR;CAPOTAMENTO;CÉU CLARO;DUPLA;RETA;SIM;0
MG;BR-381;SAO GONCALO DO RIO ABAIXO;10;4;SÁBADO;5;1;6;06H-08H;MANHA;PLENO DIA;VELOCIDADE INCOMPATÍVEL;COLISÃO COM OBJETO;CÉU CLARO;SIMPLES;RETA;NÃO;0
PR;BR-277;CASCAVEL;10;4;SÁBADO;5;1;7;06H-08H;MANHA;PLENO DIA;ENTRADA INOPINADA DO PEDESTRE;ATROPELAMENTO DE PEDESTRE;CÉU CLARO;SIMPLES;"RETA;DECLIVE";SIM;0
SC;BR-282;PASSOS MAIA;10;4;SÁBADO;5;1;5;03H-05H;MADRUGADA;AMANHECER;INGESTÃO DE ÁLCOOL PELO CONDUTOR;COLISÃO TRASEIRA;CÉU CLARO;DUPLA;RETA;NÃO;0
PR;BR-277;SAO JOSE DOS PINHAIS;10;4;SÁBADO;5;1;6;06H-08H;MANHA;AMANHECER;ESTACIONAR OU PARAR EM LOCAL PROIBIDO;COLISÃO TRANSVERSAL;NUBLADO;SIMPLES;RETA;NÃO;0
MG;BR-262;JUATUBA;10;4;SÁBADO;5;1;6;06H-08H;MANHA;PLENO DIA;AUSÊNCIA DE REAÇÃO DO CONDUTOR;QUEDA DE OCUPANTE DE VEÍCULO;NUBLADO;DUPLA;ACLIVE;NÃO;0
SP;BR-116;PINDAMONHANGABA;10;4;SÁBADO;5;1;7;06H-08H;MANHA;PLENO DIA;AUSÊNCIA DE REAÇÃO DO CONDUTOR;COLISÃO TRASEIRA;NUBLADO;DUPLA;RETA;NÃO;0
PE;BR-101;PAULISTA;10;4;SÁBADO;5;1;6;06H-08H;MANHA;PLENO DIA;AVARIAS E/OU DESGASTE EXCESSIVO NO PNEU;TOMBAMENTO;NUBLADO;DUPLA;RETA;NÃO;0
BA;BR-324;FEIRA DE SANTANA;10;4;SÁBADO;5;1;4;03H-05H;MADRUGADA;AMANHECER;AUSÊNCIA DE REAÇÃO DO CONDUTOR;COLISÃO COM OBJETO;NUBLADO;DUPLA;RETA;SIM;0
SP;BR-116;CACHOEIRA PAULISTA;10;4;SÁBADO;5;1;6;06H-08H;MANHA;PLENO DIA;VELOCIDADE INCOMPATÍVEL;SAÍDA DE LEITO CARROÇÁVEL;CÉU CLARO;DUPLA;"ROTATÓRIA;ACLIVE";NÃO;0
PR;BR-116;QUATRO BARRAS;10;4;SÁBADO;5;1;6;06H-08H;MANHA;AMANHECER;REAÇÃO TARDIA OU INEFICIENTE DO CONDUTOR;SAÍDA DE LEITO CARROÇÁVEL;NUBLADO;DUPLA;RETA;NÃO;0
RS;BR-153;ERECHIM;10;4;SÁBADO;5;1;7;06H-08H;MANHA;PLENO DIA;CONDUTOR DEIXOU DE MANTER DISTÂNCIA DO VEÍCULO DA FRENTE;COLISÃO TRASEIRA;CÉU CLARO;SIMPLES;"RETA;ACLIVE";SIM;0
MG;BR-262;MATIPO;10;4;SÁBADO;5;1;7;06H-08H;MANHA;PLENO DIA;VELOCIDADE INCOMPATÍVEL;SAÍDA DE LEITO CARROÇÁVEL;NUBLADO;SIMPLES;"ACLIVE;CURVA";NÃO;0
SC;BR-470;RIO DO SUL;10;4;SÁBADO;5;1;8;06H-08H;MANHA;PLENO DIA;AUSÊNCIA DE REAÇÃO DO CONDUTOR;COLISÃO COM OBJETO;GAROA/CHUVISCO;SIMPLES;CURVA;SIM;0
RJ;BR-493;SEROPEDICA;10;4;SÁBADO;5;1;7;06H-08H;MANHA;AMANHECER;AUSÊNCIA DE REAÇÃO DO CONDUTOR;SAÍDA DE LEITO CARROÇÁVEL;NUBLADO;DUPLA;RETA;NÃO;0
MG;BR-040;NOVA LIMA;10;4;SÁBADO;5;1;9;09H-11H;MANHA;PLENO DIA;FREAR BRUSCAMENTE;COLISÃO TRASEIRA;CÉU CLARO;DUPLA;RETA;SIM;0
PR;BR-163;CAPITAO LEONIDAS MARQUES;10;4;SÁBADO;5;1;7;06H-08H;MANHA;PLENO DIA;AUSÊNCIA DE REAÇÃO DO CONDUTOR;TOMBAMENTO;CÉU CLARO;SIMPLES;"DECLIVE;CURVA";SIM;0
SC;BR-282;AGUAS MORNAS;10;4;SÁBADO;5;1;9;09H-11H;MANHA;PLENO DIA;TRANSITAR NA CONTRAMÃO;COLISÃO FRONTAL;CHUVA;SIMPLES;CURVA;NÃO;0
MA;BR-316;GOVERNADOR NEWTON BELLO;10;4;SÁBADO;5;1;8;06H-08H;MANHA;PLENO DIA;DESRESPEITAR A PREFERÊNCIA NO CRUZAMENTO;COLISÃO LATERAL MESMO SENTIDO;CÉU CLARO;SIMPLES;RETA;SIM;0
MS;BR-463;DOURADOS;10;4;SÁBADO;5;1;8;06H-08H;MANHA;PLENO DIA;TRANSITAR NO ACOSTAMENTO;COLISÃO TRANSVERSAL;CÉU CLARO;SIMPLES;RETA;SIM;0
MG;BR-040;CONTAGEM;10;4;SÁBADO;5;1;9;09H-11H;MANHA;PLENO DIA;CONDUTOR DORMINDO;TOMBAMENTO;CÉU CLARO;DUPLA;RETA;NÃO;0
SC;BR-280;CANOINHAS;10;4;SÁBADO;5;1;10;09H-11H;MANHA;PLENO DIA;VELOCIDADE INCOMPATÍVEL;SAÍDA DE LEITO CARROÇÁVEL;CÉU CLARO;SIMPLES;"DECLIVE;CURVA";NÃO;0
BA;BR-110;RIBEIRA DO POMBAL;10;4;SÁBADO;5;1;9;09H-11H;MANHA;PLENO DIA;AUSÊNCIA DE REAÇÃO DO CONDUTOR;CAPOTAMENTO;CÉU CLARO;SIMPLES;RETA;NÃO;0
SC;BR-101;ITAPEMA;10;4;SÁBADO;5;1;8;06H-08H;MANHA;PLENO DIA;INGESTÃO DE ÁLCOOL PELO CONDUTOR;COLISÃO LATERAL MESMO SENTIDO;NUBLADO;DUPLA;RETA;NÃO;0
PR;BR-116;CAMPINA GRANDE DO SUL;10;4;SÁBADO;5;1;9;09H-11H;MANHA;PLENO DIA;CHUVA;COLISÃO COM OBJETO;CHUVA;DUPLA;"DECLIVE;CURVA";NÃO;0
PR;BR-277;PRUDENTOPOLIS;10;4;SÁBADO;5;1;9;09H-11H;MANHA;PLENO DIA;REAÇÃO TARDIA OU INEFICIENTE DO CONDUTOR;COLISÃO LATERAL MESMO SENTIDO;NUBLADO;SIMPLES;RETA;NÃO;0
RS;BR-392;RIO GRANDE;10;4;SÁBADO;5;1;9;09H-11H;MANHA;PLENO DIA;DEMAIS FALHAS MECÂNICAS OU ELÉTRICAS;QUEDA DE OCUPANTE DE VEÍCULO;CÉU CLARO;DUPLA;CURVA;NÃO;0
TO;BR-153;BARROLANDIA;10;4;SÁBADO;5;1;10;09H-11H;MANHA;PLENO DIA;ENTRADA INOPINADA DO PEDESTRE;ATROPELAMENTO DE PEDESTRE;NUBLADO;SIMPLES;RETA;SIM;0
PR;BR-277;CASCAVEL;10;4;SÁBADO;5;1;8;06H-08H;MANHA;PLENO DIA;TRANSITAR NO ACOSTAMENTO;QUEDA DE OCUPANTE DE VEÍCULO;SOL;DUPLA;RETA;SIM;0
ES;BR-393;CACHOEIRO DE ITAPEMIRIM;10;4;SÁBADO;5;1;9;09H-11H;MANHA;PLENO DIA;ULTRAPASSAGEM INDEVIDA;COLISÃO FRONTAL;NUBLADO;SIMPLES;RETA;SIM;0
SC;BR-101;BIGUACU;10;4;SÁBADO;5;1;10;09H-11H;MANHA;PLENO DIA;AUSÊNCIA DE REAÇÃO DO CONDUTOR;ATROPELAMENTO DE PEDESTRE;CÉU CLARO;SIMPLES;VIADUTO;SIM;0
SE;BR-101;NOSSA SENHORA DO SOCORRO;10;4;SÁBADO;5;1;10;09H-11H;MANHA;PLENO DIA;AUSÊNCIA DE REAÇÃO DO CONDUTOR;QUEDA DE OCUPANTE DE VEÍCULO;SOL;DUPLA;RETA;NÃO;0
MG;BR-040;RIBEIRAO DAS NEVES;10;4;SÁBADO;5;1;11;09H-11H;MANHA;PLENO DIA;CONDUTOR DEIXOU DE MANTER DISTÂNCIA DO VEÍCULO DA FRENTE;COLISÃO TRASEIRA;SOL;DUPLA;RETA;SIM;0
PA;BR-316;MARITUBA;10;4;SEXTA-FEIRA;4;0;17;15H-17H;TARDE;PLENO DIA;INGESTÃO DE ÁLCOOL PELO CONDUTOR;COLISÃO TRASEIRA;CÉU CLARO;DUPLA;RETA;SIM;0