uf;br_formatada;municipio;mes;trimestre;dia_semana;dia_semana_num;fim_de_semana;hora;faixa_horaria;turno;fase_dia;causa_acidente;tipo_acidente;condicao_metereologica;tipo_pista;tracado_via;uso_solo;acidente_fatal
BA;BR-324;FEIRA DE SANTANA;10;4;QUARTA-FEIRA;2;0;7;06H-08H;MANHA;PLENO DIA;REAÇÃO TARDIA OU INEFICIENTE DO CONDUTOR;COLISÃO TRASEIRA;CÉU CLARO;DUPLA;RETA;SIM;0
MG;BR-116;FERVEDOURO;7;3;SEGUNDA-FEIRA;0;0;12;12H-14H;TARDE;PLENO DIA;VELOCIDADE INCOMPATÍVEL;COLISÃO TRASEIRA;CÉU CLARO;SIMPLES;CURVA;SIM;1
PR;BR-369;UBIRATA;10;4;QUARTA-FEIRA;2;0;8;06H-08H;MANHA;PLENO DIA;REAÇÃO TARDIA OU INEFICIENTE DO CONDUTOR;COLISÃO TRASEIRA;CÉU CLARO;MÚLTIPLA;"ACLIVE;CURVA";NÃO;0
BA;BR-324;FEIRA DE SANTANA;10;4;QUARTA-FEIRA;2;0;10;09H-11H;MANHA;PLENO DIA;ULTRAPASSAGEM INDEVIDA;COLISÃO LATERAL MESMO SENTIDO;CÉU CLARO;SIMPLES;RETA;SIM;0
SP;BR-116;SAO PAULO;10;4;QUARTA-FEIRA;2;0;9;09H-11H;MANHA;PLENO DIA;TRAFEGAR COM MOTOCICLETA (OU SIMILAR) ENTRE AS FAIXAS;COLISÃO TRASEIRA;CÉU CLARO;MÚLTIPLA;RETA;SIM;0
RJ;BR-116;NOVA IGUACU;9;3;SEXTA-FEIRA;4;0;10;09H-11H;MANHA;PLENO DIA;MANOBRA DE MUDANÇA DE FAIXA;COLISÃO TRASEIRA;CÉU CLARO;DUPLA;RETA;SIM;0
GO;BR-070;AGUAS LINDAS DE GOIAS;10;4;QUARTA-FEIRA;2;0;10;09H-11H;MANHA;PLENO DIA;AUSÊNCIA DE REAÇÃO DO CONDUTOR;COLISÃO LATERAL MESMO SENTIDO;CÉU CLARO;DUPLA;"RETA;PONTE";NÃO;0
RJ;BR-116;MESQUITA;9;3;TERÇA-FEIRA;1;0;9;09H-11H;MANHA;PLENO DIA;AUSÊNCIA DE REAÇÃO DO CONDUTOR;QUEDA DE OCUPANTE DE VEÍCULO;CÉU CLARO;DUPLA;RETA;NÃO;0
RJ;BR-116;NOVA IGUACU;10;4;QUARTA-FEIRA;2;0;10;09H-11H;MANHA;PLENO DIA;TRAFEGAR COM MOTOCICLETA (OU SIMILAR) ENTRE AS FAIXAS;COLISÃO TRASEIRA;CÉU CLARO;DUPLA;RETA;SIM;0
RJ;BR-493;NOVA IGUACU;10;4;DOMINGO;6;1;7;06H-08H;MANHA;PLENO DIA;DEMAIS FALHAS MECÂNICAS OU ELÉTRICAS;COLISÃO COM OBJETO;CÉU CLARO;DUPLA;CURVA;NÃO;0
DF;BR-020;BRASILIA;10;4;QUARTA-FEIRA;2;0;11;09H-11H;MANHA;PLENO DIA;REAÇÃO TARDIA OU INEFICIENTE DO CONDUTOR;COLISÃO TRASEIRA;CÉU CLARO;DUPLA;RETA;SIM;0
MG;BR-459;SANTA RITA DE CALDAS;10;4;QUARTA-FEIRA;2;0;11;09H-11H;MANHA;PLENO DIA;INGESTÃO DE ÁLCOOL PELO CONDUTOR;SAÍDA DE LEITO CARROÇÁVEL;CÉU CLARO;SIMPLES;CURVA;NÃO;0
PB;BR-230;CABEDELO;10;4;QUARTA-FEIRA;2;0;11;09H-11H;MANHA;PLENO DIA;TRAFEGAR COM MOTOCICLETA (OU SIMILAR) ENTRE AS FAIXAS;COLISÃO LATERAL MESMO SENTIDO;CÉU CLARO;DUPLA;"RETORNO REGULAMENTADO;RETA;EM OBRAS";SIM;0
MA;BR-222;ACAILANDIA;10;4;QUARTA-FEIRA;2;0;10;09H-11H;MANHA;PLENO DIA;TRANSITAR NO ACOSTAMENTO;COLISÃO LATERAL MESMO SENTIDO;CÉU CLARO;SIMPLES;"RETA;ACLIVE";SIM;0
PE;BR-101;RECIFE;10;4;QUARTA-FEIRA;2;0;11;09H-11H;MANHA;PLENO DIA;CONDUTOR DEIXOU DE MANTER DISTÂNCIA DO VEÍCULO DA FRENTE;COLISÃO TRASEIRA;CÉU CLARO;MÚLTIPLA;"RETA;VIADUTO";SIM;0
GO;BR-452;RIO VERDE;9;3;SEGUNDA-FEIRA;0;0;14;12H-14H;TARDE;PLENO DIA;ACESSAR A VIA SEM OBSERVAR A PRESENÇA DOS OUTROS VEÍCULOS;COLISÃO TRANSVERSAL;CÉU CLARO;SIMPLES;RETA;NÃO;0
SC;BR-101;ITAJAI;10;4;QUARTA-FEIRA;2;0;9;09H-11H;MANHA;PLENO DIA;AUSÊNCIA DE REAÇÃO DO CONDUTOR;COLISÃO TRASEIRA;CÉU CLARO;DUPLA;RETA;NÃO;0
SC;BR-101;ITAJAI;10;4;QUARTA-FEIRA;2;0;10;09H-11H;MANHA;PLENO DIA;DEMAIS FALHAS MECÂNICAS OU ELÉTRICAS;TOMBAMENTO;SOL;DUPLA;RETA;NÃO;0
SC;BR-101;SANTA ROSA DO SUL;10;4;QUARTA-FEIRA;2;0;13;12H-14H;TARDE;PLENO DIA;ACESSO IRREGULAR;COLISÃO TRASEIRA;CÉU CLARO;DUPLA;"DECLIVE;RETA";SIM;0
DF;BR-060;BRASILIA;10;4;QUARTA-FEIRA;2;0;12;12H-14H;TARDE;PLENO DIA;AVARIAS E/OU DESGASTE EXCESSIVO NO PNEU;TOMBAMENTO;NUBLADO;MÚLTIPLA;RETA;SIM;0
PE;BR-232;CARUARU;9;3;QUINTA-FEIRA;3;0;17;15H-17H;TARDE;ANOITECER;ACESSAR A VIA SEM OBSERVAR A PRESENÇA DOS OUTROS VEÍCULOS;COLISÃO TRANSVERSAL;IGNORADO;DUPLA;DECLIVE;SIM;0
PR;BR-369;CORNELIO PROCOPIO;10;4;QUARTA-FEIRA;2;0;14;12H-14H;TARDE;PLENO DIA;ACESSAR A VIA SEM OBSERVAR A PRESENÇA DOS OUTROS VEÍCULOS;COLISÃO TRANSVERSAL;CÉU CLARO;SIMPLES;RETA;SIM;0
PE;BR-423;CACHOEIRINHA;10;4;QUARTA-FEIRA;2;0;6;06H-08H;MANHA;AMANHECER;CONDUTOR DORMINDO;SAÍDA DE LEITO CARROÇÁVEL;CÉU CLARO;SIMPLES;CURVA;NÃO;1
ES;BR-262;IUNA;10;4;QUARTA-FEIRA;2;0;9;09H-11H;MANHA;PLENO DIA;REAÇÃO TARDIA OU INEFICIENTE DO CONDUTOR;COLISÃO TRANSVERSAL;SOL;SIMPLES;"DECLIVE;RETA";NÃO;0
TO;BR-153;ARAGUAINA;9;3;SEGUNDA-FEIRA;0;0;7;06H-08H;MANHA;PLENO DIA;AUSÊNCIA DE REAÇÃO DO CONDUTOR;QUEDA DE OCUPANTE DE VEÍCULO;CÉU CLARO;DUPLA;RETORNO REGULAMENTADO;SIM;0
ES;BR-101;LINHARES;10;4;QUARTA-FEIRA;2;0;14;12H-14H;TARDE;PLENO DIA;VELOCIDADE INCOMPATÍVEL;COLISÃO TRASEIRA;NUBLADO;DUPLA;RETA;SIM;0
AC;BR-317;SENADOR GUIOMARD;10;4;QUARTA-FEIRA;2;0;12;12H-14H;TARDE;PLENO DIA;ACESSAR A VIA SEM OBSERVAR A PRESENÇA DOS OUTROS VEÍCULOS;COLISÃO LATERAL SENTIDO OPOSTO;CÉU CLARO;SIMPLES;RETA;NÃO;0
SC;BR-282;FLORIANOPOLIS;10;4;QUARTA-FEIRA;2;0;15;15H-17H;TARDE;PLENO DIA;CONDUTOR DEIXOU DE MANTER DISTÂNCIA DO VEÍCULO DA FRENTE;COLISÃO TRASEIRA;SOL;MÚLTIPLA;RETA;NÃO;0
SC;BR-282;SAO JOSE;10;4;QUARTA-FEIRA;2;0;15;15H-17H;TARDE;PLENO DIA;MANOBRA DE MUDANÇA DE FAIXA;COLISÃO LATERAL MESMO SENTIDO;CÉU CLARO;MÚLTIPLA;RETA;SIM;0
RS;BR-386;MARQUES DE SOUZA;10;4;QUARTA-FEIRA;2;0;15;15H-17H;TARDE;PLENO DIA;CURVA ACENTUADA;SAÍDA DE LEITO CARROÇÁVEL;SOL;DUPLA;"ACLIVE;CURVA";NÃO;0
RJ;BR-116;QUEIMADOS;8;3;QUINTA-FEIRA;3;0;18;18H-20H;NOITE;PLENA NOITE;PEDESTRE CRUZAVA A PISTA FORA DA FAIXA;ATROPELAMENTO DE PEDESTRE;CÉU CLARO;DUPLA;CURVA;SIM;0
MG;BR-381;CONTAGEM;9;3;QUINTA-FEIRA;3;0;7;06H-08H;MANHA;PLENO DIA;TRAFEGAR COM MOTOCICLETA (OU SIMILAR) ENTRE AS FAIXAS;COLISÃO LATERAL MESMO SENTIDO;NUBLADO;MÚLTIPLA;DECLIVE;SIM;0
MT;BR-163;SORRISO;10;4;QUARTA-FEIRA;2;0;13;12H-14H;TARDE;PLENO DIA;REAÇÃO TARDIA OU INEFICIENTE DO CONDUTOR;SAÍDA DE LEITO CARROÇÁVEL;CÉU CLARO;SIMPLES;RETA;NÃO;0
DF;BR-020;BRASILIA;10;4;QUARTA-FEIRA;2;0;16;15H-17H;TARDE;PLENO DIA;VELOCIDADE INCOMPATÍVEL;SAÍDA DE LEITO CARROÇÁVEL;CHUVA;DUPLA;ACLIVE;SIM;0
RJ;BR-116;GUAPIMIRIM;10;4;QUARTA-FEIRA;2;0;14;12H-14H;TARDE;PLENO DIA;DEMAIS FALHAS MECÂNICAS OU ELÉTRICAS;INCÊNDIO;CHUVA;SIMPLES;"RETA;ACLIVE";NÃO;0
SC;BR-101;JOINVILLE;10;4;QUARTA-FEIRA;2;0;15;15H-17H;TARDE;PLENO DIA;REAÇÃO TARDIA OU INEFICIENTE DO CONDUTOR;TOMBAMENTO;CÉU CLARO;DUPLA;RETA;SIM;0
MG;BR-040;SETE LAGOAS;10;4;QUARTA-FEIRA;2;0;16;15H-17H;TARDE;PLENO DIA;CONDUTOR DORMINDO;SAÍDA DE LEITO CARROÇÁVEL;CÉU CLARO;DUPLA;"DECLIVE;RETA";NÃO;0
RJ;BR-465;NOVA IGUACU;10;4;QUARTA-FEIRA;2;0;16;15H-17H;TARDE;PLENO DIA;ACESSO IRREGULAR;COLISÃO TRANSVERSAL;CÉU CLARO;SIMPLES;RETA;SIM;0
RO;BR-364;PORTO VELHO;10;4;QUARTA-FEIRA;2;0;16;15H-17H;TARDE;PLENO DIA;MANOBRA DE MUDANÇA DE FAIXA;SAÍDA DE LEITO CARROÇÁVEL;CHUVA;DUPLA;"RETA;DECLIVE";SIM;0
MG;BR-262;BETIM;10;4;QUARTA-FEIRA;2;0;15;15H-17H;TARDE;PLENO DIA;DEMAIS FALHAS MECÂNICAS OU ELÉTRICAS;QUEDA DE OCUPANTE DE VEÍCULO;CÉU CLARO;DUPLA;RETA;NÃO;0
GO;BR-153;ANAPOLIS;10;4;QUARTA-FEIRA;2;0;14;12H-14H;TARDE;PLENO DIA;AUSÊNCIA DE REAÇÃO DO CONDUTOR;QUEDA DE OCUPANTE DE VEÍCULO;CÉU CLARO;DUPLA;"ACLIVE;RETA";NÃO;0
RS;BR-116;NOVA PETROPOLIS;10;4;QUARTA-FEIRA;2;0;14;12H-14H;TARDE;PLENO DIA;DEMAIS FALHAS MECÂNICAS OU ELÉTRICAS;INCÊNDIO;CÉU CLARO;SIMPLES;RETA;NÃO;0
MG;BR-040;ALFREDO VASCONCELOS;9;3;TERÇA-FEIRA;1;0;19;18H-20H;NOITE;PLENA NOITE;CONVERSÃO PROIBIDA;COLISÃO LATERAL MESMO SENTIDO;CÉU CLARO;SIMPLES;RETA;NÃO;0
RN;BR-101;PARNAMIRIM;10;4;QUARTA-FEIRA;2;0;18;18H-20H;NOITE;PLENA NOITE;CONDUTOR DEIXOU DE MANTER DISTÂNCIA DO VEÍCULO DA FRENTE;ENGAVETAMENTO;CÉU CLARO;DUPLA;RETA;NÃO;0
RJ;BR-101;ITABORAI;9;3;QUARTA-FEIRA;2;0;17;15H-17H;TARDE;PLENO DIA;MANOBRA DE MUDANÇA DE FAIXA;COLISÃO LATERAL MESMO SENTIDO;CÉU CLARO;DUPLA;"RETORNO REGULAMENTADO;CURVA";NÃO;0
MG;BR-381;CORONEL FABRICIANO;10;4;QUARTA-FEIRA;2;0;17;15H-17H;TARDE;PLENO DIA;ACESSAR A VIA SEM OBSERVAR A PRESENÇA DOS OUTROS VEÍCULOS;COLISÃO LATERAL MESMO SENTIDO;NUBLADO;SIMPLES;RETA;SIM;0
RS;BR-472;SANTA ROSA;10;4;QUARTA-FEIRA;2;0;18;18H-20H;NOITE;PLENO DIA;ACESSAR A VIA SEM OBSERVAR A PRESENÇA DOS OUTROS VEÍCULOS;COLISÃO TRANSVERSAL;CÉU CLARO;SIMPLES;"RETORNO REGULAMENTADO;RETA";NÃO;0
MS;BR-163;DOURADOS;10;4;QUARTA-FEIRA;2;0;14;12H-14H;TARDE;PLENO DIA;AUSÊNCIA DE REAÇÃO DO CONDUTOR;SAÍDA DE LEITO CARROÇÁVEL;CÉU CLARO;SIMPLES;RETA;NÃO;0
RJ;BR-101;SAO GONCALO;10;4;QUARTA-FEIRA;2;0;18;18H-20H;NOITE;ANOITECER;REAÇÃO TARDIA OU INEFICIENTE DO CONDUTOR;COLISÃO TRASEIRA;CÉU CLARO;SIMPLES;RETA;NÃO;0
BA;BR-415;ILHEUS;10;4;QUINTA-FEIRA;3;0;8;06H-08H;MANHA;PLENO DIA;AUSÊNCIA DE REAÇÃO DO CONDUTOR;COLISÃO TRASEIRA;GAROA/CHUVISCO;DUPLA;RETA;NÃO;0
PR;BR-277;CASCAVEL;10;4;QUARTA-FEIRA;2;0;18;18H-20H;NOITE;PLENO DIA;ACESSAR A VIA SEM OBSERVAR A PRESENÇA DOS OUTROS VEÍCULOS;COLISÃO LATERAL MESMO SENTIDO;CÉU CLARO;DUPLA;RETA;SIM;0
PI;BR-343;ALTOS;10;4;QUINTA-FEIRA;3;0;8;06H-08H;MANHA;PLENO DIA;AUSÊNCIA DE REAÇÃO DO CONDUTOR;COLISÃO TRASEIRA;CÉU CLARO;SIMPLES;RETA;SIM;0
PR;BR-376;PONTA GROSSA;9;3;QUINTA-FEIRA;3;0;23;21H-23H;NOITE;PLENA NOITE;ANIMAIS NA PISTA;ATROPELAMENTO DE ANIMAL;IGNORADO;DUPLA;RETA;NÃO;0
MG;BR-262;CAMPO FLORIDO;10;4;QUARTA-FEIRA;2;0;12;12H-14H;TARDE;PLENO DIA;CONDUTOR DORMINDO;SAÍDA DE LEITO CARROÇÁVEL;CÉU CLARO;DUPLA;CURVA;NÃO;0
GO;BR-080;PADRE BERNARDO;10;4;QUARTA-FEIRA;2;0;18;18H-20H;NOITE;PLENA NOITE;ILUMINAÇÃO DEFICIENTE;SAÍDA DE LEITO CARROÇÁVEL;NUBLADO;DUPLA;"DECLIVE;RETA";SIM;0
PR;BR-369;IBIPORA;10;4;QUARTA-FEIRA;2;0;19;18H-20H;NOITE;PLENA NOITE;ACUMULO DE AREIA OU DETRITOS SOBRE O PAVIMENTO;TOMBAMENTO;CÉU CLARO;DUPLA;"INTERSEÇÃO DE VIAS;RETA;DECLIVE";NÃO;0
PR;BR-376;ORTIGUEIRA;10;4;QUARTA-FEIRA;2;0;17;15H-17H;TARDE;ANOITECER;REAÇÃO TARDIA OU INEFICIENTE DO CONDUTOR;SAÍDA DE LEITO CARROÇÁVEL;NUBLADO;SIMPLES;"DECLIVE;RETA";NÃO;0
PA;BR-153;SAO DOMINGOS DO ARAGUAIA;9;3;TERÇA-FEIRA;1;0;19;18H-20H;NOITE;PLENA NOITE;MANOBRA DE MUDANÇA DE FAIXA;COLISÃO FRONTAL;CÉU CLARO;SIMPLES;CURVA;NÃO;0
PB;BR-101;SANTA RITA;10;4;QUARTA-FEIRA;2;0;18;18H-20H;NOITE;PLENA NOITE;AUSÊNCIA DE REAÇÃO DO CONDUTOR;TOMBAMENTO;CÉU CLARO;DUPLA;RETA;NÃO;0
SP;BR-116;ITAPECERICA DA SERRA;10;4;QUARTA-FEIRA;2;0;18;18H-20H;NOITE;ANOITECER;MANOBRA DE MUDANÇA DE FAIXA;COLISÃO LATERAL MESMO SENTIDO;CÉU CLARO;DUPLA;RETA;NÃO;0
MG;BR-381;CAETE;10;4;QUARTA-FEIRA;2;0;18;18H-20H;NOITE;PLENA NOITE;DEMAIS FALHAS NA VIA;QUEDA DE OCUPANTE DE VEÍCULO;CÉU CLARO;DUPLA;"ACLIVE;CURVA";NÃO;0
MT;BR-070;BARRA DO GARCAS;10;4;QUARTA-FEIRA;2;0;16;15H-17H;TARDE;PLENO DIA;MANOBRA DE MUDANÇA DE FAIXA;COLISÃO LATERAL MESMO SENTIDO;CÉU CLARO;DUPLA;RETA;SIM;0
SP;BR-116;GUARATINGUETA;10;4;QUARTA-FEIRA;2;0;19;18H-20H;NOITE;PLENA NOITE;AUSÊNCIA DE REAÇÃO DO CONDUTOR;TOMBAMENTO;CÉU CLARO;DUPLA;"ACLIVE;CURVA";NÃO;0
AC;BR-364;RIO BRANCO;10;4;QUARTA-FEIRA;2;0;18;18H-20H;NOITE;PLENA NOITE;CONDUTOR DEIXOU DE MANTER DISTÂNCIA DO VEÍCULO DA FRENTE;COLISÃO TRASEIRA;CHUVA;DUPLA;DECLIVE;SIM;0
SP;BR-116;GUARULHOS;10;4;QUARTA-FEIRA;2;0;16;15H-17H;TARDE;PLENO DIA;MAL SÚBITO DO CONDUTOR;TOMBAMENTO;NUBLADO;MÚLTIPLA;"ACLIVE;RETA";SIM;1
SC;BR-470;BLUMENAU;10;4;QUARTA-FEIRA;2;0;17;15H-17H;TARDE;PLENO DIA;AUSÊNCIA DE REAÇÃO DO CONDUTOR;SAÍDA DE LEITO CARROÇÁVEL;CÉU CLARO;DUPLA;CURVA;NÃO;0
SC;BR-101;ICARA;10;4;QUARTA-FEIRA;2;0;16;15H-17H;TARDE;PLENO DIA;PISTA ESCORREGADIA;TOMBAMENTO;CÉU CLARO;SIMPLES;INTERSEÇÃO DE VIAS;NÃO;0
PR;BR-277;MORRETES;10;4;QUARTA-FEIRA;2;0;20;18H-20H;NOITE;PLENA NOITE;ENTRADA INOPINADA DO PEDESTRE;ATROPELAMENTO DE PEDESTRE;CÉU CLARO;DUPLA;CURVA;SIM;1
PR;BR-116;COLOMBO;10;4;QUARTA-FEIRA;2;0;18;18H-20H;NOITE;PLENO DIA;VELOCIDADE INCOMPATÍVEL;TOMBAMENTO;IGNORADO;DUPLA;RETA;SIM;0
RJ;BR-116;QUEIMADOS;10;4;QUARTA-FEIRA;2;0;16;15H-17H;TARDE;PLENO DIA;FREAR BRUSCAMENTE;COLISÃO COM OBJETO;NUBLADO;DUPLA;"EM OBRAS;CURVA";NÃO;0
PR;BR-153;IBAITI;10;4;QUARTA-FEIRA;2;0;18;18H-20H;NOITE;ANOITECER;REAÇÃO TARDIA OU INEFICIENTE DO CONDUTOR;COLISÃO TRANSVERSAL;CÉU CLARO;SIMPLES;RETA;SIM;0
SC;BR-280;PORTO UNIAO;10;4;QUARTA-FEIRA;2;0;18;18H-20H;NOITE;PLENA NOITE;ACESSAR A VIA SEM OBSERVAR A PRESENÇA DOS OUTROS VEÍCULOS;COLISÃO FRONTAL;CÉU CLARO;SIMPLES;RETA;SIM;0
PA;BR-230;ITAITUBA;10;4;QUARTA-FEIRA;2;0;16;15H-17H;TARDE;PLENO DIA;AUSÊNCIA DE REAÇÃO DO CONDUTOR;COLISÃO LATERAL MESMO SENTIDO;SOL;SIMPLES;RETA;NÃO;0
RS;BR-116;BARRA DO RIBEIRO;10;4;QUARTA-FEIRA;2;0;19;18H-20H;NOITE;PLENA NOITE;AUSÊNCIA DE SINALIZAÇÃO;SAÍDA DE LEITO CARROÇÁVEL;NUBLADO;DUPLA;CURVA;NÃO;0
AP;BR-210;PORTO GRANDE;10;4;QUARTA-FEIRA;2;0;18;18H-20H;NOITE;PLENA NOITE;ACESSAR A VIA SEM OBSERVAR A PRESENÇA DOS OUTROS VEÍCULOS;COLISÃO FRONTAL;CÉU CLARO;SIMPLES;RETA;SIM;0
MS;BR-463;PONTA PORA;10;4;QUARTA-FEIRA;2;0;18;18H-20H;NOITE;PLENA NOITE;REAÇÃO TARDIA OU INEFICIENTE DO CONDUTOR;SAÍDA DE LEITO CARROÇÁVEL;CÉU CLARO;SIMPLES;RETA;NÃO;0
RO;BR-364;PORTO VELHO;10;4;QUARTA-FEIRA;2;0;19;18H-20H;NOITE;PLENA NOITE;AUSÊNCIA DE REAÇÃO DO CONDUTOR;COLISÃO LATERAL MESMO SENTIDO;NUBLADO;DUPLA;RETA;SIM;0
PI;BR-222;PIRIPIRI;10;4;QUARTA-FEIRA;2;0;19;18H-20H;NOITE;PLENA NOITE;PEDESTRE ANDAVA NA PISTA;ATROPELAMENTO DE PEDESTRE;CÉU CLARO;SIMPLES;CURVA;NÃO;0
PA;BR-230;MEDICILANDIA;10;4;QUARTA-FEIRA;2;0;19;18H-20H;NOITE;PLENA NOITE;REAÇÃO TARDIA OU INEFICIENTE DO CONDUTOR;COLISÃO LATERAL MESMO SENTIDO;CÉU CLARO;SIMPLES;RETA;NÃO;0
BA;BR-101;GOVERNADOR MANGABEIRA;10;4;QUARTA-FEIRA;2;0;20;18H-20H;NOITE;PLENA NOITE;TRANSITAR NA CONTRAMÃO;COLISÃO FRONTAL;CÉU CLARO;SIMPLES;"RETA;ACLIVE";NÃO;1
SC;BR-282;RANCHO QUEIMADO;10;4;QUARTA-FEIRA;2;0;19;18H-20H;NOITE;PLENO DIA;VELOCIDADE INCOMPATÍVEL;TOMBAMENTO;CÉU CLARO;SIMPLES;RETA;NÃO;0
PE;BR-232;TACAIMBO;10;4;QUARTA-FEIRA;2;0;20;18H-20H;NOITE;PLENA NOITE;PEDESTRE ANDAVA NA PISTA;ATROPELAMENTO DE PEDESTRE;CÉU CLARO;SIMPLES;RETA;NÃO;1
RJ;BR-101;ITAGUAI;10;4;QUARTA-FEIRA;2;0;21;21H-23H;NOITE;PLENA NOITE;INGESTÃO DE ÁLCOOL PELO CONDUTOR;SAÍDA DE LEITO CARROÇÁVEL;NUBLADO;DUPLA;CURVA;NÃO;0
RN;BR-101;GOIANINHA;10;4;QUARTA-FEIRA;2;0;23;21H-23H;NOITE;PLENA NOITE;CONDUTOR DORMINDO;SAÍDA DE LEITO CARROÇÁVEL;CÉU CLARO;DUPLA;RETA;NÃO;0
SP;BR-116;SAO JOSE DOS CAMPOS;10;4;QUARTA-FEIRA;2;0;23;21H-23H;NOITE;PLENA NOITE;MANOBRA DE MUDANÇA DE FAIXA;COLISÃO COM OBJETO;NUBLADO;MÚLTIPLA;"RETA;ACLIVE";SIM;0
SP;BR-116;GUARULHOS;10;4;QUINTA-FEIRA;3;0;0;00H-02H;MADRUGADA;PLENA NOITE;REAÇÃO TARDIA OU INEFICIENTE DO CONDUTOR;COLISÃO TRASEIRA;VENTO;MÚLTIPLA;RETA;SIM;0
MS;BR-267;NOVA ANDRADINA;10;4;QUARTA-FEIRA;2;0;22;21H-23H;NOITE;PLENA NOITE;ACESSO IRREGULAR;COLISÃO LATERAL SENTIDO OPOSTO;CÉU CLARO;SIMPLES;RETA;NÃO;1
SC;BR-101;BARRA VELHA;10;4;QUINTA-FEIRA;3;0;0;00H-02H;MADRUGADA;PLENA NOITE;REAÇÃO TARDIA OU INEFICIENTE DO CONDUTOR;SAÍDA DE LEITO CARROÇÁVEL;CÉU CLARO;SIMPLES;RETA;SIM;0
PI;BR-135;BOM JESUS;10;4;QUARTA-FEIRA;2;0;19;18H-20H;NOITE;PLENA NOITE;AUSÊNCIA DE REAÇÃO DO CONDUTOR;SAÍDA DE LEITO CARROÇÁVEL;CÉU CLARO;SIMPLES;RETA;NÃO;0
RS;BR-290;CACHOEIRA DO SUL;10;4;QUINTA-FEIRA;3;0;0;00H-02H;MADRUGADA;PLENA NOITE;CONDUTOR DORMINDO;COLISÃO FRONTAL;NUBLADO;SIMPLES;RETA;NÃO;0
MG;BR-040;FELIXLANDIA;10;4;QUARTA-FEIRA;2;0;23;21H-23H;NOITE;PLENA NOITE;CONDUTOR DORMINDO;SAÍDA DE LEITO CARROÇÁVEL;CÉU CLARO;SIMPLES;"INTERSEÇÃO DE VIAS;RETA;ROTATÓRIA";NÃO;0
BA;BR-116;BOA NOVA;10;4;QUINTA-FEIRA;3;0;0;00H-02H;MADRUGADA;PLENA NOITE;PEDESTRE ANDAVA NA PISTA;ATROPELAMENTO DE PEDESTRE;CÉU CLARO;SIMPLES;DECLIVE;NÃO;0
RJ;BR-116;SAPUCAIA;10;4;QUINTA-FEIRA;3;0;0;00H-02H;MADRUGADA;PLENA NOITE;AUSÊNCIA DE REAÇÃO DO CONDUTOR;CAPOTAMENTO;CÉU CLARO;SIMPLES;RETA;NÃO;0
ES;BR-101;RIO NOVO DO SUL;10;4;QUINTA-FEIRA;3;0;5;03H-05H;MADRUGADA;AMANHECER;AUSÊNCIA DE REAÇÃO DO CONDUTOR;SAÍDA DE LEITO CARROÇÁVEL;CÉU CLARO;SIMPLES;RETA;NÃO;0
RS;BR-290;URUGUAIANA;10;4;QUINTA-FEIRA;3;0;3;03H-05H;MADRUGADA;PLENA NOITE;REAÇÃO TARDIA OU INEFICIENTE DO CONDUTOR;SAÍDA DE LEITO CARROÇÁVEL;NUBLADO;SIMPLES;RETA;NÃO;0
GO;BR-060;RIO VERDE;10;4;QUARTA-FEIRA;2;0;21;21H-23H;NOITE;PLENA NOITE;RETORNO PROIBIDO;COLISÃO FRONTAL;CÉU CLARO;DUPLA;RETA;SIM;0
MT;BR-364;VARZEA GRANDE;10;4;QUARTA-FEIRA;2;0;19;18H-20H;NOITE;PLENA NOITE;ANIMAIS NA PISTA;ATROPELAMENTO DE ANIMAL;CÉU CLARO;MÚLTIPLA;RETA;SIM;0
RN;BR-304;MACAIBA;10;4;QUINTA-FEIRA;3;0;5;03H-05H;MADRUGADA;PLENO DIA;AUSÊNCIA DE REAÇÃO DO CONDUTOR;COLISÃO TRASEIRA;SOL;DUPLA;RETA;NÃO;0
MS;BR-267;BATAGUASSU;10;4;QUINTA-FEIRA;3;0;0;00H-02H;MADRUGADA;PLENO DIA;ANIMAIS NA PISTA;ATROPELAMENTO DE ANIMAL;CÉU CLARO;SIMPLES;RETA;NÃO;0
RJ;BR-116;SAO JOAO DE MERITI;10;4;QUARTA-FEIRA;2;0;22;21H-23H;NOITE;PLENA NOITE;CONDUTOR DEIXOU DE MANTER DISTÂNCIA DO VEÍCULO DA FRENTE;COLISÃO LATERAL MESMO SENTIDO;CÉU CLARO;DUPLA;RETA;NÃO;0
MG;BR-050;UBERABA;10;4;QUINTA-FEIRA;3;0;7;06H-08H;MANHA;PLENO DIA;REAÇÃO TARDIA OU INEFICIENTE DO CONDUTOR;COLISÃO TRASEIRA;CÉU CLARO;DUPLA;VIADUTO;SIM;0
PE;BR-104;CARUARU;10;4;QUINTA-FEIRA;3;0;6;06H-08H;MANHA;PLENO DIA;REAÇÃO TARDIA OU INEFICIENTE DO CONDUTOR;COLISÃO COM OBJETO;CÉU CLARO;MÚLTIPLA;PONTE;SIM;0
SC;BR-470;RIO DO SUL;10;4;QUINTA-FEIRA;3;0;7;06H-08H;MANHA;PLENO DIA;CONVERSÃO PROIBIDA;COLISÃO TRANSVERSAL;SOL;SIMPLES;"RETA;DECLIVE";SIM;0
RJ;BR-116;NOVA IGUACU;10;4;QUINTA-FEIRA;3;0;6;06H-08H;MANHA;PLENO DIA;DEMAIS FALHAS MECÂNICAS OU ELÉTRICAS;TOMBAMENTO;CÉU CLARO;DUPLA;RETA;SIM;0