uf;br_formatada;municipio;mes;trimestre;dia_semana;dia_semana_num;fim_de_semana;hora;faixa_horaria;turno;fase_dia;causa_acidente;tipo_acidente;condicao_metereologica;tipo_pista;tracado_via;uso_solo;acidente_fatal
GO;BR-452;MAURILANDIA;10;4;SEGUNDA-FEIRA;0;0;12;12H-14H;TARDE;PLENO DIA;ULTRAPASSAGEM INDEVIDA;COLISÃO FRONTAL;CÉU CLARO;SIMPLES;RETA;NÃO;0
PE;BR-101;RECIFE;10;4;SEGUNDA-FEIRA;0;0;14;12H-14H;TARDE;PLENO DIA;ACESSAR A VIA SEM OBSERVAR A PRESENÇA DOS OUTROS VEÍCULOS;COLISÃO LATERAL MESMO SENTIDO;SOL;MÚLTIPLA;RETA;SIM;0
MG;BR-381;CARMO DA CACHOEIRA;10;4;SEGUNDA-FEIRA;0;0;15;15H-17H;TARDE;PLENO DIA;REAÇÃO TARDIA OU INEFICIENTE DO CONDUTOR;SAÍDA DE LEITO CARROÇÁVEL;CÉU CLARO;DUPLA;CURVA;NÃO;0
RS;BR-293;CAPAO DO LEAO;10;4;SEGUNDA-FEIRA;0;0;16;15H-17H;TARDE;PLENO DIA;AUSÊNCIA DE REAÇÃO DO CONDUTOR;COLISÃO TRASEIRA;CÉU CLARO;SIMPLES;RETA;SIM;0
PR;BR-376;MARINGA;10;4;SEGUNDA-FEIRA;0;0;15;15H-17H;TARDE;PLENO DIA;REAÇÃO TARDIA OU INEFICIENTE DO CONDUTOR;COLISÃO COM OBJETO;CÉU CLARO;DUPLA;"ACLIVE;CURVA";SIM;0
MA;BR-010;IMPERATRIZ;10;4;SEGUNDA-FEIRA;0;0;15;15H-17H;TARDE;PLENO DIA;REAÇÃO TARDIA OU INEFICIENTE DO CONDUTOR;COLISÃO LATERAL MESMO SENTIDO;CÉU CLARO;MÚLTIPLA;RETA;SIM;0
MG;BR-050;UBERABA;10;4;SEGUNDA-FEIRA;0;0;14;12H-14H;TARDE;PLENO DIA;REAÇÃO TARDIA OU INEFICIENTE DO CONDUTOR;CAPOTAMENTO;CÉU CLARO;DUPLA;"DESVIO TEMPORÁRIO;DECLIVE;EM OBRAS";SIM;0
PR;BR-153;GENERAL CARNEIRO;10;4;SEGUNDA-FEIRA;0;0;14;12H-14H;TARDE;PLENO DIA;VELOCIDADE INCOMPATÍVEL;COLISÃO FRONTAL;SOL;SIMPLES;CURVA;NÃO;0
SE;BR-235;CARIRA;10;4;SEGUNDA-FEIRA;0;0;15;15H-17H;TARDE;PLENO DIA;CARGA EXCESSIVA E/OU MAL ACONDICIONADA;TOMBAMENTO;CÉU CLARO;SIMPLES;RETA;NÃO;0
PI;BR-343;TERESINA;10;4;SEGUNDA-FEIRA;0;0;17;15H-17H;TARDE;PLENO DIA;AUSÊNCIA DE REAÇÃO DO CONDUTOR;COLISÃO TRASEIRA;CÉU CLARO;DUPLA;RETA;SIM;0
SP;BR-153;SAO JOSE DO RIO PRETO;10;4;SEGUNDA-FEIRA;0;0;7;06H-08H;MANHA;PLENO DIA;CONDUTOR DEIXOU DE MANTER DISTÂNCIA DO VEÍCULO DA FRENTE;COLISÃO TRASEIRA;SOL;DUPLA;ACLIVE;NÃO;0
SC;BR-101;PALHOCA;10;4;SEGUNDA-FEIRA;0;0;17;15H-17H;TARDE;ANOITECER;REAÇÃO TARDIA OU INEFICIENTE DO CONDUTOR;COLISÃO TRASEIRA;NUBLADO;MÚLTIPLA;RETA;SIM;0
RS;BR-285;PASSO FUNDO;10;4;SEGUNDA-FEIRA;0;0;17;15H-17H;TARDE;PLENO DIA;ACESSAR A VIA SEM OBSERVAR A PRESENÇA DOS OUTROS VEÍCULOS;COLISÃO TRASEIRA;SOL;SIMPLES;INTERSEÇÃO DE VIAS;SIM;0
CE;BR-116;HORIZONTE;10;4;SEGUNDA-FEIRA;0;0;17;15H-17H;TARDE;ANOITECER;ENTRADA INOPINADA DO PEDESTRE;ATROPELAMENTO DE PEDESTRE;CÉU CLARO;MÚLTIPLA;"RETA;RETORNO REGULAMENTADO";SIM;0
SC;BR-101;PORTO BELO;10;4;SEGUNDA-FEIRA;0;0;18;18H-20H;NOITE;PLENO DIA;AVARIAS E/OU DESGASTE EXCESSIVO NO PNEU;SAÍDA DE LEITO CARROÇÁVEL;NUBLADO;DUPLA;RETA;SIM;0
RJ;BR-101;RIO DE JANEIRO;10;4;SEGUNDA-FEIRA;0;0;17;15H-17H;TARDE;ANOITECER;AUSÊNCIA DE REAÇÃO DO CONDUTOR;COLISÃO TRASEIRA;NUBLADO;MÚLTIPLA;RETA;SIM;0
PR;BR-376;MANDAGUARI;10;4;SEGUNDA-FEIRA;0;0;17;15H-17H;TARDE;PLENO DIA;AUSÊNCIA DE REAÇÃO DO CONDUTOR;COLISÃO TRASEIRA;SOL;SIMPLES;"INTERSEÇÃO DE VIAS;ROTATÓRIA";SIM;0
MG;BR-381;BETIM;10;4;SEGUNDA-FEIRA;0;0;17;15H-17H;TARDE;ANOITECER;ENTRADA INOPINADA DO PEDESTRE;ATROPELAMENTO DE PEDESTRE;CÉU CLARO;SIMPLES;"DECLIVE;RETA";NÃO;0
MG;BR-116;LEOPOLDINA;10;4;SEGUNDA-FEIRA;0;0;17;15H-17H;TARDE;PLENO DIA;AUSÊNCIA DE REAÇÃO DO CONDUTOR;COLISÃO FRONTAL;CHUVA;SIMPLES;"RETA;DECLIVE";NÃO;0
MA;BR-135;PERITORO;10;4;SEGUNDA-FEIRA;0;0;17;15H-17H;TARDE;PLENO DIA;TRANSITAR NA CONTRAMÃO;COLISÃO TRANSVERSAL;CÉU CLARO;SIMPLES;RETA;NÃO;0
RS;BR-470;GARIBALDI;10;4;SEGUNDA-FEIRA;0;0;18;18H-20H;NOITE;PLENO DIA;CONVERSÃO PROIBIDA;COLISÃO TRANSVERSAL;CÉU CLARO;SIMPLES;DECLIVE;NÃO;0
PR;BR-116;CURITIBA;10;4;SEGUNDA-FEIRA;0;0;18;18H-20H;NOITE;ANOITECER;TRAFEGAR COM MOTOCICLETA (OU SIMILAR) ENTRE AS FAIXAS;COLISÃO LATERAL MESMO SENTIDO;CÉU CLARO;DUPLA;RETA;SIM;0
SC;BR-101;BIGUACU;10;4;SEGUNDA-FEIRA;0;0;18;18H-20H;NOITE;PLENA NOITE;AUSÊNCIA DE REAÇÃO DO CONDUTOR;QUEDA DE OCUPANTE DE VEÍCULO;CÉU CLARO;DUPLA;RETA;SIM;0
SE;BR-235;NOSSA SENHORA DO SOCORRO;10;4;SEGUNDA-FEIRA;0;0;17;15H-17H;TARDE;PLENA NOITE;TRANSITAR NA CONTRAMÃO;COLISÃO FRONTAL;CÉU CLARO;MÚLTIPLA;CURVA;SIM;0
BA;BR-324;SIMOES FILHO;10;4;SEGUNDA-FEIRA;0;0;16;15H-17H;TARDE;ANOITECER;DEMAIS FALHAS MECÂNICAS OU ELÉTRICAS;INCÊNDIO;CHUVA;DUPLA;RETA;SIM;0
SC;BR-163;SAO MIGUEL DO OESTE;10;4;SEGUNDA-FEIRA;0;0;17;15H-17H;TARDE;PLENO DIA;ACESSAR A VIA SEM OBSERVAR A PRESENÇA DOS OUTROS VEÍCULOS;COLISÃO TRANSVERSAL;SOL;DUPLA;"RETA;INTERSEÇÃO DE VIAS";SIM;0
RO;BR-IGNORADA;PORTO VELHO;10;4;SEGUNDA-FEIRA;0;0;16;15H-17H;TARDE;PLENO DIA;ACESSAR A VIA SEM OBSERVAR A PRESENÇA DOS OUTROS VEÍCULOS;COLISÃO TRANSVERSAL;CÉU CLARO;SIMPLES;RETA;SIM;0
RJ;BR-116;TERESOPOLIS;10;4;SEGUNDA-FEIRA;0;0;16;15H-17H;TARDE;PLENO DIA;VELOCIDADE INCOMPATÍVEL;SAÍDA DE LEITO CARROÇÁVEL;NUBLADO;SIMPLES;CURVA;NÃO;0
MG;BR-381;CARMOPOLIS DE MINAS;10;4;SEGUNDA-FEIRA;0;0;15;15H-17H;TARDE;PLENO DIA;REAÇÃO TARDIA OU INEFICIENTE DO CONDUTOR;COLISÃO COM OBJETO;CÉU CLARO;DUPLA;RETA;NÃO;0
SP;BR-116;SAO JOSE DOS CAMPOS;10;4;SEGUNDA-FEIRA;0;0;17;15H-17H;TARDE;PLENO DIA;OBJETO ESTÁTICO SOBRE O LEITO CARROÇÁVEL;COLISÃO COM OBJETO;CÉU CLARO;DUPLA;RETA;SIM;0
MA;BR-010;IMPERATRIZ;10;4;SEGUNDA-FEIRA;0;0;17;15H-17H;TARDE;PLENO DIA;ACUMULO DE ÓLEO SOBRE O PAVIMENTO;DERRAMAMENTO DE CARGA;CÉU CLARO;SIMPLES;RETA;SIM;0
PI;BR-343;PIRIPIRI;10;4;SEGUNDA-FEIRA;0;0;16;15H-17H;TARDE;PLENO DIA;INGESTÃO DE ÁLCOOL PELO CONDUTOR;COLISÃO TRASEIRA;CÉU CLARO;SIMPLES;RETA;SIM;0
ES;BR-262;IRUPI;10;4;SEGUNDA-FEIRA;0;0;18;18H-20H;NOITE;PLENA NOITE;ULTRAPASSAGEM INDEVIDA;COLISÃO FRONTAL;CHUVA;SIMPLES;RETA;NÃO;0
MG;BR-251;FRANCISCO SA;10;4;SEGUNDA-FEIRA;0;0;9;09H-11H;MANHA;PLENO DIA;CONDUTOR DEIXOU DE MANTER DISTÂNCIA DO VEÍCULO DA FRENTE;COLISÃO TRASEIRA;GAROA/CHUVISCO;SIMPLES;"INTERSEÇÃO DE VIAS;RETA";NÃO;0
MA;BR-316;CAXIAS;10;4;SEGUNDA-FEIRA;0;0;18;18H-20H;NOITE;PLENA NOITE;CONDUTOR DORMINDO;COLISÃO COM OBJETO;CÉU CLARO;DUPLA;RETA;SIM;0
ES;BR-101;SERRA;10;4;SEGUNDA-FEIRA;0;0;18;18H-20H;NOITE;PLENA NOITE;TRANSITAR NA CONTRAMÃO;COLISÃO TRANSVERSAL;NUBLADO;SIMPLES;RETA;SIM;0
PB;BR-101;SANTA RITA;10;4;SEGUNDA-FEIRA;0;0;18;18H-20H;NOITE;PLENA NOITE;AUSÊNCIA DE REAÇÃO DO CONDUTOR;SAÍDA DE LEITO CARROÇÁVEL;CÉU CLARO;DUPLA;RETA;NÃO;0
RO;BR-364;ITAPUA DO OESTE;10;4;SEGUNDA-FEIRA;0;0;14;12H-14H;TARDE;PLENO DIA;DEMAIS FALHAS MECÂNICAS OU ELÉTRICAS;SAÍDA DE LEITO CARROÇÁVEL;SOL;DUPLA;"INTERSEÇÃO DE VIAS;RETORNO REGULAMENTADO;DECLIVE;CURVA";SIM;0
BA;BR-101;TEIXEIRA DE FREITAS;10;4;SEGUNDA-FEIRA;0;0;18;18H-20H;NOITE;PLENA NOITE;ACESSAR A VIA SEM OBSERVAR A PRESENÇA DOS OUTROS VEÍCULOS;COLISÃO TRANSVERSAL;CHUVA;SIMPLES;INTERSEÇÃO DE VIAS;SIM;0
MS;BR-163;CAMPO GRANDE;10;4;SEGUNDA-FEIRA;0;0;18;18H-20H;NOITE;ANOITECER;DESRESPEITAR A PREFERÊNCIA NO CRUZAMENTO;COLISÃO TRANSVERSAL;CÉU CLARO;SIMPLES;CURVA;NÃO;0
BA;BR-324;CANDEIAS;10;4;SEGUNDA-FEIRA;0;0;18;18H-20H;NOITE;PLENA NOITE;MANOBRA DE MUDANÇA DE FAIXA;COLISÃO LATERAL MESMO SENTIDO;CHUVA;DUPLA;RETA;NÃO;0
RJ;BR-040;DUQUE DE CAXIAS;9;3;SEGUNDA-FEIRA;0;0;15;15H-17H;TARDE;PLENO DIA;MANOBRA DE MUDANÇA DE FAIXA;COLISÃO TRANSVERSAL;NUBLADO;DUPLA;"RETA;ACLIVE";SIM;1
BA;BR-101;BARRO PRETO;10;4;SEGUNDA-FEIRA;0;0;18;18H-20H;NOITE;PLENA NOITE;ULTRAPASSAGEM INDEVIDA;COLISÃO FRONTAL;CHUVA;SIMPLES;RETA;NÃO;0
RS;BR-386;FREDERICO WESTPHALEN;10;4;SEGUNDA-FEIRA;0;0;18;18H-20H;NOITE;ANOITECER;ACESSAR A VIA SEM OBSERVAR A PRESENÇA DOS OUTROS VEÍCULOS;COLISÃO TRANSVERSAL;CÉU CLARO;SIMPLES;"DECLIVE;RETA";SIM;0
RJ;BR-101;SAO GONCALO;10;4;SEGUNDA-FEIRA;0;0;17;15H-17H;TARDE;ANOITECER;CONDUTOR DEIXOU DE MANTER DISTÂNCIA DO VEÍCULO DA FRENTE;COLISÃO TRASEIRA;NUBLADO;DUPLA;RETA;NÃO;0
GO;BR-153;JARAGUA;10;4;SEGUNDA-FEIRA;0;0;17;15H-17H;TARDE;PLENO DIA;AUSÊNCIA DE REAÇÃO DO CONDUTOR;SAÍDA DE LEITO CARROÇÁVEL;CHUVA;SIMPLES;"DECLIVE;RETA";NÃO;0
RN;BR-304;MOSSORO;10;4;SEGUNDA-FEIRA;0;0;19;18H-20H;NOITE;PLENA NOITE;ANIMAIS NA PISTA;SAÍDA DE LEITO CARROÇÁVEL;CÉU CLARO;SIMPLES;RETA;NÃO;0
RR;BR-174;RORAINOPOLIS;10;4;DOMINGO;6;1;11;09H-11H;MANHA;PLENO DIA;PISTA ESBURACADA;COLISÃO TRASEIRA;CÉU CLARO;SIMPLES;RETA;NÃO;0
SP;BR-116;EMBU DAS ARTES;10;4;SEGUNDA-FEIRA;0;0;19;18H-20H;NOITE;PLENA NOITE;AUSÊNCIA DE REAÇÃO DO CONDUTOR;QUEDA DE OCUPANTE DE VEÍCULO;CHUVA;DUPLA;RETA;NÃO;0
PE;BR-232;SAO CAITANO;10;4;SEGUNDA-FEIRA;0;0;19;18H-20H;NOITE;PLENA NOITE;INGESTÃO DE ÁLCOOL PELO CONDUTOR;COLISÃO TRASEIRA;CÉU CLARO;DUPLA;RETA;SIM;0
TO;BR-010;PALMAS;10;4;SÁBADO;5;1;14;12H-14H;TARDE;PLENO DIA;INGESTÃO DE ÁLCOOL PELO CONDUTOR;COLISÃO TRANSVERSAL;CÉU CLARO;SIMPLES;ROTATÓRIA;SIM;0
GO;BR-153;APARECIDA DE GOIANIA;10;4;SEGUNDA-FEIRA;0;0;19;18H-20H;NOITE;PLENA NOITE;OBJETO ESTÁTICO SOBRE O LEITO CARROÇÁVEL;COLISÃO COM OBJETO;CÉU CLARO;MÚLTIPLA;RETA;SIM;0
RO;BR-319;PORTO VELHO;10;4;SEGUNDA-FEIRA;0;0;19;18H-20H;NOITE;PLENA NOITE;MANOBRA DE MUDANÇA DE FAIXA;COLISÃO LATERAL MESMO SENTIDO;CÉU CLARO;DUPLA;"RETA;RETORNO REGULAMENTADO";SIM;0
ES;BR-262;VIANA;10;4;SEGUNDA-FEIRA;0;0;20;18H-20H;NOITE;PLENA NOITE;DESRESPEITAR A PREFERÊNCIA NO CRUZAMENTO;COLISÃO TRANSVERSAL;NUBLADO;SIMPLES;RETA;NÃO;0
RJ;BR-116;MAGE;10;4;SEGUNDA-FEIRA;0;0;19;18H-20H;NOITE;PLENA NOITE;AUSÊNCIA DE REAÇÃO DO CONDUTOR;ATROPELAMENTO DE PEDESTRE;NUBLADO;DUPLA;RETA;NÃO;0
PI;BR-402;PARNAIBA;10;4;SEGUNDA-FEIRA;0;0;21;21H-23H;NOITE;PLENA NOITE;REAÇÃO TARDIA OU INEFICIENTE DO CONDUTOR;TOMBAMENTO;IGNORADO;SIMPLES;RETA;NÃO;0
PR;BR-369;CAMBE;10;4;SEGUNDA-FEIRA;0;0;20;18H-20H;NOITE;PLENA NOITE;MANOBRA DE MUDANÇA DE FAIXA;COLISÃO LATERAL MESMO SENTIDO;CÉU CLARO;DUPLA;INTERSEÇÃO DE VIAS;NÃO;0
PR;BR-369;ARAPONGAS;10;4;SEGUNDA-FEIRA;0;0;20;18H-20H;NOITE;PLENA NOITE;DESRESPEITAR A PREFERÊNCIA NO CRUZAMENTO;COLISÃO FRONTAL;CÉU CLARO;SIMPLES;"RETA;INTERSEÇÃO DE VIAS";SIM;0
PR;BR-153;REBOUCAS;10;4;SEGUNDA-FEIRA;0;0;16;15H-17H;TARDE;PLENO DIA;AUSÊNCIA DE REAÇÃO DO CONDUTOR;SAÍDA DE LEITO CARROÇÁVEL;CÉU CLARO;SIMPLES;RETA;NÃO;0
SC;BR-101;BALNEARIO CAMBORIU;10;4;SEGUNDA-FEIRA;0;0;21;21H-23H;NOITE;PLENA NOITE;DESRESPEITAR A PREFERÊNCIA NO CRUZAMENTO;COLISÃO TRANSVERSAL;NUBLADO;MÚLTIPLA;INTERSEÇÃO DE VIAS;SIM;0
MG;BR-262;ABRE CAMPO;10;4;SEGUNDA-FEIRA;0;0;18;18H-20H;NOITE;ANOITECER;TRANSITAR NA CONTRAMÃO;COLISÃO FRONTAL;CÉU CLARO;SIMPLES;CURVA;NÃO;0
RJ;BR-040;DUQUE DE CAXIAS;10;4;SEGUNDA-FEIRA;0;0;20;18H-20H;NOITE;PLENA NOITE;REAÇÃO TARDIA OU INEFICIENTE DO CONDUTOR;SAÍDA DE LEITO CARROÇÁVEL;NUBLADO;DUPLA;RETA;SIM;0
PR;BR-116;FAZENDA RIO GRANDE;10;4;SEGUNDA-FEIRA;0;0;22;21H-23H;NOITE;PLENA NOITE;AUSÊNCIA DE REAÇÃO DO CONDUTOR;COLISÃO COM OBJETO;CHUVA;DUPLA;CURVA;SIM;0
RS;BR-116;JAGUARAO;10;4;SEGUNDA-FEIRA;0;0;21;21H-23H;NOITE;PLENA NOITE;ANIMAIS NA PISTA;ATROPELAMENTO DE ANIMAL;CÉU CLARO;SIMPLES;RETA;NÃO;0
RJ;BR-101;ANGRA DOS REIS;10;4;SEGUNDA-FEIRA;0;0;21;21H-23H;NOITE;PLENA NOITE;ACESSAR A VIA SEM OBSERVAR A PRESENÇA DOS OUTROS VEÍCULOS;COLISÃO FRONTAL;NUBLADO;SIMPLES;RETA;SIM;0
SP;BR-116;SANTA ISABEL;10;4;SEGUNDA-FEIRA;0;0;22;21H-23H;NOITE;PLENA NOITE;REAÇÃO TARDIA OU INEFICIENTE DO CONDUTOR;TOMBAMENTO;CÉU CLARO;SIMPLES;"ACLIVE;RETA";SIM;0
RN;BR-406;SAO GONCALO DO AMARANTE;10;4;SEGUNDA-FEIRA;0;0;22;21H-23H;NOITE;PLENA NOITE;ACESSO IRREGULAR;COLISÃO TRANSVERSAL;CÉU CLARO;DUPLA;VIADUTO;NÃO;0
SP;BR-116;EMBU DAS ARTES;10;4;SEGUNDA-FEIRA;0;0;23;21H-23H;NOITE;PLENA NOITE;TRANSITAR NA CONTRAMÃO;COLISÃO FRONTAL;NUBLADO;DUPLA;CURVA;SIM;0
SP;BR-381;SAO PAULO;10;4;QUARTA-FEIRA;2;0;20;18H-20H;NOITE;PLENA NOITE;AUSÊNCIA DE REAÇÃO DO CONDUTOR;QUEDA DE OCUPANTE DE VEÍCULO;CHUVA;DUPLA;RETA;SIM;0
PR;BR-116;CAMPINA GRANDE DO SUL;10;4;TERÇA-FEIRA;1;0;3;03H-05H;MADRUGADA;AMANHECER;CHUVA;SAÍDA DE LEITO CARROÇÁVEL;GAROA/CHUVISCO;DUPLA;CURVA;NÃO;0
AP;BR-156;TARTARUGALZINHO;10;4;SEGUNDA-FEIRA;0;0;3;03H-05H;MADRUGADA;PLENA NOITE;CONDUTOR DORMINDO;TOMBAMENTO;CÉU CLARO;SIMPLES;RETA;NÃO;0
BA;BR-242;LENCOIS;10;4;SEGUNDA-FEIRA;0;0;20;18H-20H;NOITE;PLENA NOITE;VELOCIDADE INCOMPATÍVEL;SAÍDA DE LEITO CARROÇÁVEL;CHUVA;SIMPLES;CURVA;NÃO;0
MG;BR-040;CONTAGEM;10;4;SEGUNDA-FEIRA;0;0;21;21H-23H;NOITE;PLENA NOITE;SUICÍDIO (PRESUMIDO);SINISTRO PESSOAL DE TRÂNSITO;CÉU CLARO;DUPLA;VIADUTO;SIM;0
SC;BR-101;CAPIVARI DE BAIXO;10;4;TERÇA-FEIRA;1;0;6;06H-08H;MANHA;AMANHECER;REAÇÃO TARDIA OU INEFICIENTE DO CONDUTOR;COLISÃO COM OBJETO;CÉU CLARO;DUPLA;CURVA;SIM;0
BA;BR-101;AURELINO LEAL;10;4;SEGUNDA-FEIRA;0;0;20;18H-20H;NOITE;PLENA NOITE;VELOCIDADE INCOMPATÍVEL;CAPOTAMENTO;CHUVA;SIMPLES;CURVA;NÃO;0
SE;BR-101;NOSSA SENHORA DO SOCORRO;10;4;TERÇA-FEIRA;1;0;6;06H-08H;MANHA;PLENO DIA;DEMAIS FALHAS MECÂNICAS OU ELÉTRICAS;TOMBAMENTO;NUBLADO;DUPLA;"INTERSEÇÃO DE VIAS;CURVA";SIM;0
MS;BR-060;SIDROLANDIA;10;4;TERÇA-FEIRA;1;0;5;03H-05H;MADRUGADA;PLENO DIA;ACESSAR A VIA SEM OBSERVAR A PRESENÇA DOS OUTROS VEÍCULOS;COLISÃO TRANSVERSAL;CÉU CLARO;SIMPLES;RETA;NÃO;0
PR;BR-116;CURITIBA;10;4;TERÇA-FEIRA;1;0;7;06H-08H;MANHA;PLENO DIA;AUSÊNCIA DE REAÇÃO DO CONDUTOR;TOMBAMENTO;CÉU CLARO;MÚLTIPLA;RETA;SIM;0
SC;BR-280;ARAQUARI;10;4;TERÇA-FEIRA;1;0;7;06H-08H;MANHA;PLENO DIA;AUSÊNCIA DE REAÇÃO DO CONDUTOR;COLISÃO TRASEIRA;CÉU CLARO;SIMPLES;RETA;SIM;0
SP;BR-153;GUAICARA;10;4;SEGUNDA-FEIRA;0;0;19;18H-20H;NOITE;PLENA NOITE;ACESSAR A VIA SEM OBSERVAR A PRESENÇA DOS OUTROS VEÍCULOS;COLISÃO TRASEIRA;CÉU CLARO;SIMPLES;INTERSEÇÃO DE VIAS;NÃO;0
MG;BR-116;CARATINGA;10;4;TERÇA-FEIRA;1;0;7;06H-08H;MANHA;PLENO DIA;AUSÊNCIA DE REAÇÃO DO CONDUTOR;QUEDA DE OCUPANTE DE VEÍCULO;CÉU CLARO;SIMPLES;INTERSEÇÃO DE VIAS;SIM;0
PR;BR-277;FOZ DO IGUACU;10;4;TERÇA-FEIRA;1;0;7;06H-08H;MANHA;PLENO DIA;AUSÊNCIA DE REAÇÃO DO CONDUTOR;QUEDA DE OCUPANTE DE VEÍCULO;CÉU CLARO;DUPLA;RETA;SIM;0
SP;BR-116;JUQUITIBA;10;4;TERÇA-FEIRA;1;0;7;06H-08H;MANHA;PLENO DIA;REAÇÃO TARDIA OU INEFICIENTE DO CONDUTOR;QUEDA DE OCUPANTE DE VEÍCULO;CÉU CLARO;DUPLA;RETA;NÃO;0
DF;BR-070;BRASILIA;10;4;TERÇA-FEIRA;1;0;7;06H-08H;MANHA;PLENO DIA;MANOBRA DE MUDANÇA DE FAIXA;COLISÃO LATERAL MESMO SENTIDO;NUBLADO;DUPLA;RETA;SIM;0
SP;BR-116;CAJATI;10;4;TERÇA-FEIRA;1;0;6;06H-08H;MANHA;PLENO DIA;REAÇÃO TARDIA OU INEFICIENTE DO CONDUTOR;COLISÃO COM OBJETO;GAROA/CHUVISCO;DUPLA;CURVA;NÃO;0
AC;BR-364;RIO BRANCO;10;4;SEGUNDA-FEIRA;0;0;19;18H-20H;NOITE;PLENA NOITE;PEDESTRE - INGESTÃO DE ÁLCOOL/ SUBSTÂNCIAS PSICOATIVAS;ATROPELAMENTO DE PEDESTRE;NUBLADO;SIMPLES;DECLIVE;NÃO;0
SC;BR-101;TUBARAO;10;4;TERÇA-FEIRA;1;0;7;06H-08H;MANHA;PLENO DIA;VELOCIDADE INCOMPATÍVEL;QUEDA DE OCUPANTE DE VEÍCULO;CÉU CLARO;MÚLTIPLA;RETA;NÃO;0
PE;BR-101;JABOATAO DOS GUARARAPES;10;4;TERÇA-FEIRA;1;0;8;06H-08H;MANHA;PLENO DIA;AUSÊNCIA DE REAÇÃO DO CONDUTOR;COLISÃO TRASEIRA;SOL;DUPLA;RETA;SIM;0
PE;BR-101;JABOATAO DOS GUARARAPES;10;4;TERÇA-FEIRA;1;0;8;06H-08H;MANHA;PLENO DIA;ACESSAR A VIA SEM OBSERVAR A PRESENÇA DOS OUTROS VEÍCULOS;COLISÃO LATERAL MESMO SENTIDO;CÉU CLARO;DUPLA;CURVA;NÃO;0
MS;BR-163;JUTI;10;4;TERÇA-FEIRA;1;0;7;06H-08H;MANHA;PLENO DIA;REAÇÃO TARDIA OU INEFICIENTE DO CONDUTOR;SAÍDA DE LEITO CARROÇÁVEL;SOL;SIMPLES;RETA;NÃO;0
RS;BR-470;GARIBALDI;10;4;TERÇA-FEIRA;1;0;7;06H-08H;MANHA;PLENO DIA;CONDUTOR DEIXOU DE MANTER DISTÂNCIA DO VEÍCULO DA FRENTE;ENGAVETAMENTO;CÉU CLARO;SIMPLES;"RETA;DECLIVE";NÃO;0
SC;BR-282;FLORIANOPOLIS;10;4;TERÇA-FEIRA;1;0;8;06H-08H;MANHA;PLENO DIA;REAÇÃO TARDIA OU INEFICIENTE DO CONDUTOR;COLISÃO TRASEIRA;CÉU CLARO;MÚLTIPLA;RETA;SIM;0
RO;BR-364;JI-PARANA;10;4;TERÇA-FEIRA;1;0;7;06H-08H;MANHA;PLENO DIA;CONVERSÃO PROIBIDA;COLISÃO TRANSVERSAL;CÉU CLARO;SIMPLES;"RETA;INTERSEÇÃO DE VIAS";SIM;0
RO;BR-364;PRESIDENTE MEDICI;10;4;TERÇA-FEIRA;1;0;5;03H-05H;MADRUGADA;AMANHECER;ULTRAPASSAGEM INDEVIDA;COLISÃO FRONTAL;CÉU CLARO;SIMPLES;"ACLIVE;RETA";NÃO;1
AM;BR-230;HUMAITA;10;4;TERÇA-FEIRA;1;0;6;06H-08H;MANHA;AMANHECER;ENTRADA INOPINADA DO PEDESTRE;COLISÃO TRANSVERSAL;CÉU CLARO;SIMPLES;RETA;SIM;0
RJ;BR-040;RIO DE JANEIRO;10;4;TERÇA-FEIRA;1;0;6;06H-08H;MANHA;PLENO DIA;VELOCIDADE INCOMPATÍVEL;COLISÃO LATERAL MESMO SENTIDO;CÉU CLARO;MÚLTIPLA;RETA;SIM;0
AL;BR-316;SATUBA;10;4;TERÇA-FEIRA;1;0;8;06H-08H;MANHA;PLENO DIA;ACESSO IRREGULAR;COLISÃO TRANSVERSAL;CÉU CLARO;SIMPLES;RETA;SIM;0
GO;BR-020;FLORES DE GOIAS;10;4;SEXTA-FEIRA;4;0;20;18H-20H;NOITE;PLENA NOITE;PROBLEMA NA SUSPENSÃO;EVENTOS ATÍPICOS;CÉU CLARO;SIMPLES;RETA;NÃO;1
SP;BR-116;REGISTRO;10;4;TERÇA-FEIRA;1;0;9;09H-11H;MANHA;PLENO DIA;AUSÊNCIA DE REAÇÃO DO CONDUTOR;COLISÃO FRONTAL;CÉU CLARO;DUPLA;RETA;SIM;0
MA;BR-135;SAO LUIS;10;4;TERÇA-FEIRA;1;0;7;06H-08H;MANHA;PLENO DIA;TRANSITAR NO ACOSTAMENTO;COLISÃO TRANSVERSAL;CÉU CLARO;DUPLA;RETA;SIM;0
SE;BR-101;NOSSA SENHORA DO SOCORRO;10;4;TERÇA-FEIRA;1;0;10;09H-11H;MANHA;PLENO DIA;CONDUTOR DEIXOU DE MANTER DISTÂNCIA DO VEÍCULO DA FRENTE;COLISÃO TRASEIRA;CHUVA;DUPLA;"EM OBRAS;DESVIO TEMPORÁRIO";NÃO;0
MG;BR-381;CAMANDUCAIA;10;4;TERÇA-FEIRA;1;0;8;06H-08H;MANHA;PLENO DIA;CONDUTOR DORMINDO;SAÍDA DE LEITO CARROÇÁVEL;CÉU CLARO;DUPLA;CURVA;NÃO;0