uf;br_formatada;municipio;mes;trimestre;dia_semana;dia_semana_num;fim_de_semana;hora;faixa_horaria;turno;fase_dia;causa_acidente;tipo_acidente;condicao_metereologica;tipo_pista;tracado_via;uso_solo;acidente_fatal
MG;BR-381;NAQUE;10;4;QUARTA-FEIRA;2;0;9;09H-11H;MANHA;PLENO DIA;ACUMULO DE AREIA OU DETRITOS SOBRE O PAVIMENTO;TOMBAMENTO;CÉU CLARO;SIMPLES;RETA;NÃO;0
PB;BR-361;PATOS;10;4;TERÇA-FEIRA;1;0;11;09H-11H;MANHA;PLENO DIA;ACESSAR A VIA SEM OBSERVAR A PRESENÇA DOS OUTROS VEÍCULOS;COLISÃO TRANSVERSAL;CÉU CLARO;SIMPLES;RETA;SIM;0
SC;BR-101;SAO JOSE;10;4;QUARTA-FEIRA;2;0;11;09H-11H;MANHA;PLENO DIA;AUSÊNCIA DE REAÇÃO DO CONDUTOR;COLISÃO LATERAL MESMO SENTIDO;GAROA/CHUVISCO;MÚLTIPLA;"INTERSEÇÃO DE VIAS;RETA";SIM;1
SP;BR-116;EMBU DAS ARTES;10;4;QUARTA-FEIRA;2;0;11;09H-11H;MANHA;PLENO DIA;TRANSITAR NA CONTRAMÃO;COLISÃO FRONTAL;CÉU CLARO;SIMPLES;"VIADUTO;RETA";SIM;0
GO;BR-040;VALPARAISO DE GOIAS;10;4;QUARTA-FEIRA;2;0;11;09H-11H;MANHA;PLENO DIA;PEDESTRE CRUZAVA A PISTA FORA DA FAIXA;ATROPELAMENTO DE PEDESTRE;CÉU CLARO;DUPLA;RETA;SIM;0
MT;BR-070;BARRA DO GARCAS;10;4;QUARTA-FEIRA;2;0;10;09H-11H;MANHA;PLENO DIA;ULTRAPASSAGEM INDEVIDA;COLISÃO TRANSVERSAL;CÉU CLARO;DUPLA;"DECLIVE;RETA";SIM;0
BA;BR-324;SALVADOR;10;4;QUARTA-FEIRA;2;0;11;09H-11H;MANHA;PLENO DIA;AUSÊNCIA DE REAÇÃO DO CONDUTOR;COLISÃO LATERAL MESMO SENTIDO;CÉU CLARO;DUPLA;RETA;SIM;0
RS;BR-116;CAXIAS DO SUL;10;4;QUARTA-FEIRA;2;0;10;09H-11H;MANHA;PLENO DIA;ACESSAR A VIA SEM OBSERVAR A PRESENÇA DOS OUTROS VEÍCULOS;COLISÃO TRANSVERSAL;CHUVA;DUPLA;RETA;SIM;0
MA;BR-135;SAO LUIS;10;4;QUARTA-FEIRA;2;0;10;09H-11H;MANHA;PLENO DIA;REAÇÃO TARDIA OU INEFICIENTE DO CONDUTOR;COLISÃO TRASEIRA;CÉU CLARO;DUPLA;RETA;SIM;0
RS;BR-448;PORTO ALEGRE;10;4;QUARTA-FEIRA;2;0;12;12H-14H;TARDE;PLENO DIA;PISTA ESCORREGADIA;COLISÃO COM OBJETO;NUBLADO;SIMPLES;"ACLIVE;CURVA";SIM;0
RS;BR-470;GARIBALDI;10;4;QUARTA-FEIRA;2;0;12;12H-14H;TARDE;PLENO DIA;CONDUTOR DEIXOU DE MANTER DISTÂNCIA DO VEÍCULO DA FRENTE;COLISÃO TRASEIRA;GAROA/CHUVISCO;SIMPLES;"DECLIVE;RETA";SIM;0
RJ;BR-116;NITEROI;10;4;QUARTA-FEIRA;2;0;12;12H-14H;TARDE;PLENO DIA;PEDESTRE CRUZAVA A PISTA FORA DA FAIXA;ATROPELAMENTO DE PEDESTRE;NUBLADO;DUPLA;RETA;SIM;0
RO;BR-364;CACOAL;10;4;QUARTA-FEIRA;2;0;11;09H-11H;MANHA;PLENO DIA;CONDUTOR DEIXOU DE MANTER DISTÂNCIA DO VEÍCULO DA FRENTE;COLISÃO TRASEIRA;CÉU CLARO;SIMPLES;RETA;SIM;0
MG;BR-381;EXTREMA;10;4;QUARTA-FEIRA;2;0;12;12H-14H;TARDE;PLENO DIA;ULTRAPASSAGEM INDEVIDA;COLISÃO FRONTAL;GAROA/CHUVISCO;SIMPLES;INTERSEÇÃO DE VIAS;SIM;0
PE;BR-101;RECIFE;10;4;QUARTA-FEIRA;2;0;13;12H-14H;TARDE;PLENO DIA;REAÇÃO TARDIA OU INEFICIENTE DO CONDUTOR;COLISÃO LATERAL MESMO SENTIDO;CÉU CLARO;DUPLA;RETA;SIM;0
RS;BR-101;DOM PEDRO DE ALCANTARA;10;4;QUARTA-FEIRA;2;0;13;12H-14H;TARDE;PLENO DIA;MAL SÚBITO DO CONDUTOR;SAÍDA DE LEITO CARROÇÁVEL;CHUVA;MÚLTIPLA;CURVA;NÃO;0
PR;BR-369;CAMBE;10;4;QUARTA-FEIRA;2;0;13;12H-14H;TARDE;PLENO DIA;CONDUTOR DESRESPEITOU A ILUMINAÇÃO VERMELHA DO SEMÁFORO;COLISÃO TRANSVERSAL;CÉU CLARO;DUPLA;RETA;NÃO;0
ES;BR-101;SERRA;10;4;QUARTA-FEIRA;2;0;13;12H-14H;TARDE;PLENO DIA;ACESSAR A VIA SEM OBSERVAR A PRESENÇA DOS OUTROS VEÍCULOS;TOMBAMENTO;SOL;DUPLA;"INTERSEÇÃO DE VIAS;RETA;DECLIVE";SIM;0
SC;BR-470;BLUMENAU;10;4;SÁBADO;5;1;22;21H-23H;NOITE;PLENA NOITE;ULTRAPASSAGEM INDEVIDA;COLISÃO TRANSVERSAL;CÉU CLARO;SIMPLES;"RETA;EM OBRAS";NÃO;0
SC;BR-282;FLORIANOPOLIS;10;4;QUARTA-FEIRA;2;0;13;12H-14H;TARDE;PLENO DIA;REAÇÃO TARDIA OU INEFICIENTE DO CONDUTOR;COLISÃO TRASEIRA;NUBLADO;MÚLTIPLA;RETA;SIM;0
AC;BR-364;RIO BRANCO;10;4;QUARTA-FEIRA;2;0;11;09H-11H;MANHA;PLENO DIA;REAÇÃO TARDIA OU INEFICIENTE DO CONDUTOR;ATROPELAMENTO DE PEDESTRE;NUBLADO;DUPLA;RETA;SIM;0
PR;BR-277;CURITIBA;10;4;QUARTA-FEIRA;2;0;12;12H-14H;TARDE;PLENO DIA;AUSÊNCIA DE REAÇÃO DO CONDUTOR;TOMBAMENTO;CÉU CLARO;DUPLA;CURVA;SIM;0
MG;BR-262;REDUTO;10;4;DOMINGO;6;1;11;09H-11H;MANHA;PLENO DIA;ACESSAR A VIA SEM OBSERVAR A PRESENÇA DOS OUTROS VEÍCULOS;COLISÃO TRANSVERSAL;CÉU CLARO;SIMPLES;RETA;NÃO;0
MT;BR-163;ITAUBA;10;4;QUARTA-FEIRA;2;0;9;09H-11H;MANHA;PLENO DIA;AUSÊNCIA DE REAÇÃO DO CONDUTOR;COLISÃO LATERAL SENTIDO OPOSTO;CÉU CLARO;SIMPLES;RETA;NÃO;0
GO;BR-153;HIDROLINA;10;4;DOMINGO;6;1;2;00H-02H;MADRUGADA;PLENA NOITE;ANIMAIS NA PISTA;ATROPELAMENTO DE ANIMAL;CÉU CLARO;SIMPLES;"DECLIVE;RETA";NÃO;0
RN;BR-226;SENADOR ELOI DE SOUZA;10;4;QUARTA-FEIRA;2;0;14;12H-14H;TARDE;PLENO DIA;AUSÊNCIA DE REAÇÃO DO CONDUTOR;COLISÃO TRASEIRA;CÉU CLARO;SIMPLES;RETA;NÃO;0
RO;BR-364;OURO PRETO DO OESTE;10;4;QUARTA-FEIRA;2;0;10;09H-11H;MANHA;PLENO DIA;AUSÊNCIA DE REAÇÃO DO CONDUTOR;COLISÃO TRANSVERSAL;CÉU CLARO;SIMPLES;"DECLIVE;RETA;EM OBRAS";SIM;0
PA;BR-316;BENEVIDES;10;4;QUARTA-FEIRA;2;0;15;15H-17H;TARDE;PLENO DIA;MANOBRA DE MUDANÇA DE FAIXA;CAPOTAMENTO;CÉU CLARO;DUPLA;RETA;SIM;0
MG;BR-116;MURIAE;10;4;QUARTA-FEIRA;2;0;11;09H-11H;MANHA;PLENO DIA;ACESSAR A VIA SEM OBSERVAR A PRESENÇA DOS OUTROS VEÍCULOS;COLISÃO TRANSVERSAL;SOL;SIMPLES;CURVA;NÃO;0
SC;BR-101;BALNEARIO CAMBORIU;10;4;QUARTA-FEIRA;2;0;11;09H-11H;MANHA;PLENO DIA;TRAFEGAR COM MOTOCICLETA (OU SIMILAR) ENTRE AS FAIXAS;COLISÃO TRASEIRA;NUBLADO;DUPLA;RETA;NÃO;0
RS;BR-386;SOLEDADE;10;4;QUARTA-FEIRA;2;0;16;15H-17H;TARDE;PLENO DIA;ACESSAR A VIA SEM OBSERVAR A PRESENÇA DOS OUTROS VEÍCULOS;COLISÃO TRANSVERSAL;NUBLADO;SIMPLES;"EM OBRAS;RETA";SIM;0
RJ;BR-101;RIO DE JANEIRO;10;4;SEXTA-FEIRA;4;0;17;15H-17H;TARDE;PLENO DIA;CONDUTOR DEIXOU DE MANTER DISTÂNCIA DO VEÍCULO DA FRENTE;COLISÃO LATERAL MESMO SENTIDO;IGNORADO;DUPLA;RETA;NÃO;0
SC;BR-282;LAGES;10;4;QUARTA-FEIRA;2;0;15;15H-17H;TARDE;PLENO DIA;AUSÊNCIA DE REAÇÃO DO CONDUTOR;SAÍDA DE LEITO CARROÇÁVEL;GAROA/CHUVISCO;SIMPLES;"INTERSEÇÃO DE VIAS;RETA";SIM;0
MG;BR-381;ITAPEVA;10;4;QUARTA-FEIRA;2;0;14;12H-14H;TARDE;PLENO DIA;VELOCIDADE INCOMPATÍVEL;TOMBAMENTO;GAROA/CHUVISCO;DUPLA;"DECLIVE;CURVA";NÃO;0
BA;BR-110;INHAMBUPE;10;4;QUARTA-FEIRA;2;0;14;12H-14H;TARDE;PLENO DIA;ACESSAR A VIA SEM OBSERVAR A PRESENÇA DOS OUTROS VEÍCULOS;COLISÃO TRANSVERSAL;CÉU CLARO;SIMPLES;RETA;NÃO;0
MG;BR-116;LEOPOLDINA;10;4;QUARTA-FEIRA;2;0;15;15H-17H;TARDE;PLENO DIA;INGESTÃO DE ÁLCOOL PELO CONDUTOR;TOMBAMENTO;CÉU CLARO;SIMPLES;ACLIVE;NÃO;0
MG;BR-381;BETIM;10;4;QUARTA-FEIRA;2;0;16;15H-17H;TARDE;PLENO DIA;FREAR BRUSCAMENTE;TOMBAMENTO;CÉU CLARO;MÚLTIPLA;"RETA;DECLIVE";SIM;0
GO;BR-060;ALEXANIA;10;4;QUARTA-FEIRA;2;0;16;15H-17H;TARDE;PLENO DIA;CONDUTOR USANDO CELULAR;SAÍDA DE LEITO CARROÇÁVEL;CÉU CLARO;DUPLA;CURVA;NÃO;0
PA;BR-230;BRASIL NOVO;10;4;QUARTA-FEIRA;2;0;16;15H-17H;TARDE;PLENO DIA;ACESSAR A VIA SEM OBSERVAR A PRESENÇA DOS OUTROS VEÍCULOS;COLISÃO FRONTAL;CÉU CLARO;SIMPLES;"DECLIVE;RETA";NÃO;0
PB;BR-230;CABEDELO;10;4;QUARTA-FEIRA;2;0;17;15H-17H;TARDE;ANOITECER;REAÇÃO TARDIA OU INEFICIENTE DO CONDUTOR;ATROPELAMENTO DE ANIMAL;CÉU CLARO;DUPLA;"CURVA;EM OBRAS;DESVIO TEMPORÁRIO";SIM;0
SC;BR-280;JARAGUA DO SUL;10;4;TERÇA-FEIRA;1;0;19;18H-20H;NOITE;PLENO DIA;INGESTÃO DE ÁLCOOL PELO CONDUTOR;COLISÃO LATERAL SENTIDO OPOSTO;CÉU CLARO;SIMPLES;RETA;SIM;0
RJ;BR-116;DUQUE DE CAXIAS;10;4;QUARTA-FEIRA;2;0;17;15H-17H;TARDE;PLENO DIA;REAÇÃO TARDIA OU INEFICIENTE DO CONDUTOR;QUEDA DE OCUPANTE DE VEÍCULO;NUBLADO;DUPLA;CURVA;SIM;0
MG;BR-040;CURVELO;10;4;QUARTA-FEIRA;2;0;18;18H-20H;NOITE;ANOITECER;AVARIAS E/OU DESGASTE EXCESSIVO NO PNEU;TOMBAMENTO;CÉU CLARO;SIMPLES;RETA;NÃO;0
MG;BR-381;BETIM;10;4;QUARTA-FEIRA;2;0;18;18H-20H;NOITE;ANOITECER;AUSÊNCIA DE REAÇÃO DO CONDUTOR;TOMBAMENTO;CÉU CLARO;MÚLTIPLA;RETA;SIM;0
GO;BR-060;ALEXANIA;10;4;QUARTA-FEIRA;2;0;18;18H-20H;NOITE;PLENO DIA;REAÇÃO TARDIA OU INEFICIENTE DO CONDUTOR;QUEDA DE OCUPANTE DE VEÍCULO;CÉU CLARO;DUPLA;"CURVA;ACLIVE";NÃO;0
RS;BR-392;CANGUCU;10;4;QUARTA-FEIRA;2;0;12;12H-14H;TARDE;PLENO DIA;PISTA ESCORREGADIA;COLISÃO COM OBJETO;CHUVA;SIMPLES;"CURVA;ACLIVE";NÃO;0
PB;BR-101;BAYEUX;10;4;QUARTA-FEIRA;2;0;17;15H-17H;TARDE;ANOITECER;REAÇÃO TARDIA OU INEFICIENTE DO CONDUTOR;COLISÃO COM OBJETO;CÉU CLARO;DUPLA;RETA;SIM;0
MG;BR-040;BARBACENA;10;4;QUARTA-FEIRA;2;0;15;15H-17H;TARDE;PLENO DIA;ANIMAIS NA PISTA;COLISÃO COM OBJETO;SOL;DUPLA;"DECLIVE;CURVA";SIM;0
RJ;BR-101;CAMPOS DOS GOYTACAZES;10;4;QUARTA-FEIRA;2;0;18;18H-20H;NOITE;PLENA NOITE;ACESSAR A VIA SEM OBSERVAR A PRESENÇA DOS OUTROS VEÍCULOS;COLISÃO TRANSVERSAL;CÉU CLARO;SIMPLES;RETA;SIM;0
MG;BR-040;PARACATU;10;4;QUARTA-FEIRA;2;0;17;15H-17H;TARDE;ANOITECER;ACESSAR A VIA SEM OBSERVAR A PRESENÇA DOS OUTROS VEÍCULOS;COLISÃO TRANSVERSAL;CÉU CLARO;SIMPLES;"INTERSEÇÃO DE VIAS;RETA";SIM;0
MG;BR-040;JUIZ DE FORA;10;4;QUARTA-FEIRA;2;0;19;18H-20H;NOITE;PLENA NOITE;AUSÊNCIA DE REAÇÃO DO CONDUTOR;SAÍDA DE LEITO CARROÇÁVEL;NUBLADO;SIMPLES;"DECLIVE;RETA";NÃO;0
SP;BR-101;UBATUBA;10;4;QUARTA-FEIRA;2;0;18;18H-20H;NOITE;PLENA NOITE;ACESSAR A VIA SEM OBSERVAR A PRESENÇA DOS OUTROS VEÍCULOS;COLISÃO TRASEIRA;NUBLADO;SIMPLES;"RETA;PONTE";SIM;0
MT;BR-364;TANGARA DA SERRA;10;4;QUARTA-FEIRA;2;0;9;09H-11H;MANHA;PLENO DIA;CHUVA;SAÍDA DE LEITO CARROÇÁVEL;CHUVA;SIMPLES;CURVA;NÃO;0
SP;BR-116;ITAPECERICA DA SERRA;10;4;QUARTA-FEIRA;2;0;18;18H-20H;NOITE;ANOITECER;TRAFEGAR COM MOTOCICLETA (OU SIMILAR) ENTRE AS FAIXAS;COLISÃO LATERAL MESMO SENTIDO;CHUVA;DUPLA;RETA;NÃO;0
RO;BR-364;PIMENTA BUENO;10;4;QUARTA-FEIRA;2;0;17;15H-17H;TARDE;PLENO DIA;CONDUTOR DEIXOU DE MANTER DISTÂNCIA DO VEÍCULO DA FRENTE;COLISÃO TRASEIRA;CÉU CLARO;SIMPLES;ROTATÓRIA;SIM;0
ES;BR-101;SOORETAMA;10;4;QUARTA-FEIRA;2;0;19;18H-20H;NOITE;PLENA NOITE;REAÇÃO TARDIA OU INEFICIENTE DO CONDUTOR;TOMBAMENTO;CÉU CLARO;DUPLA;DECLIVE;NÃO;0
MG;BR-116;TEOFILO OTONI;10;4;QUARTA-FEIRA;2;0;18;18H-20H;NOITE;ANOITECER;ENTRADA INOPINADA DO PEDESTRE;ATROPELAMENTO DE PEDESTRE;CÉU CLARO;SIMPLES;RETA;SIM;0
RJ;BR-101;TANGUA;10;4;QUARTA-FEIRA;2;0;17;15H-17H;TARDE;PLENA NOITE;AUSÊNCIA DE REAÇÃO DO CONDUTOR;COLISÃO TRASEIRA;CÉU CLARO;DUPLA;RETA;SIM;0
PE;BR-232;RECIFE;10;4;QUARTA-FEIRA;2;0;19;18H-20H;NOITE;PLENA NOITE;DEMAIS FALHAS NA VIA;COLISÃO COM OBJETO;CÉU CLARO;DUPLA;RETA;SIM;0
PR;BR-116;CAMPINA GRANDE DO SUL;10;4;QUARTA-FEIRA;2;0;18;18H-20H;NOITE;ANOITECER;CHUVA;COLISÃO COM OBJETO;CHUVA;DUPLA;"ACLIVE;CURVA";NÃO;0
GO;BR-153;ANAPOLIS;10;4;QUARTA-FEIRA;2;0;18;18H-20H;NOITE;PLENA NOITE;CONDUTOR DEIXOU DE MANTER DISTÂNCIA DO VEÍCULO DA FRENTE;COLISÃO TRASEIRA;CÉU CLARO;DUPLA;"ACLIVE;RETA";SIM;0
DF;BR-070;BRASILIA;10;4;QUARTA-FEIRA;2;0;18;18H-20H;NOITE;PLENA NOITE;VELOCIDADE INCOMPATÍVEL;SAÍDA DE LEITO CARROÇÁVEL;NUBLADO;DUPLA;RETA;NÃO;0
SP;BR-116;ITAPECERICA DA SERRA;10;4;QUARTA-FEIRA;2;0;19;18H-20H;NOITE;PLENA NOITE;PEDESTRE ANDAVA NA PISTA;ATROPELAMENTO DE PEDESTRE;GAROA/CHUVISCO;DUPLA;RETA;SIM;0
MG;BR-381;ESTIVA;10;4;QUARTA-FEIRA;2;0;18;18H-20H;NOITE;PLENA NOITE;CHUVA;SAÍDA DE LEITO CARROÇÁVEL;CHUVA;DUPLA;"ACLIVE;RETA";NÃO;0
PE;BR-408;PAUDALHO;10;4;QUARTA-FEIRA;2;0;19;18H-20H;NOITE;PLENA NOITE;AUSÊNCIA DE REAÇÃO DO CONDUTOR;COLISÃO FRONTAL;CÉU CLARO;MÚLTIPLA;RETA;SIM;0
GO;BR-153;ANAPOLIS;10;4;QUARTA-FEIRA;2;0;20;18H-20H;NOITE;PLENA NOITE;ACESSAR A VIA SEM OBSERVAR A PRESENÇA DOS OUTROS VEÍCULOS;COLISÃO TRANSVERSAL;CÉU CLARO;SIMPLES;"RETA;INTERSEÇÃO DE VIAS";SIM;0
SC;BR-282;SAO JOSE;10;4;QUARTA-FEIRA;2;0;19;18H-20H;NOITE;PLENA NOITE;PEDESTRE CRUZAVA A PISTA FORA DA FAIXA;ATROPELAMENTO DE PEDESTRE;NUBLADO;MÚLTIPLA;INTERSEÇÃO DE VIAS;SIM;0
TO;BR-153;ARAGUAINA;10;4;QUARTA-FEIRA;2;0;18;18H-20H;NOITE;PLENA NOITE;ILUMINAÇÃO DEFICIENTE;ATROPELAMENTO DE PEDESTRE;CÉU CLARO;DUPLA;RETA;SIM;1
RJ;BR-101;ITAGUAI;10;4;QUARTA-FEIRA;2;0;20;18H-20H;NOITE;PLENA NOITE;DEMAIS FALHAS MECÂNICAS OU ELÉTRICAS;INCÊNDIO;NUBLADO;DUPLA;RETA;SIM;0
SC;BR-282;PONTE SERRADA;10;4;QUARTA-FEIRA;2;0;20;18H-20H;NOITE;PLENA NOITE;DEMAIS FALHAS MECÂNICAS OU ELÉTRICAS;INCÊNDIO;NUBLADO;SIMPLES;RETA;NÃO;0
PE;BR-424;VENTUROSA;10;4;QUARTA-FEIRA;2;0;18;18H-20H;NOITE;PLENA NOITE;VELOCIDADE INCOMPATÍVEL;TOMBAMENTO;CÉU CLARO;SIMPLES;CURVA;NÃO;1
RJ;BR-101;CAMPOS DOS GOYTACAZES;10;4;QUARTA-FEIRA;2;0;20;18H-20H;NOITE;PLENA NOITE;ULTRAPASSAGEM INDEVIDA;COLISÃO LATERAL SENTIDO OPOSTO;CÉU CLARO;SIMPLES;RETA;NÃO;0
MG;BR-365;PIRAPORA;10;4;QUARTA-FEIRA;2;0;12;12H-14H;TARDE;PLENO DIA;DEMAIS FALHAS MECÂNICAS OU ELÉTRICAS;CAPOTAMENTO;CÉU CLARO;SIMPLES;RETA;NÃO;0
PI;BR-135;BOM JESUS;10;4;QUARTA-FEIRA;2;0;21;21H-23H;NOITE;PLENA NOITE;RETORNO PROIBIDO;COLISÃO TRANSVERSAL;CÉU CLARO;SIMPLES;RETA;SIM;0
BA;BR-101;VALENCA;10;4;QUARTA-FEIRA;2;0;18;18H-20H;NOITE;PLENA NOITE;TRANSITAR NA CONTRAMÃO;COLISÃO FRONTAL;CÉU CLARO;SIMPLES;CURVA;NÃO;0
SC;BR-101;BIGUACU;10;4;QUARTA-FEIRA;2;0;21;21H-23H;NOITE;PLENA NOITE;AUSÊNCIA DE REAÇÃO DO CONDUTOR;COLISÃO COM OBJETO;CHUVA;DUPLA;"RETA;TÚNEL";NÃO;0
SC;BR-163;DIONISIO CERQUEIRA;10;4;QUARTA-FEIRA;2;0;18;18H-20H;NOITE;PLENO DIA;ACESSAR A VIA SEM OBSERVAR A PRESENÇA DOS OUTROS VEÍCULOS;COLISÃO TRANSVERSAL;NUBLADO;SIMPLES;"RETA;INTERSEÇÃO DE VIAS;ACLIVE";SIM;0
BA;BR-407;JUAZEIRO;10;4;QUARTA-FEIRA;2;0;18;18H-20H;NOITE;PLENA NOITE;AUSÊNCIA DE REAÇÃO DO CONDUTOR;COLISÃO TRASEIRA;CÉU CLARO;SIMPLES;RETA;SIM;1
SC;BR-101;SAO JOSE;10;4;QUARTA-FEIRA;2;0;22;21H-23H;NOITE;PLENA NOITE;ACESSAR A VIA SEM OBSERVAR A PRESENÇA DOS OUTROS VEÍCULOS;COLISÃO LATERAL MESMO SENTIDO;NUBLADO;MÚLTIPLA;RETA;SIM;0
MG;BR-381;BETIM;10;4;QUARTA-FEIRA;2;0;23;21H-23H;NOITE;PLENA NOITE;VELOCIDADE INCOMPATÍVEL;SAÍDA DE LEITO CARROÇÁVEL;NUBLADO;DUPLA;RETA;SIM;0
BA;BR-367;PORTO SEGURO;10;4;QUARTA-FEIRA;2;0;22;21H-23H;NOITE;PLENA NOITE;REAÇÃO TARDIA OU INEFICIENTE DO CONDUTOR;TOMBAMENTO;CÉU CLARO;SIMPLES;RETA;SIM;0
SC;BR-101;JOINVILLE;10;4;QUARTA-FEIRA;2;0;22;21H-23H;NOITE;PLENA NOITE;AVARIAS E/OU DESGASTE EXCESSIVO NO PNEU;COLISÃO COM OBJETO;NUBLADO;DUPLA;CURVA;SIM;0
PR;BR-376;TIBAGI;10;4;QUARTA-FEIRA;2;0;20;18H-20H;NOITE;PLENA NOITE;AUSÊNCIA DE REAÇÃO DO CONDUTOR;COLISÃO COM OBJETO;NUBLADO;DUPLA;RETA;NÃO;0
RJ;BR-101;RIO DE JANEIRO;10;4;QUINTA-FEIRA;3;0;0;00H-02H;MADRUGADA;PLENA NOITE;AUSÊNCIA DE REAÇÃO DO CONDUTOR;QUEDA DE OCUPANTE DE VEÍCULO;CÉU CLARO;MÚLTIPLA;RETA;NÃO;0
RJ;BR-465;SEROPEDICA;10;4;QUINTA-FEIRA;3;0;0;00H-02H;MADRUGADA;PLENA NOITE;AUSÊNCIA DE REAÇÃO DO CONDUTOR;COLISÃO COM OBJETO;CÉU CLARO;SIMPLES;CURVA;SIM;0
PI;BR-343;PIRIPIRI;10;4;QUARTA-FEIRA;2;0;22;21H-23H;NOITE;PLENA NOITE;PEDESTRE ANDAVA NA PISTA;ATROPELAMENTO DE PEDESTRE;CÉU CLARO;SIMPLES;RETA;SIM;1
MS;BR-262;ANASTACIO;10;4;QUINTA-FEIRA;3;0;1;00H-02H;MADRUGADA;PLENA NOITE;CONDUTOR DORMINDO;SAÍDA DE LEITO CARROÇÁVEL;CÉU CLARO;SIMPLES;RETA;NÃO;1
MG;BR-050;UBERLANDIA;10;4;QUINTA-FEIRA;3;0;2;00H-02H;MADRUGADA;PLENA NOITE;ANIMAIS NA PISTA;ATROPELAMENTO DE ANIMAL;NUBLADO;SIMPLES;RETA;SIM;0
BA;BR-415;ILHEUS;10;4;QUARTA-FEIRA;2;0;21;21H-23H;NOITE;PLENA NOITE;ESTACIONAR OU PARAR EM LOCAL PROIBIDO;COLISÃO TRASEIRA;NUBLADO;DUPLA;RETA;NÃO;0
ES;BR-101;SERRA;10;4;QUINTA-FEIRA;3;0;4;03H-05H;MADRUGADA;AMANHECER;AUSÊNCIA DE REAÇÃO DO CONDUTOR;COLISÃO COM OBJETO;CÉU CLARO;DUPLA;"INTERSEÇÃO DE VIAS;RETA";SIM;0
SC;BR-101;BALNEARIO CAMBORIU;10;4;QUINTA-FEIRA;3;0;5;03H-05H;MADRUGADA;AMANHECER;REAÇÃO TARDIA OU INEFICIENTE DO CONDUTOR;SAÍDA DE LEITO CARROÇÁVEL;CÉU CLARO;DUPLA;RETA;SIM;0
GO;BR-153;ANAPOLIS;10;4;QUINTA-FEIRA;3;0;5;03H-05H;MADRUGADA;AMANHECER;ENTRADA INOPINADA DO PEDESTRE;ATROPELAMENTO DE PEDESTRE;CÉU CLARO;DUPLA;"RETA;DECLIVE";SIM;0
PE;BR-232;RECIFE;10;4;QUINTA-FEIRA;3;0;4;03H-05H;MADRUGADA;PLENO DIA;REAÇÃO TARDIA OU INEFICIENTE DO CONDUTOR;COLISÃO COM OBJETO;CÉU CLARO;SIMPLES;"INTERSEÇÃO DE VIAS;CURVA";SIM;0
BA;BR-020;LUIS EDUARDO MAGALHAES;10;4;QUINTA-FEIRA;3;0;0;00H-02H;MADRUGADA;PLENA NOITE;INGESTÃO DE ÁLCOOL PELO CONDUTOR;COLISÃO FRONTAL;CÉU CLARO;SIMPLES;RETA;NÃO;0
PR;BR-116;CAMPINA GRANDE DO SUL;10;4;QUINTA-FEIRA;3;0;1;00H-02H;MADRUGADA;PLENA NOITE;CHUVA;SAÍDA DE LEITO CARROÇÁVEL;CHUVA;DUPLA;"ACLIVE;RETA";NÃO;0
MG;BR-262;ARAUJOS;10;4;QUINTA-FEIRA;3;0;3;03H-05H;MADRUGADA;PLENA NOITE;ENTRADA INOPINADA DO PEDESTRE;ATROPELAMENTO DE PEDESTRE;CÉU CLARO;SIMPLES;"DECLIVE;RETA";NÃO;1
RJ;BR-101;ITAGUAI;10;4;QUINTA-FEIRA;3;0;5;03H-05H;MADRUGADA;PLENO DIA;AVARIAS E/OU DESGASTE EXCESSIVO NO PNEU;COLISÃO COM OBJETO;CÉU CLARO;DUPLA;RETA;NÃO;0
TO;BR-010;PALMAS;10;4;QUINTA-FEIRA;3;0;4;03H-05H;MADRUGADA;AMANHECER;AUSÊNCIA DE REAÇÃO DO CONDUTOR;QUEDA DE OCUPANTE DE VEÍCULO;CÉU CLARO;SIMPLES;RETA;NÃO;0
BA;BR-324;FEIRA DE SANTANA;10;4;TERÇA-FEIRA;1;0;22;21H-23H;NOITE;PLENA NOITE;PEDESTRE CRUZAVA A PISTA FORA DA FAIXA;ATROPELAMENTO DE PEDESTRE;GAROA/CHUVISCO;SIMPLES;RETA;SIM;0
RN;BR-101;SAO GONCALO DO AMARANTE;10;4;QUINTA-FEIRA;3;0;7;06H-08H;MANHA;PLENO DIA;MANOBRA DE MUDANÇA DE FAIXA;COLISÃO LATERAL MESMO SENTIDO;NUBLADO;DUPLA;RETA;SIM;0
CE;BR-116;AQUIRAZ;10;4;QUINTA-FEIRA;3;0;7;06H-08H;MANHA;PLENO DIA;AUSÊNCIA DE REAÇÃO DO CONDUTOR;COLISÃO LATERAL MESMO SENTIDO;CÉU CLARO;DUPLA;RETA;NÃO;0
RJ;BR-101;MANGARATIBA;10;4;QUINTA-FEIRA;3;0;6;06H-08H;MANHA;PLENO DIA;ACESSAR A VIA SEM OBSERVAR A PRESENÇA DOS OUTROS VEÍCULOS;COLISÃO TRANSVERSAL;CÉU CLARO;SIMPLES;ROTATÓRIA;NÃO;0
AC;BR-364;RIO BRANCO;10;4;QUARTA-FEIRA;2;0;18;18H-20H;NOITE;PLENA NOITE;VELOCIDADE INCOMPATÍVEL;COLISÃO TRASEIRA;CÉU CLARO;DUPLA;RETA;SIM;0