uf;br_formatada;municipio;mes;trimestre;dia_semana;dia_semana_num;fim_de_semana;hora;faixa_horaria;turno;fase_dia;causa_acidente;tipo_acidente;condicao_metereologica;tipo_pista;tracado_via;uso_solo;acidente_fatal
MG;BR-381;BETIM;11;4;DOMINGO;6;1;0;00H-02H;MADRUGADA;PLENA NOITE;TRANSITAR NA CONTRAMÃO;COLISÃO FRONTAL;CÉU CLARO;DUPLA;RETA;NÃO;0
RS;BR-293;PINHEIRO MACHADO;11;4;SÁBADO;5;1;22;21H-23H;NOITE;PLENA NOITE;ACESSAR A VIA SEM OBSERVAR A PRESENÇA DOS OUTROS VEÍCULOS;COLISÃO FRONTAL;CÉU CLARO;SIMPLES;"INTERSEÇÃO DE VIAS;RETA";SIM;0
MG;BR-146;POCOS DE CALDAS;11;4;DOMINGO;6;1;0;00H-02H;MADRUGADA;PLENA NOITE;VELOCIDADE INCOMPATÍVEL;SAÍDA DE LEITO CARROÇÁVEL;CHUVA;SIMPLES;"INTERSEÇÃO DE VIAS;ROTATÓRIA";NÃO;0
MS;BR-163;CAMPO GRANDE;11;4;DOMINGO;6;1;0;00H-02H;MADRUGADA;PLENA NOITE;TRANSTORNOS MENTAIS (EXCETO SUICIDIO);QUEDA DE OCUPANTE DE VEÍCULO;CÉU CLARO;SIMPLES;RETA;SIM;0
PR;BR-277;GUARAPUAVA;11;4;DOMINGO;6;1;0;00H-02H;MADRUGADA;PLENA NOITE;DEMAIS FALHAS MECÂNICAS OU ELÉTRICAS;TOMBAMENTO;CHUVA;SIMPLES;"RETA;ACLIVE";NÃO;0
PR;BR-163;CASCAVEL;11;4;DOMINGO;6;1;1;00H-02H;MADRUGADA;PLENA NOITE;AUSÊNCIA DE REAÇÃO DO CONDUTOR;SAÍDA DE LEITO CARROÇÁVEL;CHUVA;DUPLA;RETA;NÃO;0
RS;BR-116;CAXIAS DO SUL;11;4;DOMINGO;6;1;2;00H-02H;MADRUGADA;PLENA NOITE;CONVERSÃO PROIBIDA;COLISÃO LATERAL MESMO SENTIDO;CÉU CLARO;MÚLTIPLA;"INTERSEÇÃO DE VIAS;RETA";SIM;0
PE;BR-232;VITORIA DE SANTO ANTAO;11;4;DOMINGO;6;1;1;00H-02H;MADRUGADA;PLENA NOITE;AUSÊNCIA DE REAÇÃO DO CONDUTOR;COLISÃO LATERAL MESMO SENTIDO;CÉU CLARO;DUPLA;"RETA;DECLIVE";NÃO;1
AL;BR-316;MARIBONDO;11;4;SÁBADO;5;1;23;21H-23H;NOITE;PLENA NOITE;REAÇÃO TARDIA OU INEFICIENTE DO CONDUTOR;COLISÃO LATERAL SENTIDO OPOSTO;NUBLADO;SIMPLES;RETA;NÃO;0
SP;BR-153;SAO JOSE DO RIO PRETO;11;4;DOMINGO;6;1;2;00H-02H;MADRUGADA;PLENA NOITE;AUSÊNCIA DE REAÇÃO DO CONDUTOR;TOMBAMENTO;CÉU CLARO;SIMPLES;CURVA;SIM;0
MG;BR-040;CONTAGEM;11;4;DOMINGO;6;1;2;00H-02H;MADRUGADA;PLENA NOITE;VELOCIDADE INCOMPATÍVEL;SAÍDA DE LEITO CARROÇÁVEL;CÉU CLARO;DUPLA;"ACLIVE;INTERSEÇÃO DE VIAS;RETA";SIM;0
RJ;BR-101;CAMPOS DOS GOYTACAZES;11;4;DOMINGO;6;1;2;00H-02H;MADRUGADA;PLENA NOITE;AUSÊNCIA DE REAÇÃO DO CONDUTOR;COLISÃO TRASEIRA;CÉU CLARO;DUPLA;RETA;NÃO;0
SP;BR-116;SAO PAULO;11;4;DOMINGO;6;1;3;03H-05H;MADRUGADA;PLENA NOITE;AUSÊNCIA DE REAÇÃO DO CONDUTOR;COLISÃO COM OBJETO;GAROA/CHUVISCO;MÚLTIPLA;RETA;SIM;0
SC;BR-282;AGUAS MORNAS;11;4;DOMINGO;6;1;2;00H-02H;MADRUGADA;PLENA NOITE;AUSÊNCIA DE REAÇÃO DO CONDUTOR;SAÍDA DE LEITO CARROÇÁVEL;NUBLADO;SIMPLES;"CURVA;DECLIVE";NÃO;0
SC;BR-470;RIO DO SUL;11;4;DOMINGO;6;1;3;03H-05H;MADRUGADA;PLENA NOITE;TRANSITAR NA CONTRAMÃO;COLISÃO FRONTAL;NUBLADO;SIMPLES;RETA;NÃO;0
SE;BR-235;NOSSA SENHORA DO SOCORRO;11;4;DOMINGO;6;1;3;03H-05H;MADRUGADA;PLENA NOITE;INGESTÃO DE ÁLCOOL PELO CONDUTOR;TOMBAMENTO;CHUVA;DUPLA;RETA;SIM;0
MG;BR-040;CAETANOPOLIS;11;4;DOMINGO;6;1;3;03H-05H;MADRUGADA;PLENA NOITE;CONDUTOR DORMINDO;SAÍDA DE LEITO CARROÇÁVEL;CÉU CLARO;DUPLA;"RETA;DECLIVE";NÃO;0
DF;BR-070;BRASILIA;11;4;DOMINGO;6;1;3;03H-05H;MADRUGADA;PLENA NOITE;AUSÊNCIA DE REAÇÃO DO CONDUTOR;COLISÃO COM OBJETO;CÉU CLARO;DUPLA;RETA;SIM;0
GO;BR-040;VALPARAISO DE GOIAS;11;4;DOMINGO;6;1;3;03H-05H;MADRUGADA;PLENA NOITE;CONDUTOR DORMINDO;COLISÃO COM OBJETO;CÉU CLARO;DUPLA;PONTE;SIM;0
RS;BR-448;PORTO ALEGRE;11;4;DOMINGO;6;1;4;03H-05H;MADRUGADA;PLENA NOITE;AUSÊNCIA DE REAÇÃO DO CONDUTOR;SAÍDA DE LEITO CARROÇÁVEL;CÉU CLARO;MÚLTIPLA;"CURVA;PONTE";SIM;0
PR;BR-376;PONTA GROSSA;11;4;DOMINGO;6;1;4;03H-05H;MADRUGADA;PLENA NOITE;AVARIAS E/OU DESGASTE EXCESSIVO NO PNEU;SAÍDA DE LEITO CARROÇÁVEL;CHUVA;DUPLA;RETA;SIM;1
SC;BR-101;GARUVA;11;4;DOMINGO;6;1;4;03H-05H;MADRUGADA;PLENA NOITE;INGESTÃO DE ÁLCOOL PELO CONDUTOR;COLISÃO COM OBJETO;CHUVA;DUPLA;"RETA;RETORNO REGULAMENTADO";NÃO;0
RJ;BR-101;SAO GONCALO;11;4;DOMINGO;6;1;0;00H-02H;MADRUGADA;PLENA NOITE;DEMAIS FALHAS MECÂNICAS OU ELÉTRICAS;TOMBAMENTO;CÉU CLARO;DUPLA;RETA;SIM;0
SC;BR-101;SANTA ROSA DO SUL;11;4;SÁBADO;5;1;21;21H-23H;NOITE;PLENA NOITE;CONDUTOR DEIXOU DE MANTER DISTÂNCIA DO VEÍCULO DA FRENTE;COLISÃO TRASEIRA;NUBLADO;MÚLTIPLA;RETA;SIM;0
PR;BR-277;TEIXEIRA SOARES;11;4;DOMINGO;6;1;0;00H-02H;MADRUGADA;PLENA NOITE;REAÇÃO TARDIA OU INEFICIENTE DO CONDUTOR;CAPOTAMENTO;CHUVA;SIMPLES;CURVA;NÃO;0
BA;BR-101;IBIRAPUA;11;4;DOMINGO;6;1;4;03H-05H;MADRUGADA;AMANHECER;VELOCIDADE INCOMPATÍVEL;SAÍDA DE LEITO CARROÇÁVEL;CÉU CLARO;SIMPLES;"CURVA;DECLIVE";NÃO;1
PI;BR-230;FLORIANO;11;4;DOMINGO;6;1;3;03H-05H;MADRUGADA;PLENA NOITE;AUSÊNCIA DE REAÇÃO DO CONDUTOR;SAÍDA DE LEITO CARROÇÁVEL;CÉU CLARO;SIMPLES;"RETA;PONTE";SIM;0
MS;BR-158;PARANAIBA;11;4;DOMINGO;6;1;1;00H-02H;MADRUGADA;PLENA NOITE;REAÇÃO TARDIA OU INEFICIENTE DO CONDUTOR;SAÍDA DE LEITO CARROÇÁVEL;CÉU CLARO;DUPLA;"CURVA;INTERSEÇÃO DE VIAS;RETORNO REGULAMENTADO";SIM;0
ES;BR-101;IBIRACU;11;4;DOMINGO;6;1;2;00H-02H;MADRUGADA;PLENA NOITE;DEMAIS FALHAS MECÂNICAS OU ELÉTRICAS;INCÊNDIO;NUBLADO;SIMPLES;RETA;NÃO;0
SC;BR-282;XAXIM;11;4;DOMINGO;6;1;4;03H-05H;MADRUGADA;PLENA NOITE;INGESTÃO DE ÁLCOOL PELO CONDUTOR;SAÍDA DE LEITO CARROÇÁVEL;CHUVA;SIMPLES;CURVA;NÃO;0
PR;BR-116;CURITIBA;11;4;DOMINGO;6;1;5;03H-05H;MADRUGADA;AMANHECER;INGESTÃO DE ÁLCOOL PELO CONDUTOR;SAÍDA DE LEITO CARROÇÁVEL;CHUVA;DUPLA;CURVA;SIM;0
AP;BR-210;MACAPA;11;4;DOMINGO;6;1;3;03H-05H;MADRUGADA;AMANHECER;INGESTÃO DE ÁLCOOL PELO CONDUTOR;COLISÃO COM OBJETO;IGNORADO;DUPLA;RETA;NÃO;0
MA;BR-316;TIMON;11;4;DOMINGO;6;1;3;03H-05H;MADRUGADA;PLENA NOITE;AUSÊNCIA DE REAÇÃO DO CONDUTOR;SAÍDA DE LEITO CARROÇÁVEL;CÉU CLARO;SIMPLES;"RETA;DECLIVE;PONTE";SIM;0
SC;BR-470;RODEIO;11;4;DOMINGO;6;1;5;03H-05H;MADRUGADA;AMANHECER;AUSÊNCIA DE REAÇÃO DO CONDUTOR;SAÍDA DE LEITO CARROÇÁVEL;GAROA/CHUVISCO;SIMPLES;CURVA;NÃO;0
MS;BR-060;SIDROLANDIA;11;4;DOMINGO;6;1;5;03H-05H;MADRUGADA;AMANHECER;AUSÊNCIA DE REAÇÃO DO CONDUTOR;COLISÃO LATERAL SENTIDO OPOSTO;CÉU CLARO;DUPLA;INTERSEÇÃO DE VIAS;NÃO;0
PR;BR-272;GOIOERE;11;4;DOMINGO;6;1;4;03H-05H;MADRUGADA;PLENA NOITE;CHUVA;COLISÃO COM OBJETO;CHUVA;SIMPLES;RETA;SIM;0
RJ;BR-101;CASIMIRO DE ABREU;11;4;DOMINGO;6;1;2;00H-02H;MADRUGADA;PLENA NOITE;AUSÊNCIA DE REAÇÃO DO CONDUTOR;CAPOTAMENTO;CÉU CLARO;SIMPLES;RETA;NÃO;0
MG;BR-381;ESTIVA;11;4;DOMINGO;6;1;6;06H-08H;MANHA;PLENO DIA;PISTA ESCORREGADIA;SAÍDA DE LEITO CARROÇÁVEL;GAROA/CHUVISCO;DUPLA;"CURVA;DECLIVE";NÃO;0
MA;BR-316;BELA VISTA DO MARANHAO;11;4;DOMINGO;6;1;6;06H-08H;MANHA;PLENO DIA;AUSÊNCIA DE REAÇÃO DO CONDUTOR;COLISÃO LATERAL MESMO SENTIDO;SOL;SIMPLES;RETA;SIM;0
MG;BR-116;CARATINGA;11;4;DOMINGO;6;1;5;03H-05H;MADRUGADA;AMANHECER;CONDUTOR DORMINDO;SAÍDA DE LEITO CARROÇÁVEL;GAROA/CHUVISCO;SIMPLES;RETA;NÃO;0
MT;BR-070;CUIABA;11;4;SÁBADO;5;1;19;18H-20H;NOITE;PLENA NOITE;DESVIO TEMPORÁRIO;SAÍDA DE LEITO CARROÇÁVEL;CÉU CLARO;DUPLA;"RETA;EM OBRAS;DESVIO TEMPORÁRIO";NÃO;0
PI;BR-230;FRONTEIRAS;11;4;DOMINGO;6;1;5;03H-05H;MADRUGADA;AMANHECER;CONDUTOR DEIXOU DE MANTER DISTÂNCIA DO VEÍCULO DA FRENTE;COLISÃO TRASEIRA;CÉU CLARO;SIMPLES;RETA;NÃO;1
PR;BR-277;CURITIBA;11;4;DOMINGO;6;1;6;06H-08H;MANHA;PLENO DIA;PISTA ESCORREGADIA;TOMBAMENTO;GAROA/CHUVISCO;DUPLA;"CURVA;VIADUTO";SIM;0
PR;BR-277;PARANAGUA;11;4;DOMINGO;6;1;7;06H-08H;MANHA;PLENO DIA;VELOCIDADE INCOMPATÍVEL;SAÍDA DE LEITO CARROÇÁVEL;GAROA/CHUVISCO;DUPLA;RETA;NÃO;0
PE;BR-428;PETROLINA;11;4;DOMINGO;6;1;6;06H-08H;MANHA;PLENO DIA;AUSÊNCIA DE REAÇÃO DO CONDUTOR;CAPOTAMENTO;CÉU CLARO;SIMPLES;RETA;NÃO;0
PR;BR-116;CAMPINA GRANDE DO SUL;11;4;SÁBADO;5;1;23;21H-23H;NOITE;PLENA NOITE;AUSÊNCIA DE REAÇÃO DO CONDUTOR;COLISÃO COM OBJETO;GAROA/CHUVISCO;DUPLA;CURVA;NÃO;0
SC;BR-280;SAO BENTO DO SUL;11;4;DOMINGO;6;1;7;06H-08H;MANHA;PLENO DIA;CHUVA;TOMBAMENTO;CHUVA;SIMPLES;"DECLIVE;RETA";NÃO;0
MG;BR-381;SAO GONCALO DO SAPUCAI;11;4;DOMINGO;6;1;5;03H-05H;MADRUGADA;PLENA NOITE;CHUVA;SAÍDA DE LEITO CARROÇÁVEL;CHUVA;DUPLA;RETA;NÃO;0
PI;BR-343;TERESINA;11;4;DOMINGO;6;1;6;06H-08H;MANHA;PLENO DIA;AUSÊNCIA DE REAÇÃO DO CONDUTOR;COLISÃO TRASEIRA;CÉU CLARO;DUPLA;RETA;SIM;0
GO;BR-060;RIO VERDE;11;4;DOMINGO;6;1;7;06H-08H;MANHA;PLENO DIA;CONDUTOR DORMINDO;COLISÃO COM OBJETO;CÉU CLARO;DUPLA;RETA;SIM;0
RJ;BR-040;DUQUE DE CAXIAS;11;4;SÁBADO;5;1;19;18H-20H;NOITE;PLENA NOITE;REAÇÃO TARDIA OU INEFICIENTE DO CONDUTOR;TOMBAMENTO;CÉU CLARO;DUPLA;RETA;SIM;0
RJ;BR-040;DUQUE DE CAXIAS;11;4;DOMINGO;6;1;6;06H-08H;MANHA;PLENO DIA;REAÇÃO TARDIA OU INEFICIENTE DO CONDUTOR;QUEDA DE OCUPANTE DE VEÍCULO;CÉU CLARO;MÚLTIPLA;RETA;SIM;0
MG;BR-146;POCOS DE CALDAS;11;4;DOMINGO;6;1;8;06H-08H;MANHA;PLENO DIA;ACUMULO DE ÁGUA SOBRE O PAVIMENTO;COLISÃO FRONTAL;CHUVA;SIMPLES;CURVA;NÃO;0
SE;BR-101;ITAPORANGA DAJUDA;11;4;DOMINGO;6;1;8;06H-08H;MANHA;PLENO DIA;AVARIAS E/OU DESGASTE EXCESSIVO NO PNEU;COLISÃO COM OBJETO;NUBLADO;DUPLA;RETA;NÃO;0
PR;BR-116;CAMPINA GRANDE DO SUL;11;4;DOMINGO;6;1;7;06H-08H;MANHA;PLENO DIA;CHUVA;SAÍDA DE LEITO CARROÇÁVEL;CHUVA;DUPLA;CURVA;NÃO;0
RN;BR-101;PARNAMIRIM;11;4;DOMINGO;6;1;8;06H-08H;MANHA;PLENO DIA;ACESSAR A VIA SEM OBSERVAR A PRESENÇA DOS OUTROS VEÍCULOS;COLISÃO LATERAL MESMO SENTIDO;CÉU CLARO;DUPLA;RETA;SIM;0
PA;BR-230;MARABA;11;4;DOMINGO;6;1;8;06H-08H;MANHA;PLENO DIA;INGESTÃO DE ÁLCOOL PELO CONDUTOR;TOMBAMENTO;NUBLADO;DUPLA;RETA;SIM;0
PE;BR-316;FLORESTA;11;4;DOMINGO;6;1;3;03H-05H;MADRUGADA;PLENA NOITE;TRANSITAR NA CONTRAMÃO;COLISÃO FRONTAL;CÉU CLARO;SIMPLES;RETA;NÃO;0
PE;BR-423;GARANHUNS;11;4;DOMINGO;6;1;9;09H-11H;MANHA;PLENO DIA;REAÇÃO TARDIA OU INEFICIENTE DO CONDUTOR;COLISÃO TRASEIRA;CÉU CLARO;SIMPLES;"DECLIVE;CURVA";NÃO;0
PI;BR-230;OEIRAS;11;4;DOMINGO;6;1;7;06H-08H;MANHA;PLENO DIA;REAÇÃO TARDIA OU INEFICIENTE DO CONDUTOR;COLISÃO COM OBJETO;CÉU CLARO;SIMPLES;RETA;NÃO;0
MG;BR-381;ITATIAIUCU;11;4;DOMINGO;6;1;8;06H-08H;MANHA;PLENO DIA;VELOCIDADE INCOMPATÍVEL;TOMBAMENTO;NUBLADO;DUPLA;"CURVA;DECLIVE";NÃO;0
MG;BR-381;CAREACU;11;4;DOMINGO;6;1;8;06H-08H;MANHA;PLENO DIA;DESRESPEITAR A PREFERÊNCIA NO CRUZAMENTO;COLISÃO TRASEIRA;CHUVA;DUPLA;"INTERSEÇÃO DE VIAS;RETA";NÃO;0
SP;BR-116;SAO LOURENCO DA SERRA;10;4;SÁBADO;5;1;0;00H-02H;MADRUGADA;PLENA NOITE;PEDESTRE ANDAVA NA PISTA;ATROPELAMENTO DE PEDESTRE;GAROA/CHUVISCO;DUPLA;RETA;NÃO;0
MG;BR-050;ARAGUARI;11;4;DOMINGO;6;1;7;06H-08H;MANHA;PLENO DIA;PISTA ESCORREGADIA;SAÍDA DE LEITO CARROÇÁVEL;NUBLADO;DUPLA;"DECLIVE;CURVA";NÃO;0
PR;BR-116;RIO NEGRO;11;4;DOMINGO;6;1;9;09H-11H;MANHA;PLENO DIA;REAÇÃO TARDIA OU INEFICIENTE DO CONDUTOR;COLISÃO COM OBJETO;CHUVA;SIMPLES;"DECLIVE;CURVA";NÃO;0
PA;BR-IGNORADA;BELEM;11;4;DOMINGO;6;1;6;06H-08H;MANHA;PLENO DIA;ACESSAR A VIA SEM OBSERVAR A PRESENÇA DOS OUTROS VEÍCULOS;COLISÃO TRANSVERSAL;CÉU CLARO;DUPLA;RETA;SIM;0
ES;BR-101;CARIACICA;11;4;DOMINGO;6;1;10;09H-11H;MANHA;PLENO DIA;TRANSITAR NA CONTRAMÃO;COLISÃO LATERAL SENTIDO OPOSTO;CÉU CLARO;DUPLA;DECLIVE;NÃO;0
SC;BR-280;RIO NEGRINHO;11;4;DOMINGO;6;1;9;09H-11H;MANHA;PLENO DIA;VELOCIDADE INCOMPATÍVEL;SAÍDA DE LEITO CARROÇÁVEL;GAROA/CHUVISCO;SIMPLES;RETA;NÃO;0
SP;BR-381;SAO PAULO;11;4;DOMINGO;6;1;9;09H-11H;MANHA;PLENO DIA;AUSÊNCIA DE REAÇÃO DO CONDUTOR;TOMBAMENTO;CHUVA;MÚLTIPLA;CURVA;NÃO;0
MG;BR-262;JUATUBA;11;4;DOMINGO;6;1;10;09H-11H;MANHA;PLENO DIA;VELOCIDADE INCOMPATÍVEL;SAÍDA DE LEITO CARROÇÁVEL;NUBLADO;DUPLA;"ACLIVE;CURVA";NÃO;0
RS;BR-116;VACARIA;11;4;DOMINGO;6;1;10;09H-11H;MANHA;PLENO DIA;ULTRAPASSAGEM INDEVIDA;COLISÃO LATERAL MESMO SENTIDO;CÉU CLARO;SIMPLES;RETA;SIM;0
RN;BR-101;PARNAMIRIM;11;4;DOMINGO;6;1;10;09H-11H;MANHA;PLENO DIA;VELOCIDADE INCOMPATÍVEL;QUEDA DE OCUPANTE DE VEÍCULO;CÉU CLARO;MÚLTIPLA;INTERSEÇÃO DE VIAS;NÃO;0
SC;BR-153;AGUA DOCE;11;4;SÁBADO;5;1;16;15H-17H;TARDE;PLENO DIA;MAL SÚBITO DO CONDUTOR;SAÍDA DE LEITO CARROÇÁVEL;CÉU CLARO;SIMPLES;CURVA;NÃO;0
CE;BR-222;SAO GONCALO DO AMARANTE;11;4;DOMINGO;6;1;8;06H-08H;MANHA;PLENO DIA;MANOBRA DE MUDANÇA DE FAIXA;COLISÃO LATERAL MESMO SENTIDO;CÉU CLARO;SIMPLES;RETA;NÃO;0
PE;BR-101;RIBEIRAO;11;4;DOMINGO;6;1;10;09H-11H;MANHA;PLENO DIA;MANOBRA DE MUDANÇA DE FAIXA;COLISÃO LATERAL MESMO SENTIDO;NUBLADO;DUPLA;CURVA;NÃO;0
PI;BR-407;PAULISTANA;11;4;DOMINGO;6;1;11;09H-11H;MANHA;PLENO DIA;VELOCIDADE INCOMPATÍVEL;COLISÃO TRANSVERSAL;CÉU CLARO;DUPLA;RETA;SIM;0
SC;BR-282;SANTO AMARO DA IMPERATRIZ;11;4;DOMINGO;6;1;11;09H-11H;MANHA;PLENO DIA;ACESSAR A VIA SEM OBSERVAR A PRESENÇA DOS OUTROS VEÍCULOS;COLISÃO TRANSVERSAL;CÉU CLARO;SIMPLES;INTERSEÇÃO DE VIAS;SIM;0
RJ;BR-116;ITATIAIA;11;4;DOMINGO;6;1;9;09H-11H;MANHA;PLENO DIA;CONDUTOR DORMINDO;SAÍDA DE LEITO CARROÇÁVEL;CHUVA;DUPLA;RETA;SIM;0
PR;BR-376;TIBAGI;10;4;SEGUNDA-FEIRA;0;0;9;09H-11H;MANHA;PLENO DIA;AVARIAS E/OU DESGASTE EXCESSIVO NO PNEU;SAÍDA DE LEITO CARROÇÁVEL;CHUVA;DUPLA;CURVA;NÃO;0
MG;BR-381;SANTO ANTONIO DO AMPARO;11;4;DOMINGO;6;1;10;09H-11H;MANHA;PLENO DIA;CHUVA;COLISÃO COM OBJETO;CHUVA;DUPLA;"DECLIVE;CURVA";NÃO;0
PR;BR-369;JANDAIA DO SUL;11;4;DOMINGO;6;1;12;12H-14H;TARDE;PLENO DIA;DEMAIS FALHAS MECÂNICAS OU ELÉTRICAS;SAÍDA DE LEITO CARROÇÁVEL;CHUVA;SIMPLES;"DECLIVE;INTERSEÇÃO DE VIAS";NÃO;0
MG;BR-050;UBERLANDIA;11;4;DOMINGO;6;1;13;12H-14H;TARDE;PLENO DIA;MAL SÚBITO DO CONDUTOR;COLISÃO COM OBJETO;NUBLADO;DUPLA;VIADUTO;SIM;0
ES;BR-262;MARECHAL FLORIANO;11;4;DOMINGO;6;1;13;12H-14H;TARDE;PLENO DIA;CONDUTOR DEIXOU DE MANTER DISTÂNCIA DO VEÍCULO DA FRENTE;COLISÃO TRASEIRA;CHUVA;SIMPLES;RETA;SIM;0
RS;BR-116;PICADA CAFE;11;4;DOMINGO;6;1;10;09H-11H;MANHA;PLENO DIA;VELOCIDADE INCOMPATÍVEL;QUEDA DE OCUPANTE DE VEÍCULO;CÉU CLARO;SIMPLES;CURVA;NÃO;0
MG;BR-262;CONCEICAO DO PARA;11;4;DOMINGO;6;1;13;12H-14H;TARDE;PLENO DIA;VELOCIDADE INCOMPATÍVEL;CAPOTAMENTO;NUBLADO;DUPLA;RETA;NÃO;0
MG;BR-381;CAMBUI;11;4;DOMINGO;6;1;12;12H-14H;TARDE;PLENO DIA;CURVA ACENTUADA;CAPOTAMENTO;CHUVA;DUPLA;CURVA;NÃO;0
ES;BR-101;LINHARES;11;4;DOMINGO;6;1;14;12H-14H;TARDE;PLENO DIA;ACESSAR A VIA SEM OBSERVAR A PRESENÇA DOS OUTROS VEÍCULOS;COLISÃO TRANSVERSAL;CÉU CLARO;SIMPLES;RETA;SIM;0
SC;BR-282;SANTO AMARO DA IMPERATRIZ;11;4;DOMINGO;6;1;14;12H-14H;TARDE;PLENO DIA;ULTRAPASSAGEM INDEVIDA;COLISÃO FRONTAL;NUBLADO;SIMPLES;"ACLIVE;RETA;VIADUTO";SIM;0
PR;BR-277;CANDOI;11;4;DOMINGO;6;1;13;12H-14H;TARDE;PLENO DIA;MAL SÚBITO DO CONDUTOR;SAÍDA DE LEITO CARROÇÁVEL;NUBLADO;SIMPLES;RETA;NÃO;0
RS;BR-470;BENTO GONCALVES;11;4;DOMINGO;6;1;14;12H-14H;TARDE;PLENO DIA;ACESSAR A VIA SEM OBSERVAR A PRESENÇA DOS OUTROS VEÍCULOS;COLISÃO LATERAL MESMO SENTIDO;NUBLADO;DUPLA;CURVA;NÃO;0
MG;BR-381;OLIVEIRA;11;4;DOMINGO;6;1;15;15H-17H;TARDE;PLENO DIA;VELOCIDADE INCOMPATÍVEL;SAÍDA DE LEITO CARROÇÁVEL;GAROA/CHUVISCO;DUPLA;CURVA;NÃO;0
RN;BR-101;ARES;11;4;DOMINGO;6;1;14;12H-14H;TARDE;PLENO DIA;INGESTÃO DE ÁLCOOL PELO CONDUTOR;TOMBAMENTO;CÉU CLARO;DUPLA;"RETORNO REGULAMENTADO;ROTATÓRIA;VIADUTO";NÃO;0
RS;BR-116;CANOAS;11;4;DOMINGO;6;1;15;15H-17H;TARDE;PLENO DIA;REAÇÃO TARDIA OU INEFICIENTE DO CONDUTOR;TOMBAMENTO;CÉU CLARO;MÚLTIPLA;RETA;SIM;0
SP;BR-488;APARECIDA;11;4;DOMINGO;6;1;14;12H-14H;TARDE;PLENO DIA;CHUVA;COLISÃO TRANSVERSAL;CHUVA;SIMPLES;RETA;SIM;0
MA;BR-135;SAO LUIS;11;4;DOMINGO;6;1;9;09H-11H;MANHA;PLENO DIA;MANOBRA DE MUDANÇA DE FAIXA;SAÍDA DE LEITO CARROÇÁVEL;CÉU CLARO;DUPLA;RETA;SIM;0
MG;BR-381;EXTREMA;11;4;DOMINGO;6;1;15;15H-17H;TARDE;PLENO DIA;VELOCIDADE INCOMPATÍVEL;SAÍDA DE LEITO CARROÇÁVEL;CHUVA;DUPLA;CURVA;NÃO;0
MG;BR-381;EXTREMA;11;4;DOMINGO;6;1;16;15H-17H;TARDE;PLENO DIA;VELOCIDADE INCOMPATÍVEL;SAÍDA DE LEITO CARROÇÁVEL;CHUVA;DUPLA;CURVA;NÃO;0
SP;BR-381;BRAGANCA PAULISTA;11;4;DOMINGO;6;1;16;15H-17H;TARDE;PLENO DIA;REAÇÃO TARDIA OU INEFICIENTE DO CONDUTOR;COLISÃO TRASEIRA;CHUVA;DUPLA;RETA;NÃO;0
MG;BR-381;PERDOES;11;4;DOMINGO;6;1;15;15H-17H;TARDE;PLENO DIA;REAÇÃO TARDIA OU INEFICIENTE DO CONDUTOR;SAÍDA DE LEITO CARROÇÁVEL;CHUVA;DUPLA;"CURVA;DECLIVE";NÃO;0
SC;BR-153;AGUA DOCE;11;4;SÁBADO;5;1;23;21H-23H;NOITE;PLENA NOITE;ACESSAR A VIA SEM OBSERVAR A PRESENÇA DOS OUTROS VEÍCULOS;COLISÃO TRANSVERSAL;NUBLADO;SIMPLES;INTERSEÇÃO DE VIAS;NÃO;0
MT;BR-364;CUIABA;11;4;DOMINGO;6;1;15;15H-17H;TARDE;PLENO DIA;AUSÊNCIA DE REAÇÃO DO CONDUTOR;QUEDA DE OCUPANTE DE VEÍCULO;CÉU CLARO;DUPLA;RETA;SIM;0
RJ;BR-116;PORTO REAL;11;4;DOMINGO;6;1;14;12H-14H;TARDE;PLENO DIA;REAÇÃO TARDIA OU INEFICIENTE DO CONDUTOR;TOMBAMENTO;CHUVA;SIMPLES;"CURVA;DECLIVE";SIM;0
SC;BR-470;BLUMENAU;11;4;DOMINGO;6;1;15;15H-17H;TARDE;PLENO DIA;REAÇÃO TARDIA OU INEFICIENTE DO CONDUTOR;COLISÃO LATERAL MESMO SENTIDO;NUBLADO;SIMPLES;"RETA;EM OBRAS";SIM;1
RJ;BR-101;ANGRA DOS REIS;11;4;DOMINGO;6;1;15;15H-17H;TARDE;PLENO DIA;AUSÊNCIA DE REAÇÃO DO CONDUTOR;SAÍDA DE LEITO CARROÇÁVEL;GAROA/CHUVISCO;SIMPLES;CURVA;NÃO;0
MG;BR-040;OLIVEIRA FORTES;11;4;DOMINGO;6;1;16;15H-17H;TARDE;PLENO DIA;VELOCIDADE INCOMPATÍVEL;SAÍDA DE LEITO CARROÇÁVEL;CHUVA;DUPLA;"DECLIVE;CURVA";NÃO;0
MG;BR-040;SANTOS DUMONT;11;4;DOMINGO;6;1;16;15H-17H;TARDE;PLENO DIA;REAÇÃO TARDIA OU INEFICIENTE DO CONDUTOR;CAPOTAMENTO;NUBLADO;DUPLA;DECLIVE;NÃO;0
AM;BR-174;MANAUS;11;4;DOMINGO;6;1;14;12H-14H;TARDE;PLENO DIA;REAÇÃO TARDIA OU INEFICIENTE DO CONDUTOR;COLISÃO TRASEIRA;SOL;SIMPLES;"RETA;ACLIVE";SIM;0