uf;br_formatada;municipio;mes;trimestre;dia_semana;dia_semana_num;fim_de_semana;hora;faixa_horaria;turno;fase_dia;causa_acidente;tipo_acidente;condicao_metereologica;tipo_pista;tracado_via;uso_solo;acidente_fatal
SP;BR-116;GUARULHOS;11;4;SEGUNDA-FEIRA;0;0;8;06H-08H;MANHA;PLENO DIA;TRAFEGAR COM MOTOCICLETA (OU SIMILAR) ENTRE AS FAIXAS;COLISÃO TRASEIRA;NUBLADO;MÚLTIPLA;RETA;SIM;0
PE;BR-232;CARUARU;11;4;SEGUNDA-FEIRA;0;0;8;06H-08H;MANHA;PLENO DIA;CONDUTOR DEIXOU DE MANTER DISTÂNCIA DO VEÍCULO DA FRENTE;COLISÃO TRASEIRA;SOL;DUPLA;"RETA;DECLIVE";NÃO;0
PR;BR-376;PONTA GROSSA;11;4;SEGUNDA-FEIRA;0;0;8;06H-08H;MANHA;PLENO DIA;MAL SÚBITO DO CONDUTOR;SAÍDA DE LEITO CARROÇÁVEL;CHUVA;DUPLA;RETA;SIM;0
MT;BR-070;CACERES;11;4;QUINTA-FEIRA;3;0;9;09H-11H;MANHA;PLENO DIA;ACESSO IRREGULAR;COLISÃO TRANSVERSAL;CÉU CLARO;SIMPLES;"INTERSEÇÃO DE VIAS;RETA";SIM;0
SC;BR-282;PALHOCA;11;4;SEGUNDA-FEIRA;0;0;9;09H-11H;MANHA;PLENO DIA;CONDUTOR DEIXOU DE MANTER DISTÂNCIA DO VEÍCULO DA FRENTE;COLISÃO TRASEIRA;CHUVA;SIMPLES;RETA;NÃO;0
PR;BR-369;LONDRINA;11;4;SEGUNDA-FEIRA;0;0;9;09H-11H;MANHA;PLENO DIA;REAÇÃO TARDIA OU INEFICIENTE DO CONDUTOR;COLISÃO TRANSVERSAL;CHUVA;DUPLA;RETORNO REGULAMENTADO;SIM;0
DF;BR-080;BRASILIA;11;4;SEGUNDA-FEIRA;0;0;8;06H-08H;MANHA;PLENO DIA;AUSÊNCIA DE REAÇÃO DO CONDUTOR;SAÍDA DE LEITO CARROÇÁVEL;CÉU CLARO;SIMPLES;RETA;NÃO;0
MG;BR-365;BURITIZEIRO;11;4;SEGUNDA-FEIRA;0;0;7;06H-08H;MANHA;PLENO DIA;TRANSITAR NA CONTRAMÃO;COLISÃO FRONTAL;CÉU CLARO;SIMPLES;RETA;NÃO;1
BA;BR-101;SANTO ANTONIO DE JESUS;10;4;SEGUNDA-FEIRA;0;0;17;15H-17H;TARDE;ANOITECER;ACESSO IRREGULAR;COLISÃO TRANSVERSAL;NUBLADO;SIMPLES;DECLIVE;SIM;0
PR;BR-277;SAO JOSE DOS PINHAIS;11;4;SEGUNDA-FEIRA;0;0;10;09H-11H;MANHA;PLENO DIA;FREAR BRUSCAMENTE;TOMBAMENTO;GAROA/CHUVISCO;DUPLA;"INTERSEÇÃO DE VIAS;RETA;VIADUTO";SIM;0
ES;BR-101;SERRA;11;4;SEGUNDA-FEIRA;0;0;9;09H-11H;MANHA;PLENO DIA;ACESSAR A VIA SEM OBSERVAR A PRESENÇA DOS OUTROS VEÍCULOS;ATROPELAMENTO DE PEDESTRE;NUBLADO;SIMPLES;RETA;NÃO;0
PR;BR-376;TIJUCAS DO SUL;11;4;SEGUNDA-FEIRA;0;0;9;09H-11H;MANHA;PLENO DIA;REAÇÃO TARDIA OU INEFICIENTE DO CONDUTOR;COLISÃO COM OBJETO;GAROA/CHUVISCO;SIMPLES;CURVA;NÃO;0
MT;BR-364;JUSCIMEIRA;11;4;SEGUNDA-FEIRA;0;0;8;06H-08H;MANHA;PLENO DIA;DEMAIS FALHAS MECÂNICAS OU ELÉTRICAS;INCÊNDIO;NUBLADO;DUPLA;"CURVA;ACLIVE";NÃO;0
SE;BR-101;ESTANCIA;11;4;SEGUNDA-FEIRA;0;0;10;09H-11H;MANHA;PLENO DIA;AUSÊNCIA DE REAÇÃO DO CONDUTOR;SAÍDA DE LEITO CARROÇÁVEL;SOL;DUPLA;"RETA;DECLIVE";NÃO;0
RJ;BR-101;ANGRA DOS REIS;11;4;SEGUNDA-FEIRA;0;0;8;06H-08H;MANHA;PLENO DIA;ACESSAR A VIA SEM OBSERVAR A PRESENÇA DOS OUTROS VEÍCULOS;COLISÃO LATERAL MESMO SENTIDO;NUBLADO;SIMPLES;RETA;SIM;0
SC;BR-282;PALHOCA;11;4;SEGUNDA-FEIRA;0;0;10;09H-11H;MANHA;PLENO DIA;CONDUTOR DEIXOU DE MANTER DISTÂNCIA DO VEÍCULO DA FRENTE;ENGAVETAMENTO;CHUVA;SIMPLES;"RETA;DECLIVE";SIM;0
RO;BR-364;CACOAL;11;4;SEGUNDA-FEIRA;0;0;8;06H-08H;MANHA;PLENO DIA;CONDUTOR DEIXOU DE MANTER DISTÂNCIA DO VEÍCULO DA FRENTE;COLISÃO TRASEIRA;CÉU CLARO;SIMPLES;RETA;SIM;0
ES;BR-101;CARIACICA;11;4;SEGUNDA-FEIRA;0;0;10;09H-11H;MANHA;PLENO DIA;CONDUTOR DEIXOU DE MANTER DISTÂNCIA DO VEÍCULO DA FRENTE;COLISÃO TRASEIRA;NUBLADO;DUPLA;RETA;NÃO;0
RN;BR-304;LAJES;11;4;SEGUNDA-FEIRA;0;0;7;06H-08H;MANHA;PLENO DIA;TRAFEGAR COM MOTOCICLETA (OU SIMILAR) ENTRE AS FAIXAS;COLISÃO LATERAL MESMO SENTIDO;CÉU CLARO;SIMPLES;DECLIVE;SIM;0
RS;BR-116;JAGUARAO;11;4;SEGUNDA-FEIRA;0;0;7;06H-08H;MANHA;PLENO DIA;CONDUTOR DORMINDO;SAÍDA DE LEITO CARROÇÁVEL;CÉU CLARO;SIMPLES;RETA;NÃO;0
MS;BR-158;CASSILANDIA;11;4;QUARTA-FEIRA;2;0;16;15H-17H;TARDE;PLENO DIA;ULTRAPASSAGEM INDEVIDA;COLISÃO TRANSVERSAL;CÉU CLARO;SIMPLES;RETA;SIM;0
RJ;BR-116;NOVA IGUACU;11;4;SEGUNDA-FEIRA;0;0;11;09H-11H;MANHA;PLENO DIA;REAÇÃO TARDIA OU INEFICIENTE DO CONDUTOR;COLISÃO LATERAL MESMO SENTIDO;CÉU CLARO;MÚLTIPLA;"EM OBRAS;RETA";SIM;0
RS;BR-386;FONTOURA XAVIER;11;4;SEGUNDA-FEIRA;0;0;11;09H-11H;MANHA;PLENO DIA;CONDUTOR USANDO CELULAR;COLISÃO TRASEIRA;CÉU CLARO;SIMPLES;"RETA;EM OBRAS";NÃO;0
RN;BR-406;CEARA-MIRIM;11;4;SEGUNDA-FEIRA;0;0;11;09H-11H;MANHA;PLENO DIA;CONDUTOR DEIXOU DE MANTER DISTÂNCIA DO VEÍCULO DA FRENTE;COLISÃO TRASEIRA;CÉU CLARO;SIMPLES;"RETA;ACLIVE";NÃO;0
MG;BR-381;CAMANDUCAIA;11;4;SEGUNDA-FEIRA;0;0;10;09H-11H;MANHA;PLENO DIA;VELOCIDADE INCOMPATÍVEL;SAÍDA DE LEITO CARROÇÁVEL;NUBLADO;DUPLA;CURVA;NÃO;0
DF;BR-020;BRASILIA;11;4;SEGUNDA-FEIRA;0;0;11;09H-11H;MANHA;PLENO DIA;CHUVA;TOMBAMENTO;NUBLADO;DUPLA;RETA;SIM;0
MA;BR-135;SAO LUIS;11;4;SEGUNDA-FEIRA;0;0;9;09H-11H;MANHA;PLENO DIA;CONDUTOR DEIXOU DE MANTER DISTÂNCIA DO VEÍCULO DA FRENTE;ENGAVETAMENTO;CÉU CLARO;DUPLA;RETA;SIM;0
ES;BR-101;ICONHA;11;4;SEGUNDA-FEIRA;0;0;12;12H-14H;TARDE;PLENO DIA;DEMAIS FALHAS MECÂNICAS OU ELÉTRICAS;COLISÃO COM OBJETO;CÉU CLARO;DUPLA;CURVA;NÃO;0
GO;BR-060;GOIANAPOLIS;11;4;SEGUNDA-FEIRA;0;0;11;09H-11H;MANHA;PLENO DIA;DEMAIS FALHAS MECÂNICAS OU ELÉTRICAS;INCÊNDIO;NUBLADO;MÚLTIPLA;RETA;NÃO;0
SC;BR-116;MAFRA;10;4;SEXTA-FEIRA;4;0;16;15H-17H;TARDE;PLENO DIA;OBJETO ESTÁTICO SOBRE O LEITO CARROÇÁVEL;COLISÃO COM OBJETO;CÉU CLARO;SIMPLES;INTERSEÇÃO DE VIAS;NÃO;0
RJ;BR-393;TRES RIOS;11;4;DOMINGO;6;1;23;21H-23H;NOITE;PLENA NOITE;VELOCIDADE INCOMPATÍVEL;COLISÃO COM OBJETO;GAROA/CHUVISCO;SIMPLES;"DECLIVE;CURVA";NÃO;0
SC;BR-101;SAO JOSE;11;4;SEGUNDA-FEIRA;0;0;12;12H-14H;TARDE;PLENO DIA;MANOBRA DE MUDANÇA DE FAIXA;COLISÃO LATERAL MESMO SENTIDO;NUBLADO;MÚLTIPLA;"RETA;INTERSEÇÃO DE VIAS";SIM;0
ES;BR-101;SERRA;11;4;SEGUNDA-FEIRA;0;0;12;12H-14H;TARDE;PLENO DIA;MANOBRA DE MUDANÇA DE FAIXA;COLISÃO LATERAL MESMO SENTIDO;NUBLADO;MÚLTIPLA;RETA;SIM;0
RJ;BR-116;RIO DE JANEIRO;11;4;SEGUNDA-FEIRA;0;0;12;12H-14H;TARDE;PLENO DIA;REAÇÃO TARDIA OU INEFICIENTE DO CONDUTOR;QUEDA DE OCUPANTE DE VEÍCULO;CÉU CLARO;DUPLA;INTERSEÇÃO DE VIAS;SIM;0
PE;BR-424;PEDRA;11;4;SEGUNDA-FEIRA;0;0;6;06H-08H;MANHA;PLENO DIA;TRANSITAR NA CONTRAMÃO;COLISÃO FRONTAL;CÉU CLARO;SIMPLES;"RETA;DECLIVE";NÃO;0
PR;BR-376;TIJUCAS DO SUL;11;4;SEGUNDA-FEIRA;0;0;13;12H-14H;TARDE;PLENO DIA;ACUMULO DE ÁGUA SOBRE O PAVIMENTO;COLISÃO LATERAL MESMO SENTIDO;CHUVA;DUPLA;"CURVA;DECLIVE";NÃO;0
AL;BR-104;BRANQUINHA;10;4;SÁBADO;5;1;15;15H-17H;TARDE;PLENO DIA;ACESSAR A VIA SEM OBSERVAR A PRESENÇA DOS OUTROS VEÍCULOS;COLISÃO TRANSVERSAL;CÉU CLARO;SIMPLES;INTERSEÇÃO DE VIAS;SIM;0
SC;BR-163;GUARACIABA;11;4;SEGUNDA-FEIRA;0;0;11;09H-11H;MANHA;PLENO DIA;CONDUTOR DEIXOU DE MANTER DISTÂNCIA DO VEÍCULO DA FRENTE;COLISÃO TRASEIRA;NUBLADO;SIMPLES;"RETA;EM OBRAS";SIM;0
MG;BR-381;JOAO MONLEVADE;11;4;SEGUNDA-FEIRA;0;0;13;12H-14H;TARDE;PLENO DIA;AUSÊNCIA DE REAÇÃO DO CONDUTOR;SAÍDA DE LEITO CARROÇÁVEL;CHUVA;SIMPLES;RETA;NÃO;0
SC;BR-101;TUBARAO;11;4;SEGUNDA-FEIRA;0;0;14;12H-14H;TARDE;PLENO DIA;DESRESPEITAR A PREFERÊNCIA NO CRUZAMENTO;COLISÃO TRANSVERSAL;NUBLADO;MÚLTIPLA;INTERSEÇÃO DE VIAS;SIM;0
MT;BR-070;BARRA DO GARCAS;11;4;SEGUNDA-FEIRA;0;0;6;06H-08H;MANHA;AMANHECER;DEMAIS FALHAS MECÂNICAS OU ELÉTRICAS;SAÍDA DE LEITO CARROÇÁVEL;CÉU CLARO;SIMPLES;RETA;NÃO;0
CE;BR-222;SAO GONCALO DO AMARANTE;11;4;SEGUNDA-FEIRA;0;0;13;12H-14H;TARDE;PLENO DIA;CONDUTOR DORMINDO;COLISÃO FRONTAL;SOL;SIMPLES;RETA;NÃO;1
RJ;BR-493;SAO GONCALO;11;4;SEGUNDA-FEIRA;0;0;20;18H-20H;NOITE;PLENA NOITE;ACESSAR A VIA SEM OBSERVAR A PRESENÇA DOS OUTROS VEÍCULOS;ATROPELAMENTO DE PEDESTRE;CÉU CLARO;DUPLA;RETA;NÃO;0
PR;BR-IGNORADA;GUAIRA;11;4;SEGUNDA-FEIRA;0;0;13;12H-14H;TARDE;PLENO DIA;ACUMULO DE AREIA OU DETRITOS SOBRE O PAVIMENTO;COLISÃO COM OBJETO;CÉU CLARO;SIMPLES;RETA;SIM;0
RJ;BR-493;MAGE;11;4;SEGUNDA-FEIRA;0;0;13;12H-14H;TARDE;PLENO DIA;FREAR BRUSCAMENTE;COLISÃO TRASEIRA;CÉU CLARO;SIMPLES;ACLIVE;NÃO;0
PE;BR-232;GRAVATA;11;4;SEGUNDA-FEIRA;0;0;13;12H-14H;TARDE;PLENO DIA;REAÇÃO TARDIA OU INEFICIENTE DO CONDUTOR;COLISÃO TRASEIRA;CÉU CLARO;SIMPLES;CURVA;SIM;0
PE;BR-101;RECIFE;11;4;SEGUNDA-FEIRA;0;0;14;12H-14H;TARDE;PLENO DIA;CONDUTOR DEIXOU DE MANTER DISTÂNCIA DO VEÍCULO DA FRENTE;COLISÃO TRASEIRA;SOL;MÚLTIPLA;RETA;SIM;0
MT;BR-364;CUIABA;11;4;SEGUNDA-FEIRA;0;0;8;06H-08H;MANHA;PLENO DIA;AVARIAS E/OU DESGASTE EXCESSIVO NO PNEU;QUEDA DE OCUPANTE DE VEÍCULO;CÉU CLARO;DUPLA;RETA;SIM;0
SP;BR-116;LORENA;11;4;SEGUNDA-FEIRA;0;0;13;12H-14H;TARDE;PLENO DIA;CONDUTOR DEIXOU DE MANTER DISTÂNCIA DO VEÍCULO DA FRENTE;COLISÃO TRASEIRA;NUBLADO;MÚLTIPLA;RETA;SIM;0
MG;BR-116;LEOPOLDINA;11;4;SEGUNDA-FEIRA;0;0;14;12H-14H;TARDE;PLENO DIA;AUSÊNCIA DE REAÇÃO DO CONDUTOR;COLISÃO FRONTAL;CÉU CLARO;SIMPLES;ROTATÓRIA;NÃO;0
PR;BR-116;MANDIRITUBA;11;4;SEGUNDA-FEIRA;0;0;13;12H-14H;TARDE;PLENO DIA;VELOCIDADE INCOMPATÍVEL;SAÍDA DE LEITO CARROÇÁVEL;CHUVA;SIMPLES;CURVA;NÃO;0
ES;BR-101;SAO MATEUS;11;4;SEGUNDA-FEIRA;0;0;14;12H-14H;TARDE;PLENO DIA;REAÇÃO TARDIA OU INEFICIENTE DO CONDUTOR;TOMBAMENTO;CÉU CLARO;SIMPLES;RETA;SIM;0
PR;BR-376;ORTIGUEIRA;11;4;SEGUNDA-FEIRA;0;0;14;12H-14H;TARDE;PLENO DIA;REAÇÃO TARDIA OU INEFICIENTE DO CONDUTOR;SAÍDA DE LEITO CARROÇÁVEL;CHUVA;SIMPLES;CURVA;NÃO;0
PE;BR-232;CARUARU;11;4;SEGUNDA-FEIRA;0;0;14;12H-14H;TARDE;PLENO DIA;CONDUTOR DORMINDO;SAÍDA DE LEITO CARROÇÁVEL;CÉU CLARO;DUPLA;RETA;NÃO;0
RO;BR-364;JARU;11;4;SEGUNDA-FEIRA;0;0;13;12H-14H;TARDE;PLENO DIA;CONVERSÃO PROIBIDA;COLISÃO LATERAL MESMO SENTIDO;CÉU CLARO;DUPLA;RETORNO REGULAMENTADO;SIM;0
RS;BR-116;ARROIO GRANDE;11;4;SEGUNDA-FEIRA;0;0;14;12H-14H;TARDE;PLENO DIA;AUSÊNCIA DE REAÇÃO DO CONDUTOR;SAÍDA DE LEITO CARROÇÁVEL;CÉU CLARO;SIMPLES;RETA;NÃO;0
BA;BR-110;PAULO AFONSO;11;4;QUARTA-FEIRA;2;0;19;18H-20H;NOITE;PLENA NOITE;CONVERSÃO PROIBIDA;COLISÃO TRASEIRA;CÉU CLARO;SIMPLES;RETA;NÃO;0
PB;BR-104;SAO SEBASTIAO DE LAGOA DE  ROCA;11;4;DOMINGO;6;1;21;21H-23H;NOITE;PLENA NOITE;ACESSAR A VIA SEM OBSERVAR A PRESENÇA DOS OUTROS VEÍCULOS;COLISÃO LATERAL MESMO SENTIDO;CÉU CLARO;SIMPLES;RETA;SIM;0
RN;BR-226;NATAL;11;4;SEGUNDA-FEIRA;0;0;14;12H-14H;TARDE;PLENO DIA;ACESSAR A VIA SEM OBSERVAR A PRESENÇA DOS OUTROS VEÍCULOS;COLISÃO TRANSVERSAL;CÉU CLARO;SIMPLES;"RETA;INTERSEÇÃO DE VIAS";SIM;0
PI;BR-343;PIRIPIRI;11;4;SEGUNDA-FEIRA;0;0;14;12H-14H;TARDE;PLENO DIA;ACOSTAMENTO EM DESNÍVEL;TOMBAMENTO;SOL;SIMPLES;RETA;NÃO;0
PR;BR-376;PARANAVAI;11;4;SEGUNDA-FEIRA;0;0;15;15H-17H;TARDE;PLENO DIA;REAÇÃO TARDIA OU INEFICIENTE DO CONDUTOR;SAÍDA DE LEITO CARROÇÁVEL;GAROA/CHUVISCO;SIMPLES;"RETA;ACLIVE";NÃO;0
RJ;BR-116;NOVA IGUACU;11;4;SEGUNDA-FEIRA;0;0;16;15H-17H;TARDE;PLENO DIA;REAÇÃO TARDIA OU INEFICIENTE DO CONDUTOR;COLISÃO LATERAL MESMO SENTIDO;CÉU CLARO;DUPLA;RETA;SIM;0
MG;BR-262;BETIM;10;4;SÁBADO;5;1;22;21H-23H;NOITE;PLENA NOITE;ACESSAR A VIA SEM OBSERVAR A PRESENÇA DOS OUTROS VEÍCULOS;ATROPELAMENTO DE PEDESTRE;CÉU CLARO;DUPLA;DECLIVE;NÃO;1
PR;BR-376;PONTA GROSSA;11;4;SEGUNDA-FEIRA;0;0;14;12H-14H;TARDE;PLENO DIA;MAL SÚBITO DO CONDUTOR;SAÍDA DE LEITO CARROÇÁVEL;NUBLADO;DUPLA;RETA;NÃO;0
MG;BR-381;ANTONIO DIAS;11;4;SEGUNDA-FEIRA;0;0;16;15H-17H;TARDE;PLENO DIA;VELOCIDADE INCOMPATÍVEL;COLISÃO TRASEIRA;CÉU CLARO;DUPLA;"CURVA;ACLIVE";NÃO;0
RS;BR-116;CAPAO DO LEAO;11;4;SEGUNDA-FEIRA;0;0;16;15H-17H;TARDE;PLENO DIA;ACESSAR A VIA SEM OBSERVAR A PRESENÇA DOS OUTROS VEÍCULOS;COLISÃO TRANSVERSAL;CÉU CLARO;SIMPLES;RETA;NÃO;0
PR;BR-277;MORRETES;11;4;SEGUNDA-FEIRA;0;0;16;15H-17H;TARDE;PLENO DIA;PEDESTRE CRUZAVA A PISTA FORA DA FAIXA;ATROPELAMENTO DE PEDESTRE;NUBLADO;DUPLA;"RETA;DECLIVE";NÃO;1
RS;BR-392;RIO GRANDE;11;4;SEGUNDA-FEIRA;0;0;16;15H-17H;TARDE;PLENO DIA;AUSÊNCIA DE REAÇÃO DO CONDUTOR;COLISÃO COM OBJETO;CÉU CLARO;DUPLA;RETA;NÃO;0
MG;BR-040;CONGONHAS;11;4;SEGUNDA-FEIRA;0;0;15;15H-17H;TARDE;PLENO DIA;ACESSAR A VIA SEM OBSERVAR A PRESENÇA DOS OUTROS VEÍCULOS;COLISÃO TRANSVERSAL;SOL;SIMPLES;CURVA;SIM;0
MG;BR-381;SABARA;11;4;SEGUNDA-FEIRA;0;0;16;15H-17H;TARDE;PLENO DIA;MANOBRA DE MUDANÇA DE FAIXA;COLISÃO LATERAL MESMO SENTIDO;NUBLADO;SIMPLES;RETA;NÃO;0
RN;BR-406;SAO GONCALO DO AMARANTE;11;4;SEGUNDA-FEIRA;0;0;17;15H-17H;TARDE;PLENO DIA;ACESSAR A VIA SEM OBSERVAR A PRESENÇA DOS OUTROS VEÍCULOS;COLISÃO TRANSVERSAL;CÉU CLARO;DUPLA;RETA;SIM;0
PR;BR-116;CAMPINA GRANDE DO SUL;11;4;SEGUNDA-FEIRA;0;0;16;15H-17H;TARDE;PLENO DIA;VELOCIDADE INCOMPATÍVEL;CAPOTAMENTO;CHUVA;DUPLA;CURVA;NÃO;0
ES;BR-101;SERRA;11;4;SEGUNDA-FEIRA;0;0;15;15H-17H;TARDE;PLENO DIA;REAÇÃO TARDIA OU INEFICIENTE DO CONDUTOR;COLISÃO COM OBJETO;CÉU CLARO;DUPLA;RETA;NÃO;0
MG;BR-381;BETIM;11;4;SEGUNDA-FEIRA;0;0;17;15H-17H;TARDE;PLENO DIA;REAÇÃO TARDIA OU INEFICIENTE DO CONDUTOR;COLISÃO TRASEIRA;NUBLADO;DUPLA;CURVA;SIM;0
MG;BR-040;CONGONHAS;11;4;SEGUNDA-FEIRA;0;0;16;15H-17H;TARDE;PLENO DIA;ACESSAR A VIA SEM OBSERVAR A PRESENÇA DOS OUTROS VEÍCULOS;COLISÃO TRANSVERSAL;CÉU CLARO;SIMPLES;"CURVA;DECLIVE";SIM;0
MG;BR-040;TRES MARIAS;11;4;SEGUNDA-FEIRA;0;0;17;15H-17H;TARDE;PLENO DIA;ÁREA URBANA SEM A PRESENÇA DE LOCAL APROPRIADO PARA A TRAVESSIA DE PEDESTRES;ATROPELAMENTO DE PEDESTRE;NUBLADO;SIMPLES;"RETA;DECLIVE";SIM;0
ES;BR-101;SERRA;11;4;SEGUNDA-FEIRA;0;0;18;18H-20H;NOITE;PLENO DIA;DEMAIS FALHAS MECÂNICAS OU ELÉTRICAS;TOMBAMENTO;CÉU CLARO;SIMPLES;RETA;NÃO;0
RS;BR-392;CAPAO DO LEAO;11;4;SEGUNDA-FEIRA;0;0;17;15H-17H;TARDE;PLENO DIA;AUSÊNCIA DE REAÇÃO DO CONDUTOR;ATROPELAMENTO DE PEDESTRE;CÉU CLARO;SIMPLES;RETA;NÃO;0
DF;BR-080;BRASILIA;11;4;SEGUNDA-FEIRA;0;0;17;15H-17H;TARDE;ANOITECER;REAÇÃO TARDIA OU INEFICIENTE DO CONDUTOR;SAÍDA DE LEITO CARROÇÁVEL;NUBLADO;SIMPLES;RETA;NÃO;0
GO;BR-153;PIRACANJUBA;11;4;SEGUNDA-FEIRA;0;0;13;12H-14H;TARDE;PLENO DIA;CONDUTOR DORMINDO;SAÍDA DE LEITO CARROÇÁVEL;NUBLADO;DUPLA;"RETA;DECLIVE";NÃO;1
SP;BR-116;SAO JOSE DOS CAMPOS;11;4;SEGUNDA-FEIRA;0;0;18;18H-20H;NOITE;ANOITECER;AUSÊNCIA DE REAÇÃO DO CONDUTOR;ENGAVETAMENTO;CHUVA;DUPLA;"RETA;ACLIVE";SIM;0
MG;BR-040;CONTAGEM;11;4;SEGUNDA-FEIRA;0;0;18;18H-20H;NOITE;PLENA NOITE;AUSÊNCIA DE REAÇÃO DO CONDUTOR;COLISÃO TRASEIRA;CÉU CLARO;DUPLA;RETA;NÃO;0
SP;BR-101;UBATUBA;11;4;SEGUNDA-FEIRA;0;0;17;15H-17H;TARDE;PLENO DIA;ACESSAR A VIA SEM OBSERVAR A PRESENÇA DOS OUTROS VEÍCULOS;COLISÃO FRONTAL;CHUVA;SIMPLES;ROTATÓRIA;SIM;0
PA;BR-316;CASTANHAL;11;4;SEGUNDA-FEIRA;0;0;18;18H-20H;NOITE;ANOITECER;ANIMAIS NA PISTA;ATROPELAMENTO DE ANIMAL;CÉU CLARO;DUPLA;RETA;SIM;0
SC;BR-101;CAMBORIU;2;1;DOMINGO;6;1;22;21H-23H;NOITE;PLENA NOITE;ACUMULO DE ÁGUA SOBRE O PAVIMENTO;COLISÃO FRONTAL;CHUVA;DUPLA;CURVA;SIM;0
BA;BR-101;MUCURI;11;4;SEGUNDA-FEIRA;0;0;16;15H-17H;TARDE;PLENO DIA;AUSÊNCIA DE REAÇÃO DO CONDUTOR;SAÍDA DE LEITO CARROÇÁVEL;CÉU CLARO;SIMPLES;"RETA;DECLIVE";NÃO;0
RJ;BR-040;DUQUE DE CAXIAS;11;4;SEGUNDA-FEIRA;0;0;15;15H-17H;TARDE;PLENO DIA;ACESSAR A VIA SEM OBSERVAR A PRESENÇA DOS OUTROS VEÍCULOS;COLISÃO LATERAL MESMO SENTIDO;CÉU CLARO;MÚLTIPLA;RETA;NÃO;0
GO;BR-060;ABADIA DE GOIAS;11;4;SEGUNDA-FEIRA;0;0;16;15H-17H;TARDE;PLENO DIA;AVARIAS E/OU DESGASTE EXCESSIVO NO PNEU;QUEDA DE OCUPANTE DE VEÍCULO;CÉU CLARO;DUPLA;RETA;NÃO;0
RJ;BR-040;AREAL;11;4;SEGUNDA-FEIRA;0;0;11;09H-11H;MANHA;PLENO DIA;VELOCIDADE INCOMPATÍVEL;QUEDA DE OCUPANTE DE VEÍCULO;CÉU CLARO;SIMPLES;CURVA;NÃO;0
RS;BR-116;TAPES;11;4;SEGUNDA-FEIRA;0;0;18;18H-20H;NOITE;PLENO DIA;AUSÊNCIA DE REAÇÃO DO CONDUTOR;SAÍDA DE LEITO CARROÇÁVEL;SOL;DUPLA;"DECLIVE;RETA";NÃO;0
DF;BR-070;BRASILIA;11;4;SEGUNDA-FEIRA;0;0;18;18H-20H;NOITE;ANOITECER;ACESSAR A VIA SEM OBSERVAR A PRESENÇA DOS OUTROS VEÍCULOS;COLISÃO TRANSVERSAL;NUBLADO;DUPLA;RETA;SIM;0
RJ;BR-116;NOVA IGUACU;11;4;SEGUNDA-FEIRA;0;0;19;18H-20H;NOITE;PLENA NOITE;ACUMULO DE AREIA OU DETRITOS SOBRE O PAVIMENTO;EVENTOS ATÍPICOS;CHUVA;SIMPLES;"DESVIO TEMPORÁRIO;RETA;EM OBRAS";SIM;0
SP;BR-116;CAJATI;11;4;SEGUNDA-FEIRA;0;0;10;09H-11H;MANHA;PLENO DIA;REAÇÃO TARDIA OU INEFICIENTE DO CONDUTOR;SAÍDA DE LEITO CARROÇÁVEL;CHUVA;DUPLA;"DECLIVE;CURVA";NÃO;0
MG;BR-381;EXTREMA;11;4;SEGUNDA-FEIRA;0;0;18;18H-20H;NOITE;PLENA NOITE;AUSÊNCIA DE REAÇÃO DO CONDUTOR;COLISÃO TRASEIRA;GAROA/CHUVISCO;DUPLA;RETA;NÃO;0
PR;BR-376;TIJUCAS DO SUL;11;4;SEGUNDA-FEIRA;0;0;18;18H-20H;NOITE;PLENA NOITE;REAÇÃO TARDIA OU INEFICIENTE DO CONDUTOR;SAÍDA DE LEITO CARROÇÁVEL;GAROA/CHUVISCO;SIMPLES;"DECLIVE;CURVA";NÃO;0
PR;BR-369;IBIPORA;11;4;SEGUNDA-FEIRA;0;0;18;18H-20H;NOITE;ANOITECER;MANOBRA DE MUDANÇA DE FAIXA;COLISÃO TRANSVERSAL;GAROA/CHUVISCO;SIMPLES;RETA;SIM;0
SC;BR-101;CAMBORIU;11;4;SEGUNDA-FEIRA;0;0;18;18H-20H;NOITE;PLENA NOITE;AUSÊNCIA DE REAÇÃO DO CONDUTOR;QUEDA DE OCUPANTE DE VEÍCULO;CHUVA;DUPLA;RETA;SIM;0
RO;BR-364;PORTO VELHO;11;4;SEGUNDA-FEIRA;0;0;18;18H-20H;NOITE;PLENA NOITE;ACESSAR A VIA SEM OBSERVAR A PRESENÇA DOS OUTROS VEÍCULOS;COLISÃO TRASEIRA;NUBLADO;DUPLA;RETORNO REGULAMENTADO;SIM;0
MT;BR-070;VARZEA GRANDE;11;4;SEGUNDA-FEIRA;0;0;13;12H-14H;TARDE;PLENO DIA;ACESSAR A VIA SEM OBSERVAR A PRESENÇA DOS OUTROS VEÍCULOS;COLISÃO LATERAL MESMO SENTIDO;CÉU CLARO;SIMPLES;"ACLIVE;RETA";NÃO;0
MT;BR-163;GUARANTA DO NORTE;11;4;SEGUNDA-FEIRA;0;0;15;15H-17H;TARDE;PLENO DIA;ACESSAR A VIA SEM OBSERVAR A PRESENÇA DOS OUTROS VEÍCULOS;COLISÃO FRONTAL;SOL;SIMPLES;RETA;SIM;0