uf;br_formatada;municipio;mes;trimestre;dia_semana;dia_semana_num;fim_de_semana;hora;faixa_horaria;turno;fase_dia;causa_acidente;tipo_acidente;condicao_metereologica;tipo_pista;tracado_via;uso_solo;acidente_fatal
AL;BR-316;ATALAIA;11;4;SÁBADO;5;1;21;21H-23H;NOITE;PLENA NOITE;VELOCIDADE INCOMPATÍVEL;COLISÃO TRANSVERSAL;CÉU CLARO;SIMPLES;CURVA;SIM;1
PR;BR-116;CAMPINA GRANDE DO SUL;11;4;SÁBADO;5;1;21;21H-23H;NOITE;PLENA NOITE;VELOCIDADE INCOMPATÍVEL;SAÍDA DE LEITO CARROÇÁVEL;CHUVA;DUPLA;CURVA;NÃO;0
MG;BR-153;ARAPORA;11;4;SÁBADO;5;1;21;21H-23H;NOITE;PLENA NOITE;CONDUTOR DORMINDO;SAÍDA DE LEITO CARROÇÁVEL;CÉU CLARO;DUPLA;"RETA;ACLIVE";NÃO;1
MS;BR-163;CAMPO GRANDE;11;4;SÁBADO;5;1;19;18H-20H;NOITE;PLENA NOITE;ACESSAR A VIA SEM OBSERVAR A PRESENÇA DOS OUTROS VEÍCULOS;COLISÃO TRANSVERSAL;CÉU CLARO;SIMPLES;INTERSEÇÃO DE VIAS;NÃO;0
RS;BR-470;SAO JOSE DO SUL;11;4;SÁBADO;5;1;16;15H-17H;TARDE;PLENO DIA;VELOCIDADE INCOMPATÍVEL;TOMBAMENTO;NUBLADO;SIMPLES;CURVA;NÃO;0
SP;BR-153;SAO JOSE DO RIO PRETO;11;4;SÁBADO;5;1;21;21H-23H;NOITE;PLENA NOITE;INGESTÃO DE ÁLCOOL PELO CONDUTOR;COLISÃO COM OBJETO;CÉU CLARO;DUPLA;"RETA;DECLIVE";SIM;0
CE;BR-222;IRAUCUBA;11;4;SÁBADO;5;1;19;18H-20H;NOITE;PLENA NOITE;ANIMAIS NA PISTA;ATROPELAMENTO DE ANIMAL;CÉU CLARO;SIMPLES;RETA;NÃO;0
RJ;BR-040;DUQUE DE CAXIAS;11;4;SÁBADO;5;1;21;21H-23H;NOITE;PLENA NOITE;DEMAIS FALHAS MECÂNICAS OU ELÉTRICAS;COLISÃO LATERAL MESMO SENTIDO;CÉU CLARO;MÚLTIPLA;RETA;NÃO;0
MT;BR-364;RONDONOPOLIS;11;4;SÁBADO;5;1;19;18H-20H;NOITE;PLENA NOITE;AUSÊNCIA DE REAÇÃO DO CONDUTOR;QUEDA DE OCUPANTE DE VEÍCULO;NUBLADO;DUPLA;RETA;SIM;0
BA;BR-324;SALVADOR;11;4;SÁBADO;5;1;15;15H-17H;TARDE;PLENO DIA;CONDUTOR DEIXOU DE MANTER DISTÂNCIA DO VEÍCULO DA FRENTE;COLISÃO TRASEIRA;CÉU CLARO;DUPLA;"RETA;ACLIVE";SIM;0
MG;BR-262;UBERABA;11;4;SÁBADO;5;1;21;21H-23H;NOITE;PLENA NOITE;REAÇÃO TARDIA OU INEFICIENTE DO CONDUTOR;TOMBAMENTO;CÉU CLARO;SIMPLES;RETA;NÃO;0
RJ;BR-101;ANGRA DOS REIS;11;4;SÁBADO;5;1;21;21H-23H;NOITE;PLENA NOITE;CONVERSÃO PROIBIDA;COLISÃO TRANSVERSAL;NUBLADO;SIMPLES;RETA;SIM;0
GO;BR-050;CATALAO;11;4;SÁBADO;5;1;23;21H-23H;NOITE;PLENA NOITE;VELOCIDADE INCOMPATÍVEL;QUEDA DE OCUPANTE DE VEÍCULO;CÉU CLARO;MÚLTIPLA;"EM OBRAS;INTERSEÇÃO DE VIAS;RETA";SIM;0
MG;BR-116;UBAPORANGA;11;4;SÁBADO;5;1;22;21H-23H;NOITE;PLENA NOITE;TRANSITAR NA CONTRAMÃO;COLISÃO FRONTAL;CÉU CLARO;SIMPLES;RETA;NÃO;0
PE;BR-101;ABREU E LIMA;11;4;SÁBADO;5;1;23;21H-23H;NOITE;PLENA NOITE;REAÇÃO TARDIA OU INEFICIENTE DO CONDUTOR;COLISÃO TRASEIRA;NUBLADO;MÚLTIPLA;RETA;SIM;0
RJ;BR-465;NOVA IGUACU;11;4;SÁBADO;5;1;22;21H-23H;NOITE;PLENA NOITE;ULTRAPASSAGEM INDEVIDA;COLISÃO LATERAL SENTIDO OPOSTO;NUBLADO;SIMPLES;RETA;SIM;0
RJ;BR-116;BARRA MANSA;11;4;SÁBADO;5;1;23;21H-23H;NOITE;PLENA NOITE;REAÇÃO TARDIA OU INEFICIENTE DO CONDUTOR;COLISÃO COM OBJETO;CÉU CLARO;DUPLA;RETA;NÃO;0
MT;BR-364;JACIARA;11;4;SÁBADO;5;1;21;21H-23H;NOITE;PLENA NOITE;AUSÊNCIA DE REAÇÃO DO CONDUTOR;SAÍDA DE LEITO CARROÇÁVEL;CÉU CLARO;DUPLA;CURVA;NÃO;0
PR;BR-369;UBIRATA;11;4;SÁBADO;5;1;23;21H-23H;NOITE;PLENA NOITE;INGESTÃO DE ÁLCOOL PELO CONDUTOR;SAÍDA DE LEITO CARROÇÁVEL;CÉU CLARO;SIMPLES;"ACLIVE;RETA";NÃO;0
BA;BR-242;LUIS EDUARDO MAGALHAES;11;4;DOMINGO;6;1;0;00H-02H;MADRUGADA;PLENA NOITE;AUSÊNCIA DE REAÇÃO DO CONDUTOR;COLISÃO TRASEIRA;CÉU CLARO;SIMPLES;RETA;NÃO;1
SC;BR-101;ARAQUARI;11;4;SÁBADO;5;1;23;21H-23H;NOITE;PLENA NOITE;AUSÊNCIA DE REAÇÃO DO CONDUTOR;SAÍDA DE LEITO CARROÇÁVEL;CHUVA;DUPLA;RETA;NÃO;0
ES;BR-101;CARIACICA;11;4;DOMINGO;6;1;1;00H-02H;MADRUGADA;PLENA NOITE;CONDUTOR DORMINDO;COLISÃO COM OBJETO;CÉU CLARO;MÚLTIPLA;RETA;NÃO;0
SC;BR-282;FAXINAL DOS GUEDES;11;4;SÁBADO;5;1;23;21H-23H;NOITE;PLENA NOITE;CONDUTOR DEIXOU DE MANTER DISTÂNCIA DO VEÍCULO DA FRENTE;COLISÃO TRASEIRA;CÉU CLARO;SIMPLES;"ACLIVE;RETA";NÃO;1
MG;BR-040;CAETANOPOLIS;11;4;DOMINGO;6;1;2;00H-02H;MADRUGADA;PLENA NOITE;VELOCIDADE INCOMPATÍVEL;COLISÃO TRASEIRA;CHUVA;DUPLA;RETA;NÃO;0
RJ;BR-101;ITABORAI;11;4;DOMINGO;6;1;1;00H-02H;MADRUGADA;PLENA NOITE;AVARIAS E/OU DESGASTE EXCESSIVO NO PNEU;QUEDA DE OCUPANTE DE VEÍCULO;CÉU CLARO;MÚLTIPLA;"CURVA;RETORNO REGULAMENTADO";NÃO;0
DF;BR-040;BRASILIA;11;4;DOMINGO;6;1;2;00H-02H;MADRUGADA;PLENA NOITE;AUSÊNCIA DE REAÇÃO DO CONDUTOR;SAÍDA DE LEITO CARROÇÁVEL;CHUVA;DUPLA;"VIADUTO;RETA";SIM;0
SP;BR-381;SAO PAULO;11;4;DOMINGO;6;1;2;00H-02H;MADRUGADA;PLENA NOITE;CONDUTOR DORMINDO;SAÍDA DE LEITO CARROÇÁVEL;CÉU CLARO;DUPLA;CURVA;NÃO;0
MG;BR-381;BETIM;11;4;DOMINGO;6;1;3;03H-05H;MADRUGADA;PLENA NOITE;INGESTÃO DE ÁLCOOL PELO CONDUTOR;SAÍDA DE LEITO CARROÇÁVEL;CÉU CLARO;MÚLTIPLA;"CURVA;DECLIVE";SIM;0
SC;BR-280;RIO NEGRINHO;11;4;DOMINGO;6;1;3;03H-05H;MADRUGADA;PLENA NOITE;INGESTÃO DE ÁLCOOL PELO CONDUTOR;COLISÃO COM OBJETO;CÉU CLARO;SIMPLES;"CURVA;PONTE";SIM;0
MG;BR-040;CAETANOPOLIS;11;4;DOMINGO;6;1;2;00H-02H;MADRUGADA;PLENA NOITE;CHUVA;TOMBAMENTO;CHUVA;DUPLA;"RETA;ACLIVE";NÃO;0
GO;BR-153;ANAPOLIS;11;4;DOMINGO;6;1;4;03H-05H;MADRUGADA;AMANHECER;INGESTÃO DE ÁLCOOL PELO CONDUTOR;COLISÃO COM OBJETO;NUBLADO;DUPLA;"DESVIO TEMPORÁRIO;EM OBRAS";NÃO;0
PE;BR-104;AGRESTINA;11;4;DOMINGO;6;1;3;03H-05H;MADRUGADA;AMANHECER;ANIMAIS NA PISTA;ATROPELAMENTO DE ANIMAL;CÉU CLARO;SIMPLES;RETA;NÃO;0
CE;BR-222;UMIRIM;11;4;DOMINGO;6;1;4;03H-05H;MADRUGADA;PLENO DIA;INGESTÃO DE ÁLCOOL PELO CONDUTOR;COLISÃO FRONTAL;CÉU CLARO;SIMPLES;RETA;SIM;0
SC;BR-116;PAPANDUVA;11;4;DOMINGO;6;1;4;03H-05H;MADRUGADA;PLENA NOITE;AUSÊNCIA DE REAÇÃO DO CONDUTOR;COLISÃO COM OBJETO;CÉU CLARO;SIMPLES;RETA;NÃO;0
RS;BR-386;BOA VISTA DAS MISSOES;11;4;DOMINGO;6;1;5;03H-05H;MADRUGADA;AMANHECER;AUSÊNCIA DE REAÇÃO DO CONDUTOR;SAÍDA DE LEITO CARROÇÁVEL;CÉU CLARO;SIMPLES;RETA;SIM;0
GO;BR-060;ABADIANIA;11;4;DOMINGO;6;1;6;06H-08H;MANHA;AMANHECER;INGESTÃO DE ÁLCOOL PELO CONDUTOR;SAÍDA DE LEITO CARROÇÁVEL;CHUVA;DUPLA;"RETA;ACLIVE";NÃO;0
SC;BR-101;GOVERNADOR CELSO RAMOS;11;4;DOMINGO;6;1;5;03H-05H;MADRUGADA;AMANHECER;VELOCIDADE INCOMPATÍVEL;CAPOTAMENTO;CÉU CLARO;DUPLA;INTERSEÇÃO DE VIAS;NÃO;0
RS;BR-116;SAO LOURENCO DO SUL;11;4;DOMINGO;6;1;4;03H-05H;MADRUGADA;PLENA NOITE;CONDUTOR DORMINDO;CAPOTAMENTO;CÉU CLARO;DUPLA;RETA;NÃO;0
PE;BR-104;PANELAS;11;4;DOMINGO;6;1;1;00H-02H;MADRUGADA;PLENO DIA;TRANSITAR NA CONTRAMÃO;COLISÃO FRONTAL;CÉU CLARO;SIMPLES;CURVA;NÃO;0
BA;BR-116;FEIRA DE SANTANA;11;4;DOMINGO;6;1;4;03H-05H;MADRUGADA;PLENA NOITE;REAÇÃO TARDIA OU INEFICIENTE DO CONDUTOR;COLISÃO COM OBJETO;NUBLADO;DUPLA;"DECLIVE;RETA";SIM;0
RJ;BR-116;NOVA IGUACU;11;4;DOMINGO;6;1;4;03H-05H;MADRUGADA;AMANHECER;AUSÊNCIA DE REAÇÃO DO CONDUTOR;SAÍDA DE LEITO CARROÇÁVEL;CÉU CLARO;DUPLA;RETA;SIM;0
RS;BR-101;OSORIO;11;4;DOMINGO;6;1;6;06H-08H;MANHA;AMANHECER;INGESTÃO DE ÁLCOOL PELO CONDUTOR;SAÍDA DE LEITO CARROÇÁVEL;CHUVA;DUPLA;CURVA;NÃO;0
PR;BR-376;CURITIBA;11;4;SÁBADO;5;1;3;03H-05H;MADRUGADA;PLENA NOITE;AUSÊNCIA DE REAÇÃO DO CONDUTOR;TOMBAMENTO;CÉU CLARO;DUPLA;"ACLIVE;RETA";SIM;0
PR;BR-369;MAMBORE;11;4;DOMINGO;6;1;6;06H-08H;MANHA;AMANHECER;CONDUTOR DEIXOU DE MANTER DISTÂNCIA DO VEÍCULO DA FRENTE;COLISÃO TRASEIRA;CÉU CLARO;SIMPLES;RETA;NÃO;0
MG;BR-381;TRES CORACOES;11;4;DOMINGO;6;1;0;00H-02H;MADRUGADA;PLENA NOITE;VELOCIDADE INCOMPATÍVEL;SAÍDA DE LEITO CARROÇÁVEL;NUBLADO;DUPLA;RETA;NÃO;0
SP;BR-488;APARECIDA;11;4;DOMINGO;6;1;7;06H-08H;MANHA;AMANHECER;VELOCIDADE INCOMPATÍVEL;COLISÃO TRANSVERSAL;NUBLADO;DUPLA;"DECLIVE;RETA";SIM;0
RO;BR-435;COLORADO DO OESTE;11;4;SÁBADO;5;1;19;18H-20H;NOITE;PLENA NOITE;CONDUTOR DEIXOU DE MANTER DISTÂNCIA DO VEÍCULO DA FRENTE;COLISÃO TRASEIRA;NUBLADO;DUPLA;RETA;SIM;0
SC;BR-280;CANOINHAS;11;4;DOMINGO;6;1;6;06H-08H;MANHA;AMANHECER;AUSÊNCIA DE REAÇÃO DO CONDUTOR;SAÍDA DE LEITO CARROÇÁVEL;NUBLADO;SIMPLES;RETA;NÃO;0
PR;BR-116;ANTONINA;11;4;SÁBADO;5;1;23;21H-23H;NOITE;PLENA NOITE;CHUVA;COLISÃO COM OBJETO;GAROA/CHUVISCO;DUPLA;CURVA;NÃO;0
BA;BR-116;TEOFILANDIA;11;4;SÁBADO;5;1;19;18H-20H;NOITE;PLENA NOITE;ANIMAIS NA PISTA;ATROPELAMENTO DE ANIMAL;CÉU CLARO;SIMPLES;RETA;NÃO;0
MG;BR-040;PARACATU;11;4;SÁBADO;5;1;15;15H-17H;TARDE;PLENO DIA;ACESSAR A VIA SEM OBSERVAR A PRESENÇA DOS OUTROS VEÍCULOS;COLISÃO TRANSVERSAL;SOL;SIMPLES;RETA;SIM;0
MT;BR-364;ROSARIO OESTE;11;4;SÁBADO;5;1;16;15H-17H;TARDE;PLENO DIA;MANOBRA DE MUDANÇA DE FAIXA;COLISÃO TRANSVERSAL;CÉU CLARO;SIMPLES;RETA;SIM;0
PE;BR-232;GRAVATA;11;4;DOMINGO;6;1;7;06H-08H;MANHA;PLENO DIA;AUSÊNCIA DE REAÇÃO DO CONDUTOR;COLISÃO FRONTAL;CÉU CLARO;SIMPLES;"RETA;DECLIVE";SIM;0
MS;BR-267;GUIA LOPES DA LAGUNA;11;4;DOMINGO;6;1;7;06H-08H;MANHA;PLENO DIA;CONDUTOR DORMINDO;SAÍDA DE LEITO CARROÇÁVEL;CÉU CLARO;SIMPLES;RETA;NÃO;0
RJ;BR-116;SEROPEDICA;11;4;DOMINGO;6;1;3;03H-05H;MADRUGADA;PLENA NOITE;CONDUTOR DORMINDO;SAÍDA DE LEITO CARROÇÁVEL;NUBLADO;DUPLA;RETA;NÃO;0
MG;BR-116;SANTA BARBARA DO LESTE;11;4;DOMINGO;6;1;7;06H-08H;MANHA;PLENO DIA;ACESSAR A VIA SEM OBSERVAR A PRESENÇA DOS OUTROS VEÍCULOS;COLISÃO TRANSVERSAL;CÉU CLARO;DUPLA;"ACLIVE;INTERSEÇÃO DE VIAS;RETA";NÃO;0
RN;BR-304;MACAIBA;11;4;DOMINGO;6;1;8;06H-08H;MANHA;PLENO DIA;AVARIAS E/OU DESGASTE EXCESSIVO NO PNEU;TOMBAMENTO;CÉU CLARO;SIMPLES;RETA;NÃO;0
SC;BR-101;SAO JOSE;11;4;DOMINGO;6;1;6;06H-08H;MANHA;PLENO DIA;DEMAIS FALHAS MECÂNICAS OU ELÉTRICAS;COLISÃO COM OBJETO;CHUVA;DUPLA;RETA;SIM;0
SC;BR-280;ARAQUARI;11;4;DOMINGO;6;1;7;06H-08H;MANHA;PLENO DIA;CONDUTOR DORMINDO;COLISÃO FRONTAL;CHUVA;SIMPLES;RETA;SIM;0
RJ;BR-116;MAGE;11;4;DOMINGO;6;1;8;06H-08H;MANHA;PLENO DIA;MANOBRA DE MUDANÇA DE FAIXA;COLISÃO LATERAL MESMO SENTIDO;SOL;DUPLA;RETA;NÃO;0
SC;BR-101;ARAQUARI;11;4;DOMINGO;6;1;9;09H-11H;MANHA;PLENO DIA;TRAFEGAR COM MOTOCICLETA (OU SIMILAR) ENTRE AS FAIXAS;COLISÃO TRASEIRA;CHUVA;DUPLA;RETA;NÃO;0
MG;BR-262;JUATUBA;11;4;DOMINGO;6;1;9;09H-11H;MANHA;PLENO DIA;AUSÊNCIA DE REAÇÃO DO CONDUTOR;TOMBAMENTO;NUBLADO;DUPLA;RETA;NÃO;0
AC;BR-317;EPITACIOLANDIA;11;4;DOMINGO;6;1;5;03H-05H;MADRUGADA;AMANHECER;AUSÊNCIA DE REAÇÃO DO CONDUTOR;SAÍDA DE LEITO CARROÇÁVEL;CÉU CLARO;SIMPLES;RETA;NÃO;1
BA;BR-324;SIMOES FILHO;11;4;DOMINGO;6;1;10;09H-11H;MANHA;PLENO DIA;DEMAIS FALHAS NA VIA;SAÍDA DE LEITO CARROÇÁVEL;SOL;DUPLA;RETA;NÃO;0
MG;BR-040;ITABIRITO;11;4;DOMINGO;6;1;10;09H-11H;MANHA;PLENO DIA;AUSÊNCIA DE REAÇÃO DO CONDUTOR;TOMBAMENTO;NUBLADO;MÚLTIPLA;"INTERSEÇÃO DE VIAS;RETA";SIM;0
PR;BR-277;CASCAVEL;11;4;DOMINGO;6;1;10;09H-11H;MANHA;PLENO DIA;AUSÊNCIA DE REAÇÃO DO CONDUTOR;CAPOTAMENTO;CÉU CLARO;DUPLA;RETA;SIM;0
SP;BR-116;SAO JOSE DOS CAMPOS;11;4;DOMINGO;6;1;10;09H-11H;MANHA;PLENO DIA;AVARIAS E/OU DESGASTE EXCESSIVO NO PNEU;TOMBAMENTO;CÉU CLARO;DUPLA;RETA;SIM;0
RS;BR-392;RIO GRANDE;11;4;DOMINGO;6;1;9;09H-11H;MANHA;PLENO DIA;INGESTÃO DE ÁLCOOL PELO CONDUTOR;SAÍDA DE LEITO CARROÇÁVEL;CÉU CLARO;DUPLA;RETA;NÃO;0
SC;BR-280;GUARAMIRIM;11;4;DOMINGO;6;1;7;06H-08H;MANHA;PLENO DIA;VELOCIDADE INCOMPATÍVEL;COLISÃO COM OBJETO;CHUVA;SIMPLES;CURVA;SIM;0
ES;BR-101;ANCHIETA;11;4;DOMINGO;6;1;11;09H-11H;MANHA;PLENO DIA;TRANSITAR NA CONTRAMÃO;COLISÃO FRONTAL;CÉU CLARO;SIMPLES;RETA;NÃO;0
SP;BR-381;BRAGANCA PAULISTA;11;4;DOMINGO;6;1;10;09H-11H;MANHA;PLENO DIA;MANOBRA DE MUDANÇA DE FAIXA;COLISÃO LATERAL MESMO SENTIDO;CÉU CLARO;DUPLA;"RETA;ACLIVE";NÃO;0
MG;BR-381;OLIVEIRA;11;4;DOMINGO;6;1;10;09H-11H;MANHA;PLENO DIA;VELOCIDADE INCOMPATÍVEL;COLISÃO COM OBJETO;CHUVA;DUPLA;"CURVA;DECLIVE";NÃO;0
MG;BR-381;ITATIAIUCU;11;4;DOMINGO;6;1;9;09H-11H;MANHA;PLENO DIA;REAÇÃO TARDIA OU INEFICIENTE DO CONDUTOR;TOMBAMENTO;CHUVA;DUPLA;RETA;NÃO;0
MG;BR-040;PARAOPEBA;11;4;DOMINGO;6;1;11;09H-11H;MANHA;PLENO DIA;DEMAIS FALHAS MECÂNICAS OU ELÉTRICAS;TOMBAMENTO;NUBLADO;DUPLA;"PONTE;CURVA";NÃO;0
SP;BR-116;GUARULHOS;11;4;DOMINGO;6;1;11;09H-11H;MANHA;PLENO DIA;INGESTÃO DE ÁLCOOL PELO CONDUTOR;COLISÃO TRASEIRA;NUBLADO;MÚLTIPLA;"RETA;DECLIVE";SIM;0
PR;BR-277;CURITIBA;11;4;DOMINGO;6;1;10;09H-11H;MANHA;PLENA NOITE;VELOCIDADE INCOMPATÍVEL;COLISÃO TRASEIRA;CÉU CLARO;DUPLA;RETA;SIM;0
MG;BR-262;MANHUACU;11;4;DOMINGO;6;1;10;09H-11H;MANHA;PLENO DIA;ULTRAPASSAGEM INDEVIDA;COLISÃO TRANSVERSAL;CÉU CLARO;SIMPLES;RETA;NÃO;0
PA;BR-010;DOM ELISEU;11;4;DOMINGO;6;1;11;09H-11H;MANHA;PLENO DIA;AVARIAS E/OU DESGASTE EXCESSIVO NO PNEU;TOMBAMENTO;SOL;SIMPLES;"RETA;DECLIVE";NÃO;0
PE;BR-232;CARUARU;11;4;DOMINGO;6;1;10;09H-11H;MANHA;PLENO DIA;REAÇÃO TARDIA OU INEFICIENTE DO CONDUTOR;COLISÃO LATERAL MESMO SENTIDO;SOL;DUPLA;"RETA;ACLIVE";SIM;0
RN;BR-226;TRIUNFO POTIGUAR;11;4;DOMINGO;6;1;11;09H-11H;MANHA;PLENO DIA;AVARIAS E/OU DESGASTE EXCESSIVO NO PNEU;TOMBAMENTO;CÉU CLARO;SIMPLES;RETA;NÃO;0
PE;BR-232;RECIFE;11;4;DOMINGO;6;1;12;12H-14H;TARDE;PLENO DIA;MANOBRA DE MUDANÇA DE FAIXA;COLISÃO LATERAL MESMO SENTIDO;SOL;MÚLTIPLA;RETA;SIM;0
SC;BR-101;PESCARIA BRAVA;11;4;DOMINGO;6;1;12;12H-14H;TARDE;PLENO DIA;CHUVA;COLISÃO TRASEIRA;CHUVA;DUPLA;RETA;NÃO;0
SP;BR-116;LORENA;11;4;DOMINGO;6;1;11;09H-11H;MANHA;PLENO DIA;VELOCIDADE INCOMPATÍVEL;COLISÃO TRASEIRA;CÉU CLARO;DUPLA;RETA;NÃO;0
MS;BR-163;BANDEIRANTES;11;4;DOMINGO;6;1;11;09H-11H;MANHA;PLENO DIA;ACESSAR A VIA SEM OBSERVAR A PRESENÇA DOS OUTROS VEÍCULOS;COLISÃO TRANSVERSAL;CÉU CLARO;SIMPLES;"INTERSEÇÃO DE VIAS;RETA";SIM;0
PR;BR-277;CAMPO LARGO;11;4;DOMINGO;6;1;11;09H-11H;MANHA;PLENO DIA;MANOBRA DE MUDANÇA DE FAIXA;COLISÃO LATERAL MESMO SENTIDO;NUBLADO;DUPLA;RETA;SIM;0
RS;BR-116;NOVO HAMBURGO;11;4;DOMINGO;6;1;13;12H-14H;TARDE;PLENO DIA;CONDUTOR DEIXOU DE MANTER DISTÂNCIA DO VEÍCULO DA FRENTE;COLISÃO TRASEIRA;CÉU CLARO;MÚLTIPLA;DECLIVE;SIM;0
MS;BR-163;DOURADOS;11;4;DOMINGO;6;1;11;09H-11H;MANHA;PLENO DIA;VELOCIDADE INCOMPATÍVEL;COLISÃO COM OBJETO;CÉU CLARO;DUPLA;CURVA;SIM;0
SP;BR-381;MAIRIPORA;11;4;DOMINGO;6;1;12;12H-14H;TARDE;PLENO DIA;ULTRAPASSAGEM INDEVIDA;COLISÃO TRASEIRA;NUBLADO;DUPLA;"ACLIVE;RETA";NÃO;0
RJ;BR-101;MANGARATIBA;11;4;DOMINGO;6;1;12;12H-14H;TARDE;PLENO DIA;AUSÊNCIA DE REAÇÃO DO CONDUTOR;COLISÃO TRASEIRA;NUBLADO;SIMPLES;"RETA;ACLIVE";NÃO;0
MS;BR-163;CAMPO GRANDE;11;4;DOMINGO;6;1;12;12H-14H;TARDE;PLENO DIA;AUSÊNCIA DE REAÇÃO DO CONDUTOR;COLISÃO COM OBJETO;CHUVA;SIMPLES;CURVA;NÃO;0
MG;BR-381;ITAPEVA;11;4;DOMINGO;6;1;13;12H-14H;TARDE;PLENO DIA;VELOCIDADE INCOMPATÍVEL;QUEDA DE OCUPANTE DE VEÍCULO;CHUVA;DUPLA;CURVA;NÃO;0
SC;BR-101;IMBITUBA;11;4;DOMINGO;6;1;13;12H-14H;TARDE;PLENO DIA;AVARIAS E/OU DESGASTE EXCESSIVO NO PNEU;COLISÃO COM OBJETO;CHUVA;MÚLTIPLA;RETA;NÃO;0
MG;BR-262;REDUTO;11;4;DOMINGO;6;1;7;06H-08H;MANHA;PLENO DIA;AUSÊNCIA DE REAÇÃO DO CONDUTOR;SAÍDA DE LEITO CARROÇÁVEL;CÉU CLARO;SIMPLES;"DECLIVE;CURVA";NÃO;1
SC;BR-280;CORUPA;11;4;DOMINGO;6;1;10;09H-11H;MANHA;PLENO DIA;PISTA ESCORREGADIA;COLISÃO FRONTAL;GAROA/CHUVISCO;SIMPLES;"DECLIVE;CURVA";NÃO;0
MG;BR-381;SABARA;11;4;DOMINGO;6;1;13;12H-14H;TARDE;PLENO DIA;CHUVA;COLISÃO LATERAL SENTIDO OPOSTO;CHUVA;SIMPLES;CURVA;NÃO;0
MS;BR-163;ITAQUIRAI;11;4;DOMINGO;6;1;9;09H-11H;MANHA;PLENO DIA;ACESSAR A VIA SEM OBSERVAR A PRESENÇA DOS OUTROS VEÍCULOS;COLISÃO LATERAL MESMO SENTIDO;CÉU CLARO;SIMPLES;RETA;SIM;0
MG;BR-365;JEQUITAI;11;4;DOMINGO;6;1;11;09H-11H;MANHA;PLENO DIA;CHUVA;SAÍDA DE LEITO CARROÇÁVEL;CHUVA;SIMPLES;CURVA;NÃO;0
RS;BR-116;PICADA CAFE;11;4;DOMINGO;6;1;10;09H-11H;MANHA;PLENO DIA;AUSÊNCIA DE REAÇÃO DO CONDUTOR;SAÍDA DE LEITO CARROÇÁVEL;CÉU CLARO;SIMPLES;CURVA;NÃO;0
MG;BR-381;ITATIAIUCU;11;4;DOMINGO;6;1;12;12H-14H;TARDE;PLENO DIA;CHUVA;SAÍDA DE LEITO CARROÇÁVEL;CHUVA;DUPLA;"CURVA;DECLIVE";NÃO;0
MG;BR-116;SAO FRANCISCO DO GLORIA;11;4;DOMINGO;6;1;14;12H-14H;TARDE;PLENO DIA;CHUVA;SAÍDA DE LEITO CARROÇÁVEL;CHUVA;SIMPLES;CURVA;NÃO;0
DF;BR-020;BRASILIA;11;4;DOMINGO;6;1;14;12H-14H;TARDE;PLENO DIA;AVARIAS E/OU DESGASTE EXCESSIVO NO PNEU;SAÍDA DE LEITO CARROÇÁVEL;GAROA/CHUVISCO;DUPLA;"DECLIVE;RETA";SIM;0
MG;BR-381;BRUMADINHO;11;4;DOMINGO;6;1;13;12H-14H;TARDE;PLENO DIA;CHUVA;QUEDA DE OCUPANTE DE VEÍCULO;CHUVA;DUPLA;"RETA;ACLIVE";NÃO;0
MG;BR-251;FRANCISCO SA;11;4;DOMINGO;6;1;11;09H-11H;MANHA;PLENO DIA;INGESTÃO DE ÁLCOOL PELO CONDUTOR;COLISÃO TRANSVERSAL;GAROA/CHUVISCO;SIMPLES;RETA;NÃO;0
PR;BR-163;SANTA LUCIA;11;4;DOMINGO;6;1;14;12H-14H;TARDE;PLENO DIA;PISTA ESCORREGADIA;TOMBAMENTO;GAROA/CHUVISCO;DUPLA;"CURVA;DECLIVE";NÃO;0
MG;BR-381;JOAO MONLEVADE;11;4;DOMINGO;6;1;14;12H-14H;TARDE;PLENO DIA;PISTA ESCORREGADIA;SAÍDA DE LEITO CARROÇÁVEL;CHUVA;SIMPLES;RETA;NÃO;0
SP;BR-116;GUARULHOS;11;4;DOMINGO;6;1;14;12H-14H;TARDE;PLENO DIA;REAÇÃO TARDIA OU INEFICIENTE DO CONDUTOR;COLISÃO COM OBJETO;CÉU CLARO;MÚLTIPLA;"RETA;ACLIVE";SIM;0
ES;BR-101;LINHARES;11;4;DOMINGO;6;1;15;15H-17H;TARDE;PLENO DIA;MANOBRA DE MUDANÇA DE FAIXA;COLISÃO LATERAL MESMO SENTIDO;CÉU CLARO;MÚLTIPLA;RETA;NÃO;0
MG;BR-381;IGARAPE;11;4;DOMINGO;6;1;15;15H-17H;TARDE;PLENO DIA;REAÇÃO TARDIA OU INEFICIENTE DO CONDUTOR;SAÍDA DE LEITO CARROÇÁVEL;CHUVA;DUPLA;"CURVA;DECLIVE";NÃO;0
MS;BR-163;NOVA ALVORADA DO SUL;11;4;DOMINGO;6;1;14;12H-14H;TARDE;PLENO DIA;CONVERSÃO PROIBIDA;COLISÃO LATERAL MESMO SENTIDO;NUBLADO;SIMPLES;"ACLIVE;RETA";NÃO;0
MG;BR-381;OLIVEIRA;11;4;DOMINGO;6;1;15;15H-17H;TARDE;PLENO DIA;REAÇÃO TARDIA OU INEFICIENTE DO CONDUTOR;SAÍDA DE LEITO CARROÇÁVEL;CHUVA;DUPLA;CURVA;NÃO;0