uf;br_formatada;municipio;mes;trimestre;dia_semana;dia_semana_num;fim_de_semana;hora;faixa_horaria;turno;fase_dia;causa_acidente;tipo_acidente;condicao_metereologica;tipo_pista;tracado_via;uso_solo;acidente_fatal
SP;BR-116;QUELUZ;11;4;SEGUNDA-FEIRA;0;0;16;15H-17H;TARDE;PLENO DIA;MAL SÚBITO DO CONDUTOR;SAÍDA DE LEITO CARROÇÁVEL;NUBLADO;DUPLA;RETA;SIM;0
PE;BR-101;PAULISTA;11;4;SEGUNDA-FEIRA;0;0;16;15H-17H;TARDE;PLENO DIA;AUSÊNCIA DE REAÇÃO DO CONDUTOR;SAÍDA DE LEITO CARROÇÁVEL;CÉU CLARO;MÚLTIPLA;"DECLIVE;VIADUTO";SIM;0
RJ;BR-101;ANGRA DOS REIS;11;4;SEGUNDA-FEIRA;0;0;17;15H-17H;TARDE;PLENO DIA;VELOCIDADE INCOMPATÍVEL;SAÍDA DE LEITO CARROÇÁVEL;CHUVA;SIMPLES;CURVA;NÃO;0
RS;BR-285;IJUI;11;4;SEGUNDA-FEIRA;0;0;17;15H-17H;TARDE;PLENO DIA;TRANSITAR NA CONTRAMÃO;COLISÃO FRONTAL;CÉU CLARO;SIMPLES;"RETA;EM OBRAS";SIM;0
MG;BR-262;MARTINS SOARES;11;4;SEGUNDA-FEIRA;0;0;17;15H-17H;TARDE;ANOITECER;ACESSAR A VIA SEM OBSERVAR A PRESENÇA DOS OUTROS VEÍCULOS;COLISÃO TRANSVERSAL;CÉU CLARO;SIMPLES;"INTERSEÇÃO DE VIAS;RETA;ACLIVE";NÃO;0
PR;BR-376;APUCARANA;11;4;SEGUNDA-FEIRA;0;0;18;18H-20H;NOITE;PLENO DIA;ACESSAR A VIA SEM OBSERVAR A PRESENÇA DOS OUTROS VEÍCULOS;COLISÃO TRANSVERSAL;CÉU CLARO;DUPLA;RETA;NÃO;0
PE;BR-101;JOAQUIM NABUCO;11;4;SEGUNDA-FEIRA;0;0;10;09H-11H;MANHA;PLENO DIA;CONDUTOR DORMINDO;SAÍDA DE LEITO CARROÇÁVEL;CÉU CLARO;DUPLA;RETA;NÃO;0
SC;BR-101;BALNEARIO CAMBORIU;11;4;SEGUNDA-FEIRA;0;0;18;18H-20H;NOITE;PLENO DIA;TRAFEGAR COM MOTOCICLETA (OU SIMILAR) ENTRE AS FAIXAS;COLISÃO TRASEIRA;GAROA/CHUVISCO;DUPLA;RETA;SIM;0
PR;BR-277;PRUDENTOPOLIS;11;4;SEGUNDA-FEIRA;0;0;15;15H-17H;TARDE;PLENO DIA;REAÇÃO TARDIA OU INEFICIENTE DO CONDUTOR;COLISÃO LATERAL MESMO SENTIDO;CÉU CLARO;SIMPLES;RETA;NÃO;0
RS;BR-468;SANTO AUGUSTO;11;4;SÁBADO;5;1;19;18H-20H;NOITE;ANOITECER;AUSÊNCIA DE REAÇÃO DO CONDUTOR;SAÍDA DE LEITO CARROÇÁVEL;CÉU CLARO;SIMPLES;RETA;NÃO;0
PR;BR-153;REBOUCAS;11;4;SEGUNDA-FEIRA;0;0;16;15H-17H;TARDE;PLENO DIA;TRANSITAR NA CONTRAMÃO;COLISÃO LATERAL SENTIDO OPOSTO;NUBLADO;SIMPLES;CURVA;NÃO;0
RS;BR-448;ESTEIO;11;4;SEGUNDA-FEIRA;0;0;18;18H-20H;NOITE;PLENO DIA;CONDUTOR DEIXOU DE MANTER DISTÂNCIA DO VEÍCULO DA FRENTE;COLISÃO TRASEIRA;CÉU CLARO;DUPLA;RETA;SIM;0
MA;BR-135;MIRANDA DO NORTE;11;4;SEGUNDA-FEIRA;0;0;18;18H-20H;NOITE;ANOITECER;ULTRAPASSAGEM INDEVIDA;SAÍDA DE LEITO CARROÇÁVEL;CÉU CLARO;SIMPLES;RETA;NÃO;0
SC;BR-101;ITAPEMA;11;4;SEGUNDA-FEIRA;0;0;18;18H-20H;NOITE;ANOITECER;REAÇÃO TARDIA OU INEFICIENTE DO CONDUTOR;COLISÃO TRASEIRA;NUBLADO;MÚLTIPLA;"DECLIVE;RETA";SIM;0
MS;BR-267;RIO BRILHANTE;11;4;SEGUNDA-FEIRA;0;0;17;15H-17H;TARDE;PLENO DIA;ACESSAR A VIA SEM OBSERVAR A PRESENÇA DOS OUTROS VEÍCULOS;COLISÃO TRANSVERSAL;SOL;SIMPLES;INTERSEÇÃO DE VIAS;NÃO;0
MA;BR-135;SAO LUIS;11;4;SEGUNDA-FEIRA;0;0;18;18H-20H;NOITE;PLENA NOITE;RETORNO PROIBIDO;COLISÃO TRANSVERSAL;CÉU CLARO;DUPLA;RETA;SIM;0
RN;BR-101;SAO GONCALO DO AMARANTE;11;4;SEGUNDA-FEIRA;0;0;19;18H-20H;NOITE;PLENA NOITE;CONDUTOR DEIXOU DE MANTER DISTÂNCIA DO VEÍCULO DA FRENTE;COLISÃO TRASEIRA;CÉU CLARO;SIMPLES;RETA;NÃO;0
PE;BR-232;RECIFE;11;4;SEGUNDA-FEIRA;0;0;19;18H-20H;NOITE;PLENA NOITE;REAÇÃO TARDIA OU INEFICIENTE DO CONDUTOR;COLISÃO TRASEIRA;CÉU CLARO;MÚLTIPLA;RETA;SIM;0
MG;BR-381;CAMANDUCAIA;11;4;SEGUNDA-FEIRA;0;0;16;15H-17H;TARDE;PLENO DIA;CURVA ACENTUADA;TOMBAMENTO;GAROA/CHUVISCO;DUPLA;CURVA;NÃO;0
MG;BR-381;CARMO DA CACHOEIRA;11;4;SEGUNDA-FEIRA;0;0;19;18H-20H;NOITE;PLENA NOITE;REAÇÃO TARDIA OU INEFICIENTE DO CONDUTOR;COLISÃO COM OBJETO;GAROA/CHUVISCO;DUPLA;"CURVA;DECLIVE";NÃO;0
SP;BR-116;BARRA DO TURVO;11;4;SEGUNDA-FEIRA;0;0;17;15H-17H;TARDE;ANOITECER;REAÇÃO TARDIA OU INEFICIENTE DO CONDUTOR;COLISÃO COM OBJETO;CHUVA;MÚLTIPLA;"CURVA;DECLIVE";NÃO;0
MG;BR-116;TEOFILO OTONI;11;4;SEGUNDA-FEIRA;0;0;17;15H-17H;TARDE;ANOITECER;REAÇÃO TARDIA OU INEFICIENTE DO CONDUTOR;SAÍDA DE LEITO CARROÇÁVEL;NUBLADO;SIMPLES;CURVA;NÃO;0
PR;BR-116;CURITIBA;11;4;SEGUNDA-FEIRA;0;0;19;18H-20H;NOITE;PLENA NOITE;REAÇÃO TARDIA OU INEFICIENTE DO CONDUTOR;COLISÃO TRASEIRA;GAROA/CHUVISCO;DUPLA;RETA;NÃO;0
PB;BR-101;MAMANGUAPE;11;4;SEGUNDA-FEIRA;0;0;20;18H-20H;NOITE;PLENA NOITE;CONVERSÃO PROIBIDA;COLISÃO TRANSVERSAL;CÉU CLARO;SIMPLES;RETA;NÃO;0
PI;BR-343;PARNAIBA;11;4;SEGUNDA-FEIRA;0;0;18;18H-20H;NOITE;PLENA NOITE;DESRESPEITAR A PREFERÊNCIA NO CRUZAMENTO;COLISÃO TRANSVERSAL;CÉU CLARO;DUPLA;ROTATÓRIA;SIM;0
MG;BR-381;GOVERNADOR VALADARES;11;4;SEGUNDA-FEIRA;0;0;19;18H-20H;NOITE;PLENA NOITE;ANIMAIS NA PISTA;ATROPELAMENTO DE ANIMAL;NUBLADO;SIMPLES;"RETA;ACLIVE";NÃO;0
SC;BR-282;PALHOCA;11;4;SEGUNDA-FEIRA;0;0;20;18H-20H;NOITE;PLENA NOITE;ACESSAR A VIA SEM OBSERVAR A PRESENÇA DOS OUTROS VEÍCULOS;ATROPELAMENTO DE PEDESTRE;CÉU CLARO;SIMPLES;RETA;NÃO;0
SC;BR-101;TUBARAO;11;4;SEGUNDA-FEIRA;0;0;20;18H-20H;NOITE;PLENA NOITE;MANOBRA DE MUDANÇA DE FAIXA;COLISÃO LATERAL MESMO SENTIDO;NUBLADO;DUPLA;RETA;NÃO;0
SC;BR-101;SOMBRIO;11;4;SEGUNDA-FEIRA;0;0;20;18H-20H;NOITE;PLENA NOITE;CONDUTOR DEIXOU DE MANTER DISTÂNCIA DO VEÍCULO DA FRENTE;COLISÃO TRASEIRA;NUBLADO;DUPLA;"RETA;DECLIVE";SIM;0
RJ;BR-101;NITEROI;11;4;SEGUNDA-FEIRA;0;0;7;06H-08H;MANHA;PLENO DIA;AUSÊNCIA DE REAÇÃO DO CONDUTOR;COLISÃO TRASEIRA;NUBLADO;DUPLA;RETA;NÃO;0
RS;BR-285;IJUI;11;4;SEGUNDA-FEIRA;0;0;21;21H-23H;NOITE;PLENA NOITE;ACESSAR A VIA SEM OBSERVAR A PRESENÇA DOS OUTROS VEÍCULOS;COLISÃO TRANSVERSAL;NUBLADO;SIMPLES;"INTERSEÇÃO DE VIAS;RETA;ACLIVE;EM OBRAS";SIM;0
MA;BR-316;CAXIAS;11;4;SEGUNDA-FEIRA;0;0;20;18H-20H;NOITE;PLENA NOITE;ACOSTAMENTO EM DESNÍVEL;QUEDA DE OCUPANTE DE VEÍCULO;CÉU CLARO;SIMPLES;RETA;NÃO;0
SP;BR-381;ATIBAIA;11;4;SEGUNDA-FEIRA;0;0;17;15H-17H;TARDE;ANOITECER;CHUVA;COLISÃO LATERAL MESMO SENTIDO;CHUVA;DUPLA;"ACLIVE;RETA";SIM;0
ES;BR-101;CARIACICA;11;4;SEGUNDA-FEIRA;0;0;21;21H-23H;NOITE;PLENA NOITE;VELOCIDADE INCOMPATÍVEL;COLISÃO COM OBJETO;CHUVA;MÚLTIPLA;"CURVA;DECLIVE";NÃO;0
RO;BR-319;PORTO VELHO;11;4;SEGUNDA-FEIRA;0;0;17;15H-17H;TARDE;PLENO DIA;AUSÊNCIA DE REAÇÃO DO CONDUTOR;SAÍDA DE LEITO CARROÇÁVEL;NUBLADO;SIMPLES;RETA;NÃO;0
SP;BR-116;BARRA DO TURVO;11;4;SEGUNDA-FEIRA;0;0;18;18H-20H;NOITE;ANOITECER;ACUMULO DE ÁGUA SOBRE O PAVIMENTO;SAÍDA DE LEITO CARROÇÁVEL;CHUVA;DUPLA;"DECLIVE;CURVA";NÃO;0
PR;BR-476;BOCAIUVA DO SUL;11;4;SEGUNDA-FEIRA;0;0;16;15H-17H;TARDE;PLENO DIA;MAL SÚBITO DO CONDUTOR;QUEDA DE OCUPANTE DE VEÍCULO;NUBLADO;SIMPLES;"CURVA;DECLIVE";NÃO;1
PR;BR-116;CURITIBA;11;4;SEGUNDA-FEIRA;0;0;22;21H-23H;NOITE;PLENA NOITE;AUSÊNCIA DE REAÇÃO DO CONDUTOR;COLISÃO TRASEIRA;GAROA/CHUVISCO;DUPLA;"RETA;INTERSEÇÃO DE VIAS";SIM;0
RJ;BR-040;PETROPOLIS;11;4;SEGUNDA-FEIRA;0;0;20;18H-20H;NOITE;PLENA NOITE;DEMAIS FALHAS NA VIA;TOMBAMENTO;CHUVA;DUPLA;"CURVA;DECLIVE";NÃO;0
MS;BR-262;RIBAS DO RIO PARDO;11;4;SEGUNDA-FEIRA;0;0;19;18H-20H;NOITE;PLENA NOITE;AUSÊNCIA DE REAÇÃO DO CONDUTOR;COLISÃO COM OBJETO;CÉU CLARO;SIMPLES;RETA;NÃO;0
MT;BR-364;SANTO ANTONIO DO LEVERGER;11;4;SEGUNDA-FEIRA;0;0;21;21H-23H;NOITE;PLENA NOITE;CONDUTOR USANDO CELULAR;COLISÃO COM OBJETO;CÉU CLARO;DUPLA;CURVA;NÃO;0
PR;BR-116;RIO NEGRO;11;4;SEGUNDA-FEIRA;0;0;21;21H-23H;NOITE;PLENA NOITE;INGESTÃO DE ÁLCOOL PELO CONDUTOR;SAÍDA DE LEITO CARROÇÁVEL;GAROA/CHUVISCO;SIMPLES;CURVA;NÃO;0
MS;BR-163;CAMPO GRANDE;11;4;SEGUNDA-FEIRA;0;0;22;21H-23H;NOITE;PLENA NOITE;AUSÊNCIA DE REAÇÃO DO CONDUTOR;SAÍDA DE LEITO CARROÇÁVEL;CÉU CLARO;SIMPLES;RETA;NÃO;0
PE;BR-101;ABREU E LIMA;11;4;SEGUNDA-FEIRA;0;0;22;21H-23H;NOITE;PLENA NOITE;ACESSAR A VIA SEM OBSERVAR A PRESENÇA DOS OUTROS VEÍCULOS;COLISÃO TRANSVERSAL;CÉU CLARO;SIMPLES;"RETA;RETORNO REGULAMENTADO";SIM;0
PR;BR-277;FERNANDES PINHEIRO;11;4;SEGUNDA-FEIRA;0;0;19;18H-20H;NOITE;PLENA NOITE;ACUMULO DE ÁGUA SOBRE O PAVIMENTO;SAÍDA DE LEITO CARROÇÁVEL;CHUVA;SIMPLES;RETA;NÃO;0
DF;BR-040;BRASILIA;11;4;TERÇA-FEIRA;1;0;0;00H-02H;MADRUGADA;PLENA NOITE;DEMAIS FENÔMENOS DA NATUREZA;TOMBAMENTO;CHUVA;DUPLA;RETA;NÃO;0
PB;BR-230;JOAO PESSOA;11;4;TERÇA-FEIRA;1;0;2;00H-02H;MADRUGADA;PLENA NOITE;VELOCIDADE INCOMPATÍVEL;COLISÃO COM OBJETO;CÉU CLARO;DUPLA;CURVA;SIM;0
BA;BR-324;SAO SEBASTIAO DO PASSE;11;4;TERÇA-FEIRA;1;0;2;00H-02H;MADRUGADA;PLENA NOITE;ANIMAIS NA PISTA;ATROPELAMENTO DE ANIMAL;CÉU CLARO;DUPLA;RETA;NÃO;0
SC;BR-101;PORTO BELO;11;4;TERÇA-FEIRA;1;0;2;00H-02H;MADRUGADA;PLENA NOITE;REAÇÃO TARDIA OU INEFICIENTE DO CONDUTOR;SAÍDA DE LEITO CARROÇÁVEL;NUBLADO;DUPLA;RETA;NÃO;0
PR;BR-476;CURITIBA;11;4;TERÇA-FEIRA;1;0;4;03H-05H;MADRUGADA;AMANHECER;AVARIAS E/OU DESGASTE EXCESSIVO NO PNEU;QUEDA DE OCUPANTE DE VEÍCULO;GAROA/CHUVISCO;SIMPLES;RETA;SIM;0
DF;BR-020;BRASILIA;11;4;TERÇA-FEIRA;1;0;5;03H-05H;MADRUGADA;AMANHECER;VELOCIDADE INCOMPATÍVEL;CAPOTAMENTO;CHUVA;DUPLA;CURVA;SIM;0
SC;BR-153;CONCORDIA;11;4;TERÇA-FEIRA;1;0;2;00H-02H;MADRUGADA;PLENA NOITE;CONDUTOR USANDO CELULAR;SAÍDA DE LEITO CARROÇÁVEL;CÉU CLARO;SIMPLES;CURVA;NÃO;0
RJ;BR-116;NOVA IGUACU;11;4;TERÇA-FEIRA;1;0;5;03H-05H;MADRUGADA;PLENO DIA;AUSÊNCIA DE REAÇÃO DO CONDUTOR;ENGAVETAMENTO;CÉU CLARO;DUPLA;RETA;SIM;0
GO;BR-060;ANAPOLIS;11;4;TERÇA-FEIRA;1;0;6;06H-08H;MANHA;PLENO DIA;AUSÊNCIA DE REAÇÃO DO CONDUTOR;COLISÃO COM OBJETO;GAROA/CHUVISCO;DUPLA;RETA;SIM;0
SP;BR-116;SAO JOSE DOS CAMPOS;11;4;TERÇA-FEIRA;1;0;6;06H-08H;MANHA;PLENO DIA;CONDUTOR DEIXOU DE MANTER DISTÂNCIA DO VEÍCULO DA FRENTE;ENGAVETAMENTO;NUBLADO;DUPLA;RETA;NÃO;0
SC;BR-101;BIGUACU;11;4;TERÇA-FEIRA;1;0;7;06H-08H;MANHA;PLENO DIA;ACESSAR A VIA SEM OBSERVAR A PRESENÇA DOS OUTROS VEÍCULOS;COLISÃO TRANSVERSAL;CÉU CLARO;SIMPLES;INTERSEÇÃO DE VIAS;NÃO;0
SP;BR-116;EMBU DAS ARTES;11;4;TERÇA-FEIRA;1;0;6;06H-08H;MANHA;PLENO DIA;TRAFEGAR COM MOTOCICLETA (OU SIMILAR) ENTRE AS FAIXAS;COLISÃO TRASEIRA;CÉU CLARO;DUPLA;RETA;NÃO;0
CE;BR-116;AQUIRAZ;11;4;TERÇA-FEIRA;1;0;6;06H-08H;MANHA;PLENO DIA;AUSÊNCIA DE REAÇÃO DO CONDUTOR;COLISÃO TRASEIRA;SOL;DUPLA;RETA;NÃO;1
SC;BR-101;PALHOCA;11;4;TERÇA-FEIRA;1;0;7;06H-08H;MANHA;PLENO DIA;CONDUTOR USANDO CELULAR;COLISÃO TRASEIRA;CÉU CLARO;SIMPLES;RETA;SIM;0
PR;BR-376;SAO JOSE DOS PINHAIS;10;4;SEGUNDA-FEIRA;0;0;13;12H-14H;TARDE;PLENO DIA;REAÇÃO TARDIA OU INEFICIENTE DO CONDUTOR;ENGAVETAMENTO;CÉU CLARO;DUPLA;RETA;SIM;0
SP;BR-381;ATIBAIA;11;4;TERÇA-FEIRA;1;0;7;06H-08H;MANHA;PLENO DIA;REAÇÃO TARDIA OU INEFICIENTE DO CONDUTOR;QUEDA DE OCUPANTE DE VEÍCULO;NUBLADO;DUPLA;RETA;SIM;0
RS;BR-290;PORTO ALEGRE;11;4;TERÇA-FEIRA;1;0;7;06H-08H;MANHA;PLENO DIA;CONDUTOR DEIXOU DE MANTER DISTÂNCIA DO VEÍCULO DA FRENTE;COLISÃO TRASEIRA;CÉU CLARO;MÚLTIPLA;RETA;NÃO;0
SC;BR-163;SAO MIGUEL DO OESTE;11;4;TERÇA-FEIRA;1;0;7;06H-08H;MANHA;PLENO DIA;CARGA EXCESSIVA E/OU MAL ACONDICIONADA;SAÍDA DE LEITO CARROÇÁVEL;CÉU CLARO;SIMPLES;CURVA;NÃO;0
RN;BR-101;SAO JOSE DE MIPIBU;11;4;TERÇA-FEIRA;1;0;8;06H-08H;MANHA;PLENO DIA;ACESSAR A VIA SEM OBSERVAR A PRESENÇA DOS OUTROS VEÍCULOS;COLISÃO LATERAL MESMO SENTIDO;CÉU CLARO;DUPLA;RETA;SIM;0
SC;BR-470;BLUMENAU;11;4;TERÇA-FEIRA;1;0;8;06H-08H;MANHA;PLENO DIA;REAÇÃO TARDIA OU INEFICIENTE DO CONDUTOR;SAÍDA DE LEITO CARROÇÁVEL;NUBLADO;SIMPLES;CURVA;SIM;0
PR;BR-277;SAO MIGUEL DO IGUACU;11;4;TERÇA-FEIRA;1;0;7;06H-08H;MANHA;PLENO DIA;MANOBRA DE MUDANÇA DE FAIXA;SAÍDA DE LEITO CARROÇÁVEL;CÉU CLARO;DUPLA;RETA;NÃO;0
RJ;BR-101;NITEROI;11;4;TERÇA-FEIRA;1;0;7;06H-08H;MANHA;PLENO DIA;CHUVA;TOMBAMENTO;CHUVA;DUPLA;RETA;SIM;0
RJ;BR-101;MANGARATIBA;11;4;TERÇA-FEIRA;1;0;7;06H-08H;MANHA;PLENO DIA;REAÇÃO TARDIA OU INEFICIENTE DO CONDUTOR;COLISÃO TRASEIRA;CÉU CLARO;SIMPLES;CURVA;NÃO;0
BA;BR-116;VITORIA DA CONQUISTA;11;4;TERÇA-FEIRA;1;0;9;09H-11H;MANHA;PLENO DIA;DESRESPEITAR A PREFERÊNCIA NO CRUZAMENTO;COLISÃO TRANSVERSAL;NUBLADO;SIMPLES;"RETA;ROTATÓRIA";SIM;0
AL;BR-101;PILAR;10;4;TERÇA-FEIRA;1;0;15;15H-17H;TARDE;PLENO DIA;PROBLEMA COM O FREIO;COLISÃO FRONTAL;CÉU CLARO;SIMPLES;"DECLIVE;RETA";NÃO;0
PI;BR-343;TERESINA;11;4;TERÇA-FEIRA;1;0;7;06H-08H;MANHA;PLENO DIA;DESRESPEITAR A PREFERÊNCIA NO CRUZAMENTO;COLISÃO TRANSVERSAL;CÉU CLARO;DUPLA;ROTATÓRIA;SIM;0
AC;BR-364;RIO BRANCO;11;4;SEXTA-FEIRA;4;0;5;03H-05H;MADRUGADA;PLENO DIA;CONDUTOR DORMINDO;SAÍDA DE LEITO CARROÇÁVEL;CÉU CLARO;SIMPLES;CURVA;NÃO;0
RJ;BR-101;RIO DE JANEIRO;11;4;TERÇA-FEIRA;1;0;6;06H-08H;MANHA;PLENO DIA;CHUVA;TOMBAMENTO;GAROA/CHUVISCO;SIMPLES;"RETA;PONTE";SIM;0
SC;BR-101;LAGUNA;11;4;TERÇA-FEIRA;1;0;10;09H-11H;MANHA;PLENO DIA;REAÇÃO TARDIA OU INEFICIENTE DO CONDUTOR;COLISÃO TRASEIRA;CÉU CLARO;DUPLA;CURVA;NÃO;0
SC;BR-101;BALNEARIO CAMBORIU;11;4;TERÇA-FEIRA;1;0;10;09H-11H;MANHA;PLENO DIA;PISTA ESBURACADA;TOMBAMENTO;CÉU CLARO;SIMPLES;"INTERSEÇÃO DE VIAS;ACLIVE";NÃO;0
BA;BR-116;VITORIA DA CONQUISTA;11;4;TERÇA-FEIRA;1;0;11;09H-11H;MANHA;PLENO DIA;REAÇÃO TARDIA OU INEFICIENTE DO CONDUTOR;COLISÃO TRASEIRA;CÉU CLARO;SIMPLES;RETA;NÃO;0
ES;BR-259;COLATINA;11;4;TERÇA-FEIRA;1;0;10;09H-11H;MANHA;PLENO DIA;CONVERSÃO PROIBIDA;COLISÃO TRANSVERSAL;CÉU CLARO;SIMPLES;"RETA;INTERSEÇÃO DE VIAS";NÃO;0
PE;BR-232;GRAVATA;11;4;TERÇA-FEIRA;1;0;10;09H-11H;MANHA;PLENO DIA;CONDUTOR USANDO CELULAR;COLISÃO TRASEIRA;CÉU CLARO;SIMPLES;RETA;SIM;0
MA;BR-222;ACAILANDIA;11;4;TERÇA-FEIRA;1;0;10;09H-11H;MANHA;PLENO DIA;ACESSAR A VIA SEM OBSERVAR A PRESENÇA DOS OUTROS VEÍCULOS;COLISÃO LATERAL MESMO SENTIDO;CÉU CLARO;SIMPLES;"INTERSEÇÃO DE VIAS;RETA";SIM;0
RO;BR-364;CACOAL;11;4;TERÇA-FEIRA;1;0;11;09H-11H;MANHA;PLENO DIA;MANOBRA DE MUDANÇA DE FAIXA;COLISÃO LATERAL MESMO SENTIDO;SOL;SIMPLES;RETA;SIM;0
SC;BR-101;SAO JOSE;11;4;TERÇA-FEIRA;1;0;12;12H-14H;TARDE;PLENO DIA;ACESSAR A VIA SEM OBSERVAR A PRESENÇA DOS OUTROS VEÍCULOS;COLISÃO LATERAL MESMO SENTIDO;CÉU CLARO;DUPLA;INTERSEÇÃO DE VIAS;SIM;0
SP;BR-116;GUARULHOS;11;4;TERÇA-FEIRA;1;0;12;12H-14H;TARDE;PLENO DIA;AUSÊNCIA DE REAÇÃO DO CONDUTOR;TOMBAMENTO;CÉU CLARO;DUPLA;RETA;SIM;0
PI;BR-343;TERESINA;11;4;TERÇA-FEIRA;1;0;12;12H-14H;TARDE;PLENO DIA;ACESSAR A VIA SEM OBSERVAR A PRESENÇA DOS OUTROS VEÍCULOS;COLISÃO TRANSVERSAL;CÉU CLARO;DUPLA;RETA;SIM;0
SC;BR-282;AGUAS MORNAS;11;4;TERÇA-FEIRA;1;0;11;09H-11H;MANHA;PLENO DIA;MAL SÚBITO DO CONDUTOR;SAÍDA DE LEITO CARROÇÁVEL;CÉU CLARO;SIMPLES;CURVA;NÃO;0
PR;BR-116;CAMPO DO TENENTE;11;4;TERÇA-FEIRA;1;0;10;09H-11H;MANHA;PLENO DIA;REAÇÃO TARDIA OU INEFICIENTE DO CONDUTOR;COLISÃO TRASEIRA;CÉU CLARO;SIMPLES;RETA;SIM;0
BA;BR-101;TEIXEIRA DE FREITAS;11;4;TERÇA-FEIRA;1;0;14;12H-14H;TARDE;PLENO DIA;ULTRAPASSAGEM INDEVIDA;COLISÃO LATERAL SENTIDO OPOSTO;NUBLADO;SIMPLES;RETA;SIM;0
BA;BR-116;FEIRA DE SANTANA;11;4;TERÇA-FEIRA;1;0;12;12H-14H;TARDE;PLENO DIA;ACESSAR A VIA SEM OBSERVAR A PRESENÇA DOS OUTROS VEÍCULOS;COLISÃO TRANSVERSAL;CÉU CLARO;DUPLA;RETA;SIM;0
MS;BR-163;BANDEIRANTES;11;4;TERÇA-FEIRA;1;0;11;09H-11H;MANHA;PLENO DIA;AUSÊNCIA DE REAÇÃO DO CONDUTOR;COLISÃO TRASEIRA;CÉU CLARO;SIMPLES;RETA;NÃO;0
SC;BR-470;LONTRAS;11;4;TERÇA-FEIRA;1;0;14;12H-14H;TARDE;PLENO DIA;TRAFEGAR COM MOTOCICLETA (OU SIMILAR) ENTRE AS FAIXAS;COLISÃO TRANSVERSAL;NUBLADO;SIMPLES;RETA;SIM;0
MG;BR-040;NOVA LIMA;11;4;TERÇA-FEIRA;1;0;14;12H-14H;TARDE;PLENO DIA;CONDUTOR DORMINDO;SAÍDA DE LEITO CARROÇÁVEL;CÉU CLARO;DUPLA;RETA;NÃO;0
MG;BR-365;CLARO DOS POCOES;11;4;TERÇA-FEIRA;1;0;14;12H-14H;TARDE;PLENO DIA;VELOCIDADE INCOMPATÍVEL;SAÍDA DE LEITO CARROÇÁVEL;GAROA/CHUVISCO;SIMPLES;"ACLIVE;RETA";NÃO;0
RJ;BR-356;ITALVA;11;4;TERÇA-FEIRA;1;0;11;09H-11H;MANHA;PLENO DIA;TRANSITAR NA CONTRAMÃO;COLISÃO FRONTAL;CÉU CLARO;SIMPLES;RETA;SIM;0
PB;BR-101;MAMANGUAPE;11;4;TERÇA-FEIRA;1;0;14;12H-14H;TARDE;PLENO DIA;REAÇÃO TARDIA OU INEFICIENTE DO CONDUTOR;COLISÃO TRASEIRA;CÉU CLARO;DUPLA;"RETA;RETORNO REGULAMENTADO";NÃO;0
RS;BR-470;SAO JERONIMO;11;4;TERÇA-FEIRA;1;0;14;12H-14H;TARDE;PLENO DIA;ACESSO IRREGULAR;COLISÃO LATERAL MESMO SENTIDO;CÉU CLARO;SIMPLES;"RETA;INTERSEÇÃO DE VIAS";SIM;0
RJ;BR-116;MAGE;11;4;SEXTA-FEIRA;4;0;20;18H-20H;NOITE;PLENA NOITE;ULTRAPASSAGEM INDEVIDA;COLISÃO COM OBJETO;NUBLADO;DUPLA;RETA;SIM;1
RJ;BR-040;DUQUE DE CAXIAS;11;4;TERÇA-FEIRA;1;0;14;12H-14H;TARDE;PLENO DIA;REAÇÃO TARDIA OU INEFICIENTE DO CONDUTOR;COLISÃO LATERAL MESMO SENTIDO;NUBLADO;MÚLTIPLA;RETA;NÃO;0
ES;BR-101;CARIACICA;11;4;TERÇA-FEIRA;1;0;15;15H-17H;TARDE;PLENO DIA;DESRESPEITAR A PREFERÊNCIA NO CRUZAMENTO;COLISÃO TRANSVERSAL;NUBLADO;DUPLA;"RETA;RETORNO REGULAMENTADO";SIM;0
RN;BR-226;NATAL;11;4;TERÇA-FEIRA;1;0;15;15H-17H;TARDE;PLENO DIA;TRANSITAR NA CONTRAMÃO;COLISÃO FRONTAL;CÉU CLARO;SIMPLES;"RETA;EM OBRAS";SIM;0
BA;BR-367;PORTO SEGURO;11;4;TERÇA-FEIRA;1;0;15;15H-17H;TARDE;PLENO DIA;AUSÊNCIA DE REAÇÃO DO CONDUTOR;COLISÃO TRANSVERSAL;NUBLADO;SIMPLES;RETA;SIM;0
GO;BR-153;GOIATUBA;11;4;TERÇA-FEIRA;1;0;15;15H-17H;TARDE;PLENO DIA;CHUVA;SAÍDA DE LEITO CARROÇÁVEL;CHUVA;DUPLA;RETA;NÃO;0
RJ;BR-101;CASIMIRO DE ABREU;11;4;TERÇA-FEIRA;1;0;15;15H-17H;TARDE;PLENO DIA;AUSÊNCIA DE REAÇÃO DO CONDUTOR;QUEDA DE OCUPANTE DE VEÍCULO;CÉU CLARO;SIMPLES;RETA;NÃO;1
MG;BR-381;CORONEL FABRICIANO;11;4;TERÇA-FEIRA;1;0;15;15H-17H;TARDE;PLENO DIA;AUSÊNCIA DE REAÇÃO DO CONDUTOR;QUEDA DE OCUPANTE DE VEÍCULO;NUBLADO;DUPLA;"DECLIVE;CURVA";NÃO;0