uf;br_formatada;municipio;mes;trimestre;dia_semana;dia_semana_num;fim_de_semana;hora;faixa_horaria;turno;fase_dia;causa_acidente;tipo_acidente;condicao_metereologica;tipo_pista;tracado_via;uso_solo;acidente_fatal
PE;BR-428;PETROLINA;11;4;QUINTA-FEIRA;3;0;7;06H-08H;MANHA;PLENO DIA;ACESSAR A VIA SEM OBSERVAR A PRESENÇA DOS OUTROS VEÍCULOS;COLISÃO TRANSVERSAL;CÉU CLARO;DUPLA;"RETORNO REGULAMENTADO;RETA";SIM;0
SE;BR-235;ITABAIANA;11;4;QUINTA-FEIRA;3;0;7;06H-08H;MANHA;PLENO DIA;CONDUTOR DEIXOU DE MANTER DISTÂNCIA DO VEÍCULO DA FRENTE;COLISÃO TRASEIRA;CÉU CLARO;SIMPLES;RETA;SIM;0
MG;BR-381;BARAO DE COCAIS;11;4;QUINTA-FEIRA;3;0;7;06H-08H;MANHA;PLENO DIA;VELOCIDADE INCOMPATÍVEL;COLISÃO COM OBJETO;NUBLADO;DUPLA;RETA;NÃO;0
TO;BR-010;PALMAS;11;4;QUINTA-FEIRA;3;0;8;06H-08H;MANHA;PLENO DIA;MANOBRA DE MUDANÇA DE FAIXA;TOMBAMENTO;NUBLADO;MÚLTIPLA;"DECLIVE;RETA";SIM;0
RO;BR-364;PORTO VELHO;11;4;QUINTA-FEIRA;3;0;7;06H-08H;MANHA;PLENO DIA;CONDUTOR DEIXOU DE MANTER DISTÂNCIA DO VEÍCULO DA FRENTE;COLISÃO TRASEIRA;CÉU CLARO;DUPLA;RETA;NÃO;0
ES;BR-101;LINHARES;11;4;SÁBADO;5;1;14;12H-14H;TARDE;PLENO DIA;ACESSAR A VIA SEM OBSERVAR A PRESENÇA DOS OUTROS VEÍCULOS;COLISÃO TRANSVERSAL;CÉU CLARO;SIMPLES;CURVA;NÃO;0
MT;BR-364;SANTO ANTONIO DO LEVERGER;11;4;QUINTA-FEIRA;3;0;7;06H-08H;MANHA;PLENO DIA;REAÇÃO TARDIA OU INEFICIENTE DO CONDUTOR;SAÍDA DE LEITO CARROÇÁVEL;CÉU CLARO;DUPLA;CURVA;NÃO;0
DF;BR-020;BRASILIA;11;4;QUINTA-FEIRA;3;0;8;06H-08H;MANHA;PLENO DIA;ACESSAR A VIA SEM OBSERVAR A PRESENÇA DOS OUTROS VEÍCULOS;COLISÃO LATERAL MESMO SENTIDO;CÉU CLARO;DUPLA;RETA;SIM;0
RS;BR-287;SANTA MARIA;11;4;DOMINGO;6;1;3;03H-05H;MADRUGADA;PLENA NOITE;REAÇÃO TARDIA OU INEFICIENTE DO CONDUTOR;SAÍDA DE LEITO CARROÇÁVEL;CÉU CLARO;SIMPLES;RETA;NÃO;1
PR;BR-277;PARANAGUA;11;4;SEGUNDA-FEIRA;0;0;7;06H-08H;MANHA;AMANHECER;AUSÊNCIA DE REAÇÃO DO CONDUTOR;COLISÃO TRANSVERSAL;NUBLADO;DUPLA;"INTERSEÇÃO DE VIAS;RETA";SIM;0
GO;BR-153;ANAPOLIS;11;4;QUINTA-FEIRA;3;0;9;09H-11H;MANHA;PLENO DIA;CONDUTOR DEIXOU DE MANTER DISTÂNCIA DO VEÍCULO DA FRENTE;COLISÃO TRASEIRA;CÉU CLARO;DUPLA;"RETA;ROTATÓRIA;INTERSEÇÃO DE VIAS";SIM;0
SP;BR-116;JUQUITIBA;11;4;QUINTA-FEIRA;3;0;7;06H-08H;MANHA;PLENO DIA;ENTRADA INOPINADA DO PEDESTRE;ATROPELAMENTO DE PEDESTRE;CÉU CLARO;DUPLA;"DECLIVE;RETA";SIM;0
MS;BR-163;ELDORADO;11;4;DOMINGO;6;1;16;15H-17H;TARDE;PLENO DIA;REAÇÃO TARDIA OU INEFICIENTE DO CONDUTOR;SAÍDA DE LEITO CARROÇÁVEL;CHUVA;SIMPLES;"DECLIVE;CURVA";NÃO;0
PE;BR-101;RECIFE;11;4;QUINTA-FEIRA;3;0;9;09H-11H;MANHA;PLENO DIA;TRANSITAR NO ACOSTAMENTO;COLISÃO TRANSVERSAL;CÉU CLARO;DUPLA;CURVA;SIM;0
SC;BR-101;BIGUACU;11;4;QUINTA-FEIRA;3;0;9;09H-11H;MANHA;PLENO DIA;AUSÊNCIA DE REAÇÃO DO CONDUTOR;TOMBAMENTO;CÉU CLARO;MÚLTIPLA;RETA;SIM;0
RS;BR-386;NOVA SANTA RITA;11;4;QUINTA-FEIRA;3;0;8;06H-08H;MANHA;PLENO DIA;AVARIAS E/OU DESGASTE EXCESSIVO NO PNEU;TOMBAMENTO;CÉU CLARO;SIMPLES;RETA;NÃO;0
MS;BR-060;PARAISO DAS AGUAS;11;4;QUINTA-FEIRA;3;0;4;03H-05H;MADRUGADA;AMANHECER;AUSÊNCIA DE REAÇÃO DO CONDUTOR;COLISÃO COM OBJETO;NUBLADO;SIMPLES;RETA;NÃO;0
PR;BR-116;CURITIBA;11;4;QUINTA-FEIRA;3;0;9;09H-11H;MANHA;PLENO DIA;AUSÊNCIA DE REAÇÃO DO CONDUTOR;COLISÃO TRASEIRA;CÉU CLARO;DUPLA;RETA;NÃO;0
MG;BR-040;SETE LAGOAS;11;4;QUINTA-FEIRA;3;0;10;09H-11H;MANHA;PLENO DIA;AUSÊNCIA DE REAÇÃO DO CONDUTOR;COLISÃO TRASEIRA;CÉU CLARO;DUPLA;DECLIVE;SIM;0
RO;BR-364;PORTO VELHO;11;4;QUINTA-FEIRA;3;0;9;09H-11H;MANHA;PLENO DIA;ACESSAR A VIA SEM OBSERVAR A PRESENÇA DOS OUTROS VEÍCULOS;COLISÃO LATERAL MESMO SENTIDO;CÉU CLARO;MÚLTIPLA;INTERSEÇÃO DE VIAS;SIM;0
MG;BR-116;SAO JOAO DO MANHUACU;11;4;QUINTA-FEIRA;3;0;9;09H-11H;MANHA;PLENO DIA;VELOCIDADE INCOMPATÍVEL;TOMBAMENTO;SOL;SIMPLES;CURVA;NÃO;0
SC;BR-470;ASCURRA;11;4;QUINTA-FEIRA;3;0;11;09H-11H;MANHA;PLENO DIA;ACESSAR A VIA SEM OBSERVAR A PRESENÇA DOS OUTROS VEÍCULOS;COLISÃO TRANSVERSAL;CÉU CLARO;SIMPLES;"INTERSEÇÃO DE VIAS;ROTATÓRIA";SIM;0
SP;BR-262;CASTILHO;11;4;QUINTA-FEIRA;3;0;10;09H-11H;MANHA;PLENO DIA;REAÇÃO TARDIA OU INEFICIENTE DO CONDUTOR;COLISÃO COM OBJETO;CÉU CLARO;SIMPLES;ROTATÓRIA;NÃO;0
MG;BR-116;LEOPOLDINA;11;4;QUINTA-FEIRA;3;0;11;09H-11H;MANHA;PLENO DIA;ACESSAR A VIA SEM OBSERVAR A PRESENÇA DOS OUTROS VEÍCULOS;COLISÃO TRANSVERSAL;CÉU CLARO;SIMPLES;RETA;SIM;0
MT;BR-163;PEIXOTO DE AZEVEDO;11;4;QUINTA-FEIRA;3;0;9;09H-11H;MANHA;PLENO DIA;ACESSAR A VIA SEM OBSERVAR A PRESENÇA DOS OUTROS VEÍCULOS;COLISÃO TRANSVERSAL;CÉU CLARO;SIMPLES;RETA;SIM;0
PA;BR-163;NOVO PROGRESSO;10;4;DOMINGO;6;1;16;15H-17H;TARDE;PLENO DIA;CONDUTOR DEIXOU DE MANTER DISTÂNCIA DO VEÍCULO DA FRENTE;COLISÃO TRASEIRA;CÉU CLARO;SIMPLES;CURVA;NÃO;0
RO;BR-364;OURO PRETO DO OESTE;11;4;QUINTA-FEIRA;3;0;10;09H-11H;MANHA;PLENO DIA;ACESSAR A VIA SEM OBSERVAR A PRESENÇA DOS OUTROS VEÍCULOS;COLISÃO TRANSVERSAL;CÉU CLARO;SIMPLES;RETA;SIM;0
RJ;BR-101;CAMPOS DOS GOYTACAZES;11;4;QUINTA-FEIRA;3;0;12;12H-14H;TARDE;PLENO DIA;CONDUTOR DEIXOU DE MANTER DISTÂNCIA DO VEÍCULO DA FRENTE;COLISÃO TRASEIRA;CÉU CLARO;SIMPLES;RETA;SIM;0
SC;BR-101;SAO JOSE;11;4;QUINTA-FEIRA;3;0;8;06H-08H;MANHA;PLENO DIA;PISTA ESCORREGADIA;TOMBAMENTO;CÉU CLARO;MÚLTIPLA;"INTERSEÇÃO DE VIAS;RETA";SIM;0
SC;BR-101;PALHOCA;11;4;QUINTA-FEIRA;3;0;12;12H-14H;TARDE;PLENO DIA;ACUMULO DE ÓLEO SOBRE O PAVIMENTO;TOMBAMENTO;NUBLADO;DUPLA;CURVA;SIM;0
AC;BR-364;SENADOR GUIOMARD;8;3;DOMINGO;6;1;15;15H-17H;TARDE;PLENO DIA;PISTA ESBURACADA;SAÍDA DE LEITO CARROÇÁVEL;CÉU CLARO;SIMPLES;RETA;NÃO;1
PA;BR-163;TRAIRAO;10;4;SÁBADO;5;1;4;03H-05H;MADRUGADA;PLENA NOITE;REAÇÃO TARDIA OU INEFICIENTE DO CONDUTOR;TOMBAMENTO;IGNORADO;SIMPLES;RETA;NÃO;0
SP;BR-116;JACAREI;11;4;QUINTA-FEIRA;3;0;12;12H-14H;TARDE;PLENO DIA;MANOBRA DE MUDANÇA DE FAIXA;COLISÃO LATERAL MESMO SENTIDO;SOL;MÚLTIPLA;RETA;SIM;0
RJ;BR-101;SAO GONCALO;11;4;DOMINGO;6;1;17;15H-17H;TARDE;ANOITECER;VELOCIDADE INCOMPATÍVEL;COLISÃO TRASEIRA;NUBLADO;DUPLA;RETA;SIM;0
SC;BR-282;CATANDUVAS;11;4;QUINTA-FEIRA;3;0;11;09H-11H;MANHA;PLENO DIA;DEMAIS FALHAS MECÂNICAS OU ELÉTRICAS;SAÍDA DE LEITO CARROÇÁVEL;CÉU CLARO;SIMPLES;CURVA;NÃO;0
RS;BR-116;CAXIAS DO SUL;11;4;QUINTA-FEIRA;3;0;11;09H-11H;MANHA;PLENO DIA;MANOBRA DE MUDANÇA DE FAIXA;COLISÃO LATERAL MESMO SENTIDO;CÉU CLARO;DUPLA;"RETA;DECLIVE";SIM;0
SP;BR-116;GUARULHOS;11;4;QUINTA-FEIRA;3;0;13;12H-14H;TARDE;PLENO DIA;AUSÊNCIA DE REAÇÃO DO CONDUTOR;COLISÃO COM OBJETO;CÉU CLARO;MÚLTIPLA;RETA;SIM;1
MG;BR-365;UBERLANDIA;11;4;QUINTA-FEIRA;3;0;13;12H-14H;TARDE;PLENO DIA;CONDUTOR DEIXOU DE MANTER DISTÂNCIA DO VEÍCULO DA FRENTE;COLISÃO TRASEIRA;CÉU CLARO;DUPLA;ACLIVE;SIM;0
MG;BR-381;ITAGUARA;11;4;QUINTA-FEIRA;3;0;10;09H-11H;MANHA;PLENO DIA;CONDUTOR DEIXOU DE MANTER DISTÂNCIA DO VEÍCULO DA FRENTE;COLISÃO TRASEIRA;CÉU CLARO;DUPLA;RETA;NÃO;0
BA;BR-101;TEOLANDIA;11;4;QUINTA-FEIRA;3;0;14;12H-14H;TARDE;PLENO DIA;CHUVA;COLISÃO FRONTAL;CHUVA;SIMPLES;RETA;NÃO;0
MG;BR-116;TEOFILO OTONI;11;4;QUINTA-FEIRA;3;0;11;09H-11H;MANHA;PLENO DIA;TRANSITAR NA CONTRAMÃO;COLISÃO FRONTAL;NUBLADO;SIMPLES;RETA;SIM;0
MA;BR-135;SAO LUIS;11;4;QUINTA-FEIRA;3;0;13;12H-14H;TARDE;PLENO DIA;REAÇÃO TARDIA OU INEFICIENTE DO CONDUTOR;ENGAVETAMENTO;CÉU CLARO;DUPLA;RETA;SIM;0
RO;BR-319;PORTO VELHO;11;4;QUINTA-FEIRA;3;0;13;12H-14H;TARDE;PLENO DIA;ACESSAR A VIA SEM OBSERVAR A PRESENÇA DOS OUTROS VEÍCULOS;COLISÃO LATERAL MESMO SENTIDO;CÉU CLARO;DUPLA;RETA;SIM;0
PE;BR-101;JABOATAO DOS GUARARAPES;11;4;QUINTA-FEIRA;3;0;14;12H-14H;TARDE;PLENO DIA;CONDUTOR DEIXOU DE MANTER DISTÂNCIA DO VEÍCULO DA FRENTE;COLISÃO TRASEIRA;CÉU CLARO;DUPLA;RETA;SIM;0
PE;BR-232;MORENO;11;4;QUINTA-FEIRA;3;0;13;12H-14H;TARDE;PLENO DIA;REAÇÃO TARDIA OU INEFICIENTE DO CONDUTOR;ENGAVETAMENTO;CÉU CLARO;DUPLA;"ACLIVE;RETA";NÃO;0
MG;BR-381;SAO GONCALO DO RIO ABAIXO;11;4;QUINTA-FEIRA;3;0;12;12H-14H;TARDE;PLENO DIA;REAÇÃO TARDIA OU INEFICIENTE DO CONDUTOR;TOMBAMENTO;SOL;SIMPLES;"ACLIVE;CURVA";NÃO;0
SC;BR-101;SANTA ROSA DO SUL;11;4;QUINTA-FEIRA;3;0;14;12H-14H;TARDE;PLENO DIA;REAÇÃO TARDIA OU INEFICIENTE DO CONDUTOR;COLISÃO TRASEIRA;NUBLADO;MÚLTIPLA;ACLIVE;SIM;0
SC;BR-101;PALHOCA;11;4;QUINTA-FEIRA;3;0;15;15H-17H;TARDE;PLENO DIA;CONDUTOR DEIXOU DE MANTER DISTÂNCIA DO VEÍCULO DA FRENTE;COLISÃO LATERAL MESMO SENTIDO;CÉU CLARO;SIMPLES;RETA;SIM;0
SC;BR-101;SAO JOSE;11;4;QUINTA-FEIRA;3;0;16;15H-17H;TARDE;PLENO DIA;VELOCIDADE INCOMPATÍVEL;COLISÃO TRASEIRA;NUBLADO;MÚLTIPLA;RETA;SIM;0
PA;BR-316;CASTANHAL;11;4;SÁBADO;5;1;23;21H-23H;NOITE;PLENA NOITE;CONDUTOR DORMINDO;SAÍDA DE LEITO CARROÇÁVEL;CÉU CLARO;DUPLA;RETA;NÃO;0
RS;BR-IGNORADA;SANTANA DO LIVRAMENTO;9;3;QUARTA-FEIRA;2;0;17;15H-17H;TARDE;PLENO DIA;ACESSAR A VIA SEM OBSERVAR A PRESENÇA DOS OUTROS VEÍCULOS;COLISÃO TRANSVERSAL;CÉU CLARO;DUPLA;"RETA;INTERSEÇÃO DE VIAS;ACLIVE";SIM;0
RN;BR-101;PARNAMIRIM;11;4;QUINTA-FEIRA;3;0;16;15H-17H;TARDE;PLENO DIA;MANOBRA DE MUDANÇA DE FAIXA;COLISÃO LATERAL MESMO SENTIDO;CÉU CLARO;DUPLA;INTERSEÇÃO DE VIAS;SIM;0
RS;BR-290;PORTO ALEGRE;11;4;QUINTA-FEIRA;3;0;17;15H-17H;TARDE;PLENO DIA;AUSÊNCIA DE REAÇÃO DO CONDUTOR;COLISÃO TRASEIRA;CÉU CLARO;MÚLTIPLA;RETA;SIM;0
AP;BR-210;MACAPA;11;4;QUINTA-FEIRA;3;0;4;03H-05H;MADRUGADA;AMANHECER;REAÇÃO TARDIA OU INEFICIENTE DO CONDUTOR;COLISÃO FRONTAL;CÉU CLARO;SIMPLES;RETA;SIM;0
PR;BR-277;CASCAVEL;11;4;QUINTA-FEIRA;3;0;17;15H-17H;TARDE;PLENO DIA;ENTRADA INOPINADA DO PEDESTRE;ATROPELAMENTO DE PEDESTRE;CÉU CLARO;DUPLA;RETA;NÃO;0
SC;BR-280;GUARAMIRIM;11;4;QUINTA-FEIRA;3;0;16;15H-17H;TARDE;PLENO DIA;CONDUTOR DEIXOU DE MANTER DISTÂNCIA DO VEÍCULO DA FRENTE;COLISÃO TRASEIRA;CÉU CLARO;DUPLA;RETA;NÃO;0
PR;BR-277;FOZ DO IGUACU;11;4;QUINTA-FEIRA;3;0;18;18H-20H;NOITE;PLENO DIA;CONDUTOR DEIXOU DE MANTER DISTÂNCIA DO VEÍCULO DA FRENTE;COLISÃO TRASEIRA;CÉU CLARO;DUPLA;RETA;SIM;0
MG;BR-040;SETE LAGOAS;11;4;QUINTA-FEIRA;3;0;15;15H-17H;TARDE;PLENO DIA;REAÇÃO TARDIA OU INEFICIENTE DO CONDUTOR;SAÍDA DE LEITO CARROÇÁVEL;NUBLADO;DUPLA;"ACLIVE;RETA";NÃO;0
SP;BR-116;SAO JOSE DOS CAMPOS;11;4;QUINTA-FEIRA;3;0;17;15H-17H;TARDE;PLENO DIA;AUSÊNCIA DE REAÇÃO DO CONDUTOR;COLISÃO TRASEIRA;CÉU CLARO;DUPLA;RETA;NÃO;0
RJ;BR-393;VASSOURAS;11;4;QUINTA-FEIRA;3;0;17;15H-17H;TARDE;PLENO DIA;REAÇÃO TARDIA OU INEFICIENTE DO CONDUTOR;COLISÃO COM OBJETO;CÉU CLARO;SIMPLES;CURVA;NÃO;0
PR;BR-116;RIO NEGRO;11;4;QUINTA-FEIRA;3;0;17;15H-17H;TARDE;PLENO DIA;ACESSAR A VIA SEM OBSERVAR A PRESENÇA DOS OUTROS VEÍCULOS;COLISÃO TRANSVERSAL;CÉU CLARO;SIMPLES;"ROTATÓRIA;RETORNO REGULAMENTADO";SIM;0
RJ;BR-101;ITABORAI;11;4;QUINTA-FEIRA;3;0;15;15H-17H;TARDE;PLENO DIA;CONDUTOR DEIXOU DE MANTER DISTÂNCIA DO VEÍCULO DA FRENTE;COLISÃO TRASEIRA;NUBLADO;DUPLA;RETA;NÃO;0
BA;BR-116;VITORIA DA CONQUISTA;11;4;QUINTA-FEIRA;3;0;17;15H-17H;TARDE;ANOITECER;AUSÊNCIA DE SINALIZAÇÃO;COLISÃO TRANSVERSAL;GAROA/CHUVISCO;SIMPLES;"INTERSEÇÃO DE VIAS;RETA;ROTATÓRIA";SIM;0
PE;BR-101;JABOATAO DOS GUARARAPES;11;4;QUINTA-FEIRA;3;0;17;15H-17H;TARDE;ANOITECER;REAÇÃO TARDIA OU INEFICIENTE DO CONDUTOR;COLISÃO TRASEIRA;CÉU CLARO;DUPLA;RETA;NÃO;0
PR;BR-277;CASCAVEL;11;4;QUINTA-FEIRA;3;0;18;18H-20H;NOITE;PLENO DIA;AUSÊNCIA DE REAÇÃO DO CONDUTOR;COLISÃO TRASEIRA;CÉU CLARO;MÚLTIPLA;"RETA;INTERSEÇÃO DE VIAS;DECLIVE";SIM;0
MA;BR-010;SAO FRANCISCO DO BREJAO;11;4;SÁBADO;5;1;19;18H-20H;NOITE;PLENA NOITE;ACESSAR A VIA SEM OBSERVAR A PRESENÇA DOS OUTROS VEÍCULOS;COLISÃO TRANSVERSAL;IGNORADO;SIMPLES;RETA;NÃO;0
MG;BR-381;BETIM;11;4;QUINTA-FEIRA;3;0;19;18H-20H;NOITE;PLENA NOITE;TRAFEGAR COM MOTOCICLETA (OU SIMILAR) ENTRE AS FAIXAS;TOMBAMENTO;CÉU CLARO;DUPLA;"DECLIVE;CURVA";SIM;0
GO;BR-040;LUZIANIA;11;4;QUINTA-FEIRA;3;0;18;18H-20H;NOITE;PLENA NOITE;PEDESTRE - INGESTÃO DE ÁLCOOL/ SUBSTÂNCIAS PSICOATIVAS;ATROPELAMENTO DE PEDESTRE;NUBLADO;DUPLA;RETA;SIM;0
SC;BR-101;BARRA VELHA;11;4;QUINTA-FEIRA;3;0;18;18H-20H;NOITE;PLENA NOITE;AUSÊNCIA DE REAÇÃO DO CONDUTOR;SAÍDA DE LEITO CARROÇÁVEL;CÉU CLARO;DUPLA;RETA;NÃO;0
GO;BR-153;APARECIDA DE GOIANIA;11;4;QUINTA-FEIRA;3;0;18;18H-20H;NOITE;PLENO DIA;CONDUTOR DEIXOU DE MANTER DISTÂNCIA DO VEÍCULO DA FRENTE;COLISÃO TRASEIRA;CÉU CLARO;DUPLA;RETA;SIM;0
PE;BR-423;GARANHUNS;11;4;QUINTA-FEIRA;3;0;19;18H-20H;NOITE;PLENA NOITE;ANIMAIS NA PISTA;ATROPELAMENTO DE ANIMAL;CÉU CLARO;SIMPLES;RETA;SIM;0
MG;BR-040;SETE LAGOAS;11;4;QUINTA-FEIRA;3;0;16;15H-17H;TARDE;PLENO DIA;TRANSTORNOS MENTAIS (EXCETO SUICIDIO);QUEDA DE OCUPANTE DE VEÍCULO;NUBLADO;DUPLA;"DECLIVE;RETA";NÃO;0
PB;BR-230;CAJAZEIRAS;11;4;QUINTA-FEIRA;3;0;18;18H-20H;NOITE;PLENA NOITE;AUSÊNCIA DE REAÇÃO DO CONDUTOR;COLISÃO TRASEIRA;CÉU CLARO;SIMPLES;RETA;SIM;0
MG;BR-116;GOVERNADOR VALADARES;11;4;QUINTA-FEIRA;3;0;18;18H-20H;NOITE;PLENA NOITE;AUSÊNCIA DE REAÇÃO DO CONDUTOR;TOMBAMENTO;CÉU CLARO;SIMPLES;RETA;SIM;0
RN;BR-304;MOSSORO;11;4;QUINTA-FEIRA;3;0;19;18H-20H;NOITE;PLENA NOITE;ULTRAPASSAGEM INDEVIDA;COLISÃO LATERAL MESMO SENTIDO;CÉU CLARO;SIMPLES;"VIADUTO;INTERSEÇÃO DE VIAS";SIM;0
PR;BR-277;FOZ DO IGUACU;11;4;QUINTA-FEIRA;3;0;18;18H-20H;NOITE;PLENO DIA;PISTA ESCORREGADIA;TOMBAMENTO;CÉU CLARO;DUPLA;"DECLIVE;VIADUTO";SIM;0
PR;BR-277;FOZ DO IGUACU;11;4;QUINTA-FEIRA;3;0;18;18H-20H;NOITE;ANOITECER;PISTA ESCORREGADIA;TOMBAMENTO;CÉU CLARO;SIMPLES;"DECLIVE;RETORNO REGULAMENTADO";SIM;0
SC;BR-101;ITAPEMA;11;4;QUINTA-FEIRA;3;0;18;18H-20H;NOITE;PLENO DIA;REAÇÃO TARDIA OU INEFICIENTE DO CONDUTOR;COLISÃO TRASEIRA;NUBLADO;DUPLA;"ACLIVE;RETA";SIM;0
MG;BR-262;MANHUACU;11;4;QUINTA-FEIRA;3;0;16;15H-17H;TARDE;ANOITECER;AUSÊNCIA DE REAÇÃO DO CONDUTOR;COLISÃO FRONTAL;NUBLADO;SIMPLES;"RETA;ACLIVE";SIM;0
SP;BR-116;GUARULHOS;11;4;QUINTA-FEIRA;3;0;19;18H-20H;NOITE;PLENA NOITE;DEMAIS FALHAS MECÂNICAS OU ELÉTRICAS;INCÊNDIO;IGNORADO;MÚLTIPLA;RETA;SIM;0
PR;BR-277;FOZ DO IGUACU;11;4;QUINTA-FEIRA;3;0;18;18H-20H;NOITE;PLENO DIA;ACUMULO DE ÓLEO SOBRE O PAVIMENTO;TOMBAMENTO;CÉU CLARO;DUPLA;ROTATÓRIA;SIM;0
PI;BR-343;TERESINA;11;4;QUINTA-FEIRA;3;0;19;18H-20H;NOITE;PLENA NOITE;AUSÊNCIA DE REAÇÃO DO CONDUTOR;COLISÃO TRASEIRA;CÉU CLARO;SIMPLES;"DECLIVE;RETA";SIM;0
GO;BR-050;CATALAO;11;4;QUINTA-FEIRA;3;0;18;18H-20H;NOITE;PLENA NOITE;DESRESPEITAR A PREFERÊNCIA NO CRUZAMENTO;COLISÃO TRANSVERSAL;CÉU CLARO;SIMPLES;"INTERSEÇÃO DE VIAS;VIADUTO";SIM;0
RJ;BR-101;PARATY;11;4;QUINTA-FEIRA;3;0;7;06H-08H;MANHA;PLENO DIA;VELOCIDADE INCOMPATÍVEL;COLISÃO FRONTAL;CÉU CLARO;SIMPLES;"CURVA;DECLIVE";SIM;0
RJ;BR-116;TERESOPOLIS;11;4;QUINTA-FEIRA;3;0;19;18H-20H;NOITE;PLENA NOITE;PEDESTRE CRUZAVA A PISTA FORA DA FAIXA;ATROPELAMENTO DE PEDESTRE;NUBLADO;SIMPLES;RETA;SIM;0
MT;BR-070;PRIMAVERA DO LESTE;11;4;QUINTA-FEIRA;3;0;18;18H-20H;NOITE;PLENA NOITE;CONDUTOR DEIXOU DE MANTER DISTÂNCIA DO VEÍCULO DA FRENTE;SAÍDA DE LEITO CARROÇÁVEL;CHUVA;SIMPLES;RETA;NÃO;0
RS;BR-470;BENTO GONCALVES;11;4;QUINTA-FEIRA;3;0;20;18H-20H;NOITE;PLENA NOITE;PISTA ESCORREGADIA;COLISÃO TRASEIRA;CÉU CLARO;SIMPLES;CURVA;NÃO;0
RJ;BR-101;NITEROI;11;4;DOMINGO;6;1;11;09H-11H;MANHA;PLENO DIA;MANOBRA DE MUDANÇA DE FAIXA;COLISÃO COM OBJETO;CÉU CLARO;SIMPLES;"RETA;ACLIVE";SIM;0
SP;BR-116;ITAPECERICA DA SERRA;11;4;QUINTA-FEIRA;3;0;20;18H-20H;NOITE;PLENA NOITE;PEDESTRE ANDAVA NA PISTA;ATROPELAMENTO DE PEDESTRE;CÉU CLARO;DUPLA;RETA;SIM;1
PI;BR-316;TERESINA;11;4;QUINTA-FEIRA;3;0;19;18H-20H;NOITE;PLENA NOITE;ANIMAIS NA PISTA;ATROPELAMENTO DE ANIMAL;CÉU CLARO;DUPLA;RETA;NÃO;0
SC;BR-101;PAULO LOPES;11;4;QUINTA-FEIRA;3;0;20;18H-20H;NOITE;PLENA NOITE;REAÇÃO TARDIA OU INEFICIENTE DO CONDUTOR;TOMBAMENTO;CÉU CLARO;DUPLA;RETA;NÃO;0
BA;BR-101;ITABUNA;10;4;QUINTA-FEIRA;3;0;7;06H-08H;MANHA;PLENO DIA;ACESSAR A VIA SEM OBSERVAR A PRESENÇA DOS OUTROS VEÍCULOS;QUEDA DE OCUPANTE DE VEÍCULO;IGNORADO;SIMPLES;RETA;NÃO;0
RJ;BR-116;DUQUE DE CAXIAS;11;4;QUINTA-FEIRA;3;0;19;18H-20H;NOITE;PLENA NOITE;REAÇÃO TARDIA OU INEFICIENTE DO CONDUTOR;COLISÃO TRASEIRA;CÉU CLARO;DUPLA;RETA;SIM;0
PA;BR-155;MARABA;11;4;QUINTA-FEIRA;3;0;19;18H-20H;NOITE;PLENA NOITE;ANIMAIS NA PISTA;ATROPELAMENTO DE ANIMAL;NUBLADO;SIMPLES;RETA;NÃO;0
PR;BR-376;MARINGA;11;4;QUINTA-FEIRA;3;0;21;21H-23H;NOITE;PLENA NOITE;REAÇÃO TARDIA OU INEFICIENTE DO CONDUTOR;COLISÃO COM OBJETO;CÉU CLARO;DUPLA;RETA;SIM;0
RS;BR-116;DOIS IRMAOS;11;4;QUINTA-FEIRA;3;0;21;21H-23H;NOITE;PLENA NOITE;ACESSAR A VIA SEM OBSERVAR A PRESENÇA DOS OUTROS VEÍCULOS;COLISÃO TRANSVERSAL;CÉU CLARO;DUPLA;RETA;SIM;0
PR;BR-376;CURITIBA;11;4;QUINTA-FEIRA;3;0;21;21H-23H;NOITE;PLENA NOITE;AUSÊNCIA DE REAÇÃO DO CONDUTOR;QUEDA DE OCUPANTE DE VEÍCULO;CÉU CLARO;DUPLA;RETA;SIM;0
PR;BR-277;CASCAVEL;11;4;QUINTA-FEIRA;3;0;19;18H-20H;NOITE;PLENA NOITE;CONDUTOR DEIXOU DE MANTER DISTÂNCIA DO VEÍCULO DA FRENTE;COLISÃO TRASEIRA;NUBLADO;SIMPLES;RETA;SIM;0
RJ;BR-101;RIO DE JANEIRO;11;4;QUINTA-FEIRA;3;0;21;21H-23H;NOITE;PLENA NOITE;REAÇÃO TARDIA OU INEFICIENTE DO CONDUTOR;CAPOTAMENTO;NUBLADO;DUPLA;RETA;NÃO;0
SC;BR-158;CAIBI;11;4;QUINTA-FEIRA;3;0;20;18H-20H;NOITE;PLENA NOITE;INGESTÃO DE ÁLCOOL PELO CONDUTOR;COLISÃO LATERAL SENTIDO OPOSTO;CÉU CLARO;SIMPLES;RETA;NÃO;0