uf;br_formatada;municipio;mes;trimestre;dia_semana;dia_semana_num;fim_de_semana;hora;faixa_horaria;turno;fase_dia;causa_acidente;tipo_acidente;condicao_metereologica;tipo_pista;tracado_via;uso_solo;acidente_fatal
SC;BR-280;GUARAMIRIM;11;4;QUINTA-FEIRA;3;0;21;21H-23H;NOITE;PLENA NOITE;INGESTÃO DE ÁLCOOL PELO CONDUTOR;COLISÃO TRASEIRA;CÉU CLARO;DUPLA;"RETA;INTERSEÇÃO DE VIAS";NÃO;0
MS;BR-158;CASSILANDIA;11;4;QUINTA-FEIRA;3;0;19;18H-20H;NOITE;ANOITECER;ACESSAR A VIA SEM OBSERVAR A PRESENÇA DOS OUTROS VEÍCULOS;COLISÃO TRANSVERSAL;CÉU CLARO;SIMPLES;RETA;SIM;0
MG;BR-381;BELO HORIZONTE;11;4;QUINTA-FEIRA;3;0;22;21H-23H;NOITE;PLENA NOITE;CONVERSÃO PROIBIDA;COLISÃO LATERAL MESMO SENTIDO;CÉU CLARO;SIMPLES;RETA;SIM;0
MG;BR-116;SANTA RITA DE MINAS;11;4;QUINTA-FEIRA;3;0;19;18H-20H;NOITE;PLENA NOITE;ANIMAIS NA PISTA;ATROPELAMENTO DE ANIMAL;CÉU CLARO;SIMPLES;CURVA;NÃO;0
PE;BR-428;PETROLINA;11;4;QUINTA-FEIRA;3;0;21;21H-23H;NOITE;PLENA NOITE;CONDUTOR DESRESPEITOU A ILUMINAÇÃO VERMELHA DO SEMÁFORO;COLISÃO TRANSVERSAL;CÉU CLARO;SIMPLES;INTERSEÇÃO DE VIAS;SIM;0
PB;BR-230;CABEDELO;11;4;QUINTA-FEIRA;3;0;22;21H-23H;NOITE;PLENA NOITE;VELOCIDADE INCOMPATÍVEL;QUEDA DE OCUPANTE DE VEÍCULO;CÉU CLARO;DUPLA;"RETA;EM OBRAS";SIM;0
GO;BR-070;AGUAS LINDAS DE GOIAS;11;4;QUINTA-FEIRA;3;0;21;21H-23H;NOITE;PLENA NOITE;PEDESTRE CRUZAVA A PISTA FORA DA FAIXA;ATROPELAMENTO DE PEDESTRE;CHUVA;DUPLA;RETA;SIM;1
RJ;BR-040;PETROPOLIS;11;4;QUINTA-FEIRA;3;0;22;21H-23H;NOITE;PLENA NOITE;CURVA ACENTUADA;QUEDA DE OCUPANTE DE VEÍCULO;NUBLADO;SIMPLES;"CURVA;ACLIVE";NÃO;0
SP;BR-116;SAO JOSE DOS CAMPOS;11;4;QUINTA-FEIRA;3;0;22;21H-23H;NOITE;PLENO DIA;DEMAIS FALHAS MECÂNICAS OU ELÉTRICAS;INCÊNDIO;NUBLADO;MÚLTIPLA;RETA;NÃO;0
SP;BR-153;VERA CRUZ;11;4;QUINTA-FEIRA;3;0;23;21H-23H;NOITE;PLENA NOITE;INGESTÃO DE ÁLCOOL PELO CONDUTOR;COLISÃO COM OBJETO;CÉU CLARO;SIMPLES;RETA;NÃO;0
PB;BR-101;JOAO PESSOA;11;4;QUINTA-FEIRA;3;0;22;21H-23H;NOITE;PLENA NOITE;AUSÊNCIA DE REAÇÃO DO CONDUTOR;COLISÃO TRASEIRA;CÉU CLARO;DUPLA;RETA;SIM;0
BA;BR-101;URUCUCA;11;4;QUINTA-FEIRA;3;0;20;18H-20H;NOITE;PLENA NOITE;REAÇÃO TARDIA OU INEFICIENTE DO CONDUTOR;SAÍDA DE LEITO CARROÇÁVEL;NUBLADO;SIMPLES;RETA;NÃO;0
ES;BR-262;IBATIBA;11;4;QUINTA-FEIRA;3;0;23;21H-23H;NOITE;PLENA NOITE;TRANSITAR NA CONTRAMÃO;COLISÃO FRONTAL;CÉU CLARO;SIMPLES;"DECLIVE;CURVA";NÃO;1
DF;BR-020;BRASILIA;11;4;QUINTA-FEIRA;3;0;23;21H-23H;NOITE;PLENO DIA;VELOCIDADE INCOMPATÍVEL;COLISÃO COM OBJETO;NUBLADO;DUPLA;DECLIVE;SIM;0
MG;BR-251;AGUAS VERMELHAS;11;4;QUINTA-FEIRA;3;0;18;18H-20H;NOITE;ANOITECER;ACESSO IRREGULAR;SAÍDA DE LEITO CARROÇÁVEL;CÉU CLARO;SIMPLES;RETA;NÃO;0
AC;BR-364;RIO BRANCO;11;4;QUINTA-FEIRA;3;0;22;21H-23H;NOITE;PLENA NOITE;INGESTÃO DE ÁLCOOL PELO CONDUTOR;SAÍDA DE LEITO CARROÇÁVEL;CHUVA;SIMPLES;RETA;NÃO;0
SC;BR-101;JOINVILLE;11;4;QUINTA-FEIRA;3;0;23;21H-23H;NOITE;PLENA NOITE;CONDUTOR DEIXOU DE MANTER DISTÂNCIA DO VEÍCULO DA FRENTE;COLISÃO TRASEIRA;CÉU CLARO;DUPLA;RETA;NÃO;0
PR;BR-376;CAMBIRA;11;4;SEXTA-FEIRA;4;0;0;00H-02H;MADRUGADA;PLENA NOITE;AUSÊNCIA DE REAÇÃO DO CONDUTOR;TOMBAMENTO;CÉU CLARO;DUPLA;RETA;NÃO;0
MT;BR-364;SANTO ANTONIO DO LEVERGER;11;4;QUINTA-FEIRA;3;0;23;21H-23H;NOITE;PLENA NOITE;AUSÊNCIA DE REAÇÃO DO CONDUTOR;SAÍDA DE LEITO CARROÇÁVEL;CÉU CLARO;DUPLA;RETA;NÃO;0
RJ;BR-116;RESENDE;11;4;SEXTA-FEIRA;4;0;3;03H-05H;MADRUGADA;PLENA NOITE;REAÇÃO TARDIA OU INEFICIENTE DO CONDUTOR;COLISÃO COM OBJETO;CÉU CLARO;DUPLA;RETA;SIM;0
PR;BR-116;QUATRO BARRAS;11;4;SEXTA-FEIRA;4;0;4;03H-05H;MADRUGADA;AMANHECER;REAÇÃO TARDIA OU INEFICIENTE DO CONDUTOR;COLISÃO TRASEIRA;NEVOEIRO/NEBLINA;DUPLA;RETA;NÃO;0
RJ;BR-116;QUEIMADOS;11;4;SEXTA-FEIRA;4;0;4;03H-05H;MADRUGADA;AMANHECER;DEMAIS FALHAS MECÂNICAS OU ELÉTRICAS;INCÊNDIO;NUBLADO;DUPLA;RETA;SIM;0
RS;BR-392;GUARANI DAS MISSOES;11;4;SEXTA-FEIRA;4;0;4;03H-05H;MADRUGADA;PLENA NOITE;INGESTÃO DE ÁLCOOL PELO CONDUTOR;SAÍDA DE LEITO CARROÇÁVEL;CÉU CLARO;SIMPLES;RETA;NÃO;0
RN;BR-226;CURRAIS NOVOS;11;4;QUINTA-FEIRA;3;0;19;18H-20H;NOITE;PLENO DIA;ACESSAR A VIA SEM OBSERVAR A PRESENÇA DOS OUTROS VEÍCULOS;COLISÃO TRANSVERSAL;CÉU CLARO;DUPLA;RETA;SIM;0
MG;BR-040;LAGOA GRANDE;11;4;SEXTA-FEIRA;4;0;4;03H-05H;MADRUGADA;PLENO DIA;ANIMAIS NA PISTA;ATROPELAMENTO DE ANIMAL;NUBLADO;SIMPLES;RETA;NÃO;0
PR;BR-277;CASCAVEL;11;4;SEXTA-FEIRA;4;0;6;06H-08H;MANHA;AMANHECER;DESRESPEITAR A PREFERÊNCIA NO CRUZAMENTO;COLISÃO TRASEIRA;CÉU CLARO;SIMPLES;INTERSEÇÃO DE VIAS;SIM;0
PR;BR-277;CURITIBA;11;4;SEXTA-FEIRA;4;0;5;03H-05H;MADRUGADA;AMANHECER;AUSÊNCIA DE REAÇÃO DO CONDUTOR;CAPOTAMENTO;CÉU CLARO;DUPLA;"RETA;DECLIVE";SIM;0
GO;BR-070;AGUAS LINDAS DE GOIAS;11;4;SEXTA-FEIRA;4;0;6;06H-08H;MANHA;PLENO DIA;REAÇÃO TARDIA OU INEFICIENTE DO CONDUTOR;COLISÃO TRASEIRA;CÉU CLARO;DUPLA;RETA;SIM;0
GO;BR-060;PALMEIRAS DE GOIAS;11;4;SEXTA-FEIRA;4;0;6;06H-08H;MANHA;AMANHECER;DEMAIS FALHAS MECÂNICAS OU ELÉTRICAS;QUEDA DE OCUPANTE DE VEÍCULO;CÉU CLARO;DUPLA;RETA;SIM;0
PR;BR-277;SAO JOSE DOS PINHAIS;11;4;SEXTA-FEIRA;4;0;7;06H-08H;MANHA;PLENO DIA;ACESSAR A VIA SEM OBSERVAR A PRESENÇA DOS OUTROS VEÍCULOS;COLISÃO TRASEIRA;SOL;DUPLA;INTERSEÇÃO DE VIAS;NÃO;0
SC;BR-101;SAO JOSE;11;4;SEXTA-FEIRA;4;0;6;06H-08H;MANHA;PLENO DIA;MANOBRA DE MUDANÇA DE FAIXA;TOMBAMENTO;CÉU CLARO;MÚLTIPLA;RETA;SIM;0
PE;BR-101;RECIFE;11;4;SEXTA-FEIRA;4;0;6;06H-08H;MANHA;PLENO DIA;TRAFEGAR COM MOTOCICLETA (OU SIMILAR) ENTRE AS FAIXAS;COLISÃO LATERAL MESMO SENTIDO;SOL;DUPLA;RETA;SIM;0
SC;BR-101;SAO JOSE;11;4;SEXTA-FEIRA;4;0;7;06H-08H;MANHA;PLENO DIA;CONDUTOR USANDO CELULAR;COLISÃO COM OBJETO;CÉU CLARO;DUPLA;RETA;NÃO;0
PE;BR-101;JABOATAO DOS GUARARAPES;11;4;SEXTA-FEIRA;4;0;6;06H-08H;MANHA;PLENO DIA;MANOBRA DE MUDANÇA DE FAIXA;TOMBAMENTO;SOL;DUPLA;RETA;NÃO;0
SC;BR-101;BALNEARIO CAMBORIU;11;4;SEXTA-FEIRA;4;0;6;06H-08H;MANHA;PLENO DIA;REAÇÃO TARDIA OU INEFICIENTE DO CONDUTOR;SAÍDA DE LEITO CARROÇÁVEL;CÉU CLARO;MÚLTIPLA;"RETA;INTERSEÇÃO DE VIAS";SIM;0
SP;BR-116;EMBU DAS ARTES;11;4;SEXTA-FEIRA;4;0;7;06H-08H;MANHA;PLENO DIA;CONDUTOR DEIXOU DE MANTER DISTÂNCIA DO VEÍCULO DA FRENTE;COLISÃO TRASEIRA;CÉU CLARO;DUPLA;RETA;SIM;0
PE;BR-110;IBIMIRIM;11;4;QUINTA-FEIRA;3;0;14;12H-14H;TARDE;PLENO DIA;INGESTÃO DE ÁLCOOL PELO CONDUTOR;COLISÃO LATERAL MESMO SENTIDO;CÉU CLARO;SIMPLES;"RETA;DECLIVE";NÃO;0
PR;BR-376;PONTA GROSSA;11;4;SEXTA-FEIRA;4;0;6;06H-08H;MANHA;PLENO DIA;REAÇÃO TARDIA OU INEFICIENTE DO CONDUTOR;SAÍDA DE LEITO CARROÇÁVEL;CÉU CLARO;DUPLA;"RETA;DECLIVE";NÃO;0
BA;BR-324;FEIRA DE SANTANA;11;4;SEXTA-FEIRA;4;0;7;06H-08H;MANHA;PLENO DIA;PISTA ESBURACADA;TOMBAMENTO;SOL;DUPLA;DECLIVE;SIM;0
RJ;BR-116;NOVA IGUACU;11;4;SEXTA-FEIRA;4;0;6;06H-08H;MANHA;PLENO DIA;AUSÊNCIA DE REAÇÃO DO CONDUTOR;TOMBAMENTO;CÉU CLARO;DUPLA;RETA;SIM;0
DF;BR-020;BRASILIA;11;4;SEXTA-FEIRA;4;0;7;06H-08H;MANHA;PLENO DIA;AUSÊNCIA DE REAÇÃO DO CONDUTOR;COLISÃO LATERAL MESMO SENTIDO;CÉU CLARO;DUPLA;RETA;SIM;0
SC;BR-101;BIGUACU;11;4;SEXTA-FEIRA;4;0;8;06H-08H;MANHA;PLENO DIA;CONDUTOR DEIXOU DE MANTER DISTÂNCIA DO VEÍCULO DA FRENTE;COLISÃO TRASEIRA;CÉU CLARO;MÚLTIPLA;RETA;SIM;0
MG;BR-381;CAREACU;11;4;SEXTA-FEIRA;4;0;6;06H-08H;MANHA;AMANHECER;REAÇÃO TARDIA OU INEFICIENTE DO CONDUTOR;COLISÃO COM OBJETO;NUBLADO;DUPLA;RETA;NÃO;0
GO;BR-060;GOIANIA;11;4;SEXTA-FEIRA;4;0;8;06H-08H;MANHA;PLENO DIA;AUSÊNCIA DE REAÇÃO DO CONDUTOR;COLISÃO TRASEIRA;CÉU CLARO;DUPLA;RETA;NÃO;0
ES;BR-101;CARIACICA;11;4;SEXTA-FEIRA;4;0;7;06H-08H;MANHA;PLENO DIA;ACESSAR A VIA SEM OBSERVAR A PRESENÇA DOS OUTROS VEÍCULOS;COLISÃO TRANSVERSAL;CÉU CLARO;DUPLA;RETORNO REGULAMENTADO;NÃO;0
RJ;BR-101;NITEROI;11;4;SEXTA-FEIRA;4;0;7;06H-08H;MANHA;PLENO DIA;AUSÊNCIA DE REAÇÃO DO CONDUTOR;COLISÃO TRASEIRA;CÉU CLARO;DUPLA;RETA;NÃO;0
PR;BR-376;MARINGA;11;4;SEXTA-FEIRA;4;0;7;06H-08H;MANHA;PLENO DIA;MANOBRA DE MUDANÇA DE FAIXA;COLISÃO LATERAL MESMO SENTIDO;CÉU CLARO;DUPLA;"RETA;RETORNO REGULAMENTADO";NÃO;0
SC;BR-470;RIO DO SUL;11;4;SEXTA-FEIRA;4;0;7;06H-08H;MANHA;PLENO DIA;ACESSAR A VIA SEM OBSERVAR A PRESENÇA DOS OUTROS VEÍCULOS;COLISÃO TRANSVERSAL;CÉU CLARO;SIMPLES;RETA;SIM;0
PR;BR-277;FOZ DO IGUACU;11;4;SEXTA-FEIRA;4;0;7;06H-08H;MANHA;PLENO DIA;REAÇÃO TARDIA OU INEFICIENTE DO CONDUTOR;COLISÃO TRANSVERSAL;CÉU CLARO;DUPLA;"RETA;RETORNO REGULAMENTADO";SIM;0
BA;BR-324;FEIRA DE SANTANA;11;4;SEXTA-FEIRA;4;0;8;06H-08H;MANHA;PLENO DIA;ULTRAPASSAGEM INDEVIDA;COLISÃO TRANSVERSAL;SOL;SIMPLES;RETA;SIM;0
SC;BR-101;SAO JOSE;11;4;SEXTA-FEIRA;4;0;8;06H-08H;MANHA;PLENO DIA;CONDUTOR DEIXOU DE MANTER DISTÂNCIA DO VEÍCULO DA FRENTE;COLISÃO LATERAL MESMO SENTIDO;NUBLADO;MÚLTIPLA;RETA;NÃO;0
ES;BR-262;MARECHAL FLORIANO;11;4;SEXTA-FEIRA;4;0;7;06H-08H;MANHA;PLENO DIA;REAÇÃO TARDIA OU INEFICIENTE DO CONDUTOR;SAÍDA DE LEITO CARROÇÁVEL;CÉU CLARO;SIMPLES;RETA;NÃO;0
PR;BR-369;LONDRINA;11;4;SEXTA-FEIRA;4;0;9;09H-11H;MANHA;PLENO DIA;AVARIAS E/OU DESGASTE EXCESSIVO NO PNEU;TOMBAMENTO;SOL;DUPLA;RETA;SIM;0
SC;BR-101;ITAJAI;11;4;SEXTA-FEIRA;4;0;8;06H-08H;MANHA;PLENO DIA;AUSÊNCIA DE REAÇÃO DO CONDUTOR;COLISÃO LATERAL MESMO SENTIDO;NUBLADO;MÚLTIPLA;RETA;NÃO;0
MG;BR-116;GOVERNADOR VALADARES;11;4;SEXTA-FEIRA;4;0;7;06H-08H;MANHA;PLENO DIA;TRANSITAR NO ACOSTAMENTO;COLISÃO COM OBJETO;SOL;SIMPLES;"RETA;PONTE";SIM;1
SP;BR-116;LORENA;11;4;QUINTA-FEIRA;3;0;11;09H-11H;MANHA;PLENO DIA;AUSÊNCIA DE REAÇÃO DO CONDUTOR;ENGAVETAMENTO;SOL;DUPLA;RETA;NÃO;0
MG;BR-251;GRAO MOGOL;11;4;QUINTA-FEIRA;3;0;22;21H-23H;NOITE;PLENA NOITE;AUSÊNCIA DE REAÇÃO DO CONDUTOR;COLISÃO TRASEIRA;CÉU CLARO;SIMPLES;"RETA;DECLIVE";NÃO;0
RN;BR-226;SANTA CRUZ;11;4;SEXTA-FEIRA;4;0;8;06H-08H;MANHA;PLENO DIA;MANOBRA DE MUDANÇA DE FAIXA;COLISÃO LATERAL SENTIDO OPOSTO;CÉU CLARO;SIMPLES;RETA;NÃO;0
SC;BR-280;ARAQUARI;11;4;SEXTA-FEIRA;4;0;8;06H-08H;MANHA;PLENO DIA;TRANSITAR NO ACOSTAMENTO;COLISÃO TRANSVERSAL;CÉU CLARO;SIMPLES;RETA;SIM;0
DF;BR-070;BRASILIA;11;4;SEXTA-FEIRA;4;0;6;06H-08H;MANHA;PLENO DIA;CONDUTOR DEIXOU DE MANTER DISTÂNCIA DO VEÍCULO DA FRENTE;COLISÃO TRASEIRA;CÉU CLARO;DUPLA;RETA;SIM;0
RS;BR-116;SAPUCAIA DO SUL;11;4;SEXTA-FEIRA;4;0;10;09H-11H;MANHA;PLENO DIA;ACESSAR A VIA SEM OBSERVAR A PRESENÇA DOS OUTROS VEÍCULOS;COLISÃO TRANSVERSAL;NUBLADO;DUPLA;RETA;SIM;0
SC;BR-101;SAO JOSE;11;4;SEXTA-FEIRA;4;0;10;09H-11H;MANHA;PLENO DIA;REAÇÃO TARDIA OU INEFICIENTE DO CONDUTOR;COLISÃO TRASEIRA;NUBLADO;MÚLTIPLA;RETA;SIM;0
PB;BR-230;SOLEDADE;11;4;TERÇA-FEIRA;1;0;6;06H-08H;MANHA;PLENO DIA;DEMAIS FALHAS MECÂNICAS OU ELÉTRICAS;TOMBAMENTO;CÉU CLARO;SIMPLES;RETA;NÃO;0
RJ;BR-101;RIO DE JANEIRO;11;4;SEXTA-FEIRA;4;0;10;09H-11H;MANHA;PLENO DIA;AUSÊNCIA DE REAÇÃO DO CONDUTOR;ENGAVETAMENTO;CÉU CLARO;DUPLA;"ACLIVE;RETA";NÃO;0
RJ;BR-040;DUQUE DE CAXIAS;11;4;TERÇA-FEIRA;1;0;8;06H-08H;MANHA;PLENO DIA;TRAFEGAR COM MOTOCICLETA (OU SIMILAR) ENTRE AS FAIXAS;COLISÃO LATERAL MESMO SENTIDO;CÉU CLARO;MÚLTIPLA;RETA;SIM;0
SC;BR-282;RANCHO QUEIMADO;11;4;SEXTA-FEIRA;4;0;10;09H-11H;MANHA;PLENO DIA;REAÇÃO TARDIA OU INEFICIENTE DO CONDUTOR;SAÍDA DE LEITO CARROÇÁVEL;NUBLADO;SIMPLES;"DECLIVE;CURVA";NÃO;0
PE;BR-423;GARANHUNS;11;4;QUARTA-FEIRA;2;0;20;18H-20H;NOITE;PLENA NOITE;DESRESPEITAR A PREFERÊNCIA NO CRUZAMENTO;COLISÃO TRANSVERSAL;CÉU CLARO;DUPLA;ROTATÓRIA;SIM;0
SC;BR-163;SAO MIGUEL DO OESTE;11;4;SEXTA-FEIRA;4;0;8;06H-08H;MANHA;PLENO DIA;CONDUTOR DEIXOU DE MANTER DISTÂNCIA DO VEÍCULO DA FRENTE;COLISÃO TRASEIRA;SOL;DUPLA;RETA;SIM;0
PB;BR-104;ESPERANCA;11;4;SEGUNDA-FEIRA;0;0;15;15H-17H;TARDE;PLENO DIA;CONDUTOR DORMINDO;COLISÃO TRASEIRA;CÉU CLARO;SIMPLES;"DECLIVE;RETA";NÃO;0
AC;BR-364;RIO BRANCO;11;4;SEXTA-FEIRA;4;0;8;06H-08H;MANHA;PLENO DIA;TRANSITAR NA CONTRAMÃO;COLISÃO TRANSVERSAL;CÉU CLARO;SIMPLES;"INTERSEÇÃO DE VIAS;ROTATÓRIA";SIM;0
ES;BR-101;SOORETAMA;11;4;SEXTA-FEIRA;4;0;9;09H-11H;MANHA;PLENO DIA;INGESTÃO DE ÁLCOOL PELO CONDUTOR;COLISÃO TRASEIRA;NUBLADO;MÚLTIPLA;"DECLIVE;RETA";SIM;0
MG;BR-116;GOVERNADOR VALADARES;11;4;SEXTA-FEIRA;4;0;8;06H-08H;MANHA;PLENO DIA;ULTRAPASSAGEM INDEVIDA;COLISÃO TRANSVERSAL;CÉU CLARO;SIMPLES;RETA;NÃO;0
GO;BR-060;GOIANAPOLIS;11;4;SEXTA-FEIRA;4;0;10;09H-11H;MANHA;PLENO DIA;CONDUTOR DEIXOU DE MANTER DISTÂNCIA DO VEÍCULO DA FRENTE;COLISÃO TRASEIRA;CÉU CLARO;DUPLA;"CURVA;INTERSEÇÃO DE VIAS";NÃO;0
SC;BR-280;ARAQUARI;11;4;SEXTA-FEIRA;4;0;11;09H-11H;MANHA;PLENO DIA;ULTRAPASSAGEM INDEVIDA;COLISÃO TRANSVERSAL;CÉU CLARO;SIMPLES;RETA;SIM;0
SC;BR-280;GUARAMIRIM;11;4;SEXTA-FEIRA;4;0;7;06H-08H;MANHA;PLENO DIA;MANOBRA DE MUDANÇA DE FAIXA;COLISÃO TRASEIRA;CÉU CLARO;MÚLTIPLA;RETA;SIM;0
SC;BR-101;SAO JOSE;11;4;SEXTA-FEIRA;4;0;12;12H-14H;TARDE;PLENO DIA;DEMAIS FALHAS MECÂNICAS OU ELÉTRICAS;EVENTOS ATÍPICOS;CÉU CLARO;MÚLTIPLA;RETA;SIM;0
AC;BR-364;RIO BRANCO;11;4;SEXTA-FEIRA;4;0;9;09H-11H;MANHA;PLENO DIA;RETORNO PROIBIDO;COLISÃO TRANSVERSAL;CÉU CLARO;DUPLA;RETA;SIM;0
PR;BR-369;IBIPORA;11;4;SEXTA-FEIRA;4;0;11;09H-11H;MANHA;PLENO DIA;CONDUTOR DEIXOU DE MANTER DISTÂNCIA DO VEÍCULO DA FRENTE;COLISÃO LATERAL MESMO SENTIDO;CÉU CLARO;SIMPLES;ROTATÓRIA;SIM;0
RS;BR-116;SAO LEOPOLDO;11;4;SEXTA-FEIRA;4;0;12;12H-14H;TARDE;PLENO DIA;DEMAIS FALHAS MECÂNICAS OU ELÉTRICAS;TOMBAMENTO;CÉU CLARO;DUPLA;RETA;SIM;0
MG;BR-116;CARATINGA;11;4;SEXTA-FEIRA;4;0;9;09H-11H;MANHA;PLENO DIA;CONVERSÃO PROIBIDA;COLISÃO TRANSVERSAL;NUBLADO;SIMPLES;RETA;SIM;0
ES;BR-101;VIANA;11;4;SEXTA-FEIRA;4;0;11;09H-11H;MANHA;PLENO DIA;TRANSITAR NO ACOSTAMENTO;COLISÃO LATERAL SENTIDO OPOSTO;CÉU CLARO;DUPLA;RETA;SIM;0
TO;BR-010;PALMAS;11;4;SEXTA-FEIRA;4;0;12;12H-14H;TARDE;PLENO DIA;ACESSAR A VIA SEM OBSERVAR A PRESENÇA DOS OUTROS VEÍCULOS;COLISÃO TRANSVERSAL;NUBLADO;MÚLTIPLA;RETA;SIM;0
MT;BR-070;CAMPO VERDE;11;4;SEXTA-FEIRA;4;0;11;09H-11H;MANHA;PLENO DIA;ACESSAR A VIA SEM OBSERVAR A PRESENÇA DOS OUTROS VEÍCULOS;COLISÃO TRANSVERSAL;NUBLADO;SIMPLES;ROTATÓRIA;SIM;0
PR;BR-277;FOZ DO IGUACU;11;4;SEXTA-FEIRA;4;0;12;12H-14H;TARDE;PLENO DIA;CONDUTOR DEIXOU DE MANTER DISTÂNCIA DO VEÍCULO DA FRENTE;COLISÃO TRASEIRA;CÉU CLARO;DUPLA;RETA;SIM;0
MA;BR-135;SAO LUIS;11;4;SEXTA-FEIRA;4;0;11;09H-11H;MANHA;PLENO DIA;MANOBRA DE MUDANÇA DE FAIXA;COLISÃO LATERAL MESMO SENTIDO;CÉU CLARO;DUPLA;RETA;SIM;0
PR;BR-369;APUCARANA;11;4;TERÇA-FEIRA;1;0;7;06H-08H;MANHA;AMANHECER;MANOBRA DE MUDANÇA DE FAIXA;COLISÃO LATERAL MESMO SENTIDO;CÉU CLARO;DUPLA;"INTERSEÇÃO DE VIAS;ACLIVE;CURVA";NÃO;0
SC;BR-470;RODEIO;11;4;SEXTA-FEIRA;4;0;12;12H-14H;TARDE;PLENO DIA;MAL SÚBITO DO CONDUTOR;SAÍDA DE LEITO CARROÇÁVEL;NUBLADO;SIMPLES;RETA;NÃO;0
MG;BR-040;RIBEIRAO DAS NEVES;11;4;SEXTA-FEIRA;4;0;13;12H-14H;TARDE;PLENO DIA;AUSÊNCIA DE REAÇÃO DO CONDUTOR;COLISÃO COM OBJETO;CÉU CLARO;DUPLA;"DECLIVE;RETA";SIM;0
MG;BR-381;CAETE;11;4;SEXTA-FEIRA;4;0;12;12H-14H;TARDE;PLENO DIA;REAÇÃO TARDIA OU INEFICIENTE DO CONDUTOR;COLISÃO TRASEIRA;CÉU CLARO;SIMPLES;RETA;NÃO;0
ES;BR-101;SERRA;11;4;QUARTA-FEIRA;2;0;12;12H-14H;TARDE;PLENO DIA;REAÇÃO TARDIA OU INEFICIENTE DO CONDUTOR;COLISÃO TRASEIRA;CÉU CLARO;DUPLA;RETA;SIM;0
RJ;BR-040;DUQUE DE CAXIAS;11;4;SEXTA-FEIRA;4;0;12;12H-14H;TARDE;PLENO DIA;MANOBRA DE MUDANÇA DE FAIXA;COLISÃO TRANSVERSAL;SOL;MÚLTIPLA;RETA;SIM;0
CE;BR-116;BREJO SANTO;11;4;SEGUNDA-FEIRA;0;0;18;18H-20H;NOITE;PLENA NOITE;VELOCIDADE INCOMPATÍVEL;COLISÃO TRANSVERSAL;CÉU CLARO;SIMPLES;RETA;NÃO;0
SC;BR-280;IRINEOPOLIS;11;4;SEXTA-FEIRA;4;0;12;12H-14H;TARDE;PLENO DIA;ACESSAR A VIA SEM OBSERVAR A PRESENÇA DOS OUTROS VEÍCULOS;COLISÃO TRANSVERSAL;CÉU CLARO;SIMPLES;RETA;NÃO;0
SC;BR-101;SAO JOSE;11;4;SEXTA-FEIRA;4;0;13;12H-14H;TARDE;PLENO DIA;CONDUTOR DEIXOU DE MANTER DISTÂNCIA DO VEÍCULO DA FRENTE;COLISÃO LATERAL MESMO SENTIDO;NUBLADO;MÚLTIPLA;RETA;NÃO;0
SC;BR-101;SAO JOSE;11;4;SEXTA-FEIRA;4;0;14;12H-14H;TARDE;PLENO DIA;MANOBRA DE MUDANÇA DE FAIXA;COLISÃO LATERAL MESMO SENTIDO;NUBLADO;MÚLTIPLA;RETA;SIM;0
MG;BR-381;BARAO DE COCAIS;11;4;QUINTA-FEIRA;3;0;19;18H-20H;NOITE;PLENA NOITE;REAÇÃO TARDIA OU INEFICIENTE DO CONDUTOR;TOMBAMENTO;IGNORADO;DUPLA;"ACLIVE;RETA";NÃO;0
PE;BR-101;IGARASSU;11;4;SEXTA-FEIRA;4;0;14;12H-14H;TARDE;PLENO DIA;REAÇÃO TARDIA OU INEFICIENTE DO CONDUTOR;COLISÃO TRASEIRA;CÉU CLARO;MÚLTIPLA;RETA;SIM;0
MG;BR-116;TEOFILO OTONI;11;4;SEXTA-FEIRA;4;0;12;12H-14H;TARDE;PLENO DIA;AUSÊNCIA DE REAÇÃO DO CONDUTOR;COLISÃO FRONTAL;NUBLADO;SIMPLES;"DECLIVE;CURVA;EM OBRAS";NÃO;0
RJ;BR-393;VOLTA REDONDA;11;4;SEXTA-FEIRA;4;0;14;12H-14H;TARDE;PLENO DIA;REAÇÃO TARDIA OU INEFICIENTE DO CONDUTOR;COLISÃO TRASEIRA;CÉU CLARO;SIMPLES;PONTE;SIM;0
RJ;BR-116;DUQUE DE CAXIAS;11;4;SEXTA-FEIRA;4;0;13;12H-14H;TARDE;PLENO DIA;ENTRADA INOPINADA DO PEDESTRE;ATROPELAMENTO DE PEDESTRE;CÉU CLARO;DUPLA;RETA;SIM;1
PI;BR-343;ALTOS;11;4;SEXTA-FEIRA;4;0;13;12H-14H;TARDE;PLENO DIA;AUSÊNCIA DE REAÇÃO DO CONDUTOR;COLISÃO LATERAL MESMO SENTIDO;CÉU CLARO;SIMPLES;RETA;SIM;0
PE;BR-408;RECIFE;11;4;SEXTA-FEIRA;4;0;13;12H-14H;TARDE;PLENO DIA;AUSÊNCIA DE REAÇÃO DO CONDUTOR;SAÍDA DE LEITO CARROÇÁVEL;CÉU CLARO;DUPLA;RETA;NÃO;0
SP;BR-101;UBATUBA;11;4;SEXTA-FEIRA;4;0;14;12H-14H;TARDE;PLENO DIA;TRANSITAR NA CONTRAMÃO;COLISÃO FRONTAL;CÉU CLARO;SIMPLES;RETA;SIM;0