uf;br_formatada;municipio;mes;trimestre;dia_semana;dia_semana_num;fim_de_semana;hora;faixa_horaria;turno;fase_dia;causa_acidente;tipo_acidente;condicao_metereologica;tipo_pista;tracado_via;uso_solo;acidente_fatal
RJ;BR-101;CAMPOS DOS GOYTACAZES;12;4;TERÇA-FEIRA;1;0;10;09H-11H;MANHA;PLENO DIA;DEMAIS FALHAS MECÂNICAS OU ELÉTRICAS;INCÊNDIO;CÉU CLARO;SIMPLES;RETA;NÃO;0
SP;BR-116;PINDAMONHANGABA;12;4;TERÇA-FEIRA;1;0;13;12H-14H;TARDE;PLENO DIA;ACUMULO DE AREIA OU DETRITOS SOBRE O PAVIMENTO;TOMBAMENTO;CHUVA;DUPLA;"ACLIVE;INTERSEÇÃO DE VIAS;CURVA";NÃO;0
PR;BR-163;CASCAVEL;12;4;TERÇA-FEIRA;1;0;13;12H-14H;TARDE;PLENO DIA;VELOCIDADE INCOMPATÍVEL;SAÍDA DE LEITO CARROÇÁVEL;SOL;DUPLA;"ACLIVE;CURVA";NÃO;0
SC;BR-282;ALFREDO WAGNER;12;4;TERÇA-FEIRA;1;0;9;09H-11H;MANHA;PLENO DIA;AUSÊNCIA DE REAÇÃO DO CONDUTOR;CAPOTAMENTO;NUBLADO;SIMPLES;"DECLIVE;CURVA";NÃO;0
MG;BR-116;TEOFILO OTONI;12;4;TERÇA-FEIRA;1;0;12;12H-14H;TARDE;PLENO DIA;DESRESPEITAR A PREFERÊNCIA NO CRUZAMENTO;COLISÃO TRANSVERSAL;CÉU CLARO;DUPLA;"RETA;RETORNO REGULAMENTADO";NÃO;0
SC;BR-280;ARAQUARI;10;4;SEXTA-FEIRA;4;0;18;18H-20H;NOITE;ANOITECER;VELOCIDADE INCOMPATÍVEL;COLISÃO TRASEIRA;CÉU CLARO;SIMPLES;RETA;NÃO;1
PI;BR-343;PARNAIBA;12;4;TERÇA-FEIRA;1;0;14;12H-14H;TARDE;PLENO DIA;AUSÊNCIA DE REAÇÃO DO CONDUTOR;COLISÃO TRASEIRA;CÉU CLARO;DUPLA;RETA;SIM;0
PE;BR-101;JABOATAO DOS GUARARAPES;12;4;TERÇA-FEIRA;1;0;15;15H-17H;TARDE;PLENO DIA;MANOBRA DE MUDANÇA DE FAIXA;COLISÃO TRASEIRA;CÉU CLARO;MÚLTIPLA;"RETA;VIADUTO";SIM;0
RJ;BR-116;NOVA IGUACU;12;4;TERÇA-FEIRA;1;0;14;12H-14H;TARDE;PLENO DIA;AUSÊNCIA DE REAÇÃO DO CONDUTOR;COLISÃO TRASEIRA;CÉU CLARO;DUPLA;RETA;SIM;0
SP;BR-116;PARIQUERA-ACU;12;4;TERÇA-FEIRA;1;0;14;12H-14H;TARDE;PLENO DIA;REAÇÃO TARDIA OU INEFICIENTE DO CONDUTOR;CAPOTAMENTO;CÉU CLARO;DUPLA;RETA;NÃO;0
PE;BR-428;PETROLINA;10;4;TERÇA-FEIRA;1;0;7;06H-08H;MANHA;PLENO DIA;CONDUTOR DEIXOU DE MANTER DISTÂNCIA DO VEÍCULO DA FRENTE;COLISÃO LATERAL MESMO SENTIDO;NUBLADO;DUPLA;RETA;NÃO;0
SP;BR-381;MAIRIPORA;12;4;TERÇA-FEIRA;1;0;14;12H-14H;TARDE;PLENO DIA;REAÇÃO TARDIA OU INEFICIENTE DO CONDUTOR;COLISÃO COM OBJETO;SOL;MÚLTIPLA;CURVA;NÃO;0
RS;BR-116;DOIS IRMAOS;12;4;TERÇA-FEIRA;1;0;15;15H-17H;TARDE;PLENO DIA;AUSÊNCIA DE REAÇÃO DO CONDUTOR;COLISÃO LATERAL MESMO SENTIDO;CÉU CLARO;SIMPLES;RETA;NÃO;0
RJ;BR-101;ITABORAI;12;4;TERÇA-FEIRA;1;0;13;12H-14H;TARDE;PLENO DIA;ACUMULO DE AREIA OU DETRITOS SOBRE O PAVIMENTO;QUEDA DE OCUPANTE DE VEÍCULO;CÉU CLARO;DUPLA;CURVA;SIM;0
RN;BR-406;SAO GONCALO DO AMARANTE;12;4;TERÇA-FEIRA;1;0;15;15H-17H;TARDE;PLENO DIA;MANOBRA DE MUDANÇA DE FAIXA;COLISÃO LATERAL MESMO SENTIDO;CÉU CLARO;SIMPLES;RETA;NÃO;0
RO;BR-364;PORTO VELHO;12;4;TERÇA-FEIRA;1;0;14;12H-14H;TARDE;PLENO DIA;ACESSAR A VIA SEM OBSERVAR A PRESENÇA DOS OUTROS VEÍCULOS;COLISÃO TRANSVERSAL;CÉU CLARO;SIMPLES;"INTERSEÇÃO DE VIAS;VIADUTO";SIM;0
RR;BR-401;BONFIM;12;4;TERÇA-FEIRA;1;0;13;12H-14H;TARDE;PLENO DIA;DEMAIS FALHAS MECÂNICAS OU ELÉTRICAS;INCÊNDIO;CÉU CLARO;SIMPLES;RETA;NÃO;0
SP;BR-116;SAO JOSE DOS CAMPOS;12;4;TERÇA-FEIRA;1;0;16;15H-17H;TARDE;PLENO DIA;REAÇÃO TARDIA OU INEFICIENTE DO CONDUTOR;ENGAVETAMENTO;CÉU CLARO;DUPLA;RETA;NÃO;0
MG;BR-381;BETIM;12;4;TERÇA-FEIRA;1;0;6;06H-08H;MANHA;AMANHECER;MANOBRA DE MUDANÇA DE FAIXA;TOMBAMENTO;CÉU CLARO;DUPLA;RETA;NÃO;0
MS;BR-262;CAMPO GRANDE;11;4;QUARTA-FEIRA;2;0;21;21H-23H;NOITE;PLENA NOITE;CHUVA;COLISÃO TRASEIRA;CHUVA;SIMPLES;"RETA;ACLIVE";NÃO;0
RJ;BR-393;BARRA DO PIRAI;12;4;TERÇA-FEIRA;1;0;16;15H-17H;TARDE;PLENO DIA;MANOBRA DE MUDANÇA DE FAIXA;COLISÃO LATERAL MESMO SENTIDO;NUBLADO;SIMPLES;"RETA;ACLIVE";NÃO;0
MA;BR-135;SAO LUIS;12;4;TERÇA-FEIRA;1;0;15;15H-17H;TARDE;ANOITECER;REAÇÃO TARDIA OU INEFICIENTE DO CONDUTOR;COLISÃO TRASEIRA;CÉU CLARO;DUPLA;RETA;NÃO;0
SC;BR-280;ARAQUARI;12;4;TERÇA-FEIRA;1;0;16;15H-17H;TARDE;PLENO DIA;REAÇÃO TARDIA OU INEFICIENTE DO CONDUTOR;COLISÃO TRASEIRA;SOL;SIMPLES;RETA;NÃO;0
MG;BR-040;PARACATU;12;4;TERÇA-FEIRA;1;0;16;15H-17H;TARDE;PLENO DIA;ACESSAR A VIA SEM OBSERVAR A PRESENÇA DOS OUTROS VEÍCULOS;COLISÃO TRANSVERSAL;CÉU CLARO;SIMPLES;"RETA;INTERSEÇÃO DE VIAS";SIM;0
MG;BR-116;MURIAE;12;4;TERÇA-FEIRA;1;0;17;15H-17H;TARDE;PLENO DIA;REAÇÃO TARDIA OU INEFICIENTE DO CONDUTOR;QUEDA DE OCUPANTE DE VEÍCULO;CÉU CLARO;SIMPLES;ROTATÓRIA;SIM;0
SC;BR-470;RIO DO SUL;12;4;TERÇA-FEIRA;1;0;17;15H-17H;TARDE;PLENO DIA;AUSÊNCIA DE REAÇÃO DO CONDUTOR;COLISÃO TRASEIRA;CÉU CLARO;SIMPLES;RETA;NÃO;0
SC;BR-101;SAO JOSE;12;4;TERÇA-FEIRA;1;0;17;15H-17H;TARDE;PLENO DIA;MANOBRA DE MUDANÇA DE FAIXA;COLISÃO LATERAL MESMO SENTIDO;CÉU CLARO;MÚLTIPLA;RETA;SIM;0
MG;BR-381;CARMO DA CACHOEIRA;12;4;TERÇA-FEIRA;1;0;16;15H-17H;TARDE;PLENO DIA;REAÇÃO TARDIA OU INEFICIENTE DO CONDUTOR;COLISÃO COM OBJETO;CHUVA;DUPLA;"CURVA;DECLIVE";NÃO;0
GO;BR-153;APARECIDA DE GOIANIA;12;4;TERÇA-FEIRA;1;0;18;18H-20H;NOITE;ANOITECER;TRAFEGAR COM MOTOCICLETA (OU SIMILAR) ENTRE AS FAIXAS;TOMBAMENTO;NUBLADO;DUPLA;RETA;SIM;1
CE;BR-116;FORTALEZA;12;4;TERÇA-FEIRA;1;0;17;15H-17H;TARDE;PLENA NOITE;AUSÊNCIA DE REAÇÃO DO CONDUTOR;COLISÃO TRASEIRA;CÉU CLARO;DUPLA;RETA;SIM;0
PI;BR-343;PARNAIBA;12;4;TERÇA-FEIRA;1;0;18;18H-20H;NOITE;PLENA NOITE;DEFICIÊNCIA DO SISTEMA DE ILUMINAÇÃO/SINALIZAÇÃO;COLISÃO TRANSVERSAL;CÉU CLARO;SIMPLES;INTERSEÇÃO DE VIAS;SIM;0
MA;BR-135;SAO LUIS;11;4;SÁBADO;5;1;8;06H-08H;MANHA;PLENO DIA;ACESSAR A VIA SEM OBSERVAR A PRESENÇA DOS OUTROS VEÍCULOS;COLISÃO TRANSVERSAL;CÉU CLARO;DUPLA;RETA;NÃO;0
SC;BR-101;BARRA VELHA;12;4;TERÇA-FEIRA;1;0;17;15H-17H;TARDE;PLENO DIA;AVARIAS E/OU DESGASTE EXCESSIVO NO PNEU;TOMBAMENTO;SOL;MÚLTIPLA;"RETA;DECLIVE";NÃO;0
PE;BR-232;SALGUEIRO;12;4;TERÇA-FEIRA;1;0;18;18H-20H;NOITE;PLENA NOITE;ACESSAR A VIA SEM OBSERVAR A PRESENÇA DOS OUTROS VEÍCULOS;COLISÃO TRANSVERSAL;CÉU CLARO;SIMPLES;RETA;SIM;0
RJ;BR-116;SAO JOAO DE MERITI;11;4;SEXTA-FEIRA;4;0;7;06H-08H;MANHA;PLENO DIA;CONDUTOR DEIXOU DE MANTER DISTÂNCIA DO VEÍCULO DA FRENTE;QUEDA DE OCUPANTE DE VEÍCULO;CÉU CLARO;DUPLA;RETA;SIM;0
SC;BR-101;JOINVILLE;12;4;TERÇA-FEIRA;1;0;17;15H-17H;TARDE;PLENO DIA;MANOBRA DE MUDANÇA DE FAIXA;TOMBAMENTO;CÉU CLARO;DUPLA;"DECLIVE;RETA;VIADUTO";NÃO;0
MG;BR-459;SENADOR JOSE BENTO;12;4;TERÇA-FEIRA;1;0;19;18H-20H;NOITE;PLENA NOITE;VELOCIDADE INCOMPATÍVEL;SAÍDA DE LEITO CARROÇÁVEL;CHUVA;SIMPLES;"DECLIVE;CURVA";NÃO;0
PE;BR-408;PAUDALHO;12;4;TERÇA-FEIRA;1;0;17;15H-17H;TARDE;ANOITECER;ENTRADA INOPINADA DO PEDESTRE;ATROPELAMENTO DE PEDESTRE;CÉU CLARO;MÚLTIPLA;RETA;SIM;1
SC;BR-101;PALHOCA;12;4;TERÇA-FEIRA;1;0;18;18H-20H;NOITE;PLENO DIA;ACESSAR A VIA SEM OBSERVAR A PRESENÇA DOS OUTROS VEÍCULOS;COLISÃO LATERAL MESMO SENTIDO;CÉU CLARO;DUPLA;RETA;SIM;0
SP;BR-381;ATIBAIA;11;4;DOMINGO;6;1;6;06H-08H;MANHA;AMANHECER;CHUVA;CAPOTAMENTO;CHUVA;DUPLA;"DECLIVE;CURVA";NÃO;0
ES;BR-101;SERRA;12;4;TERÇA-FEIRA;1;0;18;18H-20H;NOITE;PLENA NOITE;MANOBRA DE MUDANÇA DE FAIXA;COLISÃO LATERAL MESMO SENTIDO;CÉU CLARO;MÚLTIPLA;RETA;SIM;0
RN;BR-304;TIBAU;12;4;TERÇA-FEIRA;1;0;18;18H-20H;NOITE;PLENA NOITE;ACESSAR A VIA SEM OBSERVAR A PRESENÇA DOS OUTROS VEÍCULOS;COLISÃO TRANSVERSAL;CÉU CLARO;SIMPLES;RETA;NÃO;0
TO;BR-153;ARAGUAINA;12;4;TERÇA-FEIRA;1;0;19;18H-20H;NOITE;PLENA NOITE;AUSÊNCIA DE REAÇÃO DO CONDUTOR;QUEDA DE OCUPANTE DE VEÍCULO;NUBLADO;SIMPLES;RETA;NÃO;0
GO;BR-060;GUAPO;12;4;TERÇA-FEIRA;1;0;19;18H-20H;NOITE;PLENA NOITE;MANOBRA DE MUDANÇA DE FAIXA;COLISÃO LATERAL MESMO SENTIDO;NUBLADO;DUPLA;"RETA;ACLIVE";NÃO;0
SC;BR-101;ARARANGUA;12;4;TERÇA-FEIRA;1;0;18;18H-20H;NOITE;ANOITECER;AUSÊNCIA DE REAÇÃO DO CONDUTOR;COLISÃO TRASEIRA;CÉU CLARO;MÚLTIPLA;"DECLIVE;CURVA;VIADUTO";NÃO;0
MG;BR-262;BELA VISTA DE MINAS;12;4;TERÇA-FEIRA;1;0;19;18H-20H;NOITE;PLENA NOITE;ANIMAIS NA PISTA;ATROPELAMENTO DE ANIMAL;CÉU CLARO;SIMPLES;RETA;NÃO;0
SC;BR-280;RIO NEGRINHO;12;4;TERÇA-FEIRA;1;0;17;15H-17H;TARDE;PLENO DIA;ACESSAR A VIA SEM OBSERVAR A PRESENÇA DOS OUTROS VEÍCULOS;COLISÃO TRANSVERSAL;SOL;SIMPLES;RETA;NÃO;0
SC;BR-280;RIO NEGRINHO;12;4;TERÇA-FEIRA;1;0;19;18H-20H;NOITE;ANOITECER;ACESSAR A VIA SEM OBSERVAR A PRESENÇA DOS OUTROS VEÍCULOS;COLISÃO TRASEIRA;CÉU CLARO;SIMPLES;RETA;NÃO;0
AM;BR-174;MANAUS;12;4;TERÇA-FEIRA;1;0;18;18H-20H;NOITE;PLENA NOITE;ULTRAPASSAGEM INDEVIDA;COLISÃO TRASEIRA;CHUVA;SIMPLES;RETA;NÃO;0
RJ;BR-040;PETROPOLIS;12;4;TERÇA-FEIRA;1;0;17;15H-17H;TARDE;ANOITECER;PISTA ESCORREGADIA;SAÍDA DE LEITO CARROÇÁVEL;CHUVA;DUPLA;DECLIVE;NÃO;0
RN;BR-304;MOSSORO;12;4;TERÇA-FEIRA;1;0;20;18H-20H;NOITE;PLENA NOITE;MODIFICAÇÃO PROIBIDA;COLISÃO TRASEIRA;CÉU CLARO;SIMPLES;RETA;NÃO;0
RJ;BR-040;DUQUE DE CAXIAS;12;4;TERÇA-FEIRA;1;0;16;15H-17H;TARDE;PLENO DIA;PISTA ESCORREGADIA;COLISÃO COM OBJETO;CHUVA;DUPLA;CURVA;NÃO;0
MG;BR-381;BETIM;12;4;TERÇA-FEIRA;1;0;20;18H-20H;NOITE;PLENA NOITE;AUSÊNCIA DE REAÇÃO DO CONDUTOR;QUEDA DE OCUPANTE DE VEÍCULO;NUBLADO;DUPLA;RETA;SIM;0
RJ;BR-101;NITEROI;12;4;TERÇA-FEIRA;1;0;20;18H-20H;NOITE;PLENA NOITE;AUSÊNCIA DE REAÇÃO DO CONDUTOR;QUEDA DE OCUPANTE DE VEÍCULO;GAROA/CHUVISCO;DUPLA;RETA;NÃO;0
ES;BR-101;ARACRUZ;12;4;TERÇA-FEIRA;1;0;20;18H-20H;NOITE;PLENA NOITE;DEMAIS FALHAS MECÂNICAS OU ELÉTRICAS;SAÍDA DE LEITO CARROÇÁVEL;CÉU CLARO;SIMPLES;"CURVA;ACLIVE";NÃO;0
PR;BR-277;MEDIANEIRA;12;4;TERÇA-FEIRA;1;0;20;18H-20H;NOITE;PLENA NOITE;PEDESTRE CRUZAVA A PISTA FORA DA FAIXA;ATROPELAMENTO DE PEDESTRE;CÉU CLARO;DUPLA;DECLIVE;SIM;1
MA;BR-010;IMPERATRIZ;12;4;TERÇA-FEIRA;1;0;10;09H-11H;MANHA;PLENO DIA;TRANSITAR NO ACOSTAMENTO;COLISÃO FRONTAL;CÉU CLARO;SIMPLES;RETA;SIM;0
GO;BR-153;APARECIDA DE GOIANIA;12;4;TERÇA-FEIRA;1;0;21;21H-23H;NOITE;PLENA NOITE;PEDESTRE ANDAVA NA PISTA;ATROPELAMENTO DE PEDESTRE;CÉU CLARO;DUPLA;RETA;SIM;0
PB;BR-230;CAMPINA GRANDE;11;4;DOMINGO;6;1;18;18H-20H;NOITE;PLENA NOITE;ILUMINAÇÃO DEFICIENTE;TOMBAMENTO;CÉU CLARO;SIMPLES;"RETA;EM OBRAS";SIM;0
SC;BR-470;INDAIAL;12;4;TERÇA-FEIRA;1;0;17;15H-17H;TARDE;PLENO DIA;ACESSAR A VIA SEM OBSERVAR A PRESENÇA DOS OUTROS VEÍCULOS;COLISÃO TRANSVERSAL;CÉU CLARO;SIMPLES;RETA;SIM;0
MG;BR-262;NOVA SERRANA;12;4;TERÇA-FEIRA;1;0;20;18H-20H;NOITE;PLENA NOITE;CHUVA;QUEDA DE OCUPANTE DE VEÍCULO;CHUVA;DUPLA;RETA;SIM;0
PA;BR-010;IRITUIA;12;4;TERÇA-FEIRA;1;0;19;18H-20H;NOITE;PLENA NOITE;REAÇÃO TARDIA OU INEFICIENTE DO CONDUTOR;COLISÃO LATERAL MESMO SENTIDO;CÉU CLARO;SIMPLES;RETA;NÃO;1
PR;BR-277;GUARAPUAVA;12;4;TERÇA-FEIRA;1;0;20;18H-20H;NOITE;PLENA NOITE;INGESTÃO DE ÁLCOOL PELO CONDUTOR;SAÍDA DE LEITO CARROÇÁVEL;CÉU CLARO;SIMPLES;RETA;SIM;0
MG;BR-381;SABARA;12;4;TERÇA-FEIRA;1;0;22;21H-23H;NOITE;PLENA NOITE;CONDUTOR DORMINDO;COLISÃO FRONTAL;CHUVA;SIMPLES;RETA;NÃO;0
RJ;BR-101;CAMPOS DOS GOYTACAZES;12;4;TERÇA-FEIRA;1;0;23;21H-23H;NOITE;PLENA NOITE;CHUVA;CAPOTAMENTO;CHUVA;DUPLA;RETA;NÃO;0
MG;BR-381;SABARA;12;4;TERÇA-FEIRA;1;0;22;21H-23H;NOITE;PLENA NOITE;ACUMULO DE ÁGUA SOBRE O PAVIMENTO;COLISÃO TRANSVERSAL;CHUVA;SIMPLES;"CURVA;DECLIVE";NÃO;0
SP;BR-381;MAIRIPORA;12;4;TERÇA-FEIRA;1;0;22;21H-23H;NOITE;PLENA NOITE;AUSÊNCIA DE REAÇÃO DO CONDUTOR;TOMBAMENTO;CÉU CLARO;DUPLA;CURVA;NÃO;0
MT;BR-070;CACERES;12;4;TERÇA-FEIRA;1;0;19;18H-20H;NOITE;PLENA NOITE;CONDUTOR DEIXOU DE MANTER DISTÂNCIA DO VEÍCULO DA FRENTE;COLISÃO TRASEIRA;CHUVA;SIMPLES;"CURVA;ACLIVE";NÃO;0
MG;BR-116;ENGENHEIRO CALDAS;10;4;QUINTA-FEIRA;3;0;1;00H-02H;MADRUGADA;PLENA NOITE;VELOCIDADE INCOMPATÍVEL;SAÍDA DE LEITO CARROÇÁVEL;CÉU CLARO;SIMPLES;CURVA;NÃO;0
SP;BR-153;SAO JOSE DO RIO PRETO;12;4;QUARTA-FEIRA;2;0;0;00H-02H;MADRUGADA;PLENA NOITE;ANIMAIS NA PISTA;ATROPELAMENTO DE ANIMAL;NUBLADO;DUPLA;"RETA;INTERSEÇÃO DE VIAS";SIM;0
SC;BR-282;FLORIANOPOLIS;11;4;SÁBADO;5;1;3;03H-05H;MADRUGADA;PLENA NOITE;INGESTÃO DE ÁLCOOL PELO CONDUTOR;SAÍDA DE LEITO CARROÇÁVEL;NUBLADO;SIMPLES;RETA;NÃO;0
PR;BR-116;CURITIBA;12;4;QUARTA-FEIRA;2;0;3;03H-05H;MADRUGADA;PLENA NOITE;REAÇÃO TARDIA OU INEFICIENTE DO CONDUTOR;COLISÃO COM OBJETO;NUBLADO;MÚLTIPLA;RETA;SIM;0
SC;BR-101;SAO JOSE;12;4;QUARTA-FEIRA;2;0;5;03H-05H;MADRUGADA;AMANHECER;CONDUTOR DESRESPEITOU A ILUMINAÇÃO VERMELHA DO SEMÁFORO;COLISÃO TRANSVERSAL;NUBLADO;MÚLTIPLA;INTERSEÇÃO DE VIAS;SIM;0
SE;BR-101;MURIBECA;12;4;QUARTA-FEIRA;2;0;5;03H-05H;MADRUGADA;PLENO DIA;VELOCIDADE INCOMPATÍVEL;CAPOTAMENTO;CÉU CLARO;DUPLA;RETA;NÃO;0
SC;BR-101;SAO JOSE;12;4;QUARTA-FEIRA;2;0;5;03H-05H;MADRUGADA;PLENO DIA;REAÇÃO TARDIA OU INEFICIENTE DO CONDUTOR;QUEDA DE OCUPANTE DE VEÍCULO;CÉU CLARO;MÚLTIPLA;"RETA;DECLIVE";SIM;0
RJ;BR-116;DUQUE DE CAXIAS;12;4;QUARTA-FEIRA;2;0;4;03H-05H;MADRUGADA;AMANHECER;ENTRADA INOPINADA DO PEDESTRE;ATROPELAMENTO DE PEDESTRE;NUBLADO;DUPLA;RETA;SIM;1
RJ;BR-040;DUQUE DE CAXIAS;12;4;QUARTA-FEIRA;2;0;1;00H-02H;MADRUGADA;PLENA NOITE;AUSÊNCIA DE REAÇÃO DO CONDUTOR;CAPOTAMENTO;GAROA/CHUVISCO;DUPLA;RETA;NÃO;0
PR;BR-277;PARANAGUA;12;4;QUARTA-FEIRA;2;0;4;03H-05H;MADRUGADA;PLENA NOITE;AUSÊNCIA DE REAÇÃO DO CONDUTOR;SAÍDA DE LEITO CARROÇÁVEL;NUBLADO;DUPLA;CURVA;NÃO;0
SE;BR-101;CEDRO DE SAO JOAO;12;4;QUARTA-FEIRA;2;0;4;03H-05H;MADRUGADA;AMANHECER;DEMAIS FALHAS MECÂNICAS OU ELÉTRICAS;INCÊNDIO;CÉU CLARO;DUPLA;DECLIVE;NÃO;0
GO;BR-070;AGUAS LINDAS DE GOIAS;12;4;QUARTA-FEIRA;2;0;7;06H-08H;MANHA;PLENO DIA;AUSÊNCIA DE REAÇÃO DO CONDUTOR;COLISÃO LATERAL MESMO SENTIDO;CÉU CLARO;DUPLA;RETA;NÃO;0
PE;BR-101;PAULISTA;12;4;QUARTA-FEIRA;2;0;5;03H-05H;MADRUGADA;PLENO DIA;ACESSAR A VIA SEM OBSERVAR A PRESENÇA DOS OUTROS VEÍCULOS;COLISÃO TRANSVERSAL;CÉU CLARO;SIMPLES;VIADUTO;NÃO;0
PB;BR-101;BAYEUX;12;4;QUARTA-FEIRA;2;0;6;06H-08H;MANHA;PLENO DIA;CONDUTOR DEIXOU DE MANTER DISTÂNCIA DO VEÍCULO DA FRENTE;COLISÃO TRASEIRA;CÉU CLARO;DUPLA;"ACLIVE;VIADUTO";SIM;0
RJ;BR-101;PARATY;12;4;QUARTA-FEIRA;2;0;7;06H-08H;MANHA;PLENO DIA;REAÇÃO TARDIA OU INEFICIENTE DO CONDUTOR;COLISÃO LATERAL MESMO SENTIDO;SOL;SIMPLES;RETA;SIM;0
PR;BR-116;CURITIBA;12;4;QUARTA-FEIRA;2;0;7;06H-08H;MANHA;PLENO DIA;MANOBRA DE MUDANÇA DE FAIXA;COLISÃO LATERAL MESMO SENTIDO;SOL;DUPLA;"ACLIVE;RETA";SIM;0
SP;BR-381;MAIRIPORA;12;4;QUARTA-FEIRA;2;0;7;06H-08H;MANHA;PLENO DIA;REAÇÃO TARDIA OU INEFICIENTE DO CONDUTOR;COLISÃO LATERAL MESMO SENTIDO;NUBLADO;DUPLA;"DECLIVE;ROTATÓRIA";NÃO;0
RO;BR-364;VILHENA;12;4;QUARTA-FEIRA;2;0;5;03H-05H;MADRUGADA;AMANHECER;AUSÊNCIA DE REAÇÃO DO CONDUTOR;SAÍDA DE LEITO CARROÇÁVEL;CHUVA;SIMPLES;"DECLIVE;CURVA";NÃO;0
SP;BR-116;ARUJA;12;4;QUARTA-FEIRA;2;0;8;06H-08H;MANHA;PLENO DIA;MANOBRA DE MUDANÇA DE FAIXA;COLISÃO LATERAL MESMO SENTIDO;CÉU CLARO;DUPLA;"RETORNO REGULAMENTADO;RETA";NÃO;0
RS;BR-386;LAJEADO;12;4;QUARTA-FEIRA;2;0;8;06H-08H;MANHA;PLENO DIA;ENTRADA INOPINADA DO PEDESTRE;ATROPELAMENTO DE PEDESTRE;NUBLADO;DUPLA;RETA;SIM;0
BA;BR-242;LAJEDINHO;12;4;QUARTA-FEIRA;2;0;3;03H-05H;MADRUGADA;PLENA NOITE;REAÇÃO TARDIA OU INEFICIENTE DO CONDUTOR;SAÍDA DE LEITO CARROÇÁVEL;IGNORADO;SIMPLES;RETA;NÃO;0
DF;BR-070;BRASILIA;12;4;QUARTA-FEIRA;2;0;7;06H-08H;MANHA;PLENO DIA;REAÇÃO TARDIA OU INEFICIENTE DO CONDUTOR;COLISÃO TRASEIRA;CÉU CLARO;DUPLA;RETA;SIM;0
RS;BR-386;NOVA SANTA RITA;12;4;QUARTA-FEIRA;2;0;7;06H-08H;MANHA;PLENO DIA;REAÇÃO TARDIA OU INEFICIENTE DO CONDUTOR;TOMBAMENTO;CÉU CLARO;DUPLA;RETA;NÃO;0
SP;BR-116;GUARATINGUETA;12;4;QUARTA-FEIRA;2;0;8;06H-08H;MANHA;PLENO DIA;REAÇÃO TARDIA OU INEFICIENTE DO CONDUTOR;SAÍDA DE LEITO CARROÇÁVEL;NUBLADO;DUPLA;CURVA;SIM;0
RN;BR-304;MOSSORO;12;4;QUARTA-FEIRA;2;0;7;06H-08H;MANHA;PLENO DIA;RETORNO PROIBIDO;COLISÃO TRANSVERSAL;CÉU CLARO;DUPLA;RETA;SIM;0
RJ;BR-116;NOVA IGUACU;12;4;QUARTA-FEIRA;2;0;8;06H-08H;MANHA;PLENO DIA;MANOBRA DE MUDANÇA DE FAIXA;COLISÃO LATERAL MESMO SENTIDO;CÉU CLARO;DUPLA;RETA;SIM;0
PI;BR-135;BOM JESUS;12;4;QUARTA-FEIRA;2;0;7;06H-08H;MANHA;PLENO DIA;MANOBRA DE MUDANÇA DE FAIXA;COLISÃO LATERAL MESMO SENTIDO;NUBLADO;DUPLA;"RETA;DECLIVE;RETORNO REGULAMENTADO";SIM;0
ES;BR-101;SERRA;12;4;QUARTA-FEIRA;2;0;9;09H-11H;MANHA;PLENO DIA;TRANSITAR NA CONTRAMÃO;COLISÃO FRONTAL;CÉU CLARO;MÚLTIPLA;"ACLIVE;RETA";SIM;0
RJ;BR-116;NOVA IGUACU;12;4;QUARTA-FEIRA;2;0;8;06H-08H;MANHA;PLENO DIA;TRAFEGAR COM MOTOCICLETA (OU SIMILAR) ENTRE AS FAIXAS;COLISÃO TRASEIRA;SOL;DUPLA;RETA;NÃO;0
RS;BR-116;CAPAO DO LEAO;12;4;QUARTA-FEIRA;2;0;9;09H-11H;MANHA;PLENO DIA;CARGA EXCESSIVA E/OU MAL ACONDICIONADA;COLISÃO COM OBJETO;CÉU CLARO;SIMPLES;RETA;NÃO;0
AC;BR-364;SENA MADUREIRA;12;4;TERÇA-FEIRA;1;0;23;21H-23H;NOITE;PLENA NOITE;AUSÊNCIA DE REAÇÃO DO CONDUTOR;TOMBAMENTO;GAROA/CHUVISCO;SIMPLES;RETA;NÃO;0
PR;BR-376;MARINGA;12;4;QUARTA-FEIRA;2;0;9;09H-11H;MANHA;PLENO DIA;REAÇÃO TARDIA OU INEFICIENTE DO CONDUTOR;SAÍDA DE LEITO CARROÇÁVEL;CÉU CLARO;DUPLA;RETA;NÃO;0
MG;BR-356;MURIAE;12;4;QUARTA-FEIRA;2;0;8;06H-08H;MANHA;PLENO DIA;CONVERSÃO PROIBIDA;COLISÃO TRANSVERSAL;CÉU CLARO;SIMPLES;RETA;SIM;0
MG;BR-381;CARMOPOLIS DE MINAS;12;4;QUARTA-FEIRA;2;0;8;06H-08H;MANHA;PLENO DIA;REAÇÃO TARDIA OU INEFICIENTE DO CONDUTOR;COLISÃO COM OBJETO;NUBLADO;DUPLA;RETA;NÃO;0
RJ;BR-040;TRES RIOS;9;3;QUARTA-FEIRA;2;0;8;06H-08H;MANHA;PLENO DIA;REAÇÃO TARDIA OU INEFICIENTE DO CONDUTOR;COLISÃO LATERAL MESMO SENTIDO;SOL;SIMPLES;CURVA;SIM;0