uf;br_formatada;municipio;mes;trimestre;dia_semana;dia_semana_num;fim_de_semana;hora;faixa_horaria;turno;fase_dia;causa_acidente;tipo_acidente;condicao_metereologica;tipo_pista;tracado_via;uso_solo;acidente_fatal
PE;BR-101;ABREU E LIMA;12;4;TERÇA-FEIRA;1;0;14;12H-14H;TARDE;PLENO DIA;TRAFEGAR COM MOTOCICLETA (OU SIMILAR) ENTRE AS FAIXAS;COLISÃO LATERAL MESMO SENTIDO;CÉU CLARO;MÚLTIPLA;RETA;NÃO;0
MG;BR-050;UBERABA;12;4;TERÇA-FEIRA;1;0;16;15H-17H;TARDE;PLENO DIA;VELOCIDADE INCOMPATÍVEL;SAÍDA DE LEITO CARROÇÁVEL;CÉU CLARO;DUPLA;RETA;SIM;0
PR;BR-376;MARINGA;11;4;SÁBADO;5;1;16;15H-17H;TARDE;PLENO DIA;MANOBRA DE MUDANÇA DE FAIXA;COLISÃO LATERAL MESMO SENTIDO;CÉU CLARO;DUPLA;VIADUTO;SIM;0
SP;BR-116;SAO JOSE DOS CAMPOS;12;4;TERÇA-FEIRA;1;0;14;12H-14H;TARDE;PLENO DIA;REAÇÃO TARDIA OU INEFICIENTE DO CONDUTOR;COLISÃO LATERAL MESMO SENTIDO;CÉU CLARO;DUPLA;RETA;SIM;0
BA;BR-116;PLANALTO;12;4;TERÇA-FEIRA;1;0;10;09H-11H;MANHA;PLENO DIA;AUSÊNCIA DE REAÇÃO DO CONDUTOR;CAPOTAMENTO;CÉU CLARO;SIMPLES;RETA;NÃO;0
TO;BR-153;RIO DOS BOIS;12;4;TERÇA-FEIRA;1;0;16;15H-17H;TARDE;PLENO DIA;AUSÊNCIA DE REAÇÃO DO CONDUTOR;QUEDA DE OCUPANTE DE VEÍCULO;CÉU CLARO;SIMPLES;ACLIVE;NÃO;0
RJ;BR-101;ITABORAI;12;4;TERÇA-FEIRA;1;0;11;09H-11H;MANHA;PLENO DIA;REAÇÃO TARDIA OU INEFICIENTE DO CONDUTOR;COLISÃO TRASEIRA;CÉU CLARO;DUPLA;RETA;SIM;0
SC;BR-101;ICARA;12;4;TERÇA-FEIRA;1;0;15;15H-17H;TARDE;PLENO DIA;REAÇÃO TARDIA OU INEFICIENTE DO CONDUTOR;SAÍDA DE LEITO CARROÇÁVEL;CHUVA;SIMPLES;"CURVA;ROTATÓRIA";SIM;0
PR;BR-277;PALMEIRA;12;4;TERÇA-FEIRA;1;0;13;12H-14H;TARDE;PLENO DIA;AUSÊNCIA DE REAÇÃO DO CONDUTOR;CAPOTAMENTO;CÉU CLARO;SIMPLES;"DECLIVE;CURVA";NÃO;0
RN;BR-101;NATAL;12;4;TERÇA-FEIRA;1;0;15;15H-17H;TARDE;PLENO DIA;AUSÊNCIA DE REAÇÃO DO CONDUTOR;ENGAVETAMENTO;CÉU CLARO;DUPLA;RETA;SIM;0
RS;BR-287;SANTA MARIA;12;4;TERÇA-FEIRA;1;0;16;15H-17H;TARDE;PLENO DIA;ACESSAR A VIA SEM OBSERVAR A PRESENÇA DOS OUTROS VEÍCULOS;COLISÃO TRANSVERSAL;NUBLADO;DUPLA;"INTERSEÇÃO DE VIAS;CURVA";SIM;0
MG;BR-040;MATIAS BARBOSA;12;4;TERÇA-FEIRA;1;0;15;15H-17H;TARDE;PLENO DIA;ACESSAR A VIA SEM OBSERVAR A PRESENÇA DOS OUTROS VEÍCULOS;COLISÃO TRANSVERSAL;CÉU CLARO;DUPLA;INTERSEÇÃO DE VIAS;NÃO;0
PB;BR-101;JOAO PESSOA;12;4;TERÇA-FEIRA;1;0;16;15H-17H;TARDE;PLENO DIA;INGESTÃO DE ÁLCOOL PELO CONDUTOR;ENGAVETAMENTO;CÉU CLARO;DUPLA;RETA;SIM;0
SC;BR-116;SAO CRISTOVAO DO SUL;12;4;TERÇA-FEIRA;1;0;15;15H-17H;TARDE;PLENO DIA;VELOCIDADE INCOMPATÍVEL;SAÍDA DE LEITO CARROÇÁVEL;CHUVA;SIMPLES;"CURVA;DECLIVE";NÃO;0
BA;BR-116;POCOES;12;4;TERÇA-FEIRA;1;0;13;12H-14H;TARDE;PLENO DIA;AUSÊNCIA DE REAÇÃO DO CONDUTOR;COLISÃO LATERAL SENTIDO OPOSTO;CÉU CLARO;SIMPLES;CURVA;NÃO;0
PR;BR-277;MATELANDIA;12;4;TERÇA-FEIRA;1;0;17;15H-17H;TARDE;PLENO DIA;CONDUTOR DORMINDO;SAÍDA DE LEITO CARROÇÁVEL;GAROA/CHUVISCO;DUPLA;"DECLIVE;RETA";NÃO;0
PE;BR-232;VITORIA DE SANTO ANTAO;12;4;TERÇA-FEIRA;1;0;17;15H-17H;TARDE;PLENO DIA;AUSÊNCIA DE REAÇÃO DO CONDUTOR;COLISÃO TRASEIRA;NUBLADO;DUPLA;"DECLIVE;CURVA";SIM;0
RJ;BR-101;CAMPOS DOS GOYTACAZES;12;4;TERÇA-FEIRA;1;0;17;15H-17H;TARDE;PLENO DIA;CONDUTOR DEIXOU DE MANTER DISTÂNCIA DO VEÍCULO DA FRENTE;COLISÃO TRASEIRA;CÉU CLARO;SIMPLES;RETA;NÃO;0
SP;BR-116;JACAREI;12;4;TERÇA-FEIRA;1;0;17;15H-17H;TARDE;PLENO DIA;AUSÊNCIA DE REAÇÃO DO CONDUTOR;TOMBAMENTO;CÉU CLARO;DUPLA;RETA;NÃO;0
SC;BR-101;SANTA ROSA DO SUL;12;4;TERÇA-FEIRA;1;0;14;12H-14H;TARDE;PLENO DIA;TRANSITAR NA CONTRAMÃO;COLISÃO FRONTAL;NUBLADO;MÚLTIPLA;"VIADUTO;RETA";SIM;1
MT;BR-364;SANTO ANTONIO DO LEVERGER;12;4;TERÇA-FEIRA;1;0;16;15H-17H;TARDE;PLENO DIA;REAÇÃO TARDIA OU INEFICIENTE DO CONDUTOR;SAÍDA DE LEITO CARROÇÁVEL;CHUVA;DUPLA;CURVA;NÃO;0
RS;BR-392;GUARANI DAS MISSOES;12;4;TERÇA-FEIRA;1;0;15;15H-17H;TARDE;PLENO DIA;CONDUTOR DEIXOU DE MANTER DISTÂNCIA DO VEÍCULO DA FRENTE;COLISÃO TRASEIRA;NUBLADO;SIMPLES;RETA;NÃO;0
RJ;BR-101;CAMPOS DOS GOYTACAZES;12;4;TERÇA-FEIRA;1;0;17;15H-17H;TARDE;PLENO DIA;ULTRAPASSAGEM INDEVIDA;COLISÃO TRANSVERSAL;CÉU CLARO;SIMPLES;RETA;SIM;0
SC;BR-101;LAGUNA;12;4;TERÇA-FEIRA;1;0;14;12H-14H;TARDE;PLENO DIA;REAÇÃO TARDIA OU INEFICIENTE DO CONDUTOR;COLISÃO COM OBJETO;SOL;DUPLA;RETA;NÃO;0
PR;BR-272;JANIOPOLIS;12;4;TERÇA-FEIRA;1;0;17;15H-17H;TARDE;PLENO DIA;ACESSAR A VIA SEM OBSERVAR A PRESENÇA DOS OUTROS VEÍCULOS;COLISÃO TRANSVERSAL;CÉU CLARO;SIMPLES;"RETORNO REGULAMENTADO;ROTATÓRIA;INTERSEÇÃO DE VIAS";NÃO;1
ES;BR-101;LINHARES;12;4;TERÇA-FEIRA;1;0;18;18H-20H;NOITE;PLENO DIA;REAÇÃO TARDIA OU INEFICIENTE DO CONDUTOR;COLISÃO TRASEIRA;CÉU CLARO;DUPLA;RETA;NÃO;0
BA;BR-367;EUNAPOLIS;12;4;TERÇA-FEIRA;1;0;15;15H-17H;TARDE;PLENO DIA;REAÇÃO TARDIA OU INEFICIENTE DO CONDUTOR;ENGAVETAMENTO;SOL;SIMPLES;RETA;NÃO;0
BA;BR-110;ALAGOINHAS;12;4;TERÇA-FEIRA;1;0;17;15H-17H;TARDE;PLENA NOITE;REAÇÃO TARDIA OU INEFICIENTE DO CONDUTOR;SAÍDA DE LEITO CARROÇÁVEL;CÉU CLARO;SIMPLES;"RETORNO REGULAMENTADO;RETA";NÃO;0
SC;BR-282;FLORIANOPOLIS;12;4;TERÇA-FEIRA;1;0;18;18H-20H;NOITE;PLENO DIA;CONDUTOR DEIXOU DE MANTER DISTÂNCIA DO VEÍCULO DA FRENTE;COLISÃO TRASEIRA;CÉU CLARO;MÚLTIPLA;RETA;SIM;0
PR;BR-163;CASCAVEL;12;4;TERÇA-FEIRA;1;0;13;12H-14H;TARDE;PLENO DIA;AUSÊNCIA DE REAÇÃO DO CONDUTOR;SAÍDA DE LEITO CARROÇÁVEL;SOL;DUPLA;RETA;NÃO;0
ES;BR-101;JOAO NEIVA;12;4;TERÇA-FEIRA;1;0;18;18H-20H;NOITE;PLENA NOITE;ACESSAR A VIA SEM OBSERVAR A PRESENÇA DOS OUTROS VEÍCULOS;COLISÃO TRANSVERSAL;NUBLADO;SIMPLES;RETA;SIM;0
RJ;BR-101;ANGRA DOS REIS;12;4;TERÇA-FEIRA;1;0;17;15H-17H;TARDE;PLENO DIA;ACESSAR A VIA SEM OBSERVAR A PRESENÇA DOS OUTROS VEÍCULOS;COLISÃO TRASEIRA;CÉU CLARO;SIMPLES;"RETA;INTERSEÇÃO DE VIAS";SIM;0
ES;BR-101;ANCHIETA;12;4;TERÇA-FEIRA;1;0;16;15H-17H;TARDE;ANOITECER;CONDUTOR DORMINDO;SAÍDA DE LEITO CARROÇÁVEL;CÉU CLARO;SIMPLES;RETA;NÃO;0
PE;BR-101;RECIFE;12;4;TERÇA-FEIRA;1;0;18;18H-20H;NOITE;PLENA NOITE;ACESSAR A VIA SEM OBSERVAR A PRESENÇA DOS OUTROS VEÍCULOS;COLISÃO TRANSVERSAL;NUBLADO;DUPLA;RETORNO REGULAMENTADO;SIM;0
RJ;BR-101;SAO GONCALO;12;4;TERÇA-FEIRA;1;0;18;18H-20H;NOITE;ANOITECER;ANIMAIS NA PISTA;COLISÃO LATERAL MESMO SENTIDO;CÉU CLARO;SIMPLES;RETA;SIM;0
PB;BR-230;JOAO PESSOA;12;4;QUARTA-FEIRA;2;0;17;15H-17H;TARDE;PLENA NOITE;CONDUTOR DEIXOU DE MANTER DISTÂNCIA DO VEÍCULO DA FRENTE;COLISÃO LATERAL MESMO SENTIDO;CÉU CLARO;DUPLA;RETA;SIM;0
SC;BR-101;BIGUACU;12;4;TERÇA-FEIRA;1;0;18;18H-20H;NOITE;ANOITECER;CONDUTOR DEIXOU DE MANTER DISTÂNCIA DO VEÍCULO DA FRENTE;COLISÃO TRASEIRA;CÉU CLARO;DUPLA;RETA;SIM;0
GO;BR-050;CATALAO;12;4;TERÇA-FEIRA;1;0;17;15H-17H;TARDE;PLENO DIA;INGESTÃO DE ÁLCOOL PELO CONDUTOR;SAÍDA DE LEITO CARROÇÁVEL;SOL;DUPLA;RETA;SIM;0
RJ;BR-101;SAO GONCALO;12;4;TERÇA-FEIRA;1;0;17;15H-17H;TARDE;PLENO DIA;ACESSO IRREGULAR;ATROPELAMENTO DE PEDESTRE;CÉU CLARO;DUPLA;RETA;SIM;0
ES;BR-101;ICONHA;12;4;TERÇA-FEIRA;1;0;18;18H-20H;NOITE;ANOITECER;ACESSAR A VIA SEM OBSERVAR A PRESENÇA DOS OUTROS VEÍCULOS;COLISÃO TRANSVERSAL;CÉU CLARO;SIMPLES;RETA;NÃO;0
SP;BR-116;SAO JOSE DOS CAMPOS;12;4;TERÇA-FEIRA;1;0;19;18H-20H;NOITE;PLENA NOITE;REAÇÃO TARDIA OU INEFICIENTE DO CONDUTOR;TOMBAMENTO;CÉU CLARO;DUPLA;RETA;NÃO;0
MG;BR-116;MANHUACU;12;4;TERÇA-FEIRA;1;0;13;12H-14H;TARDE;PLENO DIA;AUSÊNCIA DE REAÇÃO DO CONDUTOR;SAÍDA DE LEITO CARROÇÁVEL;CÉU CLARO;SIMPLES;"ACLIVE;RETA";NÃO;0
RJ;BR-040;AREAL;12;4;TERÇA-FEIRA;1;0;18;18H-20H;NOITE;PLENA NOITE;CONDUTOR DEIXOU DE MANTER DISTÂNCIA DO VEÍCULO DA FRENTE;COLISÃO TRASEIRA;CÉU CLARO;DUPLA;RETA;NÃO;0
PE;BR-101;ABREU E LIMA;12;4;TERÇA-FEIRA;1;0;19;18H-20H;NOITE;PLENA NOITE;PEDESTRE CRUZAVA A PISTA FORA DA FAIXA;ATROPELAMENTO DE PEDESTRE;CÉU CLARO;MÚLTIPLA;RETA;SIM;0
PI;BR-343;PIRIPIRI;12;4;TERÇA-FEIRA;1;0;18;18H-20H;NOITE;PLENA NOITE;INGESTÃO DE ÁLCOOL PELO CONDUTOR;COLISÃO TRASEIRA;CÉU CLARO;SIMPLES;RETA;NÃO;1
TO;BR-010;PALMAS;12;4;TERÇA-FEIRA;1;0;18;18H-20H;NOITE;PLENA NOITE;TRANSITAR NA CONTRAMÃO;COLISÃO FRONTAL;NUBLADO;SIMPLES;"RETA;PONTE";NÃO;0
BA;BR-101;FEIRA DE SANTANA;12;4;TERÇA-FEIRA;1;0;20;18H-20H;NOITE;PLENA NOITE;ANIMAIS NA PISTA;ATROPELAMENTO DE ANIMAL;CÉU CLARO;SIMPLES;"RETA;ACLIVE";NÃO;0
SC;BR-101;ITAPEMA;12;4;TERÇA-FEIRA;1;0;19;18H-20H;NOITE;PLENA NOITE;CONDUTOR DEIXOU DE MANTER DISTÂNCIA DO VEÍCULO DA FRENTE;COLISÃO TRASEIRA;NUBLADO;DUPLA;RETA;SIM;0
ES;BR-101;SERRA;12;4;TERÇA-FEIRA;1;0;20;18H-20H;NOITE;PLENA NOITE;ACESSO IRREGULAR;COLISÃO TRANSVERSAL;NUBLADO;MÚLTIPLA;RETA;SIM;0
BA;BR-330;IPIAU;12;4;TERÇA-FEIRA;1;0;20;18H-20H;NOITE;PLENA NOITE;INGESTÃO DE SUBSTÂNCIAS PSICOATIVAS PELO CONDUTOR;SAÍDA DE LEITO CARROÇÁVEL;NUBLADO;SIMPLES;RETA;NÃO;1
RN;BR-101;NATAL;12;4;TERÇA-FEIRA;1;0;20;18H-20H;NOITE;PLENA NOITE;ULTRAPASSAGEM INDEVIDA;COLISÃO TRANSVERSAL;CÉU CLARO;MÚLTIPLA;RETA;SIM;0
RJ;BR-101;SAO GONCALO;12;4;TERÇA-FEIRA;1;0;17;15H-17H;TARDE;ANOITECER;TRAFEGAR COM MOTOCICLETA (OU SIMILAR) ENTRE AS FAIXAS;COLISÃO TRASEIRA;CÉU CLARO;DUPLA;RETA;SIM;1
MG;BR-116;TARUMIRIM;12;4;TERÇA-FEIRA;1;0;9;09H-11H;MANHA;PLENO DIA;AUSÊNCIA DE REAÇÃO DO CONDUTOR;SAÍDA DE LEITO CARROÇÁVEL;SOL;SIMPLES;RETA;NÃO;0
SC;BR-101;BIGUACU;12;4;TERÇA-FEIRA;1;0;20;18H-20H;NOITE;PLENA NOITE;VELOCIDADE INCOMPATÍVEL;TOMBAMENTO;CHUVA;DUPLA;CURVA;NÃO;0
GO;BR-414;ANAPOLIS;12;4;TERÇA-FEIRA;1;0;20;18H-20H;NOITE;PLENA NOITE;ENTRADA INOPINADA DO PEDESTRE;ATROPELAMENTO DE PEDESTRE;IGNORADO;SIMPLES;"DECLIVE;RETA";SIM;0
MG;BR-050;UBERLANDIA;12;4;TERÇA-FEIRA;1;0;15;15H-17H;TARDE;PLENO DIA;REAÇÃO TARDIA OU INEFICIENTE DO CONDUTOR;TOMBAMENTO;CÉU CLARO;DUPLA;RETA;SIM;0
GO;BR-364;JATAI;12;4;TERÇA-FEIRA;1;0;18;18H-20H;NOITE;ANOITECER;AUSÊNCIA DE REAÇÃO DO CONDUTOR;SAÍDA DE LEITO CARROÇÁVEL;CÉU CLARO;SIMPLES;RETA;NÃO;1
GO;BR-452;SANTA HELENA DE GOIAS;12;4;TERÇA-FEIRA;1;0;17;15H-17H;TARDE;PLENO DIA;ACESSAR A VIA SEM OBSERVAR A PRESENÇA DOS OUTROS VEÍCULOS;COLISÃO TRANSVERSAL;CÉU CLARO;SIMPLES;"RETA;INTERSEÇÃO DE VIAS";NÃO;0
RN;BR-101;CAMPO REDONDO;12;4;TERÇA-FEIRA;1;0;17;15H-17H;TARDE;PLENO DIA;ACESSAR A VIA SEM OBSERVAR A PRESENÇA DOS OUTROS VEÍCULOS;COLISÃO TRANSVERSAL;CÉU CLARO;SIMPLES;"RETA;EM OBRAS;INTERSEÇÃO DE VIAS";NÃO;0
RN;BR-101;PARNAMIRIM;12;4;TERÇA-FEIRA;1;0;11;09H-11H;MANHA;PLENO DIA;MANOBRA DE MUDANÇA DE FAIXA;COLISÃO LATERAL MESMO SENTIDO;CÉU CLARO;DUPLA;VIADUTO;SIM;0
RJ;BR-116;NOVA IGUACU;12;4;TERÇA-FEIRA;1;0;21;21H-23H;NOITE;PLENA NOITE;REAÇÃO TARDIA OU INEFICIENTE DO CONDUTOR;QUEDA DE OCUPANTE DE VEÍCULO;CÉU CLARO;DUPLA;RETA;SIM;0
RJ;BR-493;SEROPEDICA;12;4;TERÇA-FEIRA;1;0;17;15H-17H;TARDE;ANOITECER;AUSÊNCIA DE REAÇÃO DO CONDUTOR;COLISÃO LATERAL MESMO SENTIDO;CÉU CLARO;DUPLA;RETA;NÃO;0
MG;BR-381;BETIM;12;4;TERÇA-FEIRA;1;0;20;18H-20H;NOITE;PLENA NOITE;AUSÊNCIA DE REAÇÃO DO CONDUTOR;COLISÃO COM OBJETO;CÉU CLARO;DUPLA;RETA;SIM;1
SC;BR-101;SANTA ROSA DO SUL;12;4;TERÇA-FEIRA;1;0;14;12H-14H;TARDE;PLENO DIA;TRANSITAR NA CONTRAMÃO;COLISÃO LATERAL SENTIDO OPOSTO;NUBLADO;DUPLA;RETA;SIM;0
PR;BR-376;ALTO PARANA;12;4;TERÇA-FEIRA;1;0;20;18H-20H;NOITE;PLENA NOITE;REAÇÃO TARDIA OU INEFICIENTE DO CONDUTOR;COLISÃO LATERAL MESMO SENTIDO;CÉU CLARO;DUPLA;"RETA;DECLIVE";NÃO;0
RS;BR-116;PORTO ALEGRE;12;4;TERÇA-FEIRA;1;0;21;21H-23H;NOITE;PLENA NOITE;AVARIAS E/OU DESGASTE EXCESSIVO NO PNEU;TOMBAMENTO;CÉU CLARO;MÚLTIPLA;RETA;NÃO;0
MS;BR-163;MUNDO NOVO;12;4;TERÇA-FEIRA;1;0;19;18H-20H;NOITE;PLENA NOITE;AUSÊNCIA DE REAÇÃO DO CONDUTOR;COLISÃO TRASEIRA;CÉU CLARO;SIMPLES;RETA;NÃO;0
PR;BR-376;MARIALVA;12;4;TERÇA-FEIRA;1;0;21;21H-23H;NOITE;PLENA NOITE;AUSÊNCIA DE REAÇÃO DO CONDUTOR;SAÍDA DE LEITO CARROÇÁVEL;NUBLADO;DUPLA;RETA;SIM;0
RJ;BR-493;GUAPIMIRIM;12;4;TERÇA-FEIRA;1;0;20;18H-20H;NOITE;PLENA NOITE;ULTRAPASSAGEM INDEVIDA;COLISÃO LATERAL MESMO SENTIDO;CÉU CLARO;SIMPLES;"DESVIO TEMPORÁRIO;INTERSEÇÃO DE VIAS;CURVA";SIM;1
SC;BR-101;GARUVA;12;4;TERÇA-FEIRA;1;0;20;18H-20H;NOITE;PLENA NOITE;INGESTÃO DE ÁLCOOL PELO CONDUTOR;QUEDA DE OCUPANTE DE VEÍCULO;CÉU CLARO;DUPLA;RETA;NÃO;0
SE;BR-101;CRISTINAPOLIS;12;4;TERÇA-FEIRA;1;0;21;21H-23H;NOITE;PLENA NOITE;ACESSAR A VIA SEM OBSERVAR A PRESENÇA DOS OUTROS VEÍCULOS;COLISÃO TRANSVERSAL;CÉU CLARO;SIMPLES;CURVA;NÃO;1
PR;BR-277;CURITIBA;12;4;TERÇA-FEIRA;1;0;21;21H-23H;NOITE;PLENA NOITE;REAÇÃO TARDIA OU INEFICIENTE DO CONDUTOR;COLISÃO LATERAL MESMO SENTIDO;CÉU CLARO;DUPLA;CURVA;SIM;0
SC;BR-101;BIGUACU;12;4;TERÇA-FEIRA;1;0;22;21H-23H;NOITE;PLENA NOITE;MANOBRA DE MUDANÇA DE FAIXA;QUEDA DE OCUPANTE DE VEÍCULO;GAROA/CHUVISCO;MÚLTIPLA;RETA;SIM;0
SP;BR-116;GUARULHOS;12;4;TERÇA-FEIRA;1;0;22;21H-23H;NOITE;PLENA NOITE;MANOBRA DE MUDANÇA DE FAIXA;COLISÃO LATERAL MESMO SENTIDO;NUBLADO;DUPLA;RETA;NÃO;0
SP;BR-116;EMBU DAS ARTES;12;4;TERÇA-FEIRA;1;0;14;12H-14H;TARDE;PLENO DIA;AUSÊNCIA DE REAÇÃO DO CONDUTOR;COLISÃO TRASEIRA;CÉU CLARO;DUPLA;RETA;SIM;0
SC;BR-101;BIGUACU;12;4;TERÇA-FEIRA;1;0;21;21H-23H;NOITE;PLENA NOITE;AUSÊNCIA DE REAÇÃO DO CONDUTOR;SAÍDA DE LEITO CARROÇÁVEL;CHUVA;DUPLA;CURVA;SIM;0
PE;BR-232;PESQUEIRA;12;4;TERÇA-FEIRA;1;0;20;18H-20H;NOITE;PLENA NOITE;AVARIAS E/OU DESGASTE EXCESSIVO NO PNEU;CAPOTAMENTO;CÉU CLARO;SIMPLES;RETA;NÃO;0
MS;BR-163;RIO VERDE DE MATO GROSSO;12;4;SEGUNDA-FEIRA;0;0;23;21H-23H;NOITE;PLENA NOITE;DEMAIS FALHAS MECÂNICAS OU ELÉTRICAS;QUEDA DE OCUPANTE DE VEÍCULO;NUBLADO;SIMPLES;RETA;NÃO;0
PE;BR-101;RECIFE;12;4;TERÇA-FEIRA;1;0;22;21H-23H;NOITE;PLENA NOITE;MANOBRA DE MUDANÇA DE FAIXA;COLISÃO TRANSVERSAL;NUBLADO;DUPLA;RETA;NÃO;0
MA;BR-226;TIMON;12;4;TERÇA-FEIRA;1;0;20;18H-20H;NOITE;PLENA NOITE;TRANSITAR NA CONTRAMÃO;COLISÃO FRONTAL;GAROA/CHUVISCO;DUPLA;RETA;SIM;0
CE;BR-122;CHOROZINHO;12;4;TERÇA-FEIRA;1;0;21;21H-23H;NOITE;PLENA NOITE;ANIMAIS NA PISTA;ATROPELAMENTO DE ANIMAL;CÉU CLARO;DUPLA;RETA;NÃO;0
PI;BR-343;TERESINA;12;4;TERÇA-FEIRA;1;0;22;21H-23H;NOITE;PLENA NOITE;CONDUTOR DESRESPEITOU A ILUMINAÇÃO VERMELHA DO SEMÁFORO;COLISÃO TRANSVERSAL;CÉU CLARO;MÚLTIPLA;INTERSEÇÃO DE VIAS;SIM;0
GO;BR-060;ABADIANIA;12;4;TERÇA-FEIRA;1;0;23;21H-23H;NOITE;PLENA NOITE;PEDESTRE ANDAVA NA PISTA;ATROPELAMENTO DE PEDESTRE;CÉU CLARO;DUPLA;RETA;NÃO;1
MS;BR-163;SAO GABRIEL DO OESTE;12;4;TERÇA-FEIRA;1;0;21;21H-23H;NOITE;PLENA NOITE;AUSÊNCIA DE REAÇÃO DO CONDUTOR;COLISÃO COM OBJETO;NUBLADO;SIMPLES;"INTERSEÇÃO DE VIAS;RETA";NÃO;0
PR;BR-277;GUARAPUAVA;12;4;QUARTA-FEIRA;2;0;0;00H-02H;MADRUGADA;PLENA NOITE;CONDUTOR DEIXOU DE MANTER DISTÂNCIA DO VEÍCULO DA FRENTE;COLISÃO TRASEIRA;CÉU CLARO;SIMPLES;"VIADUTO;RETA";NÃO;0
SC;BR-282;ALFREDO WAGNER;12;4;TERÇA-FEIRA;1;0;22;21H-23H;NOITE;PLENA NOITE;VELOCIDADE INCOMPATÍVEL;SAÍDA DE LEITO CARROÇÁVEL;GAROA/CHUVISCO;SIMPLES;CURVA;SIM;0
MG;BR-050;DELTA;12;4;QUARTA-FEIRA;2;0;0;00H-02H;MADRUGADA;PLENA NOITE;VELOCIDADE INCOMPATÍVEL;CAPOTAMENTO;CÉU CLARO;SIMPLES;VIADUTO;NÃO;0
PB;BR-104;QUEIMADAS;12;4;TERÇA-FEIRA;1;0;23;21H-23H;NOITE;PLENA NOITE;DESRESPEITAR A PREFERÊNCIA NO CRUZAMENTO;COLISÃO TRANSVERSAL;CÉU CLARO;SIMPLES;"INTERSEÇÃO DE VIAS;RETA";SIM;0
PR;BR-369;ANDIRA;12;4;TERÇA-FEIRA;1;0;22;21H-23H;NOITE;PLENA NOITE;TRANSITAR NO ACOSTAMENTO;COLISÃO COM OBJETO;CÉU CLARO;SIMPLES;RETA;NÃO;0
SP;BR-116;SAO JOSE DOS CAMPOS;12;4;QUARTA-FEIRA;2;0;1;00H-02H;MADRUGADA;PLENA NOITE;REAÇÃO TARDIA OU INEFICIENTE DO CONDUTOR;ATROPELAMENTO DE PEDESTRE;CÉU CLARO;DUPLA;RETA;SIM;0
RO;BR-364;JI-PARANA;12;4;TERÇA-FEIRA;1;0;12;12H-14H;TARDE;PLENO DIA;ACESSAR A VIA SEM OBSERVAR A PRESENÇA DOS OUTROS VEÍCULOS;COLISÃO LATERAL MESMO SENTIDO;CÉU CLARO;SIMPLES;RETA;SIM;0
SC;BR-280;JARAGUA DO SUL;12;4;QUARTA-FEIRA;2;0;0;00H-02H;MADRUGADA;PLENA NOITE;INGESTÃO DE ÁLCOOL PELO CONDUTOR;COLISÃO FRONTAL;GAROA/CHUVISCO;SIMPLES;RETA;SIM;0
SC;BR-470;BLUMENAU;12;4;QUARTA-FEIRA;2;0;2;00H-02H;MADRUGADA;PLENA NOITE;INGESTÃO DE ÁLCOOL PELO CONDUTOR;COLISÃO TRASEIRA;CÉU CLARO;SIMPLES;RETA;SIM;0
PR;BR-376;GUARATUBA;12;4;QUARTA-FEIRA;2;0;1;00H-02H;MADRUGADA;PLENA NOITE;INGESTÃO DE ÁLCOOL PELO CONDUTOR;SAÍDA DE LEITO CARROÇÁVEL;CÉU CLARO;DUPLA;"CURVA;ACLIVE";NÃO;0
GO;BR-153;APARECIDA DE GOIANIA;12;4;QUARTA-FEIRA;2;0;2;00H-02H;MADRUGADA;PLENA NOITE;AUSÊNCIA DE REAÇÃO DO CONDUTOR;SAÍDA DE LEITO CARROÇÁVEL;NUBLADO;DUPLA;RETA;SIM;0
SC;BR-101;JOINVILLE;12;4;QUARTA-FEIRA;2;0;2;00H-02H;MADRUGADA;PLENA NOITE;AUSÊNCIA DE REAÇÃO DO CONDUTOR;SAÍDA DE LEITO CARROÇÁVEL;CÉU CLARO;SIMPLES;CURVA;SIM;0
PR;BR-376;SAO JOSE DOS PINHAIS;12;4;QUARTA-FEIRA;2;0;2;00H-02H;MADRUGADA;PLENA NOITE;REAÇÃO TARDIA OU INEFICIENTE DO CONDUTOR;COLISÃO TRASEIRA;CÉU CLARO;DUPLA;RETA;SIM;0
CE;BR-116;RUSSAS;12;4;QUARTA-FEIRA;2;0;3;03H-05H;MADRUGADA;PLENO DIA;ANIMAIS NA PISTA;ATROPELAMENTO DE ANIMAL;CÉU CLARO;SIMPLES;RETA;NÃO;0
SP;BR-116;MIRACATU;12;4;QUARTA-FEIRA;2;0;4;03H-05H;MADRUGADA;PLENA NOITE;DEMAIS FALHAS MECÂNICAS OU ELÉTRICAS;INCÊNDIO;CÉU CLARO;DUPLA;RETA;NÃO;0
CE;BR-230;LAVRAS DA MANGABEIRA;12;4;QUARTA-FEIRA;2;0;3;03H-05H;MADRUGADA;PLENA NOITE;REAÇÃO TARDIA OU INEFICIENTE DO CONDUTOR;COLISÃO COM OBJETO;NUBLADO;SIMPLES;"PONTE;DECLIVE;RETA";NÃO;1