uf;br_formatada;municipio;mes;trimestre;dia_semana;dia_semana_num;fim_de_semana;hora;faixa_horaria;turno;fase_dia;causa_acidente;tipo_acidente;condicao_metereologica;tipo_pista;tracado_via;uso_solo;acidente_fatal
RS;BR-293;CERRITO;12;4;QUARTA-FEIRA;2;0;22;21H-23H;NOITE;PLENA NOITE;REAÇÃO TARDIA OU INEFICIENTE DO CONDUTOR;SAÍDA DE LEITO CARROÇÁVEL;IGNORADO;SIMPLES;RETA;NÃO;0
SC;BR-101;ITAJAI;12;4;QUINTA-FEIRA;3;0;9;09H-11H;MANHA;PLENO DIA;VELOCIDADE INCOMPATÍVEL;SAÍDA DE LEITO CARROÇÁVEL;CÉU CLARO;MÚLTIPLA;"DECLIVE;ROTATÓRIA;CURVA";SIM;0
BA;BR-101;PRADO;12;4;QUINTA-FEIRA;3;0;10;09H-11H;MANHA;PLENO DIA;ULTRAPASSAGEM INDEVIDA;COLISÃO FRONTAL;CÉU CLARO;SIMPLES;"DECLIVE;CURVA";NÃO;1
SC;BR-116;SANTA CECILIA;12;4;QUINTA-FEIRA;3;0;7;06H-08H;MANHA;PLENO DIA;ACESSO IRREGULAR;COLISÃO TRASEIRA;CÉU CLARO;SIMPLES;RETA;NÃO;0
RS;BR-386;ESTRELA;12;4;QUINTA-FEIRA;3;0;10;09H-11H;MANHA;PLENO DIA;ACUMULO DE ÁGUA SOBRE O PAVIMENTO;CAPOTAMENTO;CHUVA;DUPLA;"CURVA;ACLIVE";SIM;0
ES;BR-101;GUARAPARI;12;4;QUINTA-FEIRA;3;0;10;09H-11H;MANHA;PLENO DIA;AVARIAS E/OU DESGASTE EXCESSIVO NO PNEU;TOMBAMENTO;CÉU CLARO;DUPLA;CURVA;NÃO;0
PI;BR-135;BOM JESUS;12;4;QUINTA-FEIRA;3;0;8;06H-08H;MANHA;PLENO DIA;AUSÊNCIA DE REAÇÃO DO CONDUTOR;COLISÃO TRASEIRA;CÉU CLARO;SIMPLES;RETA;NÃO;0
BA;BR-110;INHAMBUPE;12;4;QUINTA-FEIRA;3;0;10;09H-11H;MANHA;PLENO DIA;ACESSAR A VIA SEM OBSERVAR A PRESENÇA DOS OUTROS VEÍCULOS;COLISÃO LATERAL MESMO SENTIDO;CÉU CLARO;SIMPLES;RETA;NÃO;0
GO;BR-040;LUZIANIA;12;4;QUINTA-FEIRA;3;0;11;09H-11H;MANHA;PLENO DIA;ULTRAPASSAGEM INDEVIDA;COLISÃO TRASEIRA;CÉU CLARO;SIMPLES;"ACLIVE;CURVA";NÃO;0
CE;BR-116;ITAITINGA;12;4;QUINTA-FEIRA;3;0;11;09H-11H;MANHA;PLENO DIA;REAÇÃO TARDIA OU INEFICIENTE DO CONDUTOR;COLISÃO TRASEIRA;CÉU CLARO;DUPLA;RETA;SIM;0
ES;BR-101;LINHARES;12;4;QUINTA-FEIRA;3;0;12;12H-14H;TARDE;PLENO DIA;INGESTÃO DE ÁLCOOL PELO CONDUTOR;COLISÃO LATERAL MESMO SENTIDO;CÉU CLARO;DUPLA;RETA;SIM;0
PE;BR-101;RECIFE;12;4;QUINTA-FEIRA;3;0;11;09H-11H;MANHA;PLENO DIA;ACESSAR A VIA SEM OBSERVAR A PRESENÇA DOS OUTROS VEÍCULOS;COLISÃO TRANSVERSAL;CÉU CLARO;DUPLA;RETORNO REGULAMENTADO;SIM;0
ES;BR-101;SERRA;12;4;QUINTA-FEIRA;3;0;12;12H-14H;TARDE;PLENO DIA;AUSÊNCIA DE REAÇÃO DO CONDUTOR;COLISÃO TRASEIRA;SOL;DUPLA;RETA;SIM;0
PI;BR-343;FLORIANO;12;4;QUINTA-FEIRA;3;0;10;09H-11H;MANHA;PLENO DIA;AUSÊNCIA DE REAÇÃO DO CONDUTOR;TOMBAMENTO;CÉU CLARO;SIMPLES;INTERSEÇÃO DE VIAS;NÃO;0
RS;BR-116;PELOTAS;12;4;QUINTA-FEIRA;3;0;11;09H-11H;MANHA;PLENO DIA;INGESTÃO DE ÁLCOOL PELO CONDUTOR;COLISÃO COM OBJETO;NUBLADO;SIMPLES;RETA;NÃO;0
SC;BR-282;XANXERE;12;4;QUINTA-FEIRA;3;0;3;03H-05H;MADRUGADA;PLENA NOITE;VELOCIDADE INCOMPATÍVEL;CAPOTAMENTO;NUBLADO;DUPLA;CURVA;SIM;0
MG;BR-116;MEDINA;12;4;QUINTA-FEIRA;3;0;4;03H-05H;MADRUGADA;PLENA NOITE;TRANSITAR NA CONTRAMÃO;COLISÃO FRONTAL;CÉU CLARO;SIMPLES;CURVA;NÃO;1
BA;BR-242;IPIRA;12;4;QUINTA-FEIRA;3;0;12;12H-14H;TARDE;PLENO DIA;ACESSAR A VIA SEM OBSERVAR A PRESENÇA DOS OUTROS VEÍCULOS;COLISÃO TRANSVERSAL;CÉU CLARO;SIMPLES;RETA;NÃO;0
SC;BR-282;PALHOCA;12;4;QUINTA-FEIRA;3;0;10;09H-11H;MANHA;PLENO DIA;MANOBRA DE MUDANÇA DE FAIXA;COLISÃO FRONTAL;SOL;SIMPLES;RETA;SIM;0
ES;BR-262;DOMINGOS MARTINS;12;4;QUINTA-FEIRA;3;0;12;12H-14H;TARDE;PLENO DIA;REAÇÃO TARDIA OU INEFICIENTE DO CONDUTOR;QUEDA DE OCUPANTE DE VEÍCULO;CÉU CLARO;SIMPLES;CURVA;NÃO;0
SC;BR-101;JOINVILLE;12;4;QUINTA-FEIRA;3;0;13;12H-14H;TARDE;PLENO DIA;DEMAIS FALHAS MECÂNICAS OU ELÉTRICAS;INCÊNDIO;CÉU CLARO;DUPLA;RETA;NÃO;0
MT;BR-163;RONDONOPOLIS;12;4;QUINTA-FEIRA;3;0;11;09H-11H;MANHA;PLENO DIA;REAÇÃO TARDIA OU INEFICIENTE DO CONDUTOR;SAÍDA DE LEITO CARROÇÁVEL;CÉU CLARO;DUPLA;RETA;NÃO;0
PB;BR-101;CONDE;12;4;QUINTA-FEIRA;3;0;13;12H-14H;TARDE;PLENO DIA;REAÇÃO TARDIA OU INEFICIENTE DO CONDUTOR;QUEDA DE OCUPANTE DE VEÍCULO;CÉU CLARO;DUPLA;RETA;SIM;0
ES;BR-101;LINHARES;12;4;QUINTA-FEIRA;3;0;14;12H-14H;TARDE;PLENO DIA;AVARIAS E/OU DESGASTE EXCESSIVO NO PNEU;TOMBAMENTO;SOL;SIMPLES;RETA;NÃO;0
PA;BR-230;ITAITUBA;12;4;QUINTA-FEIRA;3;0;7;06H-08H;MANHA;PLENO DIA;INGESTÃO DE ÁLCOOL PELO CONDUTOR;SAÍDA DE LEITO CARROÇÁVEL;NUBLADO;SIMPLES;CURVA;NÃO;0
SC;BR-280;GUARAMIRIM;12;4;QUINTA-FEIRA;3;0;14;12H-14H;TARDE;PLENO DIA;AUSÊNCIA DE REAÇÃO DO CONDUTOR;SAÍDA DE LEITO CARROÇÁVEL;CÉU CLARO;MÚLTIPLA;ROTATÓRIA;NÃO;0
RJ;BR-101;MACAE;12;4;QUINTA-FEIRA;3;0;15;15H-17H;TARDE;PLENO DIA;TRANSITAR NA CONTRAMÃO;SAÍDA DE LEITO CARROÇÁVEL;CÉU CLARO;SIMPLES;RETA;NÃO;0
PR;BR-116;SAO JOSE DOS PINHAIS;12;4;QUINTA-FEIRA;3;0;14;12H-14H;TARDE;PLENO DIA;AUSÊNCIA DE REAÇÃO DO CONDUTOR;SAÍDA DE LEITO CARROÇÁVEL;SOL;DUPLA;"DECLIVE;RETA";NÃO;0
MG;BR-381;CAREACU;12;4;QUINTA-FEIRA;3;0;12;12H-14H;TARDE;PLENO DIA;VELOCIDADE INCOMPATÍVEL;QUEDA DE OCUPANTE DE VEÍCULO;CÉU CLARO;DUPLA;CURVA;NÃO;0
ES;BR-259;COLATINA;12;4;QUINTA-FEIRA;3;0;15;15H-17H;TARDE;PLENO DIA;CONDUTOR DEIXOU DE MANTER DISTÂNCIA DO VEÍCULO DA FRENTE;COLISÃO TRASEIRA;SOL;SIMPLES;RETA;NÃO;0
RS;BR-472;URUGUAIANA;12;4;QUINTA-FEIRA;3;0;16;15H-17H;TARDE;PLENO DIA;CONVERSÃO PROIBIDA;COLISÃO FRONTAL;NUBLADO;SIMPLES;"ROTATÓRIA;INTERSEÇÃO DE VIAS;RETA";SIM;0
PB;BR-101;BAYEUX;12;4;QUINTA-FEIRA;3;0;15;15H-17H;TARDE;PLENO DIA;AUSÊNCIA DE REAÇÃO DO CONDUTOR;SAÍDA DE LEITO CARROÇÁVEL;SOL;DUPLA;RETA;SIM;0
RJ;BR-101;RIO DE JANEIRO;12;4;QUINTA-FEIRA;3;0;15;15H-17H;TARDE;PLENO DIA;REAÇÃO TARDIA OU INEFICIENTE DO CONDUTOR;COLISÃO COM OBJETO;CÉU CLARO;DUPLA;RETA;SIM;0
ES;BR-101;ARACRUZ;12;4;QUINTA-FEIRA;3;0;16;15H-17H;TARDE;PLENO DIA;MANOBRA DE MUDANÇA DE FAIXA;COLISÃO COM OBJETO;CÉU CLARO;DUPLA;ACLIVE;NÃO;0
MG;BR-381;BETIM;12;4;QUINTA-FEIRA;3;0;15;15H-17H;TARDE;PLENO DIA;DEMAIS FALHAS MECÂNICAS OU ELÉTRICAS;INCÊNDIO;CÉU CLARO;DUPLA;"CURVA;ACLIVE";NÃO;0
PB;BR-101;JOAO PESSOA;12;4;QUINTA-FEIRA;3;0;16;15H-17H;TARDE;PLENO DIA;REAÇÃO TARDIA OU INEFICIENTE DO CONDUTOR;TOMBAMENTO;CÉU CLARO;DUPLA;CURVA;SIM;0
PR;BR-153;VENTANIA;12;4;QUINTA-FEIRA;3;0;13;12H-14H;TARDE;PLENO DIA;CONDUTOR DORMINDO;TOMBAMENTO;CÉU CLARO;SIMPLES;CURVA;NÃO;0
SP;BR-116;SAO JOSE DOS CAMPOS;12;4;QUINTA-FEIRA;3;0;12;12H-14H;TARDE;PLENO DIA;REAÇÃO TARDIA OU INEFICIENTE DO CONDUTOR;TOMBAMENTO;SOL;MÚLTIPLA;RETA;SIM;0
SE;BR-101;MARUIM;12;4;QUINTA-FEIRA;3;0;16;15H-17H;TARDE;PLENO DIA;VELOCIDADE INCOMPATÍVEL;QUEDA DE OCUPANTE DE VEÍCULO;CÉU CLARO;DUPLA;RETA;NÃO;0
PR;BR-376;CALIFORNIA;12;4;QUINTA-FEIRA;3;0;16;15H-17H;TARDE;PLENO DIA;MAL SÚBITO DO CONDUTOR;COLISÃO COM OBJETO;CÉU CLARO;DUPLA;"DECLIVE;RETA";NÃO;0
MS;BR-376;FATIMA DO SUL;12;4;QUINTA-FEIRA;3;0;15;15H-17H;TARDE;PLENO DIA;INGESTÃO DE ÁLCOOL PELO CONDUTOR;COLISÃO COM OBJETO;CÉU CLARO;SIMPLES;RETA;NÃO;0
RN;BR-304;MACAIBA;12;4;QUINTA-FEIRA;3;0;17;15H-17H;TARDE;ANOITECER;MANOBRA DE MUDANÇA DE FAIXA;COLISÃO LATERAL MESMO SENTIDO;CÉU CLARO;DUPLA;RETA;NÃO;0
RJ;BR-040;DUQUE DE CAXIAS;12;4;QUINTA-FEIRA;3;0;15;15H-17H;TARDE;PLENO DIA;ACESSAR A VIA SEM OBSERVAR A PRESENÇA DOS OUTROS VEÍCULOS;COLISÃO LATERAL MESMO SENTIDO;CÉU CLARO;DUPLA;RETA;SIM;0
RJ;BR-493;JAPERI;12;4;QUINTA-FEIRA;3;0;16;15H-17H;TARDE;PLENO DIA;AUSÊNCIA DE REAÇÃO DO CONDUTOR;QUEDA DE OCUPANTE DE VEÍCULO;CÉU CLARO;DUPLA;"RETA;RETORNO REGULAMENTADO";NÃO;0
MG;BR-262;NOVA SERRANA;12;4;QUINTA-FEIRA;3;0;13;12H-14H;TARDE;PLENO DIA;ULTRAPASSAGEM INDEVIDA;COLISÃO LATERAL MESMO SENTIDO;SOL;SIMPLES;RETA;NÃO;0
SC;BR-282;CUNHA PORA;12;4;QUINTA-FEIRA;3;0;15;15H-17H;TARDE;PLENO DIA;REAÇÃO TARDIA OU INEFICIENTE DO CONDUTOR;SAÍDA DE LEITO CARROÇÁVEL;CÉU CLARO;SIMPLES;CURVA;NÃO;0
SC;BR-470;ILHOTA;12;4;QUINTA-FEIRA;3;0;17;15H-17H;TARDE;PLENO DIA;AUSÊNCIA DE REAÇÃO DO CONDUTOR;QUEDA DE OCUPANTE DE VEÍCULO;CÉU CLARO;DUPLA;RETA;NÃO;0
MG;BR-262;MATIPO;12;4;QUINTA-FEIRA;3;0;16;15H-17H;TARDE;PLENO DIA;VELOCIDADE INCOMPATÍVEL;SAÍDA DE LEITO CARROÇÁVEL;CÉU CLARO;SIMPLES;CURVA;NÃO;0
PE;BR-232;GRAVATA;12;4;QUINTA-FEIRA;3;0;17;15H-17H;TARDE;PLENO DIA;MANOBRA DE MUDANÇA DE FAIXA;COLISÃO LATERAL MESMO SENTIDO;CÉU CLARO;DUPLA;"RETA;ACLIVE";NÃO;0
MG;BR-381;SAO GONCALO DO RIO ABAIXO;12;4;QUINTA-FEIRA;3;0;16;15H-17H;TARDE;PLENO DIA;REAÇÃO TARDIA OU INEFICIENTE DO CONDUTOR;QUEDA DE OCUPANTE DE VEÍCULO;CÉU CLARO;SIMPLES;RETA;NÃO;0
RS;BR-285;SALDANHA MARINHO;12;4;QUINTA-FEIRA;3;0;15;15H-17H;TARDE;PLENO DIA;VELOCIDADE INCOMPATÍVEL;SAÍDA DE LEITO CARROÇÁVEL;CHUVA;SIMPLES;RETA;NÃO;0
PR;BR-163;CAPITAO LEONIDAS MARQUES;12;4;QUINTA-FEIRA;3;0;16;15H-17H;TARDE;PLENO DIA;CHUVA;SAÍDA DE LEITO CARROÇÁVEL;CHUVA;DUPLA;CURVA;NÃO;0
MG;BR-365;ARAGUARI;12;4;QUINTA-FEIRA;3;0;17;15H-17H;TARDE;PLENO DIA;CONDUTOR DORMINDO;COLISÃO COM OBJETO;CÉU CLARO;SIMPLES;"ACLIVE;RETA";NÃO;0
MG;BR-381;LAVRAS;12;4;QUINTA-FEIRA;3;0;16;15H-17H;TARDE;PLENO DIA;AUSÊNCIA DE REAÇÃO DO CONDUTOR;COLISÃO COM OBJETO;CÉU CLARO;DUPLA;"ACLIVE;CURVA";NÃO;0
RJ;BR-101;TANGUA;12;4;QUINTA-FEIRA;3;0;13;12H-14H;TARDE;PLENO DIA;AUSÊNCIA DE REAÇÃO DO CONDUTOR;COLISÃO TRANSVERSAL;SOL;SIMPLES;RETA;NÃO;0
MG;BR-116;TEOFILO OTONI;12;4;QUINTA-FEIRA;3;0;16;15H-17H;TARDE;PLENO DIA;REAÇÃO TARDIA OU INEFICIENTE DO CONDUTOR;COLISÃO COM OBJETO;CÉU CLARO;SIMPLES;RETA;NÃO;0
SC;BR-470;BLUMENAU;12;4;QUINTA-FEIRA;3;0;16;15H-17H;TARDE;PLENO DIA;TRAFEGAR COM MOTOCICLETA (OU SIMILAR) ENTRE AS FAIXAS;COLISÃO LATERAL SENTIDO OPOSTO;NUBLADO;SIMPLES;"DECLIVE;RETA;EM OBRAS";NÃO;0
MG;BR-262;IBIA;12;4;QUINTA-FEIRA;3;0;18;18H-20H;NOITE;PLENO DIA;AUSÊNCIA DE REAÇÃO DO CONDUTOR;SAÍDA DE LEITO CARROÇÁVEL;CÉU CLARO;SIMPLES;RETA;NÃO;0
MA;BR-316;PIO XII;12;4;QUINTA-FEIRA;3;0;18;18H-20H;NOITE;ANOITECER;ACESSAR A VIA SEM OBSERVAR A PRESENÇA DOS OUTROS VEÍCULOS;COLISÃO TRANSVERSAL;NUBLADO;SIMPLES;RETA;SIM;0
GO;BR-153;APARECIDA DE GOIANIA;12;4;QUINTA-FEIRA;3;0;18;18H-20H;NOITE;ANOITECER;VELOCIDADE INCOMPATÍVEL;COLISÃO COM OBJETO;CHUVA;DUPLA;RETA;SIM;0
PE;BR-424;GARANHUNS;12;4;QUINTA-FEIRA;3;0;19;18H-20H;NOITE;PLENA NOITE;CONDUTOR DEIXOU DE MANTER DISTÂNCIA DO VEÍCULO DA FRENTE;COLISÃO TRASEIRA;CÉU CLARO;SIMPLES;ACLIVE;NÃO;0
RS;BR-101;OSORIO;12;4;QUINTA-FEIRA;3;0;18;18H-20H;NOITE;PLENO DIA;CHUVA;SAÍDA DE LEITO CARROÇÁVEL;CHUVA;DUPLA;RETA;NÃO;0
MG;BR-050;UBERLANDIA;12;4;QUINTA-FEIRA;3;0;10;09H-11H;MANHA;PLENO DIA;DEMAIS FALHAS MECÂNICAS OU ELÉTRICAS;COLISÃO COM OBJETO;SOL;DUPLA;"RETA;ACLIVE";NÃO;0
ES;BR-101;VENDA NOVA DO IMIGRANTE;12;4;QUINTA-FEIRA;3;0;18;18H-20H;NOITE;ANOITECER;ULTRAPASSAGEM INDEVIDA;COLISÃO LATERAL SENTIDO OPOSTO;CÉU CLARO;SIMPLES;CURVA;NÃO;0
MA;BR-402;ROSARIO;12;4;QUINTA-FEIRA;3;0;16;15H-17H;TARDE;PLENO DIA;TRANSITAR NA CONTRAMÃO;COLISÃO FRONTAL;NUBLADO;SIMPLES;RETA;NÃO;1
GO;BR-364;SANTA RITA DO ARAGUAIA;12;4;QUINTA-FEIRA;3;0;17;15H-17H;TARDE;PLENO DIA;AUSÊNCIA DE REAÇÃO DO CONDUTOR;COLISÃO TRASEIRA;CÉU CLARO;DUPLA;RETA;SIM;0
RR;BR-174;IRACEMA;12;4;QUINTA-FEIRA;3;0;16;15H-17H;TARDE;PLENO DIA;ACUMULO DE ÁGUA SOBRE O PAVIMENTO;CAPOTAMENTO;CHUVA;SIMPLES;DECLIVE;NÃO;0
PR;BR-277;SAO MIGUEL DO IGUACU;12;4;QUINTA-FEIRA;3;0;19;18H-20H;NOITE;PLENA NOITE;AUSÊNCIA DE REAÇÃO DO CONDUTOR;SAÍDA DE LEITO CARROÇÁVEL;CÉU CLARO;DUPLA;RETA;NÃO;0
BA;BR-116;FEIRA DE SANTANA;12;4;QUINTA-FEIRA;3;0;19;18H-20H;NOITE;PLENA NOITE;ANIMAIS NA PISTA;ATROPELAMENTO DE ANIMAL;CÉU CLARO;DUPLA;RETA;NÃO;0
PB;BR-230;SANTA LUZIA;12;4;QUINTA-FEIRA;3;0;19;18H-20H;NOITE;PLENA NOITE;TRANSITAR NA CONTRAMÃO;COLISÃO FRONTAL;CÉU CLARO;SIMPLES;RETA;SIM;0
SC;BR-282;NOVA ERECHIM;12;4;QUINTA-FEIRA;3;0;13;12H-14H;TARDE;PLENO DIA;VELOCIDADE INCOMPATÍVEL;COLISÃO FRONTAL;CHUVA;SIMPLES;CURVA;NÃO;1
RJ;BR-101;PARATY;12;4;QUINTA-FEIRA;3;0;16;15H-17H;TARDE;PLENO DIA;REAÇÃO TARDIA OU INEFICIENTE DO CONDUTOR;COLISÃO LATERAL SENTIDO OPOSTO;NUBLADO;SIMPLES;CURVA;NÃO;0
RJ;BR-101;ITAGUAI;12;4;QUINTA-FEIRA;3;0;18;18H-20H;NOITE;PLENA NOITE;ULTRAPASSAGEM INDEVIDA;COLISÃO FRONTAL;CÉU CLARO;MÚLTIPLA;RETA;SIM;0
PE;BR-232;PARNAMIRIM;12;4;QUINTA-FEIRA;3;0;18;18H-20H;NOITE;PLENA NOITE;ULTRAPASSAGEM INDEVIDA;COLISÃO FRONTAL;NUBLADO;SIMPLES;RETA;NÃO;0
BA;BR-101;ITAMARAJU;12;4;QUINTA-FEIRA;3;0;18;18H-20H;NOITE;PLENA NOITE;VELOCIDADE INCOMPATÍVEL;COLISÃO FRONTAL;CÉU CLARO;SIMPLES;CURVA;SIM;0
MG;BR-381;BETIM;12;4;QUINTA-FEIRA;3;0;20;18H-20H;NOITE;PLENA NOITE;INGESTÃO DE ÁLCOOL PELO CONDUTOR;QUEDA DE OCUPANTE DE VEÍCULO;CÉU CLARO;DUPLA;"ACLIVE;CURVA";SIM;0
GO;BR-040;CRISTALINA;12;4;QUINTA-FEIRA;3;0;20;18H-20H;NOITE;PLENA NOITE;DESRESPEITAR A PREFERÊNCIA NO CRUZAMENTO;COLISÃO TRANSVERSAL;CÉU CLARO;DUPLA;"RETA;INTERSEÇÃO DE VIAS";SIM;0
BA;BR-110;INHAMBUPE;12;4;QUINTA-FEIRA;3;0;17;15H-17H;TARDE;PLENO DIA;AVARIAS E/OU DESGASTE EXCESSIVO NO PNEU;SAÍDA DE LEITO CARROÇÁVEL;CÉU CLARO;SIMPLES;RETA;NÃO;0
RN;BR-101;SAO JOSE DE MIPIBU;12;4;QUINTA-FEIRA;3;0;21;21H-23H;NOITE;PLENA NOITE;CONDUTOR DEIXOU DE MANTER DISTÂNCIA DO VEÍCULO DA FRENTE;COLISÃO TRASEIRA;CÉU CLARO;DUPLA;RETA;NÃO;0
PR;BR-369;CASCAVEL;12;4;QUINTA-FEIRA;3;0;19;18H-20H;NOITE;PLENA NOITE;AUSÊNCIA DE REAÇÃO DO CONDUTOR;COLISÃO COM OBJETO;CÉU CLARO;SIMPLES;CURVA;SIM;0
PB;BR-104;QUEIMADAS;12;4;QUINTA-FEIRA;3;0;20;18H-20H;NOITE;PLENA NOITE;DEMAIS FALHAS MECÂNICAS OU ELÉTRICAS;QUEDA DE OCUPANTE DE VEÍCULO;CÉU CLARO;SIMPLES;DECLIVE;SIM;0
MG;BR-040;CURVELO;12;4;QUINTA-FEIRA;3;0;21;21H-23H;NOITE;PLENA NOITE;TRANSITAR NA CONTRAMÃO;COLISÃO FRONTAL;CÉU CLARO;DUPLA;"CURVA;ACLIVE";SIM;1
SP;BR-116;CACAPAVA;12;4;QUINTA-FEIRA;3;0;20;18H-20H;NOITE;PLENA NOITE;REAÇÃO TARDIA OU INEFICIENTE DO CONDUTOR;COLISÃO TRASEIRA;CÉU CLARO;DUPLA;RETA;SIM;0
SC;BR-280;ARAQUARI;12;4;QUINTA-FEIRA;3;0;20;18H-20H;NOITE;PLENA NOITE;TRANSITAR NA CONTRAMÃO;COLISÃO LATERAL SENTIDO OPOSTO;CHUVA;SIMPLES;RETA;SIM;0
MT;BR-163;SORRISO;12;4;QUINTA-FEIRA;3;0;20;18H-20H;NOITE;PLENA NOITE;AUSÊNCIA DE REAÇÃO DO CONDUTOR;COLISÃO TRASEIRA;CÉU CLARO;DUPLA;"DECLIVE;PONTE;RETA";SIM;0
MG;BR-262;SAO GONCALO DO PARA;12;4;QUINTA-FEIRA;3;0;20;18H-20H;NOITE;PLENA NOITE;AUSÊNCIA DE REAÇÃO DO CONDUTOR;TOMBAMENTO;CÉU CLARO;MÚLTIPLA;RETA;NÃO;0
PR;BR-153;JACAREZINHO;12;4;QUINTA-FEIRA;3;0;20;18H-20H;NOITE;PLENA NOITE;TRANSITAR NA CONTRAMÃO;COLISÃO FRONTAL;CÉU CLARO;SIMPLES;"INTERSEÇÃO DE VIAS;ROTATÓRIA";SIM;0
MT;BR-070;POCONE;12;4;QUINTA-FEIRA;3;0;19;18H-20H;NOITE;PLENA NOITE;DEMAIS FALHAS MECÂNICAS OU ELÉTRICAS;EVENTOS ATÍPICOS;NUBLADO;SIMPLES;RETA;NÃO;0
GO;BR-364;CACHOEIRA ALTA;12;4;QUINTA-FEIRA;3;0;20;18H-20H;NOITE;PLENA NOITE;INGESTÃO DE ÁLCOOL PELO CONDUTOR;SAÍDA DE LEITO CARROÇÁVEL;CÉU CLARO;SIMPLES;RETA;NÃO;0
RJ;BR-116;SAO JOAO DE MERITI;12;4;QUINTA-FEIRA;3;0;21;21H-23H;NOITE;PLENA NOITE;AUSÊNCIA DE REAÇÃO DO CONDUTOR;COLISÃO COM OBJETO;CÉU CLARO;DUPLA;RETA;SIM;0
RJ;BR-493;ITABORAI;12;4;QUINTA-FEIRA;3;0;22;21H-23H;NOITE;PLENO DIA;ACESSAR A VIA SEM OBSERVAR A PRESENÇA DOS OUTROS VEÍCULOS;COLISÃO FRONTAL;CÉU CLARO;SIMPLES;RETA;SIM;0
MT;BR-070;VARZEA GRANDE;12;4;QUINTA-FEIRA;3;0;17;15H-17H;TARDE;PLENO DIA;ACESSAR A VIA SEM OBSERVAR A PRESENÇA DOS OUTROS VEÍCULOS;COLISÃO TRANSVERSAL;CÉU CLARO;SIMPLES;RETA;NÃO;0
SP;BR-381;ATIBAIA;12;4;QUINTA-FEIRA;3;0;22;21H-23H;NOITE;PLENA NOITE;AUSÊNCIA DE REAÇÃO DO CONDUTOR;COLISÃO COM OBJETO;CÉU CLARO;DUPLA;CURVA;NÃO;0
SC;BR-280;ARAQUARI;12;4;QUINTA-FEIRA;3;0;18;18H-20H;NOITE;PLENA NOITE;REAÇÃO TARDIA OU INEFICIENTE DO CONDUTOR;COLISÃO TRANSVERSAL;CHUVA;SIMPLES;RETA;NÃO;0
PE;BR-232;CARUARU;12;4;QUINTA-FEIRA;3;0;19;18H-20H;NOITE;PLENA NOITE;REAÇÃO TARDIA OU INEFICIENTE DO CONDUTOR;COLISÃO COM OBJETO;CÉU CLARO;MÚLTIPLA;RETA;SIM;1
PR;BR-376;APUCARANA;12;4;QUINTA-FEIRA;3;0;22;21H-23H;NOITE;PLENA NOITE;REAÇÃO TARDIA OU INEFICIENTE DO CONDUTOR;COLISÃO TRASEIRA;CÉU CLARO;SIMPLES;RETA;SIM;0
PA;BR-230;MARABA;12;4;QUINTA-FEIRA;3;0;22;21H-23H;NOITE;PLENA NOITE;ACESSAR A VIA SEM OBSERVAR A PRESENÇA DOS OUTROS VEÍCULOS;COLISÃO TRANSVERSAL;NUBLADO;DUPLA;"RETORNO REGULAMENTADO;DECLIVE";SIM;0
RJ;BR-101;CAMPOS DOS GOYTACAZES;12;4;QUINTA-FEIRA;3;0;21;21H-23H;NOITE;PLENA NOITE;PEDESTRE ANDAVA NA PISTA;ATROPELAMENTO DE PEDESTRE;CÉU CLARO;SIMPLES;RETA;SIM;1
MT;BR-364;ALTO GARCAS;12;4;QUINTA-FEIRA;3;0;21;21H-23H;NOITE;PLENA NOITE;PEDESTRE ANDAVA NA PISTA;ATROPELAMENTO DE PEDESTRE;NUBLADO;SIMPLES;RETA;SIM;0
PB;BR-230;PATOS;12;4;QUINTA-FEIRA;3;0;18;18H-20H;NOITE;PLENA NOITE;CONDUTOR DORMINDO;SAÍDA DE LEITO CARROÇÁVEL;CÉU CLARO;SIMPLES;DECLIVE;NÃO;0
SP;BR-153;NOVA GRANADA;12;4;QUINTA-FEIRA;3;0;23;21H-23H;NOITE;PLENA NOITE;ACESSAR A VIA SEM OBSERVAR A PRESENÇA DOS OUTROS VEÍCULOS;COLISÃO FRONTAL;CÉU CLARO;SIMPLES;RETA;SIM;0
GO;BR-153;PIRACANJUBA;12;4;QUINTA-FEIRA;3;0;22;21H-23H;NOITE;PLENA NOITE;AUSÊNCIA DE REAÇÃO DO CONDUTOR;SAÍDA DE LEITO CARROÇÁVEL;CÉU CLARO;DUPLA;RETA;NÃO;0
MS;BR-060;SIDROLANDIA;12;4;QUINTA-FEIRA;3;0;21;21H-23H;NOITE;PLENA NOITE;AUSÊNCIA DE REAÇÃO DO CONDUTOR;COLISÃO TRASEIRA;CÉU CLARO;SIMPLES;RETA;NÃO;0
PI;BR-135;MONTE ALEGRE DO PIAUI;12;4;QUINTA-FEIRA;3;0;16;15H-17H;TARDE;PLENO DIA;TRANSITAR NA CONTRAMÃO;COLISÃO LATERAL SENTIDO OPOSTO;CÉU CLARO;SIMPLES;RETA;NÃO;0
MG;BR-116;TEOFILO OTONI;12;4;QUINTA-FEIRA;3;0;23;21H-23H;NOITE;PLENA NOITE;DEMAIS FALHAS MECÂNICAS OU ELÉTRICAS;INCÊNDIO;CÉU CLARO;SIMPLES;"RETA;DECLIVE";NÃO;0