uf;br_formatada;municipio;mes;trimestre;dia_semana;dia_semana_num;fim_de_semana;hora;faixa_horaria;turno;fase_dia;causa_acidente;tipo_acidente;condicao_metereologica;tipo_pista;tracado_via;uso_solo;acidente_fatal
MA;BR-135;SAO LUIS;12;4;DOMINGO;6;1;15;15H-17H;TARDE;PLENO DIA;ACESSAR A VIA SEM OBSERVAR A PRESENÇA DOS OUTROS VEÍCULOS;COLISÃO LATERAL MESMO SENTIDO;CÉU CLARO;DUPLA;RETA;SIM;0
RJ;BR-101;ANGRA DOS REIS;11;4;SÁBADO;5;1;21;21H-23H;NOITE;PLENA NOITE;AUSÊNCIA DE REAÇÃO DO CONDUTOR;TOMBAMENTO;NUBLADO;SIMPLES;RETA;NÃO;0
MG;BR-251;FRANCISCO SA;12;4;QUARTA-FEIRA;2;0;16;15H-17H;TARDE;PLENO DIA;PISTA ESCORREGADIA;COLISÃO LATERAL SENTIDO OPOSTO;CHUVA;SIMPLES;RETA;NÃO;0
PE;BR-101;ABREU E LIMA;11;4;TERÇA-FEIRA;1;0;7;06H-08H;MANHA;PLENO DIA;CONDUTOR DEIXOU DE MANTER DISTÂNCIA DO VEÍCULO DA FRENTE;ENGAVETAMENTO;CÉU CLARO;MÚLTIPLA;RETA;SIM;0
SC;BR-280;CANOINHAS;12;4;SÁBADO;5;1;21;21H-23H;NOITE;PLENA NOITE;TRANSITAR NA CONTRAMÃO;COLISÃO FRONTAL;CÉU CLARO;SIMPLES;RETA;NÃO;0
BA;BR-116;SANTO ESTEVAO;2;1;SEGUNDA-FEIRA;0;0;16;15H-17H;TARDE;PLENO DIA;AUSÊNCIA DE REAÇÃO DO CONDUTOR;QUEDA DE OCUPANTE DE VEÍCULO;CÉU CLARO;DUPLA;RETA;SIM;0
RN;BR-304;CAICARA DO RIO DO VENTO;11;4;DOMINGO;6;1;17;15H-17H;TARDE;ANOITECER;TRANSITAR NA CONTRAMÃO;COLISÃO FRONTAL;CÉU CLARO;SIMPLES;RETA;SIM;0
RJ;BR-493;ITABORAI;12;4;SEGUNDA-FEIRA;0;0;23;21H-23H;NOITE;PLENA NOITE;OBJETO ESTÁTICO SOBRE O LEITO CARROÇÁVEL;QUEDA DE OCUPANTE DE VEÍCULO;CÉU CLARO;MÚLTIPLA;RETA;SIM;0
MG;BR-040;CONGONHAS;12;4;SEGUNDA-FEIRA;0;0;16;15H-17H;TARDE;PLENO DIA;ACESSAR A VIA SEM OBSERVAR A PRESENÇA DOS OUTROS VEÍCULOS;COLISÃO TRANSVERSAL;CÉU CLARO;SIMPLES;RETA;NÃO;0
GO;BR-452;ITUMBIARA;12;4;DOMINGO;6;1;9;09H-11H;MANHA;PLENO DIA;REAÇÃO TARDIA OU INEFICIENTE DO CONDUTOR;CAPOTAMENTO;CÉU CLARO;SIMPLES;RETA;NÃO;0
MG;BR-040;NOVA LIMA;12;4;DOMINGO;6;1;5;03H-05H;MADRUGADA;PLENO DIA;VELOCIDADE INCOMPATÍVEL;SAÍDA DE LEITO CARROÇÁVEL;CÉU CLARO;DUPLA;"ACLIVE;CURVA";NÃO;0
SC;BR-153;CONCORDIA;12;4;TERÇA-FEIRA;1;0;7;06H-08H;MANHA;PLENO DIA;ANIMAIS NA PISTA;COLISÃO LATERAL SENTIDO OPOSTO;CÉU CLARO;SIMPLES;RETA;NÃO;0
AC;BR-364;CRUZEIRO DO SUL;12;4;QUARTA-FEIRA;2;0;21;21H-23H;NOITE;PLENA NOITE;REAÇÃO TARDIA OU INEFICIENTE DO CONDUTOR;COLISÃO TRASEIRA;CÉU CLARO;SIMPLES;RETA;NÃO;0
PE;BR-407;PETROLINA;8;3;SEXTA-FEIRA;4;0;8;06H-08H;MANHA;PLENO DIA;ACESSAR A VIA SEM OBSERVAR A PRESENÇA DOS OUTROS VEÍCULOS;QUEDA DE OCUPANTE DE VEÍCULO;IGNORADO;DUPLA;VIADUTO;NÃO;0
ES;BR-101;SAO MATEUS;10;4;DOMINGO;6;1;20;18H-20H;NOITE;PLENA NOITE;FREAR BRUSCAMENTE;QUEDA DE OCUPANTE DE VEÍCULO;CÉU CLARO;SIMPLES;"RETA;ACLIVE";NÃO;0
MG;BR-040;CONTAGEM;12;4;SEXTA-FEIRA;4;0;10;09H-11H;MANHA;PLENO DIA;TRANSITAR NO ACOSTAMENTO;COLISÃO LATERAL MESMO SENTIDO;CÉU CLARO;DUPLA;RETA;SIM;0
SP;BR-116;SAO JOSE DOS CAMPOS;9;3;DOMINGO;6;1;5;03H-05H;MADRUGADA;AMANHECER;REAÇÃO TARDIA OU INEFICIENTE DO CONDUTOR;COLISÃO TRASEIRA;SOL;DUPLA;RETA;SIM;1
RJ;BR-101;ANGRA DOS REIS;11;4;QUINTA-FEIRA;3;0;17;15H-17H;TARDE;PLENO DIA;AUSÊNCIA DE REAÇÃO DO CONDUTOR;TOMBAMENTO;CÉU CLARO;SIMPLES;CURVA;NÃO;0
MG;BR-267;JUIZ DE FORA;9;3;SÁBADO;5;1;19;18H-20H;NOITE;PLENA NOITE;CURVA ACENTUADA;COLISÃO COM OBJETO;CÉU CLARO;SIMPLES;CURVA;NÃO;0
RJ;BR-116;TERESOPOLIS;12;4;QUARTA-FEIRA;2;0;23;21H-23H;NOITE;PLENA NOITE;REAÇÃO TARDIA OU INEFICIENTE DO CONDUTOR;COLISÃO TRANSVERSAL;NUBLADO;SIMPLES;RETA;SIM;0
RJ;BR-465;NOVA IGUACU;12;4;SEGUNDA-FEIRA;0;0;8;06H-08H;MANHA;PLENO DIA;AUSÊNCIA DE REAÇÃO DO CONDUTOR;COLISÃO TRANSVERSAL;CÉU CLARO;SIMPLES;RETA;NÃO;0
MT;BR-364;NOBRES;12;4;SEGUNDA-FEIRA;0;0;4;03H-05H;MADRUGADA;AMANHECER;CONDUTOR DORMINDO;SAÍDA DE LEITO CARROÇÁVEL;CHUVA;DUPLA;RETA;NÃO;0
PA;BR-163;NOVO PROGRESSO;11;4;DOMINGO;6;1;18;18H-20H;NOITE;ANOITECER;ACESSAR A VIA SEM OBSERVAR A PRESENÇA DOS OUTROS VEÍCULOS;COLISÃO FRONTAL;IGNORADO;SIMPLES;RETA;NÃO;0
PB;BR-230;CAMPINA GRANDE;11;4;SEGUNDA-FEIRA;0;0;15;15H-17H;TARDE;PLENO DIA;DEMAIS FALHAS MECÂNICAS OU ELÉTRICAS;INCÊNDIO;SOL;DUPLA;RETA;NÃO;0
RJ;BR-116;GUAPIMIRIM;12;4;SEGUNDA-FEIRA;0;0;7;06H-08H;MANHA;PLENO DIA;REAÇÃO TARDIA OU INEFICIENTE DO CONDUTOR;ATROPELAMENTO DE PEDESTRE;SOL;DUPLA;RETA;SIM;0
MT;BR-163;RONDONOPOLIS;12;4;QUARTA-FEIRA;2;0;6;06H-08H;MANHA;AMANHECER;ACESSAR A VIA SEM OBSERVAR A PRESENÇA DOS OUTROS VEÍCULOS;COLISÃO TRANSVERSAL;CÉU CLARO;DUPLA;"ROTATÓRIA;RETA";SIM;0
SP;BR-116;CAJATI;11;4;TERÇA-FEIRA;1;0;18;18H-20H;NOITE;ANOITECER;CHUVA;SAÍDA DE LEITO CARROÇÁVEL;CHUVA;DUPLA;RETA;NÃO;0
PB;BR-230;CAMPINA GRANDE;12;4;TERÇA-FEIRA;1;0;17;15H-17H;TARDE;ANOITECER;TRANSITAR NA CONTRAMÃO;COLISÃO FRONTAL;VENTO;SIMPLES;RETA;SIM;0
PB;BR-230;JUAZEIRINHO;12;4;QUARTA-FEIRA;2;0;9;09H-11H;MANHA;PLENO DIA;AUSÊNCIA DE REAÇÃO DO CONDUTOR;ATROPELAMENTO DE PEDESTRE;CÉU CLARO;SIMPLES;RETA;NÃO;0
RN;BR-110;UPANEMA;11;4;DOMINGO;6;1;20;18H-20H;NOITE;PLENA NOITE;MANOBRA DE MUDANÇA DE FAIXA;COLISÃO LATERAL MESMO SENTIDO;CÉU CLARO;DUPLA;RETA;NÃO;0
AL;BR-101;SAO MIGUEL DOS CAMPOS;6;2;QUARTA-FEIRA;2;0;6;06H-08H;MANHA;PLENO DIA;ACUMULO DE ÁGUA SOBRE O PAVIMENTO;COLISÃO COM OBJETO;CHUVA;DUPLA;"RETA;DECLIVE";NÃO;0
PR;BR-376;SAO JOSE DOS PINHAIS;12;4;TERÇA-FEIRA;1;0;11;09H-11H;MANHA;PLENO DIA;REAÇÃO TARDIA OU INEFICIENTE DO CONDUTOR;QUEDA DE OCUPANTE DE VEÍCULO;CÉU CLARO;DUPLA;"RETA;ACLIVE";NÃO;0
PA;BR-316;CASTANHAL;12;4;QUARTA-FEIRA;2;0;0;00H-02H;MADRUGADA;PLENA NOITE;OBJETO ESTÁTICO SOBRE O LEITO CARROÇÁVEL;COLISÃO COM OBJETO;IGNORADO;DUPLA;RETA;SIM;0
PI;BR-343;TERESINA;10;4;TERÇA-FEIRA;1;0;7;06H-08H;MANHA;PLENO DIA;ACESSAR A VIA SEM OBSERVAR A PRESENÇA DOS OUTROS VEÍCULOS;COLISÃO TRANSVERSAL;IGNORADO;DUPLA;RETA;SIM;0
TO;BR-153;PRESIDENTE KENNEDY;12;4;SEXTA-FEIRA;4;0;5;03H-05H;MADRUGADA;AMANHECER;REAÇÃO TARDIA OU INEFICIENTE DO CONDUTOR;COLISÃO FRONTAL;CÉU CLARO;SIMPLES;"DECLIVE;RETA";NÃO;0
RJ;BR-493;ITABORAI;12;4;SEGUNDA-FEIRA;0;0;19;18H-20H;NOITE;PLENA NOITE;AUSÊNCIA DE SINALIZAÇÃO;ATROPELAMENTO DE PEDESTRE;CÉU CLARO;DUPLA;RETA;NÃO;0
MG;BR-381;ITATIAIUCU;12;4;SÁBADO;5;1;7;06H-08H;MANHA;PLENO DIA;PISTA ESCORREGADIA;SAÍDA DE LEITO CARROÇÁVEL;CHUVA;DUPLA;CURVA;NÃO;0
PR;BR-476;ADRIANOPOLIS;12;4;TERÇA-FEIRA;1;0;16;15H-17H;TARDE;PLENO DIA;CURVA ACENTUADA;QUEDA DE OCUPANTE DE VEÍCULO;CHUVA;SIMPLES;CURVA;NÃO;0
BA;BR-101;ITABELA;12;4;SEXTA-FEIRA;4;0;6;06H-08H;MANHA;PLENO DIA;OBJETO ESTÁTICO SOBRE O LEITO CARROÇÁVEL;TOMBAMENTO;CÉU CLARO;SIMPLES;RETA;NÃO;0
RJ;BR-116;SEROPEDICA;12;4;SÁBADO;5;1;16;15H-17H;TARDE;PLENO DIA;INGESTÃO DE ÁLCOOL PELO CONDUTOR;COLISÃO TRASEIRA;CÉU CLARO;DUPLA;RETA;NÃO;0
BA;BR-420;LAJE;12;4;DOMINGO;6;1;22;21H-23H;NOITE;PLENA NOITE;ULTRAPASSAGEM INDEVIDA;CAPOTAMENTO;CÉU CLARO;SIMPLES;RETA;NÃO;0
MG;BR-040;FELIXLANDIA;9;3;DOMINGO;6;1;5;03H-05H;MADRUGADA;AMANHECER;AUSÊNCIA DE REAÇÃO DO CONDUTOR;COLISÃO LATERAL SENTIDO OPOSTO;CÉU CLARO;SIMPLES;RETA;NÃO;0
SP;BR-381;ATIBAIA;11;4;QUINTA-FEIRA;3;0;7;06H-08H;MANHA;AMANHECER;TRAFEGAR COM MOTOCICLETA (OU SIMILAR) ENTRE AS FAIXAS;COLISÃO TRASEIRA;NUBLADO;DUPLA;"DECLIVE;RETA";SIM;0
TO;BR-153;PARAISO DO TOCANTINS;12;4;QUINTA-FEIRA;3;0;19;18H-20H;NOITE;PLENA NOITE;REAÇÃO TARDIA OU INEFICIENTE DO CONDUTOR;COLISÃO TRASEIRA;CHUVA;SIMPLES;RETA;SIM;0
SC;BR-282;FLORIANOPOLIS;12;4;TERÇA-FEIRA;1;0;19;18H-20H;NOITE;ANOITECER;AUSÊNCIA DE REAÇÃO DO CONDUTOR;QUEDA DE OCUPANTE DE VEÍCULO;GAROA/CHUVISCO;MÚLTIPLA;RETA;SIM;0
PB;BR-101;ALHANDRA;12;4;DOMINGO;6;1;9;09H-11H;MANHA;PLENO DIA;REAÇÃO TARDIA OU INEFICIENTE DO CONDUTOR;COLISÃO LATERAL MESMO SENTIDO;CÉU CLARO;DUPLA;RETA;SIM;0
PE;BR-428;PETROLINA;11;4;SEXTA-FEIRA;4;0;19;18H-20H;NOITE;PLENA NOITE;REAÇÃO TARDIA OU INEFICIENTE DO CONDUTOR;QUEDA DE OCUPANTE DE VEÍCULO;IGNORADO;MÚLTIPLA;RETA;SIM;0
PR;BR-153;GENERAL CARNEIRO;12;4;QUARTA-FEIRA;2;0;20;18H-20H;NOITE;PLENA NOITE;DEMAIS FALHAS MECÂNICAS OU ELÉTRICAS;INCÊNDIO;IGNORADO;SIMPLES;RETA;NÃO;0
BA;BR-349;CORRENTINA;12;4;SEGUNDA-FEIRA;0;0;11;09H-11H;MANHA;PLENO DIA;DEMAIS FALHAS NA VIA;SAÍDA DE LEITO CARROÇÁVEL;CÉU CLARO;SIMPLES;RETA;NÃO;0
RN;BR-101;SAO JOSE DE MIPIBU;12;4;QUARTA-FEIRA;2;0;13;12H-14H;TARDE;PLENO DIA;ACESSAR A VIA SEM OBSERVAR A PRESENÇA DOS OUTROS VEÍCULOS;COLISÃO LATERAL MESMO SENTIDO;CÉU CLARO;DUPLA;RETA;SIM;0
MG;BR-365;JOAO PINHEIRO;12;4;SEGUNDA-FEIRA;0;0;14;12H-14H;TARDE;PLENO DIA;DEMAIS FALHAS MECÂNICAS OU ELÉTRICAS;SAÍDA DE LEITO CARROÇÁVEL;CÉU CLARO;SIMPLES;RETA;NÃO;0
RJ;BR-116;RIO DE JANEIRO;12;4;SEXTA-FEIRA;4;0;5;03H-05H;MADRUGADA;PLENO DIA;AUSÊNCIA DE REAÇÃO DO CONDUTOR;COLISÃO LATERAL MESMO SENTIDO;CÉU CLARO;DUPLA;RETA;NÃO;0
ES;BR-101;CONCEICAO DA BARRA;11;4;SÁBADO;5;1;4;03H-05H;MADRUGADA;AMANHECER;ENTRADA INOPINADA DO PEDESTRE;ATROPELAMENTO DE PEDESTRE;NEVOEIRO/NEBLINA;SIMPLES;RETA;SIM;1
GO;BR-153;ANAPOLIS;12;4;QUINTA-FEIRA;3;0;10;09H-11H;MANHA;PLENO DIA;REAÇÃO TARDIA OU INEFICIENTE DO CONDUTOR;COLISÃO LATERAL MESMO SENTIDO;CÉU CLARO;DUPLA;RETA;SIM;0
PR;BR-277;CASCAVEL;12;4;SEXTA-FEIRA;4;0;17;15H-17H;TARDE;ANOITECER;MANOBRA DE MUDANÇA DE FAIXA;COLISÃO LATERAL MESMO SENTIDO;NUBLADO;MÚLTIPLA;INTERSEÇÃO DE VIAS;SIM;0
PR;BR-277;IRATI;12;4;SEXTA-FEIRA;4;0;17;15H-17H;TARDE;PLENO DIA;CONVERSÃO PROIBIDA;COLISÃO TRANSVERSAL;CÉU CLARO;SIMPLES;"RETA;ACLIVE";NÃO;0
MG;BR-381;BETIM;11;4;SEGUNDA-FEIRA;0;0;16;15H-17H;TARDE;PLENO DIA;VELOCIDADE INCOMPATÍVEL;TOMBAMENTO;CÉU CLARO;MÚLTIPLA;"DECLIVE;RETA";SIM;0
PB;BR-230;GURINHEM;10;4;DOMINGO;6;1;12;12H-14H;TARDE;PLENO DIA;MANOBRA DE MUDANÇA DE FAIXA;COLISÃO TRASEIRA;SOL;DUPLA;RETA;NÃO;0
MG;BR-251;MONTES CLAROS;12;4;SEGUNDA-FEIRA;0;0;10;09H-11H;MANHA;PLENO DIA;INGESTÃO DE ÁLCOOL PELO CONDUTOR;COLISÃO FRONTAL;NUBLADO;SIMPLES;"RETA;PONTE";NÃO;0
GO;BR-153;MORRINHOS;11;4;SÁBADO;5;1;22;21H-23H;NOITE;PLENA NOITE;AUSÊNCIA DE REAÇÃO DO CONDUTOR;QUEDA DE OCUPANTE DE VEÍCULO;CÉU CLARO;DUPLA;RETA;NÃO;0
GO;BR-153;ANAPOLIS;11;4;DOMINGO;6;1;20;18H-20H;NOITE;PLENA NOITE;MANOBRA DE MUDANÇA DE FAIXA;COLISÃO LATERAL MESMO SENTIDO;CÉU CLARO;DUPLA;"RETA;RETORNO REGULAMENTADO";NÃO;0
SC;BR-280;CANOINHAS;11;4;QUARTA-FEIRA;2;0;19;18H-20H;NOITE;PLENO DIA;ACESSAR A VIA SEM OBSERVAR A PRESENÇA DOS OUTROS VEÍCULOS;COLISÃO FRONTAL;CÉU CLARO;SIMPLES;"RETA;ACLIVE";SIM;1
RN;BR-101;NATAL;10;4;SÁBADO;5;1;15;15H-17H;TARDE;PLENO DIA;TRAFEGAR COM MOTOCICLETA (OU SIMILAR) ENTRE AS FAIXAS;COLISÃO LATERAL MESMO SENTIDO;SOL;DUPLA;RETA;SIM;0
RJ;BR-116;NOVA IGUACU;11;4;QUINTA-FEIRA;3;0;10;09H-11H;MANHA;PLENO DIA;AUSÊNCIA DE REAÇÃO DO CONDUTOR;COLISÃO LATERAL MESMO SENTIDO;CÉU CLARO;DUPLA;RETA;NÃO;0
MG;BR-381;BETIM;10;4;SEGUNDA-FEIRA;0;0;18;18H-20H;NOITE;PLENA NOITE;REAÇÃO TARDIA OU INEFICIENTE DO CONDUTOR;ENGAVETAMENTO;CÉU CLARO;MÚLTIPLA;RETA;SIM;0
RJ;BR-101;MANGARATIBA;11;4;SEGUNDA-FEIRA;0;0;16;15H-17H;TARDE;PLENO DIA;REAÇÃO TARDIA OU INEFICIENTE DO CONDUTOR;CAPOTAMENTO;CHUVA;SIMPLES;"DECLIVE;CURVA";NÃO;0
MA;BR-226;PORTO FRANCO;10;4;TERÇA-FEIRA;1;0;15;15H-17H;TARDE;PLENO DIA;ACUMULO DE AREIA OU DETRITOS SOBRE O PAVIMENTO;SAÍDA DE LEITO CARROÇÁVEL;CÉU CLARO;SIMPLES;RETA;NÃO;0
RJ;BR-116;NOVA IGUACU;12;4;SEGUNDA-FEIRA;0;0;17;15H-17H;TARDE;ANOITECER;REAÇÃO TARDIA OU INEFICIENTE DO CONDUTOR;COLISÃO COM OBJETO;IGNORADO;DUPLA;RETA;SIM;0
MG;BR-040;RIBEIRAO DAS NEVES;9;3;DOMINGO;6;1;17;15H-17H;TARDE;PLENO DIA;ACESSAR A VIA SEM OBSERVAR A PRESENÇA DOS OUTROS VEÍCULOS;COLISÃO LATERAL MESMO SENTIDO;CÉU CLARO;DUPLA;"RETA;RETORNO REGULAMENTADO";SIM;0
MG;BR-040;RIBEIRAO DAS NEVES;12;4;SÁBADO;5;1;10;09H-11H;MANHA;PLENO DIA;CONDUTOR DEIXOU DE MANTER DISTÂNCIA DO VEÍCULO DA FRENTE;COLISÃO LATERAL MESMO SENTIDO;CÉU CLARO;DUPLA;"RETA;DECLIVE";NÃO;0
SC;BR-101;ARAQUARI;12;4;DOMINGO;6;1;20;18H-20H;NOITE;PLENA NOITE;ACESSAR A VIA SEM OBSERVAR A PRESENÇA DOS OUTROS VEÍCULOS;COLISÃO TRASEIRA;CÉU CLARO;MÚLTIPLA;RETORNO REGULAMENTADO;NÃO;0
MA;BR-135;SAO LUIS;12;4;QUARTA-FEIRA;2;0;19;18H-20H;NOITE;PLENA NOITE;ACESSAR A VIA SEM OBSERVAR A PRESENÇA DOS OUTROS VEÍCULOS;COLISÃO TRASEIRA;CÉU CLARO;DUPLA;RETA;SIM;0
MG;BR-262;MANHUACU;9;3;DOMINGO;6;1;18;18H-20H;NOITE;ANOITECER;ULTRAPASSAGEM INDEVIDA;COLISÃO TRANSVERSAL;CÉU CLARO;SIMPLES;RETA;SIM;0
MG;BR-040;FELIXLANDIA;12;4;TERÇA-FEIRA;1;0;21;21H-23H;NOITE;PLENA NOITE;MANOBRA DE MUDANÇA DE FAIXA;COLISÃO FRONTAL;CÉU CLARO;SIMPLES;"DECLIVE;RETA";NÃO;1
SC;BR-101;SAO JOSE;11;4;SEXTA-FEIRA;4;0;20;18H-20H;NOITE;PLENA NOITE;ACESSAR A VIA SEM OBSERVAR A PRESENÇA DOS OUTROS VEÍCULOS;COLISÃO TRANSVERSAL;GAROA/CHUVISCO;MÚLTIPLA;RETA;NÃO;0
PI;BR-343;TERESINA;4;2;SEGUNDA-FEIRA;0;0;16;15H-17H;TARDE;PLENO DIA;ACESSAR A VIA SEM OBSERVAR A PRESENÇA DOS OUTROS VEÍCULOS;COLISÃO TRANSVERSAL;CÉU CLARO;DUPLA;RETA;SIM;0
RS;BR-448;PORTO ALEGRE;12;4;QUARTA-FEIRA;2;0;12;12H-14H;TARDE;PLENO DIA;PISTA ESCORREGADIA;COLISÃO COM OBJETO;CHUVA;SIMPLES;"CURVA;ACLIVE";SIM;0
PI;BR-343;TERESINA;3;1;DOMINGO;6;1;10;09H-11H;MANHA;PLENO DIA;DESRESPEITAR A PREFERÊNCIA NO CRUZAMENTO;COLISÃO TRANSVERSAL;CÉU CLARO;DUPLA;"VIADUTO;INTERSEÇÃO DE VIAS;ROTATÓRIA";SIM;0
MG;BR-116;GOVERNADOR VALADARES;8;3;TERÇA-FEIRA;1;0;19;18H-20H;NOITE;PLENA NOITE;FALTA DE ACOSTAMENTO;COLISÃO LATERAL SENTIDO OPOSTO;CÉU CLARO;DUPLA;RETA;NÃO;0
RJ;BR-116;NOVA IGUACU;12;4;SEXTA-FEIRA;4;0;6;06H-08H;MANHA;PLENO DIA;MANOBRA DE MUDANÇA DE FAIXA;QUEDA DE OCUPANTE DE VEÍCULO;SOL;DUPLA;RETA;SIM;0
RN;BR-101;PARNAMIRIM;12;4;QUARTA-FEIRA;2;0;8;06H-08H;MANHA;PLENO DIA;MANOBRA DE MUDANÇA DE FAIXA;COLISÃO LATERAL MESMO SENTIDO;CÉU CLARO;DUPLA;RETA;NÃO;0
SC;BR-282;JOACABA;12;4;TERÇA-FEIRA;1;0;16;15H-17H;TARDE;PLENO DIA;ACESSAR A VIA SEM OBSERVAR A PRESENÇA DOS OUTROS VEÍCULOS;COLISÃO TRANSVERSAL;CÉU CLARO;SIMPLES;RETA;NÃO;0
RJ;BR-101;ANGRA DOS REIS;11;4;SÁBADO;5;1;13;12H-14H;TARDE;PLENO DIA;REAÇÃO TARDIA OU INEFICIENTE DO CONDUTOR;TOMBAMENTO;CÉU CLARO;SIMPLES;CURVA;SIM;0
MA;BR-316;BOA VISTA DO GURUPI;12;4;SEGUNDA-FEIRA;0;0;15;15H-17H;TARDE;PLENO DIA;REAÇÃO TARDIA OU INEFICIENTE DO CONDUTOR;SAÍDA DE LEITO CARROÇÁVEL;SOL;SIMPLES;CURVA;NÃO;1
RJ;BR-101;ANGRA DOS REIS;12;4;DOMINGO;6;1;6;06H-08H;MANHA;AMANHECER;AUSÊNCIA DE REAÇÃO DO CONDUTOR;CAPOTAMENTO;CÉU CLARO;SIMPLES;CURVA;NÃO;0
MT;BR-070;BARRA DO GARCAS;12;4;QUARTA-FEIRA;2;0;10;09H-11H;MANHA;PLENO DIA;AUSÊNCIA DE REAÇÃO DO CONDUTOR;TOMBAMENTO;CÉU CLARO;SIMPLES;RETA;NÃO;0
PI;BR-343;TERESINA;5;2;QUINTA-FEIRA;3;0;13;12H-14H;TARDE;PLENO DIA;CONDUTOR DESRESPEITOU A ILUMINAÇÃO VERMELHA DO SEMÁFORO;COLISÃO TRANSVERSAL;CÉU CLARO;DUPLA;RETA;SIM;0
RJ;BR-101;ANGRA DOS REIS;12;4;DOMINGO;6;1;21;21H-23H;NOITE;PLENA NOITE;ACESSAR A VIA SEM OBSERVAR A PRESENÇA DOS OUTROS VEÍCULOS;ATROPELAMENTO DE PEDESTRE;CÉU CLARO;SIMPLES;RETA;SIM;0
MG;BR-381;NEPOMUCENO;11;4;SEGUNDA-FEIRA;0;0;13;12H-14H;TARDE;PLENO DIA;DEMAIS FALHAS MECÂNICAS OU ELÉTRICAS;CAPOTAMENTO;CÉU CLARO;DUPLA;CURVA;NÃO;0
PI;BR-343;TERESINA;5;2;DOMINGO;6;1;20;18H-20H;NOITE;PLENA NOITE;AUSÊNCIA DE REAÇÃO DO CONDUTOR;COLISÃO LATERAL MESMO SENTIDO;CÉU CLARO;MÚLTIPLA;RETA;SIM;0
RJ;BR-101;MANGARATIBA;12;4;QUARTA-FEIRA;2;0;19;18H-20H;NOITE;PLENA NOITE;REAÇÃO TARDIA OU INEFICIENTE DO CONDUTOR;TOMBAMENTO;CÉU CLARO;SIMPLES;CURVA;NÃO;0
ES;BR-259;COLATINA;10;4;SEXTA-FEIRA;4;0;14;12H-14H;TARDE;PLENO DIA;CONVERSÃO PROIBIDA;COLISÃO TRANSVERSAL;SOL;SIMPLES;"INTERSEÇÃO DE VIAS;CURVA";SIM;0
PI;BR-343;TERESINA;10;4;SEGUNDA-FEIRA;0;0;19;18H-20H;NOITE;PLENA NOITE;AUSÊNCIA DE REAÇÃO DO CONDUTOR;COLISÃO TRASEIRA;CÉU CLARO;DUPLA;RETA;SIM;0
PI;BR-343;TERESINA;10;4;SÁBADO;5;1;13;12H-14H;TARDE;PLENO DIA;TRANSITAR NO ACOSTAMENTO;COLISÃO LATERAL MESMO SENTIDO;CÉU CLARO;DUPLA;RETA;SIM;0
RJ;BR-101;ANGRA DOS REIS;11;4;QUINTA-FEIRA;3;0;22;21H-23H;NOITE;PLENA NOITE;VELOCIDADE INCOMPATÍVEL;COLISÃO FRONTAL;CÉU CLARO;SIMPLES;CURVA;NÃO;0
PI;BR-343;TERESINA;12;4;DOMINGO;6;1;9;09H-11H;MANHA;PLENO DIA;TRANSITAR NA CONTRAMÃO;COLISÃO TRANSVERSAL;NUBLADO;DUPLA;"INTERSEÇÃO DE VIAS;VIADUTO;ROTATÓRIA";SIM;0
PA;BR-163;NOVO PROGRESSO;11;4;SÁBADO;5;1;13;12H-14H;TARDE;PLENO DIA;DEMAIS FALHAS MECÂNICAS OU ELÉTRICAS;QUEDA DE OCUPANTE DE VEÍCULO;CÉU CLARO;SIMPLES;RETA;NÃO;0
PI;BR-343;TERESINA;4;2;QUARTA-FEIRA;2;0;16;15H-17H;TARDE;PLENO DIA;ACESSAR A VIA SEM OBSERVAR A PRESENÇA DOS OUTROS VEÍCULOS;COLISÃO TRANSVERSAL;NUBLADO;DUPLA;"INTERSEÇÃO DE VIAS;RETA";SIM;0
PI;BR-343;TERESINA;6;2;SÁBADO;5;1;20;18H-20H;NOITE;PLENA NOITE;CONDUTOR DESRESPEITOU A ILUMINAÇÃO VERMELHA DO SEMÁFORO;COLISÃO LATERAL MESMO SENTIDO;CÉU CLARO;MÚLTIPLA;RETA;SIM;0
PI;BR-343;TERESINA;3;1;TERÇA-FEIRA;1;0;18;18H-20H;NOITE;PLENA NOITE;INGESTÃO DE ÁLCOOL PELO CONDUTOR;COLISÃO TRASEIRA;CÉU CLARO;DUPLA;INTERSEÇÃO DE VIAS;SIM;0
MA;BR-226;BARRA DO CORDA;2;1;SEXTA-FEIRA;4;0;12;12H-14H;TARDE;PLENO DIA;TRANSITAR NA CONTRAMÃO;SAÍDA DE LEITO CARROÇÁVEL;CHUVA;SIMPLES;CURVA;NÃO;0
MA;BR-222;BOM JESUS DAS SELVAS;12;4;SÁBADO;5;1;20;18H-20H;NOITE;PLENA NOITE;CHUVA;SAÍDA DE LEITO CARROÇÁVEL;CHUVA;SIMPLES;RETA;NÃO;0
RJ;BR-116;NOVA IGUACU;11;4;QUARTA-FEIRA;2;0;16;15H-17H;TARDE;PLENO DIA;MANOBRA DE MUDANÇA DE FAIXA;COLISÃO TRASEIRA;CÉU CLARO;DUPLA;RETA;NÃO;0