uf;br_formatada;municipio;mes;trimestre;dia_semana;dia_semana_num;fim_de_semana;hora;faixa_horaria;turno;fase_dia;causa_acidente;tipo_acidente;condicao_metereologica;tipo_pista;tracado_via;uso_solo;acidente_fatal
MT;BR-070;PRIMAVERA DO LESTE;10;4;QUARTA-FEIRA;2;0;19;18H-20H;NOITE;PLENA NOITE;PROBLEMA NA SUSPENSÃO;SAÍDA DE LEITO CARROÇÁVEL;CHUVA;SIMPLES;RETA;NÃO;0
RJ;BR-101;ITAGUAI;12;4;DOMINGO;6;1;19;18H-20H;NOITE;PLENA NOITE;REAÇÃO TARDIA OU INEFICIENTE DO CONDUTOR;COLISÃO TRASEIRA;CÉU CLARO;DUPLA;"RETA;VIADUTO";SIM;0
RJ;BR-101;PARATY;12;4;TERÇA-FEIRA;1;0;17;15H-17H;TARDE;PLENO DIA;VELOCIDADE INCOMPATÍVEL;COLISÃO TRANSVERSAL;CÉU CLARO;SIMPLES;RETA;NÃO;0
PA;BR-163;NOVO PROGRESSO;12;4;SÁBADO;5;1;5;03H-05H;MADRUGADA;AMANHECER;AUSÊNCIA DE REAÇÃO DO CONDUTOR;SAÍDA DE LEITO CARROÇÁVEL;IGNORADO;SIMPLES;RETA;SIM;0
AL;BR-101;SAO MIGUEL DOS CAMPOS;12;4;TERÇA-FEIRA;1;0;8;06H-08H;MANHA;PLENO DIA;AVARIAS E/OU DESGASTE EXCESSIVO NO PNEU;SAÍDA DE LEITO CARROÇÁVEL;CÉU CLARO;DUPLA;RETA;NÃO;0
RO;BR-425;GUAJARA-MIRIM;7;3;DOMINGO;6;1;8;06H-08H;MANHA;PLENO DIA;AUSÊNCIA DE REAÇÃO DO CONDUTOR;SAÍDA DE LEITO CARROÇÁVEL;CÉU CLARO;DUPLA;RETA;SIM;0
MG;BR-116;MANHUACU;12;4;SEGUNDA-FEIRA;0;0;23;21H-23H;NOITE;PLENA NOITE;CONDUTOR DORMINDO;SAÍDA DE LEITO CARROÇÁVEL;CÉU CLARO;SIMPLES;"CURVA;DECLIVE";NÃO;0
PR;BR-158;CAMPO MOURAO;12;4;SÁBADO;5;1;13;12H-14H;TARDE;PLENO DIA;ACESSAR A VIA SEM OBSERVAR A PRESENÇA DOS OUTROS VEÍCULOS;TOMBAMENTO;CÉU CLARO;SIMPLES;INTERSEÇÃO DE VIAS;NÃO;0
RJ;BR-101;MANGARATIBA;12;4;QUARTA-FEIRA;2;0;23;21H-23H;NOITE;PLENA NOITE;AUSÊNCIA DE REAÇÃO DO CONDUTOR;SAÍDA DE LEITO CARROÇÁVEL;GAROA/CHUVISCO;SIMPLES;CURVA;NÃO;0
RJ;BR-101;ANGRA DOS REIS;11;4;QUINTA-FEIRA;3;0;17;15H-17H;TARDE;ANOITECER;ACESSAR A VIA SEM OBSERVAR A PRESENÇA DOS OUTROS VEÍCULOS;COLISÃO TRANSVERSAL;CÉU CLARO;SIMPLES;RETA;SIM;0
RJ;BR-101;ITAGUAI;12;4;DOMINGO;6;1;4;03H-05H;MADRUGADA;AMANHECER;CONDUTOR DEIXOU DE MANTER DISTÂNCIA DO VEÍCULO DA FRENTE;COLISÃO TRASEIRA;CÉU CLARO;DUPLA;RETA;NÃO;0
PE;BR-104;CARUARU;12;4;DOMINGO;6;1;18;18H-20H;NOITE;PLENA NOITE;MANOBRA DE MUDANÇA DE FAIXA;COLISÃO FRONTAL;CÉU CLARO;SIMPLES;"CURVA;INTERSEÇÃO DE VIAS";NÃO;0
RJ;BR-101;SILVA JARDIM;12;4;TERÇA-FEIRA;1;0;6;06H-08H;MANHA;AMANHECER;DEMAIS FALHAS MECÂNICAS OU ELÉTRICAS;CAPOTAMENTO;CÉU CLARO;DUPLA;CURVA;NÃO;0
TO;BR-153;PARAISO DO TOCANTINS;12;4;SÁBADO;5;1;19;18H-20H;NOITE;PLENA NOITE;ULTRAPASSAGEM INDEVIDA;COLISÃO LATERAL MESMO SENTIDO;CÉU CLARO;SIMPLES;"RETA;DECLIVE";SIM;0
RJ;BR-493;GUAPIMIRIM;12;4;DOMINGO;6;1;21;21H-23H;NOITE;PLENA NOITE;REAÇÃO TARDIA OU INEFICIENTE DO CONDUTOR;QUEDA DE OCUPANTE DE VEÍCULO;NUBLADO;SIMPLES;RETA;SIM;0
RJ;BR-116;SAO JOAO DE MERITI;12;4;SÁBADO;5;1;9;09H-11H;MANHA;PLENO DIA;DEMAIS FALHAS MECÂNICAS OU ELÉTRICAS;COLISÃO LATERAL MESMO SENTIDO;CÉU CLARO;DUPLA;RETA;NÃO;0
PA;BR-230;MARABA;12;4;SEXTA-FEIRA;4;0;19;18H-20H;NOITE;PLENO DIA;ACESSAR A VIA SEM OBSERVAR A PRESENÇA DOS OUTROS VEÍCULOS;COLISÃO TRANSVERSAL;CÉU CLARO;DUPLA;RETA;SIM;0
PR;BR-476;SAO MATEUS DO SUL;12;4;QUARTA-FEIRA;2;0;13;12H-14H;TARDE;PLENO DIA;ACESSAR A VIA SEM OBSERVAR A PRESENÇA DOS OUTROS VEÍCULOS;COLISÃO TRANSVERSAL;CÉU CLARO;SIMPLES;"RETA;INTERSEÇÃO DE VIAS";NÃO;0
GO;BR-040;LUZIANIA;12;4;DOMINGO;6;1;0;00H-02H;MADRUGADA;PLENA NOITE;PEDESTRE ANDAVA NA PISTA;ATROPELAMENTO DE PEDESTRE;CHUVA;DUPLA;RETA;NÃO;1
PI;BR-343;ALTOS;3;1;SEXTA-FEIRA;4;0;6;06H-08H;MANHA;PLENO DIA;ACESSAR A VIA SEM OBSERVAR A PRESENÇA DOS OUTROS VEÍCULOS;COLISÃO TRANSVERSAL;IGNORADO;SIMPLES;RETA;NÃO;0
MG;BR-040;SAO GONCALO DO ABAETE;5;2;SEXTA-FEIRA;4;0;19;18H-20H;NOITE;PLENA NOITE;INGESTÃO DE ÁLCOOL PELO CONDUTOR;COLISÃO TRANSVERSAL;CÉU CLARO;SIMPLES;RETA;SIM;0
RO;BR-364;CANDEIAS DO JAMARI;11;4;DOMINGO;6;1;13;12H-14H;TARDE;PLENO DIA;ACESSAR A VIA SEM OBSERVAR A PRESENÇA DOS OUTROS VEÍCULOS;COLISÃO LATERAL MESMO SENTIDO;CÉU CLARO;DUPLA;RETA;SIM;0
GO;BR-364;SAO SIMAO;12;4;SEXTA-FEIRA;4;0;23;21H-23H;NOITE;PLENA NOITE;ANIMAIS NA PISTA;ATROPELAMENTO DE ANIMAL;CÉU CLARO;SIMPLES;RETA;NÃO;0
RJ;BR-116;SAO JOAO DE MERITI;12;4;SÁBADO;5;1;15;15H-17H;TARDE;PLENO DIA;REAÇÃO TARDIA OU INEFICIENTE DO CONDUTOR;ENGAVETAMENTO;CÉU CLARO;DUPLA;RETA;NÃO;0
PI;BR-316;TERESINA;9;3;SEXTA-FEIRA;4;0;23;21H-23H;NOITE;PLENA NOITE;ACESSO IRREGULAR;COLISÃO TRANSVERSAL;CÉU CLARO;SIMPLES;RETA;NÃO;0
SC;BR-470;RODEIO;12;4;QUARTA-FEIRA;2;0;7;06H-08H;MANHA;PLENO DIA;VELOCIDADE INCOMPATÍVEL;COLISÃO COM OBJETO;NUBLADO;SIMPLES;"CURVA;PONTE";NÃO;0
BA;BR-101;MASCOTE;12;4;SÁBADO;5;1;18;18H-20H;NOITE;ANOITECER;PISTA ESCORREGADIA;COLISÃO FRONTAL;CHUVA;SIMPLES;CURVA;NÃO;0
PA;BR-316;ANANINDEUA;10;4;QUINTA-FEIRA;3;0;14;12H-14H;TARDE;PLENO DIA;ACESSAR A VIA SEM OBSERVAR A PRESENÇA DOS OUTROS VEÍCULOS;COLISÃO TRANSVERSAL;CÉU CLARO;DUPLA;RETA;NÃO;0
SC;BR-282;AGUAS MORNAS;12;4;SEXTA-FEIRA;4;0;15;15H-17H;TARDE;PLENO DIA;MAL SÚBITO DO CONDUTOR;SAÍDA DE LEITO CARROÇÁVEL;GAROA/CHUVISCO;SIMPLES;CURVA;NÃO;0
PR;BR-277;PARANAGUA;11;4;SEGUNDA-FEIRA;0;0;1;00H-02H;MADRUGADA;PLENA NOITE;ACESSAR A VIA SEM OBSERVAR A PRESENÇA DOS OUTROS VEÍCULOS;COLISÃO TRANSVERSAL;CÉU CLARO;SIMPLES;RETA;SIM;0
PR;BR-116;CAMPINA GRANDE DO SUL;12;4;DOMINGO;6;1;17;15H-17H;TARDE;PLENO DIA;CHUVA;COLISÃO COM OBJETO;CHUVA;DUPLA;CURVA;NÃO;0
RJ;BR-101;MANGARATIBA;12;4;TERÇA-FEIRA;1;0;0;00H-02H;MADRUGADA;PLENA NOITE;INGESTÃO DE ÁLCOOL PELO CONDUTOR;COLISÃO TRASEIRA;CÉU CLARO;DUPLA;RETA;SIM;0
PA;BR-010;SANTA MARIA DO PARA;12;4;DOMINGO;6;1;13;12H-14H;TARDE;PLENO DIA;INGESTÃO DE ÁLCOOL PELO CONDUTOR;COLISÃO COM OBJETO;CÉU CLARO;SIMPLES;RETA;SIM;0
RJ;BR-101;ANGRA DOS REIS;11;4;TERÇA-FEIRA;1;0;7;06H-08H;MANHA;PLENO DIA;ACESSAR A VIA SEM OBSERVAR A PRESENÇA DOS OUTROS VEÍCULOS;TOMBAMENTO;IGNORADO;SIMPLES;RETA;NÃO;0
MG;BR-364;FRUTAL;12;4;TERÇA-FEIRA;1;0;7;06H-08H;MANHA;PLENO DIA;AUSÊNCIA DE REAÇÃO DO CONDUTOR;TOMBAMENTO;IGNORADO;SIMPLES;RETA;NÃO;0
MS;BR-163;MUNDO NOVO;8;3;QUINTA-FEIRA;3;0;7;06H-08H;MANHA;PLENO DIA;FREAR BRUSCAMENTE;COLISÃO TRASEIRA;CÉU CLARO;SIMPLES;"RETA;ACLIVE";NÃO;0
SC;BR-101;SAO JOSE;12;4;SÁBADO;5;1;15;15H-17H;TARDE;PLENO DIA;INGESTÃO DE ÁLCOOL PELO CONDUTOR;COLISÃO TRASEIRA;CÉU CLARO;MÚLTIPLA;RETA;NÃO;0
PR;BR-469;FOZ DO IGUACU;11;4;SEGUNDA-FEIRA;0;0;20;18H-20H;NOITE;ANOITECER;AUSÊNCIA DE REAÇÃO DO CONDUTOR;TOMBAMENTO;IGNORADO;SIMPLES;EM OBRAS;NÃO;0
AM;BR-174;PRESIDENTE FIGUEIREDO;12;4;TERÇA-FEIRA;1;0;8;06H-08H;MANHA;PLENO DIA;ULTRAPASSAGEM INDEVIDA;COLISÃO LATERAL SENTIDO OPOSTO;CÉU CLARO;SIMPLES;"RETA;DECLIVE";NÃO;0
AM;BR-174;MANAUS;12;4;DOMINGO;6;1;16;15H-17H;TARDE;PLENO DIA;REAÇÃO TARDIA OU INEFICIENTE DO CONDUTOR;COLISÃO TRASEIRA;CÉU CLARO;SIMPLES;RETA;NÃO;1
RS;BR-293;PINHEIRO MACHADO;12;4;DOMINGO;6;1;18;18H-20H;NOITE;PLENO DIA;REAÇÃO TARDIA OU INEFICIENTE DO CONDUTOR;COLISÃO FRONTAL;CÉU CLARO;DUPLA;DECLIVE;NÃO;1
BA;BR-324;FEIRA DE SANTANA;5;2;SEXTA-FEIRA;4;0;14;12H-14H;TARDE;PLENO DIA;ACESSAR A VIA SEM OBSERVAR A PRESENÇA DOS OUTROS VEÍCULOS;COLISÃO LATERAL SENTIDO OPOSTO;NUBLADO;SIMPLES;RETA;SIM;0
CE;BR-304;ARACATI;12;4;QUARTA-FEIRA;2;0;6;06H-08H;MANHA;PLENO DIA;CONDUTOR DORMINDO;COLISÃO FRONTAL;CÉU CLARO;SIMPLES;RETA;SIM;0
BA;BR-420;UBAIRA;7;3;SEGUNDA-FEIRA;0;0;13;12H-14H;TARDE;PLENO DIA;AUSÊNCIA DE REAÇÃO DO CONDUTOR;COLISÃO FRONTAL;CÉU CLARO;SIMPLES;CURVA;NÃO;1
RJ;BR-101;RIO DE JANEIRO;12;4;SÁBADO;5;1;17;15H-17H;TARDE;PLENO DIA;MANOBRA DE MUDANÇA DE FAIXA;COLISÃO TRASEIRA;SOL;DUPLA;RETA;NÃO;0
RJ;BR-101;SILVA JARDIM;8;3;SEXTA-FEIRA;4;0;12;12H-14H;TARDE;PLENO DIA;AUSÊNCIA DE REAÇÃO DO CONDUTOR;TOMBAMENTO;NUBLADO;DUPLA;RETA;NÃO;0
PR;BR-116;CURITIBA;12;4;TERÇA-FEIRA;1;0;14;12H-14H;TARDE;PLENO DIA;AUSÊNCIA DE REAÇÃO DO CONDUTOR;COLISÃO TRASEIRA;CÉU CLARO;DUPLA;"DECLIVE;RETA";SIM;0
SP;BR-153;SAO JOSE DO RIO PRETO;11;4;DOMINGO;6;1;10;09H-11H;MANHA;PLENO DIA;ULTRAPASSAGEM INDEVIDA;COLISÃO FRONTAL;SOL;SIMPLES;ACLIVE;NÃO;0
PR;BR-277;FOZ DO IGUACU;12;4;SEGUNDA-FEIRA;0;0;17;15H-17H;TARDE;PLENO DIA;AUSÊNCIA DE REAÇÃO DO CONDUTOR;COLISÃO LATERAL SENTIDO OPOSTO;CÉU CLARO;SIMPLES;RETA;SIM;0
RJ;BR-116;NOVA IGUACU;12;4;SEGUNDA-FEIRA;0;0;15;15H-17H;TARDE;PLENO DIA;TRAFEGAR COM MOTOCICLETA (OU SIMILAR) ENTRE AS FAIXAS;COLISÃO LATERAL MESMO SENTIDO;IGNORADO;DUPLA;RETA;SIM;0
DF;BR-060;BRASILIA;12;4;SEGUNDA-FEIRA;0;0;8;06H-08H;MANHA;PLENO DIA;MANOBRA DE MUDANÇA DE FAIXA;COLISÃO TRASEIRA;CÉU CLARO;DUPLA;"ACLIVE;CURVA";NÃO;0
SC;BR-101;SAO JOSE;12;4;QUARTA-FEIRA;2;0;7;06H-08H;MANHA;PLENO DIA;TRAFEGAR COM MOTOCICLETA (OU SIMILAR) ENTRE AS FAIXAS;COLISÃO TRASEIRA;CÉU CLARO;MÚLTIPLA;"DECLIVE;RETA";SIM;0
ES;BR-262;DOMINGOS MARTINS;10;4;QUARTA-FEIRA;2;0;16;15H-17H;TARDE;PLENO DIA;DESRESPEITAR A PREFERÊNCIA NO CRUZAMENTO;COLISÃO TRANSVERSAL;CÉU CLARO;SIMPLES;RETORNO REGULAMENTADO;SIM;0
RO;BR-364;ITAPUA DO OESTE;4;2;SEXTA-FEIRA;4;0;19;18H-20H;NOITE;PLENA NOITE;TRANSITAR NA CONTRAMÃO;COLISÃO FRONTAL;CÉU CLARO;DUPLA;RETA;NÃO;0
RJ;BR-116;SAO JOAO DE MERITI;11;4;SÁBADO;5;1;21;21H-23H;NOITE;PLENA NOITE;INGESTÃO DE ÁLCOOL PELO CONDUTOR;COLISÃO COM OBJETO;CÉU CLARO;MÚLTIPLA;RETA;SIM;0
MG;BR-116;TEOFILO OTONI;12;4;TERÇA-FEIRA;1;0;17;15H-17H;TARDE;PLENO DIA;OBJETO ESTÁTICO SOBRE O LEITO CARROÇÁVEL;COLISÃO COM OBJETO;CÉU CLARO;SIMPLES;RETA;NÃO;0
MG;BR-116;MATHIAS LOBATO;11;4;DOMINGO;6;1;16;15H-17H;TARDE;PLENO DIA;VELOCIDADE INCOMPATÍVEL;TOMBAMENTO;IGNORADO;SIMPLES;RETA;NÃO;0
RJ;BR-493;SEROPEDICA;4;2;SEXTA-FEIRA;4;0;20;18H-20H;NOITE;PLENA NOITE;CHUVA;SAÍDA DE LEITO CARROÇÁVEL;CHUVA;DUPLA;RETA;SIM;0
PA;BR-IGNORADA;SANTAREM;10;4;SEGUNDA-FEIRA;0;0;20;18H-20H;NOITE;PLENA NOITE;ACUMULO DE AREIA OU DETRITOS SOBRE O PAVIMENTO;QUEDA DE OCUPANTE DE VEÍCULO;NUBLADO;SIMPLES;RETA;SIM;0
GO;BR-153;PORANGATU;12;4;TERÇA-FEIRA;1;0;11;09H-11H;MANHA;PLENO DIA;AUSÊNCIA DE REAÇÃO DO CONDUTOR;COLISÃO TRASEIRA;NUBLADO;SIMPLES;RETA;NÃO;0
ES;BR-101;RIO NOVO DO SUL;12;4;QUARTA-FEIRA;2;0;17;15H-17H;TARDE;ANOITECER;CHUVA;TOMBAMENTO;CHUVA;SIMPLES;CURVA;NÃO;0
RS;BR-290;GLORINHA;12;4;SÁBADO;5;1;0;00H-02H;MADRUGADA;PLENA NOITE;REAÇÃO TARDIA OU INEFICIENTE DO CONDUTOR;COLISÃO LATERAL MESMO SENTIDO;NUBLADO;DUPLA;RETA;NÃO;0
PB;BR-426;PIANCO;12;4;SEXTA-FEIRA;4;0;13;12H-14H;TARDE;PLENO DIA;VELOCIDADE INCOMPATÍVEL;COLISÃO LATERAL MESMO SENTIDO;CÉU CLARO;SIMPLES;DECLIVE;NÃO;0
PR;BR-116;CAMPINA GRANDE DO SUL;1;1;QUARTA-FEIRA;2;0;1;00H-02H;MADRUGADA;PLENA NOITE;CONDUTOR DORMINDO;CAPOTAMENTO;CÉU CLARO;DUPLA;CURVA;NÃO;0
BA;BR-324;SIMOES FILHO;12;4;QUINTA-FEIRA;3;0;7;06H-08H;MANHA;PLENO DIA;FALTA DE ELEMENTO DE CONTENÇÃO QUE EVITE A SAÍDA DO LEITO CARROÇÁVEL;CAPOTAMENTO;CÉU CLARO;DUPLA;RETA;NÃO;0
RJ;BR-393;PARAIBA DO SUL;12;4;SEGUNDA-FEIRA;0;0;7;06H-08H;MANHA;PLENO DIA;ACESSAR A VIA SEM OBSERVAR A PRESENÇA DOS OUTROS VEÍCULOS;COLISÃO TRANSVERSAL;CÉU CLARO;SIMPLES;CURVA;NÃO;0
MG;BR-365;PATOS DE MINAS;11;4;TERÇA-FEIRA;1;0;9;09H-11H;MANHA;PLENO DIA;REAÇÃO TARDIA OU INEFICIENTE DO CONDUTOR;COLISÃO TRANSVERSAL;CÉU CLARO;SIMPLES;INTERSEÇÃO DE VIAS;NÃO;0
SP;BR-116;GUARULHOS;12;4;QUARTA-FEIRA;2;0;17;15H-17H;TARDE;PLENO DIA;SUICÍDIO (PRESUMIDO);ATROPELAMENTO DE PEDESTRE;CÉU CLARO;DUPLA;RETA;SIM;1
SE;BR-101;ROSARIO DO CATETE;5;2;SEGUNDA-FEIRA;0;0;12;12H-14H;TARDE;PLENO DIA;PISTA ESCORREGADIA;SAÍDA DE LEITO CARROÇÁVEL;CHUVA;SIMPLES;"DECLIVE;RETA";NÃO;0
SE;BR-101;ESTANCIA;11;4;SEXTA-FEIRA;4;0;16;15H-17H;TARDE;ANOITECER;PEDESTRE ANDAVA NA PISTA;ATROPELAMENTO DE PEDESTRE;CÉU CLARO;DUPLA;RETA;NÃO;1
PI;BR-343;TERESINA;4;2;TERÇA-FEIRA;1;0;16;15H-17H;TARDE;ANOITECER;REAÇÃO TARDIA OU INEFICIENTE DO CONDUTOR;COLISÃO TRASEIRA;CÉU CLARO;MÚLTIPLA;RETA;SIM;0
PI;BR-343;TERESINA;5;2;SEXTA-FEIRA;4;0;21;21H-23H;NOITE;PLENA NOITE;CONVERSÃO PROIBIDA;COLISÃO TRANSVERSAL;CÉU CLARO;MÚLTIPLA;RETA;SIM;0
PI;BR-343;TERESINA;7;3;SEGUNDA-FEIRA;0;0;17;15H-17H;TARDE;PLENO DIA;MANOBRA DE MUDANÇA DE FAIXA;COLISÃO TRANSVERSAL;SOL;MÚLTIPLA;"RETA;ROTATÓRIA";SIM;0
MG;BR-381;ESTIVA;11;4;DOMINGO;6;1;6;06H-08H;MANHA;PLENO DIA;VELOCIDADE INCOMPATÍVEL;SAÍDA DE LEITO CARROÇÁVEL;NUBLADO;DUPLA;"CURVA;ACLIVE";NÃO;0
PB;BR-230;SOUSA;11;4;TERÇA-FEIRA;1;0;23;21H-23H;NOITE;PLENA NOITE;ACESSAR A VIA SEM OBSERVAR A PRESENÇA DOS OUTROS VEÍCULOS;COLISÃO TRANSVERSAL;CÉU CLARO;SIMPLES;RETA;SIM;0
MG;BR-116;GOVERNADOR VALADARES;6;2;DOMINGO;6;1;13;12H-14H;TARDE;PLENO DIA;AUSÊNCIA DE REAÇÃO DO CONDUTOR;COLISÃO COM OBJETO;CÉU CLARO;SIMPLES;CURVA;SIM;0
PE;BR-408;RECIFE;11;4;SEXTA-FEIRA;4;0;20;18H-20H;NOITE;PLENA NOITE;ACESSAR A VIA SEM OBSERVAR A PRESENÇA DOS OUTROS VEÍCULOS;COLISÃO LATERAL MESMO SENTIDO;CÉU CLARO;DUPLA;RETA;NÃO;0
PR;BR-116;CAMPO DO TENENTE;12;4;SEGUNDA-FEIRA;0;0;13;12H-14H;TARDE;PLENO DIA;ACESSAR A VIA SEM OBSERVAR A PRESENÇA DOS OUTROS VEÍCULOS;COLISÃO TRANSVERSAL;SOL;SIMPLES;RETA;NÃO;0
PR;BR-376;PONTA GROSSA;12;4;TERÇA-FEIRA;1;0;17;15H-17H;TARDE;PLENO DIA;ACESSAR A VIA SEM OBSERVAR A PRESENÇA DOS OUTROS VEÍCULOS;TOMBAMENTO;CÉU CLARO;SIMPLES;RETA;NÃO;0
GO;BR-070;AGUAS LINDAS DE GOIAS;10;4;SEGUNDA-FEIRA;0;0;12;12H-14H;TARDE;PLENO DIA;MANOBRA DE MUDANÇA DE FAIXA;COLISÃO TRANSVERSAL;CÉU CLARO;DUPLA;"ACLIVE;RETA;ROTATÓRIA";SIM;0
RJ;BR-101;RIO BONITO;12;4;SÁBADO;5;1;9;09H-11H;MANHA;PLENO DIA;ULTRAPASSAGEM INDEVIDA;COLISÃO LATERAL MESMO SENTIDO;CÉU CLARO;DUPLA;CURVA;SIM;0
PB;BR-104;LAGOA SECA;12;4;SEXTA-FEIRA;4;0;22;21H-23H;NOITE;PLENA NOITE;AUSÊNCIA DE SINALIZAÇÃO;TOMBAMENTO;CÉU CLARO;SIMPLES;"DECLIVE;RETA";NÃO;0
PA;BR-IGNORADA;ANANINDEUA;10;4;QUINTA-FEIRA;3;0;13;12H-14H;TARDE;PLENO DIA;REAÇÃO TARDIA OU INEFICIENTE DO CONDUTOR;COLISÃO TRANSVERSAL;CÉU CLARO;SIMPLES;RETA;SIM;0
ES;BR-259;COLATINA;12;4;QUARTA-FEIRA;2;0;21;21H-23H;NOITE;PLENA NOITE;PEDESTRE ANDAVA NA PISTA;ATROPELAMENTO DE PEDESTRE;CÉU CLARO;SIMPLES;RETA;NÃO;1
MG;BR-459;CONGONHAL;11;4;SÁBADO;5;1;22;21H-23H;NOITE;PLENA NOITE;AUSÊNCIA DE REAÇÃO DO CONDUTOR;COLISÃO FRONTAL;GAROA/CHUVISCO;SIMPLES;"CURVA;DECLIVE";NÃO;1
MG;BR-262;MANHUACU;9;3;TERÇA-FEIRA;1;0;1;00H-02H;MADRUGADA;PLENA NOITE;VELOCIDADE INCOMPATÍVEL;SAÍDA DE LEITO CARROÇÁVEL;CHUVA;SIMPLES;CURVA;NÃO;0
RJ;BR-101;ANGRA DOS REIS;9;3;DOMINGO;6;1;6;06H-08H;MANHA;AMANHECER;CURVA ACENTUADA;COLISÃO FRONTAL;NUBLADO;SIMPLES;CURVA;SIM;0
DF;BR-020;BRASILIA;12;4;SEGUNDA-FEIRA;0;0;7;06H-08H;MANHA;PLENO DIA;AVARIAS E/OU DESGASTE EXCESSIVO NO PNEU;SAÍDA DE LEITO CARROÇÁVEL;CHUVA;DUPLA;"CURVA;DECLIVE";NÃO;0
MG;BR-116;GOVERNADOR VALADARES;9;3;SEXTA-FEIRA;4;0;22;21H-23H;NOITE;PLENA NOITE;CURVA ACENTUADA;CAPOTAMENTO;CÉU CLARO;SIMPLES;CURVA;NÃO;0
BA;BR-415;ITAPE;12;4;DOMINGO;6;1;13;12H-14H;TARDE;PLENO DIA;VELOCIDADE INCOMPATÍVEL;COLISÃO TRANSVERSAL;CHUVA;SIMPLES;RETA;NÃO;0
PI;BR-135;CRISTINO CASTRO;8;3;QUARTA-FEIRA;2;0;8;06H-08H;MANHA;PLENO DIA;ULTRAPASSAGEM INDEVIDA;COLISÃO FRONTAL;CÉU CLARO;SIMPLES;"RETA;DECLIVE";NÃO;1
BA;BR-101;MUCURI;12;4;SÁBADO;5;1;8;06H-08H;MANHA;PLENO DIA;TRANSITAR NA CONTRAMÃO;COLISÃO FRONTAL;CÉU CLARO;SIMPLES;"CURVA;DECLIVE";NÃO;1
PR;BR-277;CASCAVEL;11;4;QUINTA-FEIRA;3;0;19;18H-20H;NOITE;PLENA NOITE;ENTRADA INOPINADA DO PEDESTRE;ATROPELAMENTO DE PEDESTRE;CÉU CLARO;DUPLA;RETA;SIM;1
BA;BR-116;VITORIA DA CONQUISTA;9;3;TERÇA-FEIRA;1;0;20;18H-20H;NOITE;PLENA NOITE;ACESSAR A VIA SEM OBSERVAR A PRESENÇA DOS OUTROS VEÍCULOS;COLISÃO TRANSVERSAL;NUBLADO;SIMPLES;"RETA;DECLIVE";SIM;0
RJ;BR-116;TERESOPOLIS;11;4;QUINTA-FEIRA;3;0;16;15H-17H;TARDE;PLENO DIA;RETORNO PROIBIDO;COLISÃO TRANSVERSAL;CÉU CLARO;SIMPLES;RETA;SIM;0
RS;BR-392;CANGUCU;10;4;QUARTA-FEIRA;2;0;11;09H-11H;MANHA;PLENO DIA;DESRESPEITAR A PREFERÊNCIA NO CRUZAMENTO;COLISÃO TRANSVERSAL;CÉU CLARO;SIMPLES;RETA;SIM;0
RJ;BR-116;QUEIMADOS;6;2;SÁBADO;5;1;20;18H-20H;NOITE;PLENA NOITE;SUICÍDIO (PRESUMIDO);ATROPELAMENTO DE PEDESTRE;CÉU CLARO;DUPLA;"RETA;EM OBRAS";SIM;1
PR;BR-376;MARINGA;10;4;QUARTA-FEIRA;2;0;11;09H-11H;MANHA;PLENO DIA;MANOBRA DE MUDANÇA DE FAIXA;TOMBAMENTO;CÉU CLARO;DUPLA;ACLIVE;NÃO;0
SP;BR-381;ATIBAIA;10;4;SEGUNDA-FEIRA;0;0;7;06H-08H;MANHA;PLENO DIA;AUSÊNCIA DE REAÇÃO DO CONDUTOR;COLISÃO TRASEIRA;CÉU CLARO;DUPLA;RETA;SIM;0
BA;BR-235;CANUDOS;8;3;QUINTA-FEIRA;3;0;18;18H-20H;NOITE;PLENA NOITE;INGESTÃO DE ÁLCOOL PELO CONDUTOR;COLISÃO FRONTAL;CÉU CLARO;SIMPLES;CURVA;NÃO;0
MG;BR-381;JAGUARACU;12;4;SÁBADO;5;1;13;12H-14H;TARDE;PLENO DIA;ACESSAR A VIA SEM OBSERVAR A PRESENÇA DOS OUTROS VEÍCULOS;COLISÃO TRANSVERSAL;CÉU CLARO;SIMPLES;INTERSEÇÃO DE VIAS;NÃO;0
SC;BR-282;HERVAL DOESTE;9;3;SÁBADO;5;1;13;12H-14H;TARDE;PLENO DIA;CONVERSÃO PROIBIDA;COLISÃO TRANSVERSAL;CÉU CLARO;SIMPLES;"RETA;DECLIVE";NÃO;0
PE;BR-104;CARUARU;12;4;DOMINGO;6;1;13;12H-14H;TARDE;PLENO DIA;AUSÊNCIA DE REAÇÃO DO CONDUTOR;COLISÃO TRANSVERSAL;CÉU CLARO;DUPLA;RETA;SIM;0
SC;BR-101;CAMBORIU;12;4;SEGUNDA-FEIRA;0;0;15;15H-17H;TARDE;PLENO DIA;CONDUTOR DEIXOU DE MANTER DISTÂNCIA DO VEÍCULO DA FRENTE;COLISÃO TRASEIRA;SOL;DUPLA;RETA;SIM;0
MG;BR-381;BELO ORIENTE;11;4;DOMINGO;6;1;23;21H-23H;NOITE;PLENA NOITE;ACESSAR A VIA SEM OBSERVAR A PRESENÇA DOS OUTROS VEÍCULOS;COLISÃO TRASEIRA;NUBLADO;SIMPLES;"RETA;INTERSEÇÃO DE VIAS";NÃO;0